img,rating,reviews,manufacturer,title,model,price,shipping_price,original_price,memory,price_per_gb,series,generation
https://c1.neweggimages.com/productimage/nb300/14-202-457-01.jpg,4.7,125,Sapphire Tech,SAPPHIRE PULSE Radeon RX 9060 XT 16GB GDDR6 PCI Express 5.0 x16 ATX Graphics Card 11350-03-20G,11350-03-20G,499.99,0.0,499.99,16.0,31.249375,RX 9060,RX 9000
https://c1.neweggimages.com/productimage/nb300/14-930-140-04.jpg,4.7,111,ASRock,ASRock Challenger Radeon RX 9060 XT 16GB GDDR6 PCI Express 5.0 x16 Graphics Card RX9060XT CL 16GO RX 9060XT,RX9060XT CL 16GO,469.99,0.0,498.49,16.0,29.374375,RX 9060,RX 9000
https://c1.neweggimages.com/productimage/nb300/14-932-768-19.png,4.8,241,GIGABYTE,GIGABYTE Gaming GeForce RTX 5070 Ti 16GB GDDR7 PCI Express 5.0 ATX Graphics Card GV-N507TGAMING OC-16GD,GV-N507TGAMING OC-16GD,1087.99,0.0,1271.99,16.0,67.999375,RTX 5070,RTX 5000
https://c1.neweggimages.com/productimage/nb300/14-930-145-02.png,4.6,139,ASRock,ASRock Challenger Radeon RX 9070 XT 16GB GDDR6 PCI Express 5.0 x16 Graphics Card RX9070XT CL 16G,RX9070XT CL 16G,719.99,0.0,719.99,16.0,44.999375,RX 9070,RX 9000
https://c1.neweggimages.com/productimage/nb300/14-932-753-03.png,4.6,299,GIGABYTE,GIGABYTE Gaming GeForce RTX 5080 16GB GDDR7 PCI Express 5.0 Graphics Card GV-N5080GAMING OC-16GD,GV-N5080GAMING OC-16GD,1699.99,0.0,1699.99,16.0,106.249375,RTX 5080,RTX 5000
https://c1.neweggimages.com/productimage/nb300/14-932-774-01.jpg,4.3,142,GIGABYTE,GIGABYTE Gaming GeForce RTX 5070 12GB GDDR7 PCI Express 5.0 ATX Graphics Card GV-N5070GAMING OC-12GD,GV-N5070GAMING OC-12GD,839.99,0.0,839.99,12.0,69.99916666666667,RTX 5070,RTX 5000
https://c1.neweggimages.com/productimage/nb300/14-930-138-03.jpg,4.5,74,ASRock,ASRock Challenger Radeon RX 9070 16GB GDDR6 PCI Express 5.0 x16 ATX Graphics Card RX9070 CL 16G,RX9070 CL 16G,649.99,0.0,650.0,16.0,40.624375,RX 9070,RX 9000
https://c1.neweggimages.com/productimage/nb300/14-932-827-12.jpg,4.5,235,GIGABYTE,GIGABYTE Gaming Radeon RX 9070 GRE 12GB GDDR6 PCI Express 5.0 ATX Graphics Card GV-R907GREGAMING OC-12GD,GV-R907GREGAMING OC-12GD,534.99,0.0,567.49,12.0,44.5825,RX 9070,RX 9000
https://c1.neweggimages.com/productimage/nb300/14-202-450-01.png,4.5,157,Sapphire Tech,SAPPHIRE PULSE Radeon RX 9070 XT 16GB GDDR6 PCI Express 5.0 x16 ATX Graphics Card 11348-03-20G,11348-03-20G,789.99,0.0,879.99,16.0,49.374375,RX 9070,RX 9000
https://c1.neweggimages.com/productimage/nb300/14-930-131-07.jpg,4.2,53,ASRock,ASRock Challenger Arc B580 12GB GDDR6 PCI Express 4.0 x8 ATX Graphics Card B580 CL 12GO,B580 CL 12GO,309.99,0.0,328.99,12.0,25.8325,Other,Other
https://c1.neweggimages.com/productimage/nb300/14-930-093-V03.jpg,4.6,75,ASRock,ASRock Challenger Radeon RX 7600 8GB GDDR6 PCI Express 4.0 x8 ATX Graphics Card RX7600 CL 8GO,RX7600 CL 8GO,299.99,0.0,329.99,8.0,37.49875,RX 7600,RX 7000
https://c1.neweggimages.com/productimage/nb300/AD2CS2603310UEZ4L2E.jpg,5.0,1,XFX,"XFX Quicksilver AMD Radeon RX 9070 XT Gaming Edition with 16GB GDDR6 HDMI 3xDP, AMD RDNA 4 RX-97TQICKBA",RX-97TQICKBA,729.99,0.0,788.49,16.0,45.624375,RX 9070,RX 9000
https://c1.neweggimages.com/productimage/nb300/14-202-448-01.png,4.5,158,Sapphire Tech,SAPPHIRE NITRO+ Radeon RX 9070 XT 16GB GDDR6 PCI Express 5.0 x16 ATX Graphics Card 11348-01-20G,11348-01-20G,849.99,0.0,949.99,16.0,53.124375,RX 9070,RX 9000
https://c1.neweggimages.com/productimage/nb300/14-982-011-22.jpg,4.6,393,MSI,MSI FRIEREN EDITION GeForce RTX 5070 Ti 16GB GDDR7 PCI Express 5.0 ATX Video Card RTX 5070 Ti 16G FRIEREN EDITION OC,RTX 5070 Ti 16G FRIEREN EDITION OC,1149.99,0.0,1299.99,16.0,71.874375,RTX 5070,RTX 5000
https://c1.neweggimages.com/productimage/nb300/14-932-771-02.jpg,4.8,241,GIGABYTE,GIGABYTE WindForce GeForce RTX 5070 Ti 16GB GDDR7 PCI Express 5.0 ATX Graphics Card GV-N507TWF3OC-16GD,GV-N507TWF3OC-16GD,1169.99,0.0,1169.99,16.0,73.124375,RTX 5070,RTX 5000
https://c1.neweggimages.com/productimage/nb300/14-932-751-07.jpg,4.5,235,GIGABYTE,GIGABYTE Gaming Radeon RX 9070 XT 16GB GDDR6 PCI Express 5.0 x16 ATX Graphics Card GV-R9070XTGAMING OC-16GD,GV-R9070XTGAMING OC-16GD,810.0,0.0,810.0,16.0,50.625,RX 9070,RX 9000
https://c1.neweggimages.com/productimage/nb300/14-930-084-06.jpg,4.3,355,ASRock,ASRock Radeon RX 7900 XTX 24GB GDDR6 PCI Express 4.0 Video Card RX7900XTX 24G - OEM,RADEON RX7900XTX 24G,1029.99,0.0,1029.99,24.0,42.91625,RX 7900,RX 7000
https://c1.neweggimages.com/productimage/nb300/14-137-965-12.jpg,4.6,166,MSI,MSI Ventus GeForce RTX 5060 Ti 8GB GDDR7 PCI Express 5.0 x 16 (use x8) ATX Graphics Card RTX 5060 Ti 8G VENTUS 2X OC PLUS,RTX 5060 Ti 8G VENTUS 2X OC PLUS,509.99,0.0,550.79,8.0,63.74875,RTX 5060,RTX 5000
https://c1.neweggimages.com/productimage/nb300/14-932-761-19.jpg,4.3,137,GIGABYTE,GIGABYTE Gaming GeForce RTX 5090 32GB GDDR7 PCI Express 5.0 ATX Graphics Card GV-N5090GAMING OC-32GD,GV-N5090GAMING OC-32GD,4899.99,0.0,4899.99,32.0,153.1246875,RTX 5090,RTX 5000
https://c1.neweggimages.com/productimage/nb300/14-987-002-01.png,4.5,152,Unknown,ONIX LUMI Arc B580 12GB GDDR6 PCI Express 4.0 x8 ATX Graphics Card 8346-00278,8346-00278,309.99,0.0,328.99,12.0,25.8325,Other,Other
https://c1.neweggimages.com/productimage/nb300/14-137-957-06.jpg,4.6,166,MSI,MSI Ventus GeForce RTX 5060 Ti 16GB GDDR7 PCI Express 5.0 x 16 (use x8) ATX Graphics Card RTX 5060 Ti 16G VENTUS 3X OC,RTX 5060 Ti 16G VENTUS 3X OC,799.99,0.0,799.99,16.0,49.999375,RTX 5060,RTX 5000
https://c1.neweggimages.com/productimage/nb300/14-137-919-07.jpg,4.7,136,MSI,MSI Gaming GeForce RTX 5090 32GB GDDR7 PCI Express 5.0 Graphics Card RTX 5090 32G GAMING TRIO OC,RTX 5090 32G GAMING TRIO OC,4899.99,0.0,4899.99,32.0,153.1246875,RTX 5090,RTX 5000
https://c1.neweggimages.com/productimage/nb300/14-137-914-09.jpg,4.5,248,MSI,MSI SHADOW GeForce RTX 5080 16GB GDDR7 PCI Express 5.0 Graphics Card RTX 5080 16G SHADOW 3X OC,RTX 5080 16G SHADOW 3X OC,1579.99,0.0,1579.99,16.0,98.749375,RTX 5080,RTX 5000
https://c1.neweggimages.com/productimage/nb300/14-932-777-02.jpg,4.3,142,GIGABYTE,GIGABYTE WindForce GeForce RTX 5070 12GB GDDR7 PCI Express 5.0 ATX Graphics Card GV-N5070WF3OC-12GD,GV-N5070WF3OC-12GD,799.99,0.0,799.99,12.0,66.66583333333334,RTX 5070,RTX 5000
https://c1.neweggimages.com/productimage/nb300/14-932-754-05.png,4.6,299,GIGABYTE,GIGABYTE WINDFORCE GeForce RTX 5080 16GB GDDR7 PCI Express 5.0 Graphics Card GV-N5080WF3OC-16GD,GV-N5080WF3OC-16GD,1599.99,0.0,1599.99,16.0,99.999375,RTX 5080,RTX 5000
https://c1.neweggimages.com/productimage/nb300/14-932-776-02.jpg,4.3,142,GIGABYTE,GIGABYTE Eagle GeForce RTX 5070 12GB GDDR7 PCI Express 5.0 ATX Graphics Card GV-N5070EAGLE OC-12GD,GV-N5070EAGLE OC-12GD,809.99,0.0,809.99,12.0,67.49916666666667,RTX 5070,RTX 5000
https://c1.neweggimages.com/productimage/nb300/14-150-910-01.jpg,4.7,27,XFX,"XFX Swift AMD Radeon RX 9060 XT OC Gaming Edition with 16GB GDDR6 HDMI 2xDP, AMD RDNA 4",RX-96TSW16BQ,509.99,0.0,509.99,16.0,31.874375,RX 9060,RX 9000
https://c1.neweggimages.com/productimage/nb300/14-932-769-02.jpg,4.8,241,GIGABYTE,GIGABYTE Eagle GeForce RTX 5070 Ti 16GB GDDR7 PCI Express 5.0 ATX Graphics Card GV-N507TEAGLEOC ICE-16GD,GV-N507TEAGLEOC ICE-16GD,1189.99,0.0,1227.19,16.0,74.374375,RTX 5070,RTX 5000
https://c1.neweggimages.com/productimage/nb300/14-137-993-03.jpg,4.6,393,MSI,MSI Ventus GeForce RTX 5070 Ti 16GB GDDR7 PCI Express 5.0 Graphics Card RTX 5070 TI 16G VENTUS 3X OC BLACK,RTX 5070 Ti 16G VENTUS 3X OC BLACK,1189.99,0.0,1219.99,16.0,74.374375,RTX 5070,RTX 5000
https://c1.neweggimages.com/productimage/nb300/14-932-824-07.jpg,4.8,158,GIGABYTE,GIGABYTE Gaming Radeon RX 9060 XT 16GB GDDR6 PCI Express 5.0 x16 ATX Graphics Card GV-R906XGAMINGOCICE-16GD,GV-R906XGAMINGOCICE-16GD,549.99,0.0,549.99,16.0,34.374375,RX 9060,RX 9000
https://c1.neweggimages.com/productimage/nb300/14-930-136-05.jpg,4.5,182,ASRock,ASRock Steel Legend Radeon RX 9070 XT 16GB GDDR6 PCI Express 5.0 x16 ATX Graphics Card RX9070XT SL 16G,RX9070XT SL 16G,769.99,0.0,769.99,16.0,48.124375,RX 9070,RX 9000
https://c1.neweggimages.com/productimage/nb300/14-150-899-01.jpg,4.6,91,XFX,XFX Mercury Radeon RX 9070 XT OC 16GB 256-Bit GDDR6 PCI-Express 5.0 RDNA 4 Graphics Card RX-97TRGBBB9,RX-97TRGBBB9,899.99,0.0,899.99,16.0,56.249375,RX 9070,RX 9000
https://c1.neweggimages.com/productimage/nb300/14-930-076-01.jpg,4.1,152,ASRock,ASRock Challenger Arc A380 6GB GDDR6 PCI Express 4.0 ITX Video Card A380 CLI 6G OC,A380 CLI 6G OC,139.99,6.99,148.49,6.0,23.331666666666667,Other,Other
https://c1.neweggimages.com/productimage/nb300/14-932-806-03.jpg,4.8,158,GIGABYTE,GIGABYTE Gaming Radeon RX 9060 XT 16GB GDDR6 PCI Express 5.0 x16 ATX Graphics Card GV-R9060XTGAMING OC-16GD RX 9060XT,GV-R9060XTGAMING OC-16GD,529.99,0.0,529.99,16.0,33.124375,RX 9060,RX 9000
https://c1.neweggimages.com/productimage/nb300/14-137-941-04.jpg,4.7,210,MSI,MSI SHADOW GeForce RTX 5070 12GB GDDR7 PCI Express 5.0 ATX Graphics Card RTX 5070 12G SHADOW 3X OC,RTX 5070 12G SHADOW 3X OC,809.99,0.0,809.99,12.0,67.49916666666667,RTX 5070,RTX 5000
https://c1.neweggimages.com/productimage/nb300/14-126-756-12.png,4.6,249,ASUS,ASUS PRIME GeForce RTX 5070 Ti 16GB 256-Bit GDDR7 PCI Express 5.0 DLSS 4.0 Graphics Card PRIME-RTX5070TI-16G,PRIME-RTX5070TI-16G,1119.99,0.0,1187.49,16.0,69.999375,RTX 5070,RTX 5000
https://c1.neweggimages.com/productimage/nb300/14-126-743-11.png,4.7,173,ASUS,ASUS TUF Gaming GeForce RTX 5080 16GB GDDR7 OC Edition TUF-RTX5080-O16G-GAMING PCI-Express 5.0 DLSS 4.0 Graphics Card,TUF-RTX5080-O16G-GAMING,1899.99,0.0,1899.99,16.0,118.749375,RTX 5080,RTX 5000
https://c1.neweggimages.com/productimage/nb300/14-137-977-06.jpg,4.6,166,MSI,MSI SHADOW GeForce RTX 5060 Ti 16GB GDDR7 PCI Express 5.0 Graphics Card RTX 5060 Ti 16G SHADOW 2X OC PLUS,RTX 5060 Ti 16G SHADOW 2X OC PLUS,779.99,0.0,842.39,16.0,48.749375,RTX 5060,RTX 5000
https://c1.neweggimages.com/productimage/nb300/14-930-134-03.png,4.5,26,ASRock,ASRock Challenger Arc B570 10GB GDDR6 PCI Express 4.0 x8 ATX Graphics Card B570 CL 10GO,B570 CL 10GO,259.99,0.0,275.99,10.0,25.999000000000002,Other,Other
https://c1.neweggimages.com/productimage/nb300/14-137-879-01.png,5.0,19,MSI,MSI LP GeForce RTX 3050 6GB GDDR6 PCI Express 4.0 x8 ATX Graphics Card RTX 3050 LP 6G OC,RTX 3050 LP 6G OC,219.99,9.99,299.35,6.0,36.665,RTX 3050,RTX 3000
https://c1.neweggimages.com/productimage/nb300/14-137-878-01.png,4.3,35,MSI,MSI Ventus GeForce RTX 3050 6GB GDDR6 PCI Express 4.0 x8 ATX Graphics Card RTX 3050 VENTUS 2X 6G OC,RTX 3050 VENTUS 2X 6G OC,259.99,0.0,259.99,6.0,43.33166666666667,RTX 3050,RTX 3000
https://c1.neweggimages.com/productimage/nb300/14-932-810-02.jpg,4.3,137,GIGABYTE,GIGABYTE AORUS GeForce RTX 5090 32GB GDDR7 PCI Express 5.0 x16 ATX Graphics Card GV-N5090AORUSST ICE-32GD,GV-N5090AORUSST ICE-32GD,4999.99,0.0,5029.99,32.0,156.2496875,RTX 5090,RTX 5000
https://c1.neweggimages.com/productimage/nb300/14-932-817-06.png,5.0,9,GIGABYTE,GIGABYTE Low Profile GeForce RTX 5050 8GB GDDR6 PCI Express 5.0 x8 Low Profile Graphics Card GV-N5050OC-8GL,GV-N5050OC-8GL,299.99,0.0,317.99,8.0,37.49875,RTX 5050,RTX 5000
https://c1.neweggimages.com/productimage/nb300/14-137-933-07.jpg,4.6,393,MSI,MSI Ventus GeForce RTX 5070 Ti 16GB GDDR7 PCI Express 5.0 ATX Graphics Card RTX 5070 TI 16G VENTUS 3X OC,RTX 5070 TI 16G VENTUS 3X OC,1179.99,0.0,1179.99,16.0,73.749375,RTX 5070,RTX 5000
https://c1.neweggimages.com/productimage/nb300/14-137-810-02.png,4.8,26,MSI,MSI Ventus GeForce RTX 3050 8GB GDDR6 PCI Express 4.0 x8 ATX Graphics Card RTX 3050 VENTUS 2X XS 8G OC,RTX 3050 Ventus 2X XS 8G OC,259.99,0.0,275.99,8.0,32.49875,RTX 3050,RTX 3000
https://c1.neweggimages.com/productimage/nb300/1FT-000Y-00BZ1-01.png,4.6,249,ASUS,ASUS TUF Gaming white GeForce RTX 5070 Ti OC Edition 16GB GDDR7 TUF-RTX5070TI-O16G-WHITE-GAMING PCI-Express 5.0 DLSS 4.0 Graphics Card,TUF-RTX5070TI-O16G-WHITE-GAMING,1499.0,0.0,1499.0,16.0,93.6875,RTX 5070,RTX 5000
https://c1.neweggimages.com/productimage/nb300/14-932-804-13.jpg,4.4,48,GIGABYTE,GIGABYTE WINDFORCE GeForce RTX 5060 8GB GDDR7 PCI Express 5.0 ATX Graphics Card GV-N5060WF2OC-8GD,GV-N5060WF2OC-8GD,459.99,0.0,459.99,8.0,57.49875,RTX 5060,RTX 5000
https://c1.neweggimages.com/productimage/nb300/14-500-644-01.jpg,5.0,1,ZOTAC,ZOTAC ARCTICSTORM AIO GeForce RTX 5090 32GB GDDR7 PCI Express 5.0 x16 ATX Graphics Card RTX 5090 ARCTICSTORM AIO,ZT-B50900K-30A,6900.0,0.0,6900.0,32.0,215.625,RTX 5090,RTX 5000
https://c1.neweggimages.com/productimage/nb300/14-932-765-02.jpg,4.3,137,GIGABYTE,GIGABYTE AORUS GeForce RTX 5090 32GB GDDR7 PCI Express 5.0 ATX Graphics Card GV-N5090AORUSM ICE-32GD,GV-N5090AORUSM ICE-32GD,4929.99,0.0,4929.99,32.0,154.0621875,RTX 5090,RTX 5000
https://c1.neweggimages.com/productimage/nb300/14-932-826-05.jpg,4.5,114,GIGABYTE,GIGABYTE AORUS GeForce RTX 5060 Ti 16GB GDDR7 Graphics AORUS RTX 5060 TI AI BOX,GV-N506TIXEB-16GD,899.99,0.0,935.99,16.0,56.249375,RTX 5060,RTX 5000
https://c1.neweggimages.com/productimage/nb300/14-137-938-04.jpg,4.7,210,MSI,MSI Gaming GeForce RTX 5070 12GB GDDR7 PCI Express 5.0 ATX Graphics Card RTX 5070 12G GAMING TRIO OC,RTX 5070 12G GAMING TRIO OC,849.99,0.0,917.99,12.0,70.8325,RTX 5070,RTX 5000
https://c1.neweggimages.com/productimage/nb300/14-500-638-01.jpg,5.0,5,ZOTAC,ZOTAC Twin Edge OC GeForce RTX 5060 Ti 8GB GDDR7 PCI Express 5.0 x 8 ATX Graphics Card ZOTAC GAMING GeForce RTX 5060 Ti 8GB Twin Edge OC,ZT-B50610H-10A,529.99,0.0,529.99,8.0,66.24875,RTX 5060,RTX 5000
https://c1.neweggimages.com/productimage/nb300/14-137-978-01.jpg,4.6,166,MSI,MSI SHADOW GeForce RTX 5060 Ti 8GB GDDR7 PCI Express 5.0 Graphics Card RTX 5060 Ti 8G SHADOW 2X OC PLUS,RTX 5060 Ti 8G SHADOW 2X OC PLUS,499.99,0.0,519.88,8.0,62.49875,RTX 5060,RTX 5000
https://c1.neweggimages.com/productimage/nb300/14-932-755-05.png,4.6,299,GIGABYTE,GIGABYTE AORUS GeForce RTX 5080 16GB GDDR7 PCI Express 5.0 Graphics Card GV-N5080AORUS M-16GD,GV-N5080AORUS M-16GD,1799.99,0.0,1799.99,16.0,112.499375,RTX 5080,RTX 5000
https://c1.neweggimages.com/productimage/nb300/14-932-756-05.png,4.6,299,GIGABYTE,GIGABYTE AERO GeForce RTX 5080 16GB GDDR7 PCI Express 5.0 Graphics Card GV-N5080AERO OC-16GD,GV-N5080AERO OC-16GD,1749.99,0.0,1749.99,16.0,109.374375,RTX 5080,RTX 5000
https://c1.neweggimages.com/productimage/nb300/14-137-976-03.jpg,4.9,21,MSI,MSI SHADOW GeForce RTX 5060 8GB GDDR7 PCI Express 5.0 x 16 (use x8) Graphics Card RTX 5060 8G SHADOW 2X OC,RTX 5060 8G SHADOW 2X OC,469.99,0.0,469.99,8.0,58.74875,RTX 5060,RTX 5000
https://c1.neweggimages.com/productimage/nb300/14-150-888-22.png,4.4,16,XFX,XFX Speedster QICK309 Radeon RX 7600 XT 16GB Video Card RX-76TQICKBP,RX-76TQICKBP,399.99,0.0,399.99,16.0,24.999375,RX 7600,RX 7000
https://c1.neweggimages.com/productimage/nb300/14-932-749-02.jpg,4.8,13,GIGABYTE,GIGABYTE WINDFORCE GeForce RTX 3050 6GB GDDR6 PCI Express 4.0 x8 ATX Graphics Card GV-N3050WF2OCV2-6GD,GV-N3050WF2OCV2-6GD,286.86,0.0,286.86,6.0,47.81,RTX 3050,RTX 3000
https://c1.neweggimages.com/productimage/nb300/14-932-767-02.jpg,4.8,241,GIGABYTE,GIGABYTE AERO GeForce RTX 5070 Ti 16GB GDDR7 PCI Express 5.0 ATX Graphics Card GV-N507TAERO OC-16GD,GV-N507TAERO OC-16GD,1259.99,0.0,1259.99,16.0,78.749375,RTX 5070,RTX 5000
https://c1.neweggimages.com/productimage/nb300/14-150-900-05.jpg,4.6,91,XFX,XFX Swift AMD Radeon RX 9070 XT RNDA 4 16GB 256-Bit GDDR6 PCI-Express 5.0 RDNA 4 Graphics Card RX-97TSWF3B9,RX-97TSWF3B9,749.99,0.0,749.99,16.0,46.874375,RX 9070,RX 9000
https://c1.neweggimages.com/productimage/nb300/14-126-756-12.png,4.6,249,ASUS,ASUS PRIME GeForce RTX 5070 Ti 16GB GDDR7 OC Edition PCI Express 5.0 DLSS 4.0 Graphics Card PRIME-RTX5070TI-O16G,PRIME-RTX5070TI-O16G,1199.99,0.0,1199.99,16.0,74.999375,RTX 5070,RTX 5000
https://c1.neweggimages.com/productimage/nb300/14-137-935-17.jpg,4.6,393,MSI,MSI SHADOW GeForce RTX 5070 Ti 16GB GDDR7 PCI Express 5.0 ATX Graphics Card RTX 5070 TI 16G SHADOW 3X OC,RTX 5070 TI 16G SHADOW 3X OC,1169.99,0.0,1169.99,16.0,73.124375,RTX 5070,RTX 5000
https://c1.neweggimages.com/productimage/nb300/14-126-776-02.png,4.7,173,ASUS,ASUS PRIME GeForce RTX 5080 16GB 256-Bit GDDR7 PCI-Express 5.0 DLSS 4.0 Graphics Card PRIME-RTX5080-16G,PRIME-RTX5080-16G,1681.68,0.0,1681.68,16.0,105.105,RTX 5080,RTX 5000
https://c1.neweggimages.com/productimage/nb300/14-930-112-05.jpg,4.2,24,ASRock,ASRock Challenger Arc A580 8GB GDDR6 PCI Express 4.0 x16 ATX Graphics Card A580 CL 8GO,A580 CL 8GO,199.99,0.0,199.99,8.0,24.99875,Other,Other
https://c1.neweggimages.com/productimage/nb300/14-126-817-01.png,4.9,7,ASUS,ASUS Dual Radeon RX 9060 XT 16GB GDDR6 PCI Express 5.0 x16 ATX Graphics Card DUAL-RX9060XT-16G,DUAL-RX9060XT-16G,479.0,0.0,507.99,16.0,29.9375,RX 9060,RX 9000
https://c1.neweggimages.com/productimage/nb300/14-932-658-08.jpg,4.7,41,GIGABYTE,GIGABYTE WINDFORCE OC GeForce RTX 3060 12GB GDDR6 PCI Express 4.0 x16 ATX Graphics Card GV-N3060WF2OC-12GD REV2.0,GV-N3060WF2OC-12GD REV2.0,459.99,0.0,487.99,12.0,38.3325,RTX 3060,RTX 3000
https://c1.neweggimages.com/productimage/nb300/14-137-944-11.jpg,4.7,210,MSI,MSI SHADOW GeForce RTX 5070 12GB GDDR7 PCI Express 5.0 ATX Graphics Card RTX 5070 12G SHADOW 2X OC,RTX 5070 12G SHADOW 2X OC,970.9,0.0,970.9,12.0,80.90833333333333,RTX 5070,RTX 5000
https://c1.neweggimages.com/productimage/nb300/14-930-147-05.jpg,4.4,7,ASRock,ASRock Taichi Radeon RX 9070 XT 16GB GDDR6 PCI Express 5.0 x16 Graphics Card,RX9070XT TCW 16GO,839.99,0.0,890.49,16.0,52.499375,RX 9070,RX 9000
https://c1.neweggimages.com/productimage/nb300/14-137-990-04.jpg,4.6,393,MSI,MSI MLG Edition GeForce RTX 5070 Ti 16GB GDDR7 PCI Express 5.0 Graphics Card RTX 5070 Ti 16G MLG EDITION OC,RTX 5070 Ti 16G MLG EDITION OC,1099.99,0.0,1099.99,16.0,68.749375,RTX 5070,RTX 5000
https://c1.neweggimages.com/productimage/nb300/14-126-761-01.png,4.5,175,ASUS,ASUS PRIME GeForce RTX 5070 12GB 192-Bit GDDR7 PCI Express 5.0 Graphics Card PRIME-RTX5070-12G,PRIME-RTX5070-12G,819.99,0.0,819.99,12.0,68.3325,RTX 5070,RTX 5000
https://c1.neweggimages.com/productimage/nb300/14-930-135-02.jpg,4.5,79,ASRock,ASRock Taichi Radeon RX 9070 XT 16GB GDDR6 PCI Express 5.0 x16 ATX Graphics Card RX9070XT TC 16GO,RX9070XT TC 16GO,789.99,0.0,837.49,16.0,49.374375,RX 9070,RX 9000
https://c1.neweggimages.com/productimage/nb300/14-126-791-01.png,4.8,60,ASUS,ASUS PRIME GeForce RTX 5060 Ti 16GB 128-Bit GDDR7 PCI Express 5.0 x8 DLSS 4.0 Graphics Card PRIME-RTX5060TI-16G,PRIME-RTX5060TI-16G,809.99,0.0,874.79,16.0,50.624375,RTX 5060,RTX 5000
https://c1.neweggimages.com/productimage/nb300/14-932-751-01.jpg,4.5,235,GIGABYTE,GIGABYTE Gaming Radeon RX 9070 XT 16GB GDDR6 PCI Express 5.0 x16 Graphics Card GV-R9070XTGAMING-16GD,GV-R9070XTGAMING-16GD,999.99,0.0,999.99,16.0,62.499375,RX 9070,RX 9000
https://c1.neweggimages.com/productimage/nb300/14-982-006-03.jpg,4.6,393,MSI,MSI Ventus GeForce RTX 5070 Ti 16GB GDDR7 PCI Express 5.0 Graphics Card RTX 5070 Ti 16G VENTUS 3X PZ OC BLACK,RTX 5070 Ti 16G VENTUS 3X PZ OC BLACK,1199.99,0.0,1199.99,16.0,74.999375,RTX 5070,RTX 5000
https://c1.neweggimages.com/productimage/nb300/14-126-524-01.jpg,4.7,261,ASUS,ASUS Dual GeForce RTX 3060 12GB GDDR6 PCI Express 4.0 Graphics Card DUAL-RTX3060-O12G-V2,DUAL-RTX3060-O12G-V2,458.81,0.0,474.0,12.0,38.23416666666667,RTX 3060,RTX 3000
https://c1.neweggimages.com/productimage/nb300/14-126-814-02.png,4.6,97,ASUS,ASUS ROG Astral GeForce RTX 5090 32GB GDDR7 PCI Express 5.0 Graphics Card ROG-ASTRAL-RTX5090-O32G-WHITE,ROG-ASTRAL-RTX5090-O32G-WHITE,6499.0,0.0,6499.0,32.0,203.09375,RTX 5090,RTX 5000
https://c1.neweggimages.com/productimage/nb300/14-932-793-01.jpg,4.5,114,GIGABYTE,GIGABYTE Gaming GeForce RTX 5060 Ti 8GB GDDR7 PCI Express 5.0 x8 ATX Graphics Card GV-N506TGAMING OC-8GD,GV-N506TGAMING OC-8GD,529.99,0.0,551.19,8.0,66.24875,RTX 5060,RTX 5000
https://c1.neweggimages.com/productimage/nb300/14-150-909-01.jpg,4.9,10,XFX,"XFX SWIFT AMD Radeon RX 9060 XT OC White Triple Fan Gaming Edition with 16GB GDDR6 HDMI 2xDP, AMD RDNA 4 RX 9060XT 16GB",RX-96TS316W7,549.99,0.0,549.99,16.0,34.374375,RX 9060,RX 9000
https://c1.neweggimages.com/productimage/nb300/14-930-146-07.jpg,4.9,13,ASRock,ASRock Monster Hunter Wilds Radeon RX 9070 XT 16GB GDDR6 PCI Express 5.0 x16 Graphics Card RX9070XT MH 16G,RX9070XT MH 16G,769.99,0.0,816.49,16.0,48.124375,RX 9070,RX 9000
https://c1.neweggimages.com/productimage/nb300/14-126-798-01.png,4.8,60,ASUS,ASUS Dual GeForce RTX 5060 Ti 16GB 128-Bit GDDR7 PCI Express 5.0 x8 DLSS 4.0 Graphics Card DUAL-RTX5060TI-O16G,DUAL-RTX5060TI-O16G,799.99,0.0,863.99,16.0,49.999375,RTX 5060,RTX 5000
https://c1.neweggimages.com/productimage/nb300/14-932-796-01.jpg,4.5,114,GIGABYTE,GIGABYTE WindForce GeForce RTX 5060 Ti 8GB GDDR7 PCI Express 5.0 x8 ATX Graphics Card GV-N506TWF2OC-8GD,GV-N506TWF2OC-8GD,509.99,0.0,509.99,8.0,63.74875,RTX 5060,RTX 5000
https://c1.neweggimages.com/productimage/nb300/14-126-744-02.png,4.7,173,ASUS,ASUS PRIME GeForce RTX 5080 16GB GDDR7 OC Edition PRIME-RTX5080-O16G PCI-Express 5.0 DLSS 4.0 Graphics Card,PRIME-RTX5080-O16G,1699.99,0.0,1699.99,16.0,106.249375,RTX 5080,RTX 5000
https://c1.neweggimages.com/productimage/nb300/14-137-992-01.jpg,4.6,166,MSI,MSI Ventus GeForce RTX 5060 Ti 16GB GDDR7 PCI Express 5.0 x16 (use x8) Graphics Card (RTX 5060 Ti 16G VENTUS 2X OC BLACK PLUS),RTX 5060 Ti 16G VENTUS 2X OC BLACK PLUS,998.0,0.0,998.0,16.0,62.375,RTX 5060,RTX 5000
https://c1.neweggimages.com/productimage/nb300/14-133-900-03.png,5.0,4,Unknown,"PNY GeForce RTX 5070 Ti OC PCI Express 5.0, 16GB GDDR7, DLSS 4.0 Graphics Card VCG5070T16TFXPB1-O",VCG5070T16TFXPB1-O,1382.75,0.0,1382.75,16.0,86.421875,RTX 5070,RTX 5000
https://c1.neweggimages.com/productimage/nb300/14-137-975-03.jpg,4.9,21,MSI,MSI Ventus GeForce RTX 5060 8GB GDDR7 PCI Express 5.0 x 16 (use x8) Graphics Card RTX 5060 8G VENTUS 2X OC,RTX 5060 8G VENTUS 2X OC,459.99,0.0,459.99,8.0,57.49875,RTX 5060,RTX 5000
https://c1.neweggimages.com/productimage/nb300/14-932-792-01.jpg,4.5,114,GIGABYTE,GIGABYTE AERO GeForce RTX 5060 Ti 8GB GDDR7 PCI Express 5.0 x8 ATX Graphics Card GV-N506TAERO OC-8GD,GV-N506TAERO OC-8GD,539.99,0.0,561.59,8.0,67.49875,RTX 5060,RTX 5000
https://c1.neweggimages.com/productimage/nb300/14-137-910-08.jpg,4.5,248,MSI,MSI Gaming GeForce RTX 5080 16GB GDDR7 PCI Express 5.0 Graphics Card RTX 5080 16G GAMING TRIO OC,RTX 5080 16G GAMING TRIO OC,1799.99,0.0,1799.99,16.0,112.499375,RTX 5080,RTX 5000
https://c1.neweggimages.com/productimage/nb300/14-137-995-01.png,4.6,393,MSI,MSI Ventus GeForce RTX 5070 Ti 16GB GDDR7 PCI Express 5.0 Graphics Card RTX 5070 Ti 16G VENTUS 3X PZ OC,RTX 5070 Ti 16G VENTUS 3X PZ OC,1698.0,0.0,1698.0,16.0,106.125,RTX 5070,RTX 5000
https://c1.neweggimages.com/productimage/nb300/14-131-871-01.png,4.6,43,PowerColor,PowerColor Reaper Radeon RX 9070 XT 16GB GDDR6 PCI Express 5.0 x16 RDNA 4 ATX Graphics Card RX9070XT 16G-A,RX9070XT 16G-A,789.99,0.0,799.99,16.0,49.374375,RX 9070,RX 9000
https://c1.neweggimages.com/productimage/nb300/14-932-823-18.jpg,4.5,235,GIGABYTE,GIGABYTE Gaming Radeon RX 9070 XT 16GB GDDR6 PCI Express 5.0 x16 Graphics Card GV-R907XGAMINGOCICE-16GD,GV-R907XGAMINGOCICE-16GD,859.16,0.0,859.16,16.0,53.6975,RX 9070,RX 9000
https://c1.neweggimages.com/productimage/nb300/14-982-009-01.jpg,4.5,248,MSI,MSI GeForce RTX 5080 16GB GDDR7 PCI Express 5.0 ATX Video Card RTX 5080 16G VENTUS 3X OC BLACK,RTX 5080 16G VENTUS 3X OC BLACK,1649.99,0.0,1649.99,16.0,103.124375,RTX 5080,RTX 5000
https://c1.neweggimages.com/productimage/nb300/B7UMS2506020W9WB4D7.jpg,5.0,6,XFX,"XFX Mercury AMD Radeon RX 9070 XT OC Magnetic Air Edition with RGB 16GB GDDR6 HDMI 3xDP, AMD RDNA 4 RX-97TMARGB9",RX-97TMARGB9,829.99,0.0,829.99,16.0,51.874375,RX 9070,RX 9000
https://c1.neweggimages.com/productimage/nb300/14-932-812-06.png,4.5,114,GIGABYTE,GIGABYTE Eagle GeForce RTX 5060 Ti 8GB GDDR7 PCI Express 5.0 ATX Graphics Card GV-N506TEAGLEMAX OC-8GD,GV-N506TEAGLEMAX OC-8GD,529.99,0.0,529.99,8.0,66.24875,RTX 5060,RTX 5000
https://c1.neweggimages.com/productimage/nb300/14-131-883-02.png,5.0,3,PowerColor,PowerColor Hellhound Radeon RX 9070 XT 16GB GDDR6 PCI Express 5.0 x16 Graphics Card Hellhound Spectral White AMD Radeon RX 9070 XT 16GB GDDR6,RX9070XT 16G-L/OC/WHITE,839.99,0.0,890.49,16.0,52.499375,RX 9070,RX 9000
https://c1.neweggimages.com/productimage/nb300/14-932-775-02.jpg,4.3,142,GIGABYTE,GIGABYTE Eagle GeForce RTX 5070 12GB GDDR7 PCI Express 5.0 ATX Graphics Card GV-N5070EAGLEOC ICE-12GD,GV-N5070EAGLEOC ICE-12GD,809.99,0.0,842.39,12.0,67.49916666666667,RTX 5070,RTX 5000
https://c1.neweggimages.com/productimage/nb300/14-930-078-17.jpg,4.1,26,ASRock,ASRock Challenger Arc A750 Graphics Card A750 CL SE 8GO,A750 CL SE 8GO,209.99,0.0,209.99,,,Other,Other
https://c1.neweggimages.com/productimage/nb300/AZUES250509085KG933.jpg,4.7,3,Unknown,"Yeston Sakura Radeon RX 9070 XT 16GB GDDR6 RDNA 4 4nm Triple Fan ARGB Desktop Graphics Card, Dual BIOS, PCIe 5.0, 3×DP+1×HDMI",RX9070XT-16GD6-OC-SA,779.0,0.0,1029.0,16.0,48.6875,RX 9070,RX 9000
https://c1.neweggimages.com/productimage/nb300/14-932-770-02.jpg,4.8,241,GIGABYTE,GIGABYTE Eagle GeForce RTX 5070 Ti 16GB GDDR7 PCI Express 5.0 ATX Graphics Card GV-N507TEAGLE OC-16GD,GV-N507TEAGLE OC-16GD,1179.99,0.0,1227.19,16.0,73.749375,RTX 5070,RTX 5000
https://c1.neweggimages.com/productimage/nb300/14-932-815-10.png,5.0,9,GIGABYTE,GIGABYTE Gaming GeForce RTX 5050 8GB GDDR6 PCI Express 5.0 x8 ATX Graphics Card GV-N5050GAMING OC-8GD,GV-N5050GAMING OC-8GD,319.99,0.0,319.99,8.0,39.99875,RTX 5050,RTX 5000
https://c1.neweggimages.com/productimage/nb300/14-137-930-03.jpg,4.5,248,MSI,MSI Ventus GeForce RTX 5080 16GB GDDR7 PCI Express 5.0 Graphics Card RTX 5080 16G VENTUS 3X OC,RTX 5080 16G VENTUS 3X OC,1799.0,0.0,1799.0,16.0,112.4375,RTX 5080,RTX 5000
https://c1.neweggimages.com/productimage/nb300/14-126-807-10.png,4.6,51,ASUS,ASUS Dual GeForce RTX 5060 8GB GDDR7 PCI Express 5.0 x8 ATX Graphics Card DUAL-RTX5060-O8G,DUAL-RTX5060-O8G,469.99,0.0,498.19,8.0,58.74875,RTX 5060,RTX 5000
https://c1.neweggimages.com/productimage/nb300/14-150-907-05.jpg,4.6,91,XFX,XFX Swift AMD Radeon RX 9070XT RNDA 4 16GB 256-Bit GDDR6 PCI-Express 5.0 RDNA 4 White Graphics Card RX-97TSWF3W9,RX-97TSWF3W9,769.99,0.0,769.99,16.0,48.124375,RX 9070,RX 9000
https://c1.neweggimages.com/productimage/nb300/14-137-958-01.jpg,4.6,166,MSI,MSI Ventus GeForce RTX 5060 Ti 16GB GDDR7 PCI Express 5.0 x 16 (use x8) ATX Graphics Card RTX 5060 Ti 16G VENTUS 2X OC PLUS,RTX 5060 Ti 16G VENTUS 2X OC PLUS,996.0,0.0,996.0,16.0,62.25,RTX 5060,RTX 5000
https://c1.neweggimages.com/productimage/nb300/14-137-931-05.jpg,4.6,393,MSI,MSI Gaming GeForce RTX 5070 Ti 16GB GDDR7 PCI Express 5.0 ATX Graphics Card RTX 5070 Ti 16G GAMING TRIO OC,RTX 5070 TI 16G GAMING TRIO OC,1049.99,0.0,1133.99,16.0,65.624375,RTX 5070,RTX 5000
https://c1.neweggimages.com/productimage/nb300/14-137-940-02.jpg,4.7,210,MSI,MSI Ventus GeForce RTX 5070 12GB GDDR7 PCI Express 5.0 ATX Graphics Card RTX 5070 12G VENTUS 3X OC,RTX 5070 12G VENTUS 3X OC,839.99,0.0,839.99,12.0,69.99916666666667,RTX 5070,RTX 5000
https://c1.neweggimages.com/productimage/nb300/14-137-909-12.jpg,4.5,248,MSI,MSI Gaming GeForce RTX 5080 16GB GDDR7 PCI Express 5.0 Graphics Card RTX 5080 16G GAMING TRIO OC WHITE,RTX 5080 16G GAMING TRIO OC WHITE,1799.99,0.0,1799.99,16.0,112.499375,RTX 5080,RTX 5000
https://c1.neweggimages.com/productimage/nb300/14-131-880-01.png,4.4,38,PowerColor,PowerColor Reaper Radeon RX 9060 XT 16GB GDDR6 PCI Express 5.0 x16 ATX Video Card RX9060XT 16G-A,RX9060XT 16G-A,469.99,0.0,469.99,16.0,29.374375,RX 9060,RX 9000
https://c1.neweggimages.com/productimage/nb300/14-932-752-05.jpg,4.5,235,GIGABYTE,GIGABYTE Gaming Radeon RX 9070 16GB GDDR6 PCI Express 5.0 x16 ATX Graphics Card GV-R9070GAMING OC-16GD,GV-R9070GAMING OC-16GD,669.99,0.0,669.99,16.0,41.874375,RX 9070,RX 9000
https://c1.neweggimages.com/productimage/nb300/14-932-757-04.png,4.6,299,GIGABYTE,GIGABYTE AORUS GeForce RTX 5080 16GB GDDR7 PCI Express 5.0 ATX Graphics Card GV-N5080AORUSM ICE-16G,GV-N5080AORUSM ICE-16GD,2181.99,0.0,2181.99,16.0,136.374375,RTX 5080,RTX 5000
https://c1.neweggimages.com/productimage/nb300/14-150-902-04.jpg,4.6,91,XFX,XFX Quicksilver Radeon RX 9070 XT 16GB 256-Bit GDDR6 PCI-Express 5.0 RDNA 4 Graphics Card RX-97TQICKB9,RX-97TQICKB9,769.99,0.0,769.99,16.0,48.124375,RX 9070,RX 9000
https://c1.neweggimages.com/productimage/nb300/14-932-773-02.jpg,4.3,142,GIGABYTE,GIGABYTE AERO GeForce RTX 5070 12GB GDDR7 PCI Express 5.0 ATX Graphics Card GV-N5070AERO OC-12GD,GV-N5070AERO OC-12GD,849.99,0.0,849.99,12.0,70.8325,RTX 5070,RTX 5000
https://c1.neweggimages.com/productimage/nb300/14-932-772-02.jpg,4.3,142,GIGABYTE,GIGABYTE AORUS GeForce RTX 5070 12GB GDDR7 PCI Express 5.0 ATX Graphics Card GV-N5070AORUS M-12GD,GV-N5070AORUS M-12GD,899.99,0.0,899.99,12.0,74.99916666666667,RTX 5070,RTX 5000
https://c1.neweggimages.com/productimage/nb300/14-932-683-11.jpg,4.5,141,GIGABYTE,"GIGABYTE GeForce RTX 4070 SUPER WINDFORCE OC 12G Graphics Card, 3x WINDFORCE Fans, 12GB 192-bit GDDR6X, GV-N407SWF3OC-12GD  Video Card",GV-N407SWF3OC-12GD,812.0,0.0,851.0,12.0,67.66666666666667,RTX 4070,RTX 4000
https://c1.neweggimages.com/productimage/nb300/14-137-980-01.jpg,4.7,15,MSI,MSI Gaming GeForce RTX 5050 8GB GDDR6 PCI Express 5.0 Graphics Card RTX 5050 8G GAMING OC,RTX 5050 8G GAMING OC,324.99,0.0,350.99,8.0,40.62375,RTX 5050,RTX 5000
https://c1.neweggimages.com/productimage/nb300/BF3CS2605070GK2SK15.jpg,5.0,1,Unknown,Peladn Gaming RTX 4070 12G Graphics Card GDDR6 RGB Lighting PCI Express 4.0 Video Card Triple-fan Edition,6972410028919,529.0,0.0,899.0,12.0,44.083333333333336,RTX 4070,RTX 4000
https://c1.neweggimages.com/productimage/nb300/AZUES2509040YHKT86F.jpg,4.3,58,Unknown,Yeston Radeon RX 6800 XT 16GB D6 GDDR6 256bit 7nm Desktop computer PC Video Graphics Cards support PCI-Express 4.0 video cards 3*DP RGB light effect Fragrant graphics card(No HDMI interface),RX6800XT-16G D6 YB,469.0,0.0,469.0,16.0,29.3125,RX 6800,RX 6000
https://c1.neweggimages.com/productimage/nb300/14-131-869-02.png,4.8,39,PowerColor,PowerColor RED DEVIL Radeon RX 9070 XT 16GB 256-Bit GDDR6 PCI Express 5.0 Graphics Card RX9070XT 16G-E/OC,RX9070XT 16G-E/OC,1260.03,0.0,1260.03,16.0,78.751875,RX 9070,RX 9000
https://c1.neweggimages.com/productimage/nb300/14-500-607-10.jpg,4.7,69,ZOTAC,ZOTAC SOLID SFF OC GeForce RTX 5070 Ti 16GB 256-Bit GDDR7 DLSS 4.0 PIC-Express 5.0 Graphics Card ZT-B50710J3-10P,ZT-B50710J3-10P,1532.24,0.0,1532.24,16.0,95.765,RTX 5070,RTX 5000
https://c1.neweggimages.com/productimage/nb300/14-125-899-06.jpg,3.8,21,GIGABYTE,GIGABYTE GeForce GT 710 2GB DDR3 PCI Express 2.0 Low Profile Graphics Card GV-N710D3-2GL REV2.0,GV-N710D3-2GL REV2.0,61.99,0.0,61.99,2.0,30.995,Other,Other
https://c1.neweggimages.com/productimage/nb300/14-126-831-02.png,4.6,77,ASUS,ASUS PRIME Radeon RX 9070 XT 16GB GDDR6 PCI Express 5.0 x16 ATX Graphics Card PRIME-RX9070XT-O16G-WHITE,PRIME-RX9070XT-O16G-WHITE,809.99,0.0,859.99,16.0,50.624375,RX 9070,RX 9000
https://c1.neweggimages.com/productimage/nb300/14-932-803-13.jpg,4.4,48,GIGABYTE,GIGABYTE Eagle GeForce RTX 5060 8GB GDDR7 PCI Express 5.0 ATX Graphics Card GV-N5060EAGLE OC-8GD,GV-N5060EAGLE OC-8GD,469.99,0.0,469.99,8.0,58.74875,RTX 5060,RTX 5000
https://c1.neweggimages.com/productimage/nb300/14-202-428-V02.jpg,4.3,454,Sapphire Tech,SAPPHIRE NITRO+ Radeon RX 7900 XTX 24GB GDDR6 PCI Express 4.0 x16 ATX Graphics Card 11322-01-40G,11322-01-40G,1355.0,0.0,1355.0,24.0,56.458333333333336,RX 7900,RX 7000
https://c1.neweggimages.com/productimage/nb300/14-150-922-09.jpg,5.0,1,XFX,XFX Swift Radeon RX 9070 GRE 12GB GDDR6 PCI Express 5.0 ATX Graphics Card RX-97GRE29W7 9070 GRE,RX-97GRE29W7,554.99,0.0,569.99,12.0,46.24916666666667,RX 9070,RX 9000
https://c1.neweggimages.com/productimage/nb300/14-137-812-06.png,4.2,5,MSI,MSI GeForce GT 1030 4GB DDR4 PCI Express 3.0 x16 (uses x4) ATX Graphics Card GT 1030 4G DDR4 LP OC,GT 1030 4GD4 LP OC,119.99,0.0,119.99,4.0,29.9975,Other,Other
https://c1.neweggimages.com/productimage/nb300/BF3CS2511260DH4TC39.jpg,4.6,19,Unknown,Peladn Gaming RTX 3070 8G Graphics Card 256bit GDDR6 5888CUDA PCI Express 4.0 Video Card Double fans Edition,6972410029404,305.0,0.0,499.0,8.0,38.125,RTX 3070,RTX 3000
https://c1.neweggimages.com/productimage/nb300/14-126-754-01.jpg,4.5,175,ASUS,ASUS TUF Gaming GeForce RTX 5070 OC 12GB 192-Bit GDDR7 PCI Express 5.0 DLSS 4.0 Graphics Card TUF-RTX5070-O12G-GAMING,TUF-RTX5070-O12G-GAMING,949.99,0.0,949.99,12.0,79.16583333333334,RTX 5070,RTX 5000
https://c1.neweggimages.com/productimage/nb300/B7UMD2505050W5CF694.jpg,4.6,91,XFX,"XFX Quicksilver AMD Radeon RX 9070XT White Magnetic Air Edition with 16GB GDDR6 HDMI 3xDP, AMD RDNA 4",RX-97TMAQKW9,789.99,0.0,789.99,16.0,49.374375,RX 9070,RX 9000
https://c1.neweggimages.com/productimage/nb300/14-150-906-02.jpg,4.6,91,XFX,XFX Mercury AMD Radeon RX 9070XT OC RNDA 4 16GB 256-Bit GDDR6 PCI Express 5.0 RDNA 4 White Gaming Graphics Card,RX-97TRGBBW9,829.99,0.0,829.99,16.0,51.874375,RX 9070,RX 9000
https://c1.neweggimages.com/productimage/nb300/14-137-974-03.jpg,4.9,21,MSI,MSI Ventus GeForce RTX 5060 8GB GDDR7 PCI Express 5.0 x 16 (use x8) Graphics Card RTX 5060 8G VENTUS 2X OC WHITE,RTX 5060 8G VENTUS 2X OC WHITE,550.9,0.0,550.9,8.0,68.8625,RTX 5060,RTX 5000
https://c1.neweggimages.com/productimage/nb300/14-150-879-04.jpg,4.7,27,XFX,XFX SPEEDSTER SWFT210 RADEON RX 7600 CORE Gaming Graphics Card RX-76PSWFTFY,RX-76PSWFTFY,339.99,0.0,339.99,,,RX 7600,RX 7000
https://c1.neweggimages.com/productimage/nb300/BF3CS25010208XCJN65.jpg,5.0,1,Unknown,PELADN RX 580 8GB Graphics Card GPU DirectX 12 256-Bit GDDR5 PCI Express 3.0 Gaming Video Card,6972410021538,128.0,0.0,199.0,8.0,16.0,RX 580,RX 500
https://c1.neweggimages.com/productimage/nb300/14-126-761-01.png,4.5,175,ASUS,ASUS PRIME GeForce RTX 5070 OC 12GB 192-Bit GDDR7 PCI Express 5.0 DLSS 4.0 Graphics Card PRIME-RTX5070-O12G,PRIME-RTX5070-O12G,909.99,0.0,972.82,12.0,75.8325,RTX 5070,RTX 5000
https://c1.neweggimages.com/productimage/nb300/14-126-746-02.png,4.6,77,ASUS,ASUS PRIME Radeon RX 9070 XT 16GB 256-Bit GDDR6 PCI Express 5.0 RDNA 4 Graphics Card PRIME-RX9070XT-O16G,PRIME-RX9070XT-O16G,799.99,0.0,855.23,16.0,49.999375,RX 9070,RX 9000
https://c1.neweggimages.com/productimage/nb300/14-137-973-01.jpg,4.9,21,MSI,MSI Ventus GeForce RTX 5060 8GB GDDR7 PCI Express 5.0 x 16 (use x8) Graphics Card RTX 5060 8G VENTUS 3X OC,RTX 5060 8G VENTUS 3X OC,469.99,0.0,469.99,8.0,58.74875,RTX 5060,RTX 5000
https://c1.neweggimages.com/productimage/nb300/14-932-801-11.jpg,4.4,48,GIGABYTE,GIGABYTE Low Profile GeForce RTX 5060 8GB GDDR7 PCI Express 5.0 Low Profile Graphics Card GV-N5060OC-8GL,GV-N5060OC-8GL,469.99,0.0,469.99,8.0,58.74875,RTX 5060,RTX 5000
https://c1.neweggimages.com/productimage/nb300/14-932-060-V01.jpg,4.3,28,GIGABYTE,GIGABYTE GeForce GT 1030 Low Profile D4 2G DirectX 12 GV-N1030D4-2GL Graphics Card,GV-N1030D4-2GL,109.99,5.99,122.99,2.0,54.995,Other,Other
https://c1.neweggimages.com/productimage/nb300/14-137-905-08.jpg,4.5,248,MSI,MSI Suprim GeForce RTX 5080 16GB GDDR7 PCI Express 5.0 x16 Graphics Card RTX 5080 16G SUPRIM LIQUID SOC,RTX 5080 16G SUPRIM LIQUID SOC,1999.99,0.0,1999.99,16.0,124.999375,RTX 5080,RTX 5000
https://c1.neweggimages.com/productimage/nb300/14-932-829-02.jpg,4.6,299,GIGABYTE,"GIGABYTE AORUS GeForce RTX 5080 INFINITY WOOD 16G Graphics Card, 16GB 256-bit GDDR7, PCIe 5.0, WINDFORCE HYPERBURST cooling system, GV-N5080AORUSIF WD-16GD Graphics Card",GV-N5080AORUSIF WD-16GD,1899.99,0.0,1899.99,16.0,118.749375,RTX 5080,RTX 5000
https://c1.neweggimages.com/productimage/nb300/14-126-804-02.png,5.0,8,ASUS,ASUS PRIME Radeon RX 9060 XT 16GB GDDR6 PCI Express 5.0 x16 ATX Graphics Card PRIME-RX9060XT-O16G RX 9060XT 16GB,PRIME-RX9060XT-O16G,529.99,0.0,715.49,16.0,33.124375,RX 9060,RX 9000
https://c1.neweggimages.com/productimage/nb300/B7UMS2506220TB59411.jpg,5.0,6,XFX,"XFX Mercury AMD Radeon RX 9060 XT OC Gaming Edition with 16GB GDDR6 HDMI 2xDP, AMD RDNA 4",RX-96TMERCB9,549.99,0.0,549.99,16.0,34.374375,RX 9060,RX 9000
https://c1.neweggimages.com/productimage/nb300/14-126-813-02.png,4.5,175,ASUS,ASUS PRIME GeForce RTX 5070 12GB GDDR7 PCI Express 5.0 x16 ATX Graphics Card DLSS 4.0 PRIME-RTX5070-O12G-WHITE,PRIME-RTX5070-O12G-WHITE,1354.44,0.0,1354.44,12.0,112.87,RTX 5070,RTX 5000
https://c1.neweggimages.com/productimage/nb300/14-932-611-V01.jpg,4.7,303,GIGABYTE,GIGABYTE WINDFORCE GeForce RTX 4070 12GB GDDR6X PCI Express 4.0 x16 ATX Graphics Card GV-N4070WF3OC-12GD,GV-N4070WF3OC-12GD,740.0,0.0,740.0,12.0,61.666666666666664,RTX 4070,RTX 4000
https://c1.neweggimages.com/productimage/nb300/14-133-993-17.jpg,1.0,1,Unknown,PNY DUAL FAN OC GeForce RTX 5060 Ti 16GB 128-Bit GDDR7 PCI Express 5.0 x8 DLSS 4.0 Graphics Card RTX 5060 Ti 16GB DUAL FAN OC VCG5060T16DFXPB1-O,VCG5060T16DFXPB1-O,949.67,10.99,949.67,16.0,59.354375,RTX 5060,RTX 5000
https://c1.neweggimages.com/productimage/nb300/BF3CS2603050LQMFP32.jpg,5.0,1,Unknown,Peladn Gaming Graphics AMD RX 5500 8GB GDDR6 PCI Express 4.0 Video Card,6972410021705,145.0,0.0,269.0,8.0,18.125,RX 5500,RX 5000
https://c1.neweggimages.com/productimage/nb300/14-126-742-04.jpg,4.7,173,ASUS,ASUS ROG Astral GeForce RTX 5080 16GB GDDR7 OC Edition ROG-ASTRAL-RTX5080-O16G-GAMING PCI-Express 5.0 DLSS 4.0 Graphics Card,ROG-ASTRAL-RTX5080-O16G-GAMING,2099.99,0.0,2099.99,16.0,131.249375,RTX 5080,RTX 5000
https://c1.neweggimages.com/productimage/nb300/14-126-801-12.png,4.6,51,ASUS,ASUS GeForce RTX 5060 8GB GDDR7 PCI Express 5.0 x8 Graphics Card PRIME-RTX5060-8G,PRIME-RTX5060-8G,708.09,0.0,708.09,8.0,88.51125,RTX 5060,RTX 5000
https://c1.neweggimages.com/productimage/nb300/14-932-831-01.png,4.8,241,GIGABYTE,"GIGABYTE AORUS GeForce RTX 5070 Ti INFINITY 16G Graphics Card, 16GB 256-bit GDDR7, PCIe 5.0, WINDFORCE HYPERBURST cooling system, GV-N507TAORUS IF-16GD Graphics Card",GV-N507TAORUS IF-16GD,1299.99,0.0,1351.99,16.0,81.249375,RTX 5070,RTX 5000
https://c1.neweggimages.com/productimage/nb300/14-126-708-06.png,3.7,15,ASUS,"ASUS Dual NVIDIA GeForce RTX 3050 6GB OC Edition Gaming Graphics Card - PCIe 4.0, 6GB GDDR6 Memory, HDMI 2.1, DisplayPort 1.4a, 2-slot Design, Axial-tech Fan Design, 0dB Technology, DUAL-RTX3050-O6G",DUAL-RTX3050-O6G,259.99,0.0,259.99,6.0,43.33166666666667,RTX 3050,RTX 3000
https://c1.neweggimages.com/productimage/nb300/14-202-434-11.jpg,4.5,342,Sapphire Tech,SAPPHIRE PULSE Radeon RX 7800 XT 16GB GDDR6 PCI Express 4.0 x16 ATX Graphics Card 11330-02-20G,11330-02-20G,749.99,0.0,749.99,16.0,46.874375,RX 7800,RX 7000
https://c1.neweggimages.com/productimage/nb300/14-150-815-Z01.jpg,4.0,73,XFX,USED - LIKE NEW XFX Radeon RX 570 8GB DDR5 PCI Express 3.0 CrossFireX Support Graphics Card RX-570P8DFD6,RX-570P8DFD6,99.99,0.0,99.99,8.0,12.49875,RX 570,RX 500
https://c1.neweggimages.com/productimage/nb300/14-932-433-01.jpg,4.7,394,GIGABYTE,GIGABYTE Gaming OC GeForce RTX 3060 12GB GDDR6 PCI Express 4.0 ATX Video Card GV-N3060GAMING OC-12GD (rev. 2.0) (LHR),GV-N3060GAM OC-12GD,490.0,0.0,490.0,12.0,40.833333333333336,RTX 3060,RTX 3000
https://c1.neweggimages.com/productimage/nb300/14-150-878-16.jpg,4.4,136,XFX,XFX SPEEDSTER MERC310 Radeon RX 7900 XTX 24GB GDDR6 PCI Express 4.0 x16 Graphics Card RX-79XMERCB9,RX-79XMERCB9,1599.0,0.0,1599.0,24.0,66.625,RX 7900,RX 7000
https://c1.neweggimages.com/productimage/nb300/14-126-844-05.png,4.5,175,ASUS,ASUS T1 GeForce RTX 5070 12GB GDDR7 PCI Express 5.0 x16 ATX Graphics Card T1-RTX5070-O12G-GAMING,T1-RTX5070-O12G-GAMING,919.99,0.0,919.99,12.0,76.66583333333334,RTX 5070,RTX 5000
https://c1.neweggimages.com/productimage/nb300/14-137-804-11.jpg,4.7,160,MSI,MSI Ventus GeForce RTX 4060 8GB GDDR6 PCI Express 4.0 x8 ATX Graphics Card RTX 4060 VENTUS 2X BLACK 8G OC,RTX 4060 VENTUS 2X BLACK 8G OC,499.0,0.0,499.0,8.0,62.375,RTX 4060,RTX 4000
https://c1.neweggimages.com/productimage/nb300/14-932-821-01.jpg,4.3,137,GIGABYTE,GIGABYTE AORUS GeForce RTX 5090 32GB GDDR7 PCI Express 5.0 x16 Graphics Card AORUS RTX 5090 AI BOX GV-N5090IXEB-32GD,GV-N5090IXEB-32GD,4899.99,0.0,4899.99,32.0,153.1246875,RTX 5090,RTX 5000
https://c1.neweggimages.com/productimage/nb300/14-932-654-02.jpg,4.6,26,GIGABYTE,"GIGABYTE Radeon RX 7700 XT GAMING OC 12G Graphics Card, 3x WINDFORCE Fans 12GB 192-bit GDDR6, GV-R77XTGAMING OC-12GD Video Card",GV-R77XTGAMING OC-12GD,545.14,0.0,545.14,12.0,45.428333333333335,RX 7700,RX 7000
https://c1.neweggimages.com/productimage/nb300/14-932-672-16.jpg,4.7,147,GIGABYTE,"GIGABYTE GeForce RTX 4080 SUPER WINDFORCE V2 16G Graphics Card, 3x WINDFORCE Fans, 16GB 256-bit GDDR6X, GV-N408SWF3V2-16GD Video Card",GV-N408SWF3V2-16GD,1522.0,0.0,1522.0,16.0,95.125,RTX 4080,RTX 4000
https://c1.neweggimages.com/productimage/nb300/14-137-962-11.jpg,4.6,166,MSI,MSI Gaming GeForce RTX 5060 Ti 8GB GDDR7 PCI Express 5.0 x 16 (use x8) ATX Graphics Card RTX 5060 Ti 8G GAMING TRIO OC,RTX 5060 Ti 8G GAMING TRIO OC,529.99,0.0,566.6,8.0,66.24875,RTX 5060,RTX 5000
https://c1.neweggimages.com/productimage/nb300/14-137-963-10.jpg,4.6,166,MSI,MSI Gaming GeForce RTX 5060 Ti 8GB GDDR7 PCI Express 5.0 x 16 (use x8) ATX Graphics Card RTX 5060 Ti 8G GAMING OC,RTX 5060 Ti 8G GAMING OC,519.99,0.0,561.59,8.0,64.99875,RTX 5060,RTX 5000
https://c1.neweggimages.com/productimage/nb300/14-127-932-07.jpg,4.4,169,MSI,MSI GeForce GT 710 2GB DDR3 PCI Express 2.0 Low Profile Graphics Card GT 710 2GD3 LP,GT 710 2GD3 LP,74.99,0.0,74.99,2.0,37.495,Other,Other
https://c1.neweggimages.com/productimage/nb300/BF3CS2501030EU8YRD9.jpg,3.9,7,Unknown,Peladn Gaming RTX 3070Ti 8G Graphics Card GDDR6 RGB Lighting PCI Express 4.0 Video Card Triple-fan Edition,6972410025352,325.0,0.0,599.0,8.0,40.625,RTX 3070,RTX 3000
https://c1.neweggimages.com/productimage/nb300/14-126-777-01.png,4.5,175,ASUS,ASUS ROG GeForce RTX 5070 OC 12GB 192-Bit GDDR7 DLSS 4.0 PCI-Express 5.0 Graphics Card ROG-STRIX-RTX5070-O12G-GAMING,ROG-STRIX-RTX5070-O12G-GAMING,1039.99,0.0,1039.99,12.0,86.66583333333334,RTX 5070,RTX 5000
https://c1.neweggimages.com/productimage/nb300/14-137-877-01.png,4.8,10,MSI,MSI Gaming GeForce RTX 3050 6GB GDDR6 PCI Express 4.0 x8 ATX Graphics Card RTX 3050 GAMING X 6G,RTX 3050 GAMING X 6G,279.99,0.0,279.99,6.0,46.665,RTX 3050,RTX 3000
https://c1.neweggimages.com/productimage/nb300/14-930-055-V01.jpg,4.2,158,ASRock,"USED - LIKE NEW ASRock Radeon RX 6700 XT Challenger Pro Gaming Graphic Card, 12GB GDDR6 VRAM, AMD RDNA2 (RX6700XT CLP 12GO)",RX6700XT CLP 12GO,261.49,60.0,261.49,12.0,21.790833333333335,RX 6700,RX 6000
https://c1.neweggimages.com/productimage/nb300/AZUES250509062DPR95.jpg,5.0,7,Unknown,Yeston Atlantis Radeon RX 9070 XT 16G GDDR6 256bit 4nm Desktop computer PC Video Graphics Cards support PCI-Express 5.0 3*DP+1*HDMI-compatible ARGB graphics card,RX9070XT-16GD6-OC-YA,819.0,0.0,819.0,16.0,51.1875,RX 9070,RX 9000
https://c1.neweggimages.com/productimage/nb300/14-930-067-02.jpg,4.5,77,ASRock,ASRock Phantom Gaming D Radeon RX 6500 XT 4GB GDDR6 PCI Express 4.0 Graphics Card RX6500XT PGD 4GO,RX6500XT PGD 4GO,214.99,0.0,214.99,4.0,53.7475,RX 6500,RX 6000
https://c1.neweggimages.com/productimage/nb300/ACTN_1_20190808451394825.jpg,5.0,2,AMD,716521-001 717219-001 AMD ATI Radeon HD8490 1GB DDR3 DVI Displayport Video Card PCI-EXPRESS Video Cards - OEM,716521-001,22.99,0.0,22.99,1.0,22.99,Other,Other
https://c1.neweggimages.com/productimage/nb300/14-127-515-04.jpg,4.1,93,MSI,MSI GeForce 210 1GB DDR3 PCI Express 2.0 x16 Low Profile Ready Graphics Card N210-MD1G/D3,N210-MD1G/D3,44.99,0.0,44.99,1.0,44.99,Other,Other
https://c1.neweggimages.com/productimage/nb300/14-137-932-04.jpg,4.6,393,MSI,MSI Gaming GeForce RTX 5070 Ti 16GB GDDR7 PCI Express 5.0 ATX Graphics Card RTX 5070 Ti 16G GAMING TRIO OC WHITE,RTX 5070 TI 16G GAMING TRIO OC WHITE,1745.03,0.0,1745.03,16.0,109.064375,RTX 5070,RTX 5000
https://c1.neweggimages.com/productimage/nb300/14-126-816-02.png,4.7,173,ASUS,ASUS ROG Astral GeForce RTX 5080 16GB GDDR7 PCI Express 5.0 x16 Graphics Card ROG-ASTRAL-RTX5080-O16G-WHITE,ROG-ASTRAL-RTX5080-O16G-WHITE,2499.0,0.0,2499.0,16.0,156.1875,RTX 5080,RTX 5000
https://c1.neweggimages.com/productimage/nb300/B9ZZS250616104P0YAB.jpg,5.0,2,NVIDIA,NVIDIA Founder Edition GeForce RTX 5090 32GB GDDR7 PCI Express 5.0 x16 ATX Graphics Card 900-1G144-2530-000,GeForce RTX 5090,5827.19,0.0,5827.19,32.0,182.0996875,RTX 5090,RTX 5000
https://c1.neweggimages.com/productimage/nb300/14-126-706-03.png,4.0,1,ASUS,"REFURBISHED ASUS Dual GeForce RTX 4060 Ti V2 OC Edition (PCIe 4.0, 8GB GDDR6, DLSS 3, HDMI 2.1a, DisplayPort 1.4a, 2-slot design, Axial-tech fan design, 0dB technology) DUAL-RTX4060TI-O8G-V2",DUAL-RTX4060TI-O8G-V2,344.98,0.0,344.98,8.0,43.1225,RTX 4060,RTX 4000
https://c1.neweggimages.com/productimage/nb300/14-126-685-14.png,4.8,182,ASUS,"ASUS TUF Gaming NVIDIA GeForce RTX 4070 Ti SUPER OC Edition Gaming Graphics Card (PCIe 4.0, 16GB GDDR6X, HDMI 2.1a, DisplayPort 1.4a) TUF-RTX4070TIS-O16G-GAMING",TUF-RTX4070TIS-O16G-GAMING,1309.0,0.0,1317.0,16.0,81.8125,RTX 4070,RTX 4000
https://c1.neweggimages.com/productimage/nb300/14-150-865-V01.jpg,5.0,1,XFX,REFURBISHED XFX Speedster SWFT 319 Radeon RX 6900 XT 16GB GDDR6 PCI Express 4.0 Graphics Card RX-69XTAQFD9,RX-69XTAQFD9,449.99,0.0,449.99,16.0,28.124375,RX 6900,RX 6000
https://c1.neweggimages.com/productimage/nb300/BJXUS24102502MR1F03.jpg,4.3,9,Unknown,SRhonyra AMD RX 580 8GB Gaming graphics card 2048SP GDDR5 256Bit PCI Express 3.0 x16 6Pin Gaming Video Card Mining GPU Gaming GPU with HDMI DP DVI Port,SR58D5M8G1,135.95,0.0,135.95,8.0,16.99375,RX 580,RX 500
https://c1.neweggimages.com/productimage/nb300/14-932-657-V01.jpg,4.6,168,GIGABYTE,"GIGABYTE Radeon RX 7800 XT GAMING OC 16G Graphics Card, 3x WINDFORCE Fans 16GB 256-bit GDDR6, GV-R78XTGAMING OC-16GD Video Card",GV-R78XTGAMING OC-16GD,844.87,0.0,872.99,16.0,52.804375,RX 7800,RX 7000
https://c1.neweggimages.com/productimage/nb300/14-500-650-01.jpg,5.0,3,ZOTAC,ZOTAC SOLID OC White Edition GeForce RTX 5080 16GB GDDR7 PCI Express 5.0 x16 ATX Graphics Card ZOTAC GAMING GeForce SOLID OC White Edition,ZT-B50800Q-10A,1649.99,0.0,1715.99,16.0,103.124375,RTX 5080,RTX 5000
https://c1.neweggimages.com/productimage/nb300/14-137-942-10.jpg,4.7,210,MSI,MSI Ventus GeForce RTX 5070 12GB GDDR7 PCI Express 5.0 ATX Graphics Card RTX 5070 12G VENTUS 2X OC WHITE,RTX 5070 12G VENTUS 2X OC WHITE,900.23,0.0,900.23,12.0,75.01916666666666,RTX 5070,RTX 5000
https://c1.neweggimages.com/productimage/nb300/14-137-632-03.jpg,4.8,685,MSI,MSI Ventus GeForce RTX 3060 12GB GDDR6 PCI Express 4.0 Graphics Card RTX 3060 Ventus 2X 12G OC,RTX3060Ventus2X12GOC,473.36,0.0,489.0,12.0,39.446666666666665,RTX 3060,RTX 3000
https://c1.neweggimages.com/productimage/nb300/14-932-830-01.png,4.6,299,GIGABYTE,"GIGABYTE AORUS GeForce RTX 5080 INFINITY 16G Graphics Card, 16GB 256-bit GDDR7, PCIe 5.0, WINDFORCE HYPERBURST cooling system, GV-N5080AORUS IF-16GD Graphics Card",GV-N5080AORUS IF-16GD,1899.99,0.0,1899.99,16.0,118.749375,RTX 5080,RTX 5000
https://c1.neweggimages.com/productimage/nb300/14-932-678-03.jpg,4.4,144,GIGABYTE,"GIGABYTE GeForce RTX 4070 Ti SUPER WINDFORCE OC 16G Graphics Card, 3x WINDFORCE Fans, 16GB 256-bit GDDR6X, GV-N407TSWF3OC-16GD Video Card",GV-N407TSWF3OC-16GD,1341.0,0.0,1345.36,16.0,83.8125,RTX 4070,RTX 4000
https://c1.neweggimages.com/productimage/nb300/14-126-606-20.jpg,4.7,211,ASUS,"ASUS TUF Gaming NVIDIA GeForce RTX 4070 Ti OC Edition Gaming Graphics Card (PCIe 4.0, 12GB GDDR6X, HDMI 2.1a, DisplayPort 1.4a) TUF-RTX4070TI-O12G-GAMING",TUF-RTX4070TI-O12G-GAMING,1069.99,0.0,1199.99,12.0,89.16583333333334,RTX 4070,RTX 4000
https://c1.neweggimages.com/productimage/nb300/14-133-898-02.png,5.0,7,Unknown,PNY ARGB OC GeForce RTX 5080 16GB 256-Bit GDDR7 DLSS 4.0 PCI Express 5.0 x16 Graphics Card VCG508016TFXXPB1-O,VCG508016TFXXPB1-O,1699.0,0.0,1699.0,16.0,106.1875,RTX 5080,RTX 5000
https://c1.neweggimages.com/productimage/nb300/14-133-997-03.png,5.0,1,Unknown,PNY DUAL FAN GeForce RTX 5060 8GB GDDR7 PCI Express 5.0 x8 ATX Graphics Card RTX 5060 Overclocked Dual Fan GPU,VCG50608DFXPB1-O,459.99,0.0,459.99,8.0,57.49875,RTX 5060,RTX 5000
https://c1.neweggimages.com/productimage/nb300/B7UMS2506220TN9UV6F.jpg,5.0,5,XFX,"XFX Mercury AMD Radeon RX 9060 XT OC White Gaming Edition with 16GB GDDR6 HDMI 2xDP, AMD RDNA 4",840191503443,569.99,0.0,569.99,16.0,35.624375,RX 9060,RX 9000
https://c1.neweggimages.com/productimage/nb300/14-202-438-01.png,4.7,26,Sapphire Tech,SAPPHIRE PURE Radeon RX 7700 XT 12GB GDDR6 PCI Express 4.0 x16 Graphics Card 11335-03-20G,11335-03-20G,543.19,0.0,543.19,12.0,45.26583333333334,RX 7700,RX 7000
https://c1.neweggimages.com/productimage/nb300/AZUES2309150JCKCJC6.jpg,4.2,9,Unknown,Yeston Radeon RX 7800 XT 16GD6 GDDR6 video cards Desktop computer PC Video Graphics Cards support PCI-Express 4.0 3*DP+1*HDMI-compatible RGB light effect Fragrant graphics card RX 7800XT,RX7800XT-16G6 SA,769.99,0.0,769.99,,,RX 7800,RX 7000
https://c1.neweggimages.com/productimage/nb300/BJXUS2407260LTJSC31.jpg,5.0,2,Unknown,"SRhonyra GT 730 4GB low profile graphics card, DDR3 128-Bit, 2×HDMI outputs, single-slot width, PCIe 2.0 x16, designed for small-form-factor desktop PC, 2U server cases",SR732H41,44.59,0.0,79.99,4.0,11.1475,Other,Other
https://c1.neweggimages.com/productimage/nb300/BF9VS2210200E4JDIA0.jpg,5.0,1,AMD,"REFURBISHED AMD Radeon RX 6700 XT 12GB GDDR6 Gaming Graphics Card , Powered by AMD RDNA 2, HDMI 2.1, (Radeon RX 6700 XT 12G)",AMD Radeon RX 6700 XT,309.99,49.99,309.99,12.0,25.8325,RX 6700,RX 6000
https://c1.neweggimages.com/productimage/nb300/14-932-832-01.png,4.3,142,GIGABYTE,"GIGABYTE AORUS GeForce RTX 5070 INFINITY 12G Graphics Card, 12GB 192-bit GDDR7, PCIe 5.0, WINDFORCE HYPERBURST cooling system, GV-N5070AORUS IF-12GD Graphics Card",GV-N5070AORUS IF-12GD,929.99,0.0,967.19,12.0,77.49916666666667,RTX 5070,RTX 5000
https://c1.neweggimages.com/productimage/nb300/14-126-845-05.png,5.0,1,ASUS,ASUS T1 GeForce RTX 5060 Ti 8GB GDDR7 PCI Express 5.0 ATX Graphics Card T1-RTX5060TI-O8G-GAMING,T1-RTX5060TI-O8G-GAMING,609.99,0.0,658.79,8.0,76.24875,RTX 5060,RTX 5000
https://c1.neweggimages.com/productimage/nb300/14-137-690-V01.jpg,4.5,218,MSI,MSI Mech Radeon RX 6600 8GB GDDR6 PCI Express 4.0 Graphics Card RX 6600 MECH 2X 8G,RX 6600 MECH 2X 8G,445.0,0.0,445.0,8.0,55.625,RX 6600,RX 6000
https://c1.neweggimages.com/productimage/nb300/BZDCS2504080LO86XDB.jpg,5.0,1,Unknown,"ZER LON GeForce GTX 1050 Ti Gaming Graphics Card, 4GB GDDR5 128bit 1291MHz DP HDMI DVI-Output GPU, PCI Express 3.0 Support Up to 4K Video Card for Office and PC Gaming",GTX 1050 Ti 4G,129.99,0.0,199.99,4.0,32.4975,Other,Other
https://c1.neweggimages.com/productimage/nb300/14-137-971-06.jpg,4.9,21,MSI,MSI Gaming GeForce RTX 5060 8GB GDDR7 PCI Express 5.0 x 16 (use x8) Graphics Card RTX 5060 8G GAMING OC,RTX 5060 8G GAMING OC,489.99,0.0,489.99,8.0,61.24875,RTX 5060,RTX 5000
https://c1.neweggimages.com/productimage/nb300/14-126-537-V01.jpg,4.6,7,ASUS,ASUS GeForce GT 730 2GB GDDR5 PCI Express 2.0 Low Profile Graphics Card GT730-SL-2GD5-BRK,GT730-SL-2GD5-BRK,85.0,0.0,85.0,2.0,42.5,Other,Other
https://c1.neweggimages.com/productimage/nb300/14-150-905-05.jpg,4.6,91,XFX,XFX Quicksilver AMD Radeon RX 9070XT RNDA 4 16GB 256-Bit GDDR6 PCI-Express 5.0 RDNA 4 White Gaming Graphics Card RX-97TQICKW9,RX-97TQICKW9,789.99,0.0,789.99,16.0,49.374375,RX 9070,RX 9000
https://c1.neweggimages.com/productimage/nb300/14-137-855-04.png,4.8,135,MSI,MSI Gaming GeForce RTX 4070 Ti SUPER 16GB GDDR6X PCI Express 4.0 ATX Graphics Card RTX 4070 Ti SUPER 16G GAMING X SLIM,RTX 4070 Ti SUPER 16G GAMING X SLIM,1265.85,0.0,1308.53,16.0,79.115625,RTX 4070,RTX 4000
https://c1.neweggimages.com/productimage/nb300/14-500-609-02.jpg,2.5,2,ZOTAC,ZOTAC Twin Edge OC GeForce RTX 5060 Ti 8GB 128-Bit GDDR7 PCI Express 5.0 x8 DLSS 4.0 Graphics Card ZT-B50610H-10M,ZT-B50610H-10M,529.99,0.0,529.99,8.0,66.24875,RTX 5060,RTX 5000
https://c1.neweggimages.com/productimage/nb300/BP4YS2505030IT72188.jpg,5.0,1,ASUS,"ASUS TUF Gaming Radeon RX 7900 XTX OC Edition 24GB GDDR6 Graphics Card (PCIe 4.0, 24GB GDDR6, HDMI 2.1a, DisplayPort 2.1) TUF-RX7900XTX-O24G-GAMING",TUF-RX7900XTX-O24G-GAMING OC,1267.79,0.0,1329.0,24.0,52.82458333333333,RX 7900,RX 7000
https://c1.neweggimages.com/productimage/nb300/C0JHS2512200G0YLYF0.jpg,1.0,1,Unknown,SongryVGA RTX 3060 12GB Low Profile Graphics Card GDDR6 PCIe 4.0 x16 HDMI DP Outputs Compatible with SFF/Thin ITX/HTPC/ PC,RTX 3060 12GB DH,498.95,0.0,583.05,12.0,41.579166666666666,RTX 3060,RTX 3000
https://c1.neweggimages.com/productimage/nb300/BF9VS221123141H4Q27.jpg,4.7,3,NVIDIA,NVIDIA GeForce RTX 3090 Founders Edition Graphics Card 24GB GDDR6X - Titanium and Black,900-1G136-2510-000,1935.0,0.0,1935.0,24.0,80.625,RTX 3090,RTX 3000
https://c1.neweggimages.com/productimage/nb300/14-202-431-12.jpg,4.5,338,Sapphire Tech,SAPPHIRE PULSE Radeon RX 7900 XT 20GB GDDR6 PCI Express 4.0 x16 ATX Graphics Card 11323-02-20G,11323-02-20G,919.99,0.0,1188.87,20.0,45.9995,RX 7900,RX 7000
https://c1.neweggimages.com/productimage/nb300/BJXUS2303310JTT8H28.jpg,4.0,2,Unknown,SRhonyra GeForce GTX 1650 low profile vIdeo card 4G GDDR5 128bit PCI Express 3.0 x16 Single slot Powered by PCI bus low profile gpu lp gpu HDMI DP port,SR165D5LP4G1DH,225.95,0.0,399.0,4.0,56.4875,Other,Other
https://c1.neweggimages.com/productimage/nb300/14-137-364-V08.jpg,4.0,290,MSI,MSI GeForce RTX 2070 8GB GDDR6 PCI Express 3.0 x16 Graphics Card RTX 2070 GAMING Z 8G,RTX 2070 GAMING Z 8G,675.0,0.0,675.0,8.0,84.375,RTX 2070,RTX 2000
https://c1.neweggimages.com/productimage/nb300/BF3CS25040206GCHJ32.jpg,4.3,42,Unknown,Peladn Gaming Graphics RX 5500XT 8GB GDDR6 PCI Express 4.0 Video Card,6972410024737,165.0,0.0,165.0,8.0,20.625,RX 5500,RX 5000
https://c1.neweggimages.com/productimage/nb300/27N-0002-00172-12.jpg,3.9,7,XFX,REFURBISHED XFX Speedster MERC 319 AMD RX 6950 XT Black Gaming Graphics Card with 16GB GDDR6 RX-695XATBD9,RX-695XATBD9,429.99,0.0,429.99,16.0,26.874375,RX 6950,RX 6000
https://c1.neweggimages.com/productimage/nb300/14-487-532-01.jpg,4.8,113,Unknown,"EVGA GeForce RTX 3070 FTW3 ULTRA GAMING Video Card, 08G-P5-3767-KR, 8GB GDDR6, iCX3 Technology, ARGB LED, Metal Backplate",08G-P5-3767-KR,545.0,0.0,545.0,8.0,68.125,RTX 3070,RTX 3000
https://c1.neweggimages.com/productimage/nb300/C0JHS2508060HFUR09A.jpg,5.0,1,Unknown,SongryVGA R5 230 2GB Low Profile Graphic Card GDDR3 Video Card Dual HDMI 1080P Output for SFF Thin ITX HTPC PC Plug-and-Play Compatible with Windows 10 and Linux,R5 230 2GB 2H,32.85,0.0,39.95,2.0,16.425,Other,Other
https://c1.neweggimages.com/productimage/nb300/C0JHS2508200LIN7N2C.jpg,3.0,2,Unknown,SongryVGA GT 730 Low Profile Graphics Card 4GB GDDR3 128-bit 2x HDMI Outputs,GT 730 4G 2H,44.95,0.0,52.99,4.0,11.2375,Other,Other
https://c1.neweggimages.com/productimage/nb300/14-202-427-V01.jpg,5.0,1,Sapphire Tech,REFURBISHED SAPPHIRE Radeon RX 7900 XT 20GB GDDR6 PCI Express 4.0 Graphics Card 21323-01-20G,21323-01-20G,599.99,0.0,599.99,20.0,29.9995,RX 7900,RX 7000
https://c1.neweggimages.com/productimage/nb300/14-132-098-01.jpg,3.0,3,NVIDIA,REFURBISHED NVIDIA GeForce RTX 3080 Founders Edition Graphics Card 10GB GDDR6X - Titanium and Black,900-1G133-2530-000,399.99,0.0,399.99,10.0,39.999,RTX 3080,RTX 3000
https://c1.neweggimages.com/productimage/nb300/14-932-657-V01.jpg,5.0,1,GIGABYTE,"REFURBISHED GIGABYTE Radeon RX 7800 XT GAMING OC 16G Graphics Card, 3x WINDFORCE Fans 16GB 256-bit GDDR6, GV-R78XTGAMING OC-16GD Video Card",GV-R78XTGAMING OC-16GD,449.99,0.0,449.99,16.0,28.124375,RX 7800,RX 7000
https://c1.neweggimages.com/productimage/nb300/14-500-626-02.jpg,5.0,1,ZOTAC,ZOTAC Twin Edge OC GeForce RTX 5050 8GB GDDR6 PCI Express 5.0 x8 ATX Graphics Card GeForce RTX 5050 Twin Edge OC ZT-B50500H-10M,ZT-B50500H-10M,464.99,0.0,464.99,8.0,58.12375,RTX 5050,RTX 5000
https://c1.neweggimages.com/productimage/nb300/14-126-777-10.png,4.6,249,ASUS,ASUS ROG Strix GeForce RTX 5070 Ti OC Edition 16GB 256-Bit GDDR7 PCI Express 5.0 DLSS 4.0 Graphics Card ROG-STRIX-RTX5070TI-O16G-GAMING,ROG-STRIX-RTX5070TI-O16G-GAMING,1549.0,0.0,1549.0,16.0,96.8125,RTX 5070,RTX 5000
https://c1.neweggimages.com/productimage/nb300/14-137-836-01.png,4.9,26,MSI,MSI Gaming GeForce RTX 4060 Ti 16GB GDDR6 PCI Express 4.0 x8 ATX Graphics Card RTX 4060 TI GAMING X SLIM 16G,RTX 4060 TI GAMING X SLIM 16G,808.01,0.0,808.01,16.0,50.500625,RTX 4060,RTX 4000
https://c1.neweggimages.com/productimage/nb300/C0JHS2601070HVGVY46.jpg,5.0,1,Unknown,SongryVGA GTX 1050 4GB Graphics Card GDDR5 128-bit PCIe 3.0 x16 HDMI DP DVI 1080p Gaming Desktop GPU,GTX 1050 4G GM,97.95,0.0,116.99,4.0,24.4875,Other,Other
https://c1.neweggimages.com/productimage/nb300/14-126-792-01.png,4.8,60,ASUS,ASUS TUF Gaming GeForce RTX 5060 Ti 8GB 128-Bit GDDR7 DLSS 4.0 Graphics Card TUF-RTX5060TI-O8G-GAMING,TUF-RTX5060TI-O8G-GAMING,679.99,0.0,679.99,8.0,84.99875,RTX 5060,RTX 5000
https://c1.neweggimages.com/productimage/nb300/14-126-801-12.png,4.6,51,ASUS,ASUS PRIME GeForce RTX 5060 8GB GDDR7 PCI Express 5.0 x8 Graphics Card PRIME-RTX5060-O8G,PRIME-RTX5060-O8G,539.99,0.0,539.99,8.0,67.49875,RTX 5060,RTX 5000
https://c1.neweggimages.com/productimage/nb300/14-126-737-01.png,4.7,176,ASUS,ASUS Dual GeForce RTX 4070 12GB GDDR6 PCI Express 4.0 ATX Graphics Card DUAL-RTX4070-O12GD6-EVO 12GB GDDR6,DUAL-RTX4070-O12GD6-EVO,738.0,0.0,738.0,12.0,61.5,RTX 4070,RTX 4000
https://c1.neweggimages.com/productimage/nb300/14-126-704-08.png,4.7,103,ASUS,"ASUS ProArt GeForce RTX 4080 SUPER OC Edition Graphics Card (PCIe 4.0, 16GB GDDR6X, DLSS 3, HDMI 2.1a, DisplayPort 1.4a) PROART-RTX4080S-O16G",PROART-RTX4080S-O16G,1745.0,0.0,1745.0,16.0,109.0625,RTX 4080,RTX 4000
https://c1.neweggimages.com/productimage/nb300/14-126-648-08.png,4.5,80,ASUS,"ASUS TUF Gaming GeForce RTX 4060 Ti OC Edition Gaming Graphics Card (PCIe 4.0, 8GB GDDR6, DLSS 3, HDMI 2.1a, DisplayPort 1.4a) TUF-RTX4060TI-O8G-GAMING",TUF-RTX4060TI-O8G-GAMING,620.79,0.0,640.19,8.0,77.59875,RTX 4060,RTX 4000
https://c1.neweggimages.com/productimage/nb300/14-126-799-01.png,4.8,60,ASUS,ASUS Dual GeForce RTX 5060 Ti 8GB GDDR7 PCI Express 5.0 x8 ATX Graphics Card DUAL-RTX5060TI-O8G,DUAL-RTX5060TI-O8G,559.99,0.0,559.99,8.0,69.99875,RTX 5060,RTX 5000
https://c1.neweggimages.com/productimage/nb300/1FT-0004-008K2-01.jpg,3.0,2,NVIDIA,REFURBISHED NVIDIA GeForce RTX 3080 Ti Founders Edition Graphics Card 12GB GDDR6X - Titanium and Black,900-1G133-2518-000,479.99,0.0,479.99,12.0,39.99916666666667,RTX 3080,RTX 3000
https://c1.neweggimages.com/productimage/nb300/BP4YS2506070EK6EX53.jpg,5.0,1,NVIDIA,"NVIDIA T1000 8GB Professional Graphics Card, Industrial Package, GDDR6 Memory, 1250MHz, 128-bit, Bandwidth 160GB/s, Single slot design, Ultra-thin and light",T1000 8GB,439.0,0.0,439.0,8.0,54.875,Other,Other
https://c1.neweggimages.com/productimage/nb300/14-126-455-01.jpg,5.0,12,ASUS,ASUS TUF Gaming GeForce RTX 3090 TUF-RTX3090-24G-GAMING Video Card,TUF-RTX3090-24G-GAMI,2099.0,0.0,2099.0,24.0,87.45833333333333,RTX 3090,RTX 3000
https://c1.neweggimages.com/productimage/nb300/14-137-603-V10.jpg,4.8,430,MSI,MSI Gaming GeForce RTX 3070 8GB GDDR6 PCI Express 4.0 Graphics Card RTX 3070 GAMING X TRIO,RTX3070GAMINGXTRIO,689.0,0.0,689.0,8.0,86.125,RTX 3070,RTX 3000
https://c1.neweggimages.com/productimage/nb300/14-126-454-02.jpg,4.6,104,ASUS,ASUS TUF Gaming GeForce RTX 3090 24GB GDDR6X PCI Express 4.0 SLI Support Graphics Card TUF-RTX3090-O24G-GAMING,TUF-RTX3090-O24G-GAM,2099.0,0.0,2099.0,24.0,87.45833333333333,RTX 3090,RTX 3000
https://c1.neweggimages.com/productimage/nb300/AZUES221101oznXB.jpg,5.0,1,Unknown,Yeston GeForce GTX 1050 Ti 4GB GDDR5 Graphics cards pci express x16 3.0 video cards Desktop computer PC video gaming graphics card,GTX1050TI-4G D5 GF,159.0,0.0,159.0,4.0,39.75,Other,Other
https://c1.neweggimages.com/productimage/nb300/14-930-056-01.jpg,4.4,391,ASRock,"ASRock Radeon RX 6700 XT Challenger D Gaming Graphic Card, 12GB GDDR6 VRAM, AMD RDNA2 (RX6700XT CLD 12G)",RX6700XT CLD 12G,776.0,0.0,776.0,12.0,64.66666666666667,RX 6700,RX 6000
https://c1.neweggimages.com/productimage/nb300/14-932-306-S01.jpg,5.0,2,GIGABYTE,REFURBISHED GIGABYTE AORUS Radeon RX 5700 XT 8GB GDDR6 PCI Express 4.0 x16 ATX Graphics Card GV-R57XTAORUS-8GD,GV-R57XTAORUS-8GD,329.0,60.0,329.0,8.0,41.125,RX 5700,RX 5000
https://c1.neweggimages.com/productimage/nb300/BP4YS2503080JGQRHDC.jpg,5.0,2,Sapphire Tech,SAPPHIRE Tech NITRO+ Radeon RX 7900 XTX 24GB GDDR6 PCI Express 4.0 x16 ATX Video Card 11322-01-40G,NITRO+ 7900XTX,1272.0,0.0,1272.0,24.0,53.0,RX 7900,RX 7000
https://c1.neweggimages.com/productimage/nb300/14-126-745-01.png,4.6,77,ASUS,ASUS TUF Gaming Radeon RX 9070 XT 16GB 256-Bit GDDR6 PCI Express 5.0 RDNA 4 Graphics Card TUF-RX9070XT-O16G-GAMING,TUF-RX9070XT-O16G-GAMING,1218.9,0.0,1218.9,16.0,76.18125,RX 9070,RX 9000
https://c1.neweggimages.com/productimage/nb300/14-487-247-S99.jpg,4.5,1017,Unknown,"EVGA GeForce GTX 1070 Founders Edition, 08G-P4-6170-KR, 8GB GDDR5, LED, DX12 OSD Support (PXOC)",08G-P4-6170-KR,269.0,0.0,269.0,8.0,33.625,Other,Other
https://c1.neweggimages.com/productimage/nb300/14-126-800-01.png,4.6,51,ASUS,ASUS TUF Gaming GeForce RTX 5060 8GB GDDR7 PCI Express 5.0 x8 ATX Graphics Card TUF-RTX5060-O8G-GAMING,TUF-RTX5060-O8G-GAMING,569.99,0.0,569.99,8.0,71.24875,RTX 5060,RTX 5000
https://c1.neweggimages.com/productimage/nb300/14-126-665-V02.jpg,4.8,106,ASUS,"ASUS Dual GeForce RTX 4060 OC Edition 8GB GDDR6 (PCIe 4.0, 8GB GDDR6, DLSS 3, HDMI 2.1a, DisplayPort 1.4a, 2.5-slot design, Axial-tech fan design, 0dB technology) DUAL-RTX4060-O8G",DUAL-RTX4060-O8G,542.0,0.0,542.0,8.0,67.75,RTX 4060,RTX 4000
https://c1.neweggimages.com/productimage/nb300/14-932-617-01.jpg,4.7,76,GIGABYTE,"GIGABYTE GeForce RTX 4060 Ti AERO OC 8G Graphics Card, 3x WINDFORCE Fans, 8GB 128-bit GDDR6, GV-N406TAERO OC-8GD Video Card",GV-N406TAERO OC-8GD,678.99,0.0,678.99,8.0,84.87375,RTX 4060,RTX 4000
https://c1.neweggimages.com/productimage/nb300/BP4YS2502201B371WDC.jpg,5.0,3,Sapphire Tech,"SAPPHIRE Tech NITRO+ Radeon RX 7900 XTX OC 24GB Graphics Card, 384 bit GDDR6G PCI-Express 4.0 x16 ATX Video Card, RDNA 3 Architecture, vapor-X, for deepseek, ai model, silver",SAPPHIRE NITRO+ Radeon RX 7900 XTX,1292.04,0.0,1292.04,24.0,53.835,RX 7900,RX 7000
https://c1.neweggimages.com/productimage/nb300/14-930-083-01.jpg,5.0,1,ASRock,REFURBISHED ASRock Phantom Gaming Radeon RX 7900 XT 20GB GDDR6 PCI Express 4.0 ATX Graphics Card RX7900XT PG 20GO,RX7900XT PG 20GO,579.99,0.0,579.99,20.0,28.9995,RX 7900,RX 7000
https://c1.neweggimages.com/productimage/nb300/14-932-807-03.jpg,4.8,158,GIGABYTE,GIGABYTE Gaming Radeon RX 9060 XT 8GB GDDR6 PCI Express 5.0 x16 ATX Graphics Card GV-R9060XTGAMING OC-8GD RX 9060XT,GV-R9060XTGAMING OC-8GD,599.0,0.0,599.0,8.0,74.875,RX 9060,RX 9000
https://c1.neweggimages.com/productimage/nb300/14-125-844-01.jpg,4.0,11,GIGABYTE,GIGABYTE GeForce GT 710 2GB DDR3 PCI Express 2.0 x8 Low Profile Graphics Card GV-N710D3-2GL 1.0,GV-N710D3-2GL 1.0,65.0,0.0,65.0,2.0,32.5,Other,Other
https://c1.neweggimages.com/productimage/nb300/A24GD2503280C69S31E.jpg,5.0,1,Lenovo,Lenovo NVIDIA RTX A400 Graphic Card - 4 GB GDDR6 - 4 x Mini DisplayPort - Mini DisplayPort,4X61Q73040,222.8,0.0,271.99,4.0,55.7,Other,Other
https://c1.neweggimages.com/productimage/nb300/BJXUS2602090HWNZR04.jpg,4.0,1,Unknown,"SRhonyra RTX 3060 Low Profile Graphics Card, 12GB 192-bit GDDR6, DisplayPort and HDMI Outputs, PCIe 4.0 x16, capable of local AI, AI Computing, running 7B-13B LLMs",SR306D6LP12G1,495.59,0.0,799.99,12.0,41.299166666666665,RTX 3060,RTX 3000
https://c1.neweggimages.com/productimage/nb300/BJXUS23033006PJGG28.jpg,5.0,1,Unknown,SRhonyra GeForce GTX 1050 ti low profile video card 4G GDDR5 supper compact PCI Express 3.0 x16 Single Slot Powered by PCI bus HDMI DP port low profile gpu lp gpu,SR105TD5LP4G1,172.0,0.0,299.0,4.0,43.0,Other,Other
https://c1.neweggimages.com/productimage/nb300/BJXUS2411290GAFVH4F.jpg,1.0,1,Unknown,SRhonyra GTX 1050 4GB Graphics Card GDDR5 128 Bit PCIe 3.0 x16 Bus Powered DP+HDMI+DVI Ports Gaming Video Card Dual Width GPU for Tower PC Case,SR105D5M4G1,99.59,0.0,119.5,4.0,24.8975,Other,Other
https://c1.neweggimages.com/productimage/nb300/14-932-555-25.jpg,4.7,434,GIGABYTE,GIGABYTE AORUS GeForce RTX 4090 24GB GDDR6X PCI Express 4.0 x16 ATX Graphics Card GV-N4090AORUS M-24GD,GV-N4090AORUS M-24GD,3479.0,0.0,3479.0,24.0,144.95833333333334,RTX 4090,RTX 4000
https://c1.neweggimages.com/productimage/nb300/14-932-752-05.jpg,4.5,235,GIGABYTE,GIGABYTE Gaming Radeon RX 9070 16GB GDDR6 PCI Express 5.0 x16 Graphics Card GV-R9070GAMING-16GD,GV-R9070GAMING-16GD,989.0,0.0,989.0,16.0,61.8125,RX 9070,RX 9000
https://c1.neweggimages.com/productimage/nb300/14-126-599-61.jpg,4.7,713,ASUS,"ASUS TUF Gaming GeForce RTX 4080 Gaming Graphics Card (PCIe 4.0, 16GB GDDR6X, HDMI 2.1a, DisplayPort 1.4a) TUF-RTX4080-16G-GAMING",TUF-RTX4080-16G-GAMING,1543.27,0.0,1697.0,16.0,96.454375,RTX 4080,RTX 4000
https://c1.neweggimages.com/productimage/nb300/14-932-630-17.jpg,4.7,119,GIGABYTE,"GIGABYTE GeForce RTX 4060 WINDFORCE OC 8G Graphics Card, 2x WINDFORCE Fans, 8GB 128-bit GDDR6, GV-N4060WF2OC-8GD Video Card",GV-N4060WF2OC-8GD,566.4,0.0,566.4,8.0,70.8,RTX 4060,RTX 4000
https://c1.neweggimages.com/productimage/nb300/B9ZZS240207175OZF30.jpg,5.0,1,NVIDIA,NVIDIA GeForce RTX 4080 SUPER Founders Edition Graphics Card 16GB GDDR6X - Titanium and Black,900-1G136-2555-000,1950.0,0.0,1950.0,16.0,121.875,RTX 4080,RTX 4000
https://c1.neweggimages.com/productimage/nb300/14-932-799-15.jpg,4.4,48,GIGABYTE,GIGABYTE AERO GeForce RTX 5060 8GB GDDR7 PCI Express 5.0 Graphics Card GV-N5060AERO OC-8GD,GV-N5060AERO OC-8GD,620.9,0.0,620.9,8.0,77.6125,RTX 5060,RTX 5000
https://c1.neweggimages.com/productimage/nb300/C0JHS26052908FKNE9F.jpg,4.0,1,Unknown,SongryVGA GTX 1050 4GB Low Profile Graphics Card GDDR5 128-bit PCIe 3.0 x16 Dual HDMI HDCP 2.2 For SFF Thin ITX HTPC Mini Desktop,GTX 1050 4GB 2HDMI,135.85,0.0,162.99,4.0,33.9625,Other,Other
https://c1.neweggimages.com/productimage/nb300/14-932-780-02.jpg,4.6,299,GIGABYTE,GIGABYTE WINDFORCE GeForce RTX 5080 16GB GDDR7 PCI Express 5.0 x16 ATX SFF Graphics Card GV-N5080WF3-16GD,GV-N5080WF3-16GD,1895.0,0.0,1895.0,16.0,118.4375,RTX 5080,RTX 5000
https://c1.neweggimages.com/productimage/nb300/14-202-453-01.png,4.6,43,Sapphire Tech,SAPPHIRE PULSE Radeon RX 9070 16GB GDDR6 PCI Express 5.0 x16 ATX Graphics Card 11349-03-20G,11349-03-20G,899.0,0.0,899.0,16.0,56.1875,RX 9070,RX 9000
https://c1.neweggimages.com/productimage/nb300/14-137-911-07.jpg,4.5,248,MSI,MSI INSPIRE GeForce RTX 5080 16GB GDDR7 PCI Express 5.0 Graphics Card RTX 5080 16G INSPIRE 3X OC,RTX 5080 16G INSPIRE 3X OC,1449.99,0.0,1449.99,16.0,90.624375,RTX 5080,RTX 5000
https://c1.neweggimages.com/productimage/nb300/14-932-486-10.jpg,5.0,1,GIGABYTE,REFURBISHED GIGABYTE Gaming Radeon RX 6700 XT 12GB GDDR6 PCI Express 4.0 ATX Graphics Card GV-R67XTGAMING OC-12GD,GV-R67XTGAMING OC-12,309.49,60.0,309.49,12.0,25.790833333333335,RX 6700,RX 6000
https://c1.neweggimages.com/productimage/nb300/14-126-616-01.jpg,4.6,310,ASUS,"ASUS ROG Strix GeForce RTX 4090 White OC Edition Gaming Graphics Card (PCIe 4.0, 24GB GDDR6X, HDMI 2.1a, DisplayPort 1.4a) ROG-STRIX-RTX4090-O24G-WHITE",ROG-STRIX-RTX4090-O24G-WHITE,3895.0,0.0,3895.0,24.0,162.29166666666666,RTX 4090,RTX 4000
https://c1.neweggimages.com/productimage/nb300/14-132-098-01.jpg,5.0,1,NVIDIA,NVIDIA GeForce RTX 3080 Founders Edition Graphics Card 10GB GDDR6X - Titanium and Black,900-1G133-2530-000,706.56,0.0,706.56,10.0,70.65599999999999,RTX 3080,RTX 3000
https://c1.neweggimages.com/productimage/nb300/14-126-203-V05.jpg,4.5,44,ASUS,ASUS GeForce GT 1030 2GB GDDR5 HDMI DVI Graphics Card (GT1030-2G-CSM),GT1030-2G-CSM,108.0,0.0,108.0,2.0,54.0,Other,Other
https://c1.neweggimages.com/productimage/nb300/14-137-943-01.jpg,4.7,210,MSI,MSI Ventus GeForce RTX 5070 12GB GDDR7 PCI Express 5.0 ATX Graphics Card RTX 5070 12G VENTUS 2X OC,RTX 5070 12G VENTUS 2X OC,949.0,0.0,949.0,12.0,79.08333333333333,RTX 5070,RTX 5000
https://c1.neweggimages.com/productimage/nb300/14-137-529-V02.jpg,4.5,176,MSI,MSI Ventus GeForce GTX 1650 4GB GDDR6 PCI Express 3.0 x16 Graphics Card GTX 1650 D6 Ventus XS OC,GTX 1650 D6 Ventus XS OC,299.0,0.0,299.0,4.0,74.75,Other,Other
https://c1.neweggimages.com/productimage/nb300/14-932-359-V06.jpg,5.0,5,GIGABYTE,"REFURBISHED GIGABYTE AORUS GeForce RTX 3070 MASTER 8GB Video Card, GV-N3070AORUS M-8GD",GV-N3070AORUS M-8GD,269.99,0.0,269.99,8.0,33.74875,RTX 3070,RTX 3000
https://c1.neweggimages.com/productimage/nb300/14-126-820-01.png,4.7,173,ASUS,ASUS ROG Astral GeForce RTX 5080 16GB GDDR7 OC HATSUNE MIKU EDITION PCI Express 5.0 x16 Graphics Card ROG-ASTRAL-RTX5080-O16G-MIKU-W,ROG-ASTRAL-RTX5080-O16G-MIKU-W,3468.21,29.99,3468.21,16.0,216.763125,RTX 5080,RTX 5000
https://c1.neweggimages.com/productimage/nb300/BP4YS25060703D42P96.jpg,5.0,1,NVIDIA,"NVIDIA Quadro T400 4GB Graphics Card, Boxed Package, GDDR6 Memory, 250MHz, 64-bit, Bandwidth 80GB/s, PCIe3.0x16 low profile 3x Mini DisplayPort, Entry-level Professional Rendering",NVIDIA T400 4GB Boxed,279.0,0.0,279.0,4.0,69.75,Other,Other
https://c1.neweggimages.com/productimage/nb300/B1AHS221107073TMR4E.jpg,4.3,6,NVIDIA,NVIDIA GeForce RTX 4090 Founders Edition Graphics Card 24GB GDDR6X - Titanium and Black,900-1G136-2530-000,3699.0,0.0,3699.0,24.0,154.125,RTX 4090,RTX 4000
https://c1.neweggimages.com/productimage/nb300/14-137-695-02.png,4.8,47,MSI,MSI Ventus GeForce RTX 2060 6GB GDDR6 PCI Express 3.0 x16 ATX Graphics Card RTX 2060 VENTUS GP OC,RTX 2060 VENTUS GPOC,368.0,0.0,368.0,6.0,61.333333333333336,RTX 2060,RTX 2000
https://c1.neweggimages.com/productimage/nb300/14-500-563-09.jpg,4.6,43,ZOTAC,"ZOTAC GAMING GeForce RTX 4060 Ti 8GB Twin Edge OC White Edition DLSS 3 8GB GDDR6 128-bit 18 Gbps PCIE 4.0 Compact Graphics Card, IceStorm 2.0 Advanced Cooling, SPECTRA RGB Lighting, ZT-D40610Q-10M",ZT-D40610Q-10M,499.0,0.0,499.0,8.0,62.375,RTX 4060,RTX 4000
https://c1.neweggimages.com/productimage/nb300/14-932-481-11.jpg,4.5,201,GIGABYTE,"GIGABYTE Radeon RX 6600 EAGLE 8G Graphics Card, WINDFORCE 3X Cooling System, 8GB 128-bit GDDR6, GV-R66EAGLE-8GD Video Card",GV-R66EAGLE-8GD,548.0,0.0,548.0,8.0,68.5,RX 6600,RX 6000
https://c1.neweggimages.com/productimage/nb300/14-137-954-21.jpg,4.6,166,MSI,MSI Gaming GeForce RTX 5060 Ti 16GB GDDR7 PCI Express 5.0 x 16 (use x8) ATX Graphics Card RTX 5060 Ti 16G GAMING TRIO OC,RTX 5060 Ti 16G GAMING TRIO OC,799.99,0.0,799.99,16.0,49.999375,RTX 5060,RTX 5000
https://c1.neweggimages.com/productimage/nb300/14-137-924-19.jpg,4.6,393,MSI,MSI Gaming GeForce RTX 5070 Ti 16GB GDDR7 PCI Express 5.0 Graphics Card RTX 5070 Ti 16G GAMING TRIO OC PLUS,RTX 5070 Ti 16G GAMING TRIO OC PLUS,1397.99,0.0,1397.99,16.0,87.374375,RTX 5070,RTX 5000
https://c1.neweggimages.com/productimage/nb300/14-487-524-V01.jpg,4.5,14,Unknown,"EVGA GeForce RTX 3090 XC3 ULTRA GAMING Video Card, 24G-P5-3975-KR, 24GB GDDR6X, iCX3 Cooling, ARGB LED, Metal Backplate",24G-P5-3975-KR,2099.0,0.0,2099.0,24.0,87.45833333333333,RTX 3090,RTX 3000
https://c1.neweggimages.com/productimage/nb300/AGKCS2502240TTQL27B.jpg,5.0,1,MSI,"MSI NVIDIA GeForce RTX 4070 Ti SUPER 16G VENTUS 3X BLACK OC 256-Bit 16GB GDDR6X PCI-Express 4.0, DLSS 3 Graphics Card",RTX 4070 Ti SUPER 16G VENTUS 3X BLACK OC,1314.35,0.0,1314.35,16.0,82.146875,RTX 4070,RTX 4000
https://c1.neweggimages.com/productimage/nb300/14-137-504-V03.jpg,4.4,105,MSI,USED - VERY GOOD MSI GeForce RTX 2070 8GB GDDR6 PCI Express 3.0 x16 Graphics Card RTX 2070 VENTUS GP,RTX 2070 VENTUS GP,275.0,0.0,419.99,8.0,34.375,RTX 2070,RTX 2000
https://c1.neweggimages.com/productimage/nb300/14-932-750-01.jpg,4.5,235,GIGABYTE,GIGABYTE AORUS Radeon RX 9070 XT 16GB GDDR6 PCI Express 5.0 x16 Graphics Card GV-R9070XTAORUS E-16GD,GV-R9070XTAORUS E-16GD,1179.99,0.0,1179.99,16.0,73.749375,RX 9070,RX 9000
https://c1.neweggimages.com/productimage/nb300/14-126-512-02.jpg,4.5,2,ASUS,REFURBISHED ASUS TUF Gaming GeForce RTX 3070 Ti 8GB GDDR6X PCI Express 4.0 Graphics Card TUF-RTX3070TI-O8G-GAMING,TUF-RTX3070TI-O8G-GAMING,289.99,0.0,289.99,8.0,36.24875,RTX 3070,RTX 3000
https://c1.neweggimages.com/productimage/nb300/14-126-711-02.png,4.6,148,ASUS,"ASUS Dual GeForce RTX 4070 SUPER EVO OC Edition 12GB GDDR6X (PCIe 4.0, 12GB GDDR6X, DLSS 3, HDMI 2.1a, DisplayPort 1.4a, 2.5-slot design, Axial-tech fan design, 0dB technology) DUAL-RTX4070S-O12G-EVO",DUAL-RTX4070S-O12G-EVO,994.25,0.0,994.25,12.0,82.85416666666667,RTX 4070,RTX 4000
https://c1.neweggimages.com/productimage/nb300/14-126-482-01.jpg,4.9,47,ASUS,ASUS ROG Strix GeForce RTX 3090 24GB GDDR6X PCI Express 4.0 SLI Support Graphics Card ROG-STRIX-RTX3090-O24G-WHITE,STRIX3090-O24G-WHITE,2199.0,0.0,2199.0,24.0,91.625,RTX 3090,RTX 3000
https://c1.neweggimages.com/productimage/nb300/14-202-449-01.png,4.2,12,Sapphire Tech,SAPPHIRE PURE Radeon RX 9070 XT 16GB GDDR6 PCI Express 5.0 x16 ATX Graphics Card 11348-02-20G,11348-02-20G,969.0,0.0,969.0,16.0,60.5625,RX 9070,RX 9000
https://c1.neweggimages.com/productimage/nb300/14-126-825-03.png,5.0,1,ASUS,ASUS DUAL OC RTX 5070 GeForce RTX 5070 12GB 192-Bit GDDR7 PCI Express 5.0 x16 Graphics Card DUAL-RTX5070-O12G DLSS 4.0,DUAL-RTX5070-O12G,1271.39,0.0,1271.39,12.0,105.94916666666667,RTX 5070,RTX 5000
https://c1.neweggimages.com/productimage/nb300/14-137-953-12.jpg,4.6,166,MSI,MSI Gaming GeForce RTX 5060 Ti 16GB GDDR7 PCI Express 5.0 x 16 (use x8) ATX Graphics Card RTX 5060 Ti 16G GAMING TRIO OC WHITE,RTX 5060 Ti 16G GAMING TRIO OC WHITE,1066.03,0.0,1066.03,16.0,66.626875,RTX 5060,RTX 5000
https://c1.neweggimages.com/productimage/nb300/14-137-908-04.png,4.5,248,MSI,MSI VANGUARD GeForce RTX 5080 16GB GDDR7 PCI Express 5.0 Graphics Card RTX 5080 16G VANGUARD SOC,RTX 5080 16G VANGUARD SOC,2399.0,0.0,2399.0,16.0,149.9375,RTX 5080,RTX 5000
https://c1.neweggimages.com/productimage/nb300/14-137-442-V01.jpg,4.0,2,MSI,REFURBISHED MSI GeForce RTX 2080 SUPER 8GB GDDR6 PCI Express 3.0 x16 SLI Support Graphics Card RTX 2080 Super Gaming X TRIO,2080SuperGamingXTrio,229.99,0.0,229.99,8.0,28.74875,RTX 2080,RTX 2000
https://c1.neweggimages.com/productimage/nb300/ADFRD210504SDCR8.jpg,3.0,2,NVIDIA,REFURBISHED NVIDIA GeForce GRID K520 Fanless 8GB GDDR5 GRID K520 Video Graphic Card GPU,GRID K520-SR,33.25,0.0,33.25,8.0,4.15625,Other,Other
https://c1.neweggimages.com/productimage/nb300/14-500-620-02.jpg,4.0,1,ZOTAC,ZOTAC AMP GeForce RTX 5060 8GB GDDR7 PCI Express 5.0 x8 ATX Graphics Card RTX 5060 AMP ZT-B50600F-10M,ZT-B50600F-10M,469.99,0.0,469.99,8.0,58.74875,RTX 5060,RTX 5000
https://c1.neweggimages.com/productimage/nb300/14-126-611-13.jpg,4.7,57,ASUS,"ASUS TUF Gaming NVIDIA GeForce RTX 3070 Ti OC V2 Graphics Card (PCIe 4.0, 8GB GDDR6X, HDMI 2.1, DisplayPort 1.4a, Military-grade Certification, GPU Tweak III) TUF-RTX3070TI-O8G-V2-GAMING",TUF-RTX3070TI-O8G-V2-GAMING,795.0,0.0,795.0,8.0,99.375,RTX 3070,RTX 3000
https://c1.neweggimages.com/productimage/nb300/14-932-809-02.jpg,4.8,158,GIGABYTE,GIGABYTE Gaming Radeon RX 9060 XT 8GB GDDR6 PCI Express 5.0 x16 ATX Graphics Card GV-R9060XTGAMING-8GD RX 9060XT,GV-R9060XTGAMING -8GD,579.0,0.0,579.0,8.0,72.375,RX 9060,RX 9000
https://c1.neweggimages.com/productimage/nb300/14-137-886-03.jpg,4.8,82,MSI,MSI Gaming GeForce RTX 4080 SUPER 16GB GDDR6X PCI Express 4.0 ATX Graphics Card RTX 4080 SUPER 16G GAMING X SLIM,RTX 4080 SUPER 16G GAMING X SLIM,1853.67,0.0,1899.0,16.0,115.854375,RTX 4080,RTX 4000
https://c1.neweggimages.com/productimage/nb300/14-137-610-V01.jpg,4.8,58,MSI,MSI Suprim GeForce RTX 3090 24GB GDDR6X PCI Express 4.0 Graphics Card RTX 3090 SUPRIM X 24G,RTX 3090 SUPRIM X 24G,2099.0,0.0,2099.0,24.0,87.45833333333333,RTX 3090,RTX 3000
https://c1.neweggimages.com/productimage/nb300/AZG4S210914REtdm.jpg,4.6,53,GIGABYTE,"GIGABYTE GeForce GT 1030 Low Profile 2GB, GV-N1030D5-2GL",GV-N1030D5-2GL,248.0,0.0,248.0,2.0,124.0,Other,Other
https://c1.neweggimages.com/productimage/nb300/14-137-462-Z07.jpg,4.3,221,MSI,MSI GeForce RTX 2080 8GB GDDR6 PCI Express 3.0 x16 SLI Support Graphics Card RTX 2080 VENTUS GP 8G,RTX2080 VENTUS GP 8G,740.0,0.0,740.0,8.0,92.5,RTX 2080,RTX 2000
https://c1.neweggimages.com/productimage/nb300/14-137-528-V01.jpg,4.2,72,MSI,USED - VERY GOOD MSI GeForce RTX 2070 SUPER 8GB GDDR6 PCI Express 3.0 x16 SLI Support Graphics Card RTX 2070 SUPER VENTUS GP OC,RTX2070S VENTUS GPOC,355.0,60.0,366.0,8.0,44.375,RTX 2070,RTX 2000
https://c1.neweggimages.com/productimage/nb300/14-137-055-08.jpg,4.6,677,MSI,MSI GeForce GTX 1050 Ti 4GB GDDR5 PCI Express 3.0 x16 ATX Graphics Card GTX 1050 Ti 4GT OC,GTX 1050 Ti 4GT OC,339.0,0.0,339.0,4.0,84.75,Other,Other
https://c1.neweggimages.com/productimage/nb300/14-126-540-V15.jpg,4.6,14,ASUS,ASUS Dual GeForce RTX 3060 Ti V2 MINI OC Edition 8GB GDDR6 PCI Express 4.0 Video Card DUAL-RTX3060TI-O8G-MINI-V2 (LHR),DUAL-RTX3060TI-O8G-MINI-V2,508.0,0.0,508.0,8.0,63.5,RTX 3060,RTX 3000
https://c1.neweggimages.com/productimage/nb300/14-500-587-02.jpg,4.7,70,ZOTAC,"ZOTAC GAMING GeForce RTX 4070 Ti SUPER Trinity OC DLSS 3 16GB GDDR6X 256-bit 21 Gbps PCIE 4.0 Gaming Graphics Card, IceStorm 2.0 Advanced Cooling, SPECTRA 2.0 ARGB Lighting, ZT-D40730J-10P",ZT-D40730J-10P,1449.0,0.0,1449.0,16.0,90.5625,RTX 4070,RTX 4000
https://c1.neweggimages.com/productimage/nb300/14-126-777-01.png,4.6,249,ASUS,ASUS ROG Strix GeForce RTX 5070 Ti 16GB 256-Bit GDDR7 Graphics Card PCI Express 5.0 DLSS 4.0 ROG-STRIX-RTX5070TI-16G-GAMING,ROG-STRIX-RTX5070TI-16G-GAMING,1579.0,0.0,1579.0,16.0,98.6875,RTX 5070,RTX 5000
https://c1.neweggimages.com/productimage/nb300/14-930-066-07.jpg,4.6,532,ASRock,ASRock Radeon RX 6600 Challenger D 8GB GDDR6 PCI Express 4.0 Graphics Card RX6600 CLD 8G,RX6600 CLD 8G,445.0,0.0,445.0,8.0,55.625,RX 6600,RX 6000
https://c1.neweggimages.com/productimage/nb300/14-930-022-V01.jpg,3.5,311,ASRock,USED - LIKE NEW ASRock Radeon RX 5700 XT 8GB GDDR6 PCI Express 4.0 Graphics Card RX 5700 XT TAICHI X 8G OC+,RX5700XTTAICHIXOC,250.0,0.0,250.0,8.0,31.25,RX 5700,RX 5000
https://c1.neweggimages.com/productimage/nb300/14-131-798-V08.jpg,4.0,3,PowerColor,REFURBISHED PowerColor RED DEVIL Radeon RX 6950 XT 16GB GDDR6 PCI Express 4.0 ATX Graphics Card AXRX 6950XT 16GBD6-3DHE/OC,AXRX 6950XT 16GBD6-3DHE/OC,489.99,0.0,489.99,16.0,30.624375,RX 6950,RX 6000
https://c1.neweggimages.com/productimage/nb300/14-137-638-V06.jpg,4.5,2,MSI,MSI Ventus GeForce RTX 3060 12GB GDDR6 PCI Express 4.0 Graphics Card RTX 3060 VENTUS 2X 12G,RTX 3060 Ventus 2X 12G,595.99,0.0,595.99,12.0,49.66583333333333,RTX 3060,RTX 3000
https://c1.neweggimages.com/productimage/nb300/B9ZZS25061610EHOT2E.jpg,5.0,3,NVIDIA,NVIDIA - GeForce RTX 5080 16GB GDDR7 Graphics Card - Gun Metal,900-1G144-2545-000,2163.0,0.0,2163.0,16.0,135.1875,RTX 5080,RTX 5000
https://c1.neweggimages.com/productimage/nb300/14-932-794-11.jpg,4.5,114,GIGABYTE,GIGABYTE Eagle GeForce RTX 5060 Ti 8GB GDDR7 PCI Express 5.0 x8 ATX Graphics Card GV-N506TEAGLEOC ICE-8GD,GV-N506TEAGLEOC ICE-8GD,519.99,0.0,519.99,8.0,64.99875,RTX 5060,RTX 5000
https://c1.neweggimages.com/productimage/nb300/14-137-925-26.jpg,4.6,393,MSI,MSI INSPIRE GeForce RTX 5070 Ti 16GB GDDR7 PCI Express 5.0 Graphics Card RTX 5070 Ti 16G INSPIRE 3X OC PLUS,RTX 5070 Ti 16G INSPIRE 3X OC PLUS,1449.99,0.0,1449.99,16.0,90.624375,RTX 5070,RTX 5000
https://c1.neweggimages.com/productimage/nb300/14-932-690-02.jpg,4.6,9,GIGABYTE,"GIGABYTE GeForce RTX 3050 OC Low Profile 6G Graphics Card, 2x WINDFORCE Fans, 6GB GDDR6 96-bit GDDR6, GV-N3050OC-6GL Graphics Card",GV-N3050OC-6GL,425.9,0.0,425.9,6.0,70.98333333333333,RTX 3050,RTX 3000
https://c1.neweggimages.com/productimage/nb300/AAJ2D250304147LBY6A.jpg,5.0,1,NVIDIA,REFURBISHED HPE NVIDIA Tesla P100 16GB HBM2 PCIe GPU Accelerator 868199-001 868585-001 900-2H400-0300-031,868199-001,94.49,0.0,94.49,16.0,5.905625,Other,Other
https://c1.neweggimages.com/productimage/nb300/14-137-805-01.jpg,4.4,20,MSI,MSI Gaming GeForce RTX 4060 8GB GDDR6 PCI Express 4.0 x8 ATX Graphics Card RTX 4060 GAMING X 8G,RTX 4060 GAMING X 8G,559.0,0.0,559.0,8.0,69.875,RTX 4060,RTX 4000
https://c1.neweggimages.com/productimage/nb300/14-932-468-01.jpg,4.6,74,GIGABYTE,GIGABYTE Gaming OC GeForce RTX 3060 Ti 8GB GDDR6 PCI Express 4.0 ATX Video Card GV-N306TGAMING OC-8GD REV 2.0 (LHR),GV-N306TGAMING OC-8G,519.0,0.0,519.0,8.0,64.875,RTX 3060,RTX 3000
https://c1.neweggimages.com/productimage/nb300/14-150-868-V01.jpg,4.5,371,XFX,XFX SPEEDSTER SWFT105 Radeon RX 6400 4GB GDDR6 PCI Express 4.0 Low Profile Graphics Card RX-64XL4SFG2,RX-64XL4SFG2,389.0,0.0,389.0,4.0,97.25,RX 6400,RX 6000
https://c1.neweggimages.com/productimage/nb300/14-127-947-S99.jpg,4.6,636,MSI,MSI GeForce GTX 1070 8GB GDDR5 PCI Express 3.0 x16 SLI Support ATX Graphics Card GTX 1070 GAMING X 8G,GTX 1070 GAMING X 8G,299.0,0.0,299.0,8.0,37.375,Other,Other
https://c1.neweggimages.com/productimage/nb300/AXZZS2303240M893B8E.jpg,5.0,1,Unknown,"MAXSUN GeForce RTX 4080 OC 16GB iCraft Anime GPU Graphics Card GDDR6X, PCI Express 4.0 X16, 256-bit, 3x DisplayPort 1.4a, HDMI 2.1a Video Card",MS-RTX4080 iCraft OC 16G iCraft Limited,1499.0,0.0,1499.0,16.0,93.6875,RTX 4080,RTX 4000
https://c1.neweggimages.com/productimage/nb300/14-932-402-V01.jpg,4.9,40,GIGABYTE,"GIGABYTE GeForce RTX 3060 GAMING OC 12G Graphics Card, 3 x WINDFORCE Fans, 12GB 192-bit GDDR6, GV-N3060GAMING OC-12GD Video Card",GV-N3060GAMINGOC12GD,498.0,0.0,498.0,12.0,41.5,RTX 3060,RTX 3000
https://c1.neweggimages.com/productimage/nb300/14-131-812-01.jpg,4.5,90,PowerColor,PowerColor Hellhound Spectral White Radeon RX 7900 XTX Video Card RX7900XTX 24G-L/OC/WHITE,RX7900XTX 24G-L/OC/WHITE,1480.6,0.0,1480.6,24.0,61.69166666666666,RX 7900,RX 7000
https://c1.neweggimages.com/productimage/nb300/14-202-286-V06.jpg,4.1,9,Sapphire Tech,USED - VERY GOOD SAPPHIRE Radeon RX 550 DirectX 12 100414P2GL 2GB 128-Bit GDDR5 Video Card,100414P2GL,56.0,30.0,76.0,2.0,28.0,RX 550,RX 500
https://c1.neweggimages.com/productimage/nb300/A6V6_131892134822443207UHmuOK7nLc.jpg,5.0,1,NVIDIA,NVIDIA GeForce RTX 2080 Ti Founders Edition 11GB GDDR6 PCI Express 3.0 Graphics Card,B07LC1L4RJ,699.0,0.0,859.0,11.0,63.54545454545455,RTX 2080,RTX 2000
https://c1.neweggimages.com/productimage/nb300/14-500-540-17.jpg,4.4,38,ZOTAC,"ZOTAC GAMING GeForce RTX 4090 Trinity OC DLSS 3 24GB GDDR6X 384-bit 21 Gbps PCIE 4.0 Gaming Graphics Card, IceStorm 3.0 Advanced Cooling, SPECTRA 2.0 RGB Lighting, ZT-D40900J-10P",ZT-D40900J-10P,3499.0,0.0,3499.0,24.0,145.79166666666666,RTX 4090,RTX 4000
https://c1.neweggimages.com/productimage/nb300/14-137-937-04.jpg,4.7,210,MSI,MSI Gaming GeForce RTX 5070 12GB GDDR7 PCI Express 5.0 ATX Graphics Card RTX 5070 12G GAMING TRIO OC WHITE,RTX 5070 12G GAMING TRIO OC WHITE,1077.9,0.0,1077.9,12.0,89.825,RTX 5070,RTX 5000
https://c1.neweggimages.com/productimage/nb300/14-137-719-S01.jpg,4.8,44,MSI,MSI Ventus GeForce RTX 2060 12GB GDDR6 PCI Express 3.0 x16 ATX Graphics Card RTX 2060 VENTUS GP 12G OC,RTX 2060 VENTUS GP 12G OC,745.0,0.0,745.0,12.0,62.083333333333336,RTX 2060,RTX 2000
https://c1.neweggimages.com/productimage/nb300/BTK0S2509230IEBCZ36.jpg,5.0,1,ASUS,ASUS ROG Astral GeForce RTX 5080 16GB GDDR7 OC RO JI x HATSUNE MIKU Edition PCI-Express 5.0 DLSS 4.0 Graphics Card - RO JI x HATSUNE MIKU Edition,ROG Astral RTX 5080 RO JI x HATSUNE MIKU,3468.52,29.99,3468.52,16.0,216.7825,RTX 5080,RTX 5000
https://c1.neweggimages.com/productimage/nb300/14-125-955-Z01.jpg,4.2,52,GIGABYTE,GIGABYTE GeForce GTX 1080 Ti 11GB GDDR5X PCI Express 3.0 x16 ATX Graphics Card GV-N108TGAMING OC-11GD,GV-N108TGAMING OC-11,399.0,0.0,399.0,11.0,36.27272727272727,Other,Other
https://c1.neweggimages.com/productimage/nb300/14-131-791-07.jpg,4.4,47,PowerColor,PowerColor Fighter Radeon RX 6600 8GB GDDR6 PCI Express 4.0 ATX Graphics Card AXRX 6600 8GBD6-3DH,AXRX 6600 8GBD6-3DH,445.0,0.0,445.0,8.0,55.625,RX 6600,RX 6000
https://c1.neweggimages.com/productimage/nb300/14-487-550-V30.jpg,4.8,178,Unknown,"EVGA GeForce RTX 3070 Ti FTW3 ULTRA GAMING Video Card, 08G-P5-3797-KL, 8GB GDDR6X, iCX3 Technology, ARGB LED, Metal Backplate",08G-P5-3797-KL,795.0,0.0,795.0,8.0,99.375,RTX 3070,RTX 3000
https://c1.neweggimages.com/productimage/nb300/14-500-581-18.jpg,4.4,63,ZOTAC,"ZOTAC GAMING GeForce RTX 4080 SUPER Trinity OC White Edition DLSS 3 16GB GDDR6X 256-bit 23 Gbps PCIE 4.0 Gaming Graphics Card, IceStorm 2.0 Advanced Cooling, SPECTRA RGB Lighting, ZT-D40820Q-10P",ZT-D40820Q-10P,1799.0,0.0,1799.0,16.0,112.4375,RTX 4080,RTX 4000
https://c1.neweggimages.com/productimage/nb300/14-126-119-S99.jpg,4.3,370,ASUS,ASUS Dual GeForce GTX 1070 8GB GDDR5 PCI Express 3.0 SLI Support Graphics Card DUAL-GTX1070-O8G,DUAL-GTX1070-O8G,325.0,0.0,325.0,8.0,40.625,Other,Other
https://c1.neweggimages.com/productimage/nb300/14-126-779-02.png,4.7,173,ASUS,ASUS ROG Astral GeForce RTX 5080 16GB 256-Bit GDDR7 PCI Express 5.0 DLSS 4.0 Graphics Card ROG-ASTRAL-RTX5080-16G-GAMING,ROG-ASTRAL-RTX5080-16G-GAMING,2491.8,0.0,2491.8,16.0,155.7375,RTX 5080,RTX 5000
https://c1.neweggimages.com/productimage/nb300/14-932-813-02.jpg,4.5,114,GIGABYTE,GIGABYTE WindForce GeForce RTX 5060 Ti 16GB GDDR7 PCI Express 5.0 x8 ATX Graphics Card GV-N506TWF2MAX OC-16GD,GV-N506TWF2MAX OC-16GD,968.06,0.0,968.06,16.0,60.50375,RTX 5060,RTX 5000
https://c1.neweggimages.com/productimage/nb300/14-137-771-02.jpg,4.7,175,MSI,MSI Gaming GeForce RTX 4070 Ti 12GB GDDR6X PCI Express 4.0 Graphics Card RTX 4070 Ti GAMING X TRIO 12G,RTX 4070 Ti GAMING X TRIO 12G,1001.04,0.0,1295.0,12.0,83.42,RTX 4070,RTX 4000
https://c1.neweggimages.com/productimage/nb300/14-150-728-11.jpg,4.3,52,XFX,XFX BLACK Edition Radeon R9 390 8GB GDDR5 PCI Express 3.0 CrossFireX Support Graphics Card R9-390P-8286,R9-390P-8286,459.0,0.0,459.0,8.0,57.375,Other,Other
https://c1.neweggimages.com/productimage/nb300/AD7H_1_20191105265042038.jpg,5.0,1,ASUS,"ASUS GTX1650-O4G-LP-BRK - OC Edition - graphics card - GF GTX 1650 - 4 GB GDDR5 - PCIe 3.0 x16 low profile - DVI, HDMI,",GTX1650-O4G-LP-BRK,340.0,0.0,340.0,4.0,85.0,Other,Other
https://c1.neweggimages.com/productimage/nb300/14-932-172-V09.jpg,4.2,26,GIGABYTE,"GIGABYTE AORUS GeForce RTX 2060 Super 8G Graphics Card, WINDFORCE Stack, 8GB 256-Bit GDDR6, GV-N206SAORUS-8GC Video Card",GV-N206SAORUS-8GC,749.0,0.0,749.0,8.0,93.625,RTX 2060,RTX 2000
https://c1.neweggimages.com/productimage/nb300/14-126-103-28.jpg,4.2,354,ASUS,ASUS ROG GeForce GTX 1080 8GB GDDR5X PCI Express 3.0 SLI Support Graphics Card STRIX-GTX1080-O8G-GAMING,STRIX-GTX1080-O8G,369.0,0.0,369.0,8.0,46.125,Other,Other
https://c1.neweggimages.com/productimage/nb300/14-137-443-V01.jpg,4.4,164,MSI,MSI GeForce RTX 2080 SUPER 8GB GDDR6 PCI Express 3.0 x16 SLI Support Graphics Card RTX 2080 Super Ventus OC,2080 Super Ventus OC,799.0,0.0,799.0,8.0,99.875,RTX 2080,RTX 2000
https://c1.neweggimages.com/productimage/nb300/14-487-357-V04.jpg,3.7,3,Unknown,"EVGA GeForce GTX 1080 Ti GAMING, 11G-P4-5390-KR, 11GB GDDR5X",11G-P4-5390-KR,399.0,0.0,399.0,11.0,36.27272727272727,Other,Other
https://c1.neweggimages.com/productimage/nb300/14-125-950-S99.jpg,4.6,18,GIGABYTE,GIGABYTE GeForce GTX 1080 Ti FE 11GB GDDR5X PCI Express 3.0 ATX Graphics Card GV-N108TD5X-B,GV-N108TD5X-B,399.0,0.0,399.0,11.0,36.27272727272727,Other,Other
https://c1.neweggimages.com/productimage/nb300/14-487-093-09.jpg,4.5,686,Unknown,"EVGA GeForce GTX 960 02G-P4-2962-KR 2GB SC GAMING, Only 6.8 inches, Perfect for mITX Build Graphics Card",02G-P4-2962-KR,255.0,0.0,255.0,2.0,127.5,Other,Other
https://c1.neweggimages.com/productimage/nb300/14-137-686-S06.jpg,4.6,54,MSI,MSI Ventus GeForce RTX 3080 10GB GDDR6X PCI Express 4.0 Graphics Card RTX 3080 VENTUS 3X PLUS 10G OC LHR,RTX 3080 VENTUS 3X PLUS 10G OC LHR,799.0,0.0,799.0,10.0,79.9,RTX 3080,RTX 3000
https://c1.neweggimages.com/productimage/nb300/BP4YS230801020PJP02.jpg,5.0,1,ASUS,"ASUS ROG Strix GeForce RTX 4080 OC Edition Gaming Graphics Card (PCIe 4.0, 16GB GDDR6X, HDMI 2.1a, DisplayPort 1.4a) ROG-STRIX-RTX4080-O16G-GAMING",ROG-STRIX-RTX4080-O16G-GAMING-12,1610.0,0.0,1610.0,16.0,100.625,RTX 4080,RTX 4000
https://c1.neweggimages.com/productimage/nb300/14-126-291-V01.jpg,5.0,3,ASUS,ASUS Radeon VII 16GB HBM2 PCI Express 3.0 Graphics Card RADEONVII-16G,RADEONVII-16G,985.0,0.0,985.0,16.0,61.5625,Other,Other
https://c1.neweggimages.com/productimage/nb300/14-932-496-S01.jpg,4.7,145,GIGABYTE,"GIGABYTE GeForce RTX 3050 GAMING OC 8G Graphics Card, 3x WINDFORCE Fans, 8GB GDDR6 128-bit GDDR6, GV-N3050GAMING OC-8GD Video Card",GV-N3050GAMING OC-8GD,399.99,0.0,399.99,8.0,49.99875,RTX 3050,RTX 3000
https://c1.neweggimages.com/productimage/nb300/AWVGS2109205A834.jpg,5.0,1,GIGABYTE,Gigabyte GeForce RTX 3080 Turbo 10GB V2,GV-N3080TURBO-10GD-REV2.0,580.0,0.0,580.0,10.0,58.0,RTX 3080,RTX 3000
https://c1.neweggimages.com/productimage/nb300/AWZTS210406kbfx3.jpg,5.0,2,GIGABYTE,GIGABYTE GeForce GT 1030 OC GDDR5 DirectX 12 GV-N1030OC-2GI 2GB 64-Bit PCI Express 3.0 x16 Video Card,768697041019,198.0,0.0,198.0,2.0,99.0,Other,Other
https://c1.neweggimages.com/productimage/nb300/14-137-401-Z01.jpg,4.6,212,MSI,MSI GeForce GTX 1660 6GB GDDR5 PCI Express 3.0 x16 Graphics Card GTX 1660 GAMING X 6G,GTX 1660 GAMING X 6G,365.0,0.0,398.0,6.0,60.833333333333336,Other,Other
https://c1.neweggimages.com/productimage/nb300/14-932-359-V06.jpg,4.6,669,GIGABYTE,"GIGABYTE AORUS GeForce RTX 3070 MASTER 8GB Video Card, GV-N3070AORUS M-8GD",GV-N3070AORUS M-8GD,735.0,0.0,735.0,8.0,91.875,RTX 3070,RTX 3000
https://c1.neweggimages.com/productimage/nb300/14-932-322-V01.jpg,4.2,63,GIGABYTE,GIGABYTE Radeon RX 5700 XT 8GB GDDR6 PCI Express 4.0 x16 ATX Graphics Card GV-R57XTGAMING OC-8GD (rev. 2.0),GVR57XTGAMINGOC8GDV2,675.0,0.0,675.0,8.0,84.375,RX 5700,RX 5000
https://c1.neweggimages.com/productimage/nb300/14-127-545-02.jpg,4.3,76,MSI,MSI Radeon HD 6870 1GB GDDR5 PCI Express 2.1 x16 CrossFireX Support Graphics Card R6870 Twin Frozr II,R6870 Twin Frozr II,286.0,0.0,286.0,1.0,286.0,Other,Other
https://c1.neweggimages.com/productimage/nb300/14-487-050-02.jpg,4.3,99,Unknown,EVGA GeForce GT 730 1GB GDDR5 PCI Express 2.0 Graphics Card 01G-P3-3736-KR,01G-P3-3736-KR,104.99,0.0,104.99,1.0,104.99,Other,Other
https://c1.neweggimages.com/productimage/nb300/AVWRS2401260DG9IG74.jpg,3.0,2,Unknown,PELADN RX 550 4GB Video Card GDDR5 1183MHz 512processors PCI Express 3.0 video cards DirectX12 HDMI+DP+DVI Gaming Graphics Card,PELADN RX 550,99.0,0.0,99.0,4.0,24.75,RX 550,RX 500
https://c1.neweggimages.com/productimage/nb300/14-137-969-03.jpg,4.9,21,MSI,MSI Gaming GeForce RTX 5060 8GB GDDR7 PCI Express 5.0 x 16 (use x8) Graphics Card RTX 5060 8G GAMING TRIO OC WHITE,RTX 5060 8G GAMING TRIO OC WHITE,677.06,0.0,677.06,8.0,84.6325,RTX 5060,RTX 5000
https://c1.neweggimages.com/productimage/nb300/14-126-520-01.jpg,4.8,80,ASUS,ASUS TUF Gaming GeForce RTX 3060 Ti V2 OC Edition 8GB GDDR6 PCI Express 4.0 Video Card TUF-RTX3060TI-O8G-V2-GAMING (LHR),TUF-3060TI-O8G-V2-GA,530.0,0.0,530.0,8.0,66.25,RTX 3060,RTX 3000
https://c1.neweggimages.com/productimage/nb300/AZUES240422080CL024.jpg,3.8,5,Unknown,Yeston Radeon RX 7700 XT 12G GDDR6 video cards Desktop computer PC Video Graphics Cards support PCI-Express 4.0 3*DP+1*HDMI-compatible RGB light effect Fragrant graphics card RX 7700XT,RX7700XT-12G SA,569.0,0.0,579.0,12.0,47.416666666666664,RX 7700,RX 7000
https://c1.neweggimages.com/productimage/nb300/14-137-328-V01.jpg,3.5,2,MSI,MSI Radeon RX Vega 56 8GB HBM2 PCI Express x16 CrossFireX Support Graphics Card Vega 56 AIR BOOST 8G,Vega 56 AIR BOOST 8G,329.0,0.0,329.0,8.0,41.125,Other,Other
https://c1.neweggimages.com/productimage/nb300/14-126-122-V02.jpg,4.0,84,ASUS,ASUS GeForce GTX 1060 6GB GDDR5 PCI Express 3.0 Graphics Card DUAL-GTX1060-O6G,DUAL-GTX1060-O6G,399.0,0.0,399.0,6.0,66.5,Other,Other
https://c1.neweggimages.com/productimage/nb300/AA4T_131717391380747831GrEgkiW19l.jpg,5.0,1,NVIDIA,HP nVidia Tesla P40 GPU 24GB GDDR5 PCIE x16 870919-001 872323-001 Q0V80A,Q0V80A,425.99,0.0,425.99,24.0,17.749583333333334,Other,Other
https://c1.neweggimages.com/productimage/nb300/14-137-797-01.jpg,5.0,11,MSI,MSI Gaming GeForce RTX 4060 Ti 8GB GDDR6 PCI Express 4.0 x8 ATX Graphics Card RTX 4060 Ti GAMING X 8G,RTX 4060 Ti GAMING X 8G,620.79,0.0,620.79,8.0,77.59875,RTX 4060,RTX 4000
https://c1.neweggimages.com/productimage/nb300/14-932-287-V03.jpg,4.4,12,GIGABYTE,GIGABYTE GeForce GTX 1650 4GB GDDR6 PCI Express 3.0 x16 mini-ITX Graphics Card GV-N1656OC-4GD,GV-N1656OC-4GD,340.0,0.0,340.0,4.0,85.0,Other,Other
https://c1.neweggimages.com/productimage/nb300/14-932-808-03.jpg,4.8,158,GIGABYTE,GIGABYTE Gaming Radeon RX 9060 XT 16GB GDDR6 PCI Express 5.0 x16 ATX Graphics Card GV-R9060XTGAMING-16GD RX 9060XT,GV-R9060XTGAMING-16GD,759.0,0.0,759.0,16.0,47.4375,RX 9060,RX 9000
https://c1.neweggimages.com/productimage/nb300/14-150-861-V01.jpg,4.5,76,XFX,XFX SPEEDSTER SWFT210 Radeon RX 6600 XT 8GB GDDR6 PCI Express 4.0 Graphics Card RX-66XT8DFDQ,RX-66XT8DFDQ,599.0,0.0,599.0,8.0,74.875,RX 6600,RX 6000
https://c1.neweggimages.com/productimage/nb300/14-932-449-01.jpg,4.6,200,GIGABYTE,GIGABYTE Gaming OC GeForce RTX 3070 8GB GDDR6 PCI Express 4.0 ATX Video Card GV-N3070GAMING OC-8GD (rev. 2.0) (LHR),GV-N3070GAMING OC-8G,555.84,0.0,555.84,8.0,69.48,RTX 3070,RTX 3000
https://c1.neweggimages.com/productimage/nb300/14-126-446-V01.jpg,4.5,23,ASUS,ASUS Phoenix GeForce GTX 1650 4GB GDDR6 PCI Express 3.0 Graphics Card PH-GTX1650-O4GD6,PH-GTX1650-O4GD6,260.93,0.0,260.93,4.0,65.2325,Other,Other
https://c1.neweggimages.com/productimage/nb300/14-121-710-04.jpg,4.1,18,ASUS,ASUS GeForce GTX 650 1GB GDDR5 PCI Express 3.0 x16 Graphics Card GTX650-E-1GD5,GTX650-E-1GD5,247.0,0.0,247.0,1.0,247.0,Other,Other
https://c1.neweggimages.com/productimage/nb300/14-137-762-38.jpg,4.6,462,MSI,MSI Gaming GeForce RTX 4090 24GB GDDR6X PCI Express 4.0 Graphics Card RTX 4090 GAMING TRIO 24G,RTX 4090 GAMING TRIO 24G,3495.0,0.0,3495.0,24.0,145.625,RTX 4090,RTX 4000
https://c1.neweggimages.com/productimage/nb300/14-126-468-V15.jpg,4.5,27,ASUS,ASUS Dual GeForce RTX 3060 Ti 8GB GDDR6 PCI Express 4.0 Graphics Card DUAL-RTX3060TI-O8G,DUAL-RTX3060TI-O8G,569.0,0.0,569.0,8.0,71.125,RTX 3060,RTX 3000
https://c1.neweggimages.com/productimage/nb300/14-131-787-V08.jpg,5.0,1,PowerColor,PowerColor Hellhound Radeon RX 6600 XT 8GB GDDR6 PCI Express 4.0 ATX Graphics Card 6600XT 8GBD6-3DHL/OC,6600XT 8GBD6-3DHL/OC,479.0,0.0,479.0,8.0,59.875,RX 6600,RX 6000
https://c1.neweggimages.com/productimage/nb300/AZUES211020C562E.jpg,4.7,3,Unknown,Yeston Radeon RX 550 4GB GDDR5 1183MHz 512processors PCIExpress 3.0 DirectX12 video cards Double slot DP+HDMI compatible +DVI-D graphics card of Desktop,Yeston RX550 4GD5 TD,129.0,0.0,129.0,4.0,32.25,RX 550,RX 500
https://c1.neweggimages.com/productimage/nb300/14-126-793-01.png,4.8,60,ASUS,ASUS PRIME GeForce RTX 5060 Ti 8GB 128-Bit GDDR7 PCI Express 5.0 x8 DLSS 4.0 Graphics Card PRIME-RTX5060TI-O8G,PRIME-RTX5060TI-O8G,609.99,0.0,609.99,8.0,76.24875,RTX 5060,RTX 5000
https://c1.neweggimages.com/productimage/nb300/14-202-409-02.jpg,4.6,130,Sapphire Tech,SAPPHIRE PULSE Radeon RX 6600 8GB GDDR6 PCI Express 4.0 ATX Graphics Card 11310-01-20G,11310-01-20G,490.0,0.0,490.0,8.0,61.25,RX 6600,RX 6000
https://c1.neweggimages.com/productimage/nb300/14-133-865-22.jpg,4.9,9,Unknown,PNY GeForce RTX 4070 Ti SUPER 16GB VERTO Overclocked Triple Fan DLSS 3 VCG4070TS16TFXPB1-O,VCG4070TS16TFXPB1-O,1370.0,0.0,1370.0,16.0,85.625,RTX 4070,RTX 4000
https://c1.neweggimages.com/productimage/nb300/14-202-005-02.jpg,4.1,38,Sapphire Tech,USED - VERY GOOD SAPPHIRE Vapor-X Radeon HD 7970 GHz Edition 6GB GDDR5 PCI Express 3.0 x16 CrossFireX Support Graphics Card 100351-6GVXSR,100351-6GVXSR,159.99,0.0,159.99,6.0,26.665000000000003,Other,Other
https://c1.neweggimages.com/productimage/nb300/14-125-962-Z01.jpg,3.7,92,GIGABYTE,GIGABYTE Radeon RX 580 8GB GDDR5 PCI Express 3.0 x16 ATX Graphics Card GV-RX580GAMING-8GD,GV-RX580GAMING-8GD,495.0,0.0,495.0,8.0,61.875,RX 580,RX 500
https://c1.neweggimages.com/productimage/nb300/14-932-611-V01.jpg,5.0,3,GIGABYTE,REFURBISHED GIGABYTE WINDFORCE GeForce RTX 4070 12GB GDDR6X PCI Express 4.0 x16 ATX Graphics Card GV-N4070WF3OC-12GD G10-R,GV-N4070WF3OC-12GD G10-R,699.99,0.0,699.99,12.0,58.3325,RTX 4070,RTX 4000
https://c1.neweggimages.com/productimage/nb300/14-126-353-V01.jpg,4.1,30,ASUS,USED - VERY GOOD ASUS GeForce GTX 1660 SUPER Overclocked 6GB Phoenix Fan Edition HDMI DP DVI Graphics Card (PH-GTX1660S-O6G),PH-GTX1660S-O6G,199.99,0.0,199.99,6.0,33.33166666666667,Other,Other
https://c1.neweggimages.com/productimage/nb300/14-130-734-03.jpg,3.0,12,Unknown,REFURBISHED EVGA GeForce 8400 GS 1GB DDR3 PCI Express 2.0 x16 SLI Support Graphics Card 01G-P3-1302-RX,01G-P3-1302-RX,39.99,0.0,39.99,1.0,39.99,Other,Other
https://c1.neweggimages.com/productimage/nb300/14-126-465-S02.jpg,5.0,2,ASUS,ASUS TUF Gaming GeForce GTX 1660 SUPER 6GB GDDR6 PCI Express 3.0 Graphics Card TUF-GTX1660S-6G-GAMING,TUF-GTX1660S-6G-GAMI,369.0,0.0,369.0,6.0,61.5,Other,Other
https://c1.neweggimages.com/productimage/nb300/14-137-111-Z01.jpg,2.9,71,MSI,MSI GeForce GTX 1080 Ti 11GB GDDR5X PCI Express 3.0 x16 SLI Support Graphics Card GeForce GTX 1080 TI ARMOR 11G OC,GTX1080TiARMOR11GOC,399.0,0.0,399.0,11.0,36.27272727272727,Other,Other
https://c1.neweggimages.com/productimage/nb300/14-130-944-18.jpg,4.5,77,Unknown,EVGA 04G-P4-3768-KR G-SYNC Support GeForce GTX 760 FTW 4GB 256-bit GDDR5 PCI Express 3.0 SLI Support Video Card w/ EVGA ACX Cooler,04G-P4-3768-KR,454.0,0.0,454.0,4.0,113.5,Other,Other
https://c1.neweggimages.com/productimage/nb300/14-137-913-07.jpg,4.5,248,MSI,MSI Ventus GeForce RTX 5080 16GB GDDR7 PCI Express 5.0 Graphics Card RTX 5080 16G VENTUS 3X OC PLUS,RTX 5080 16G VENTUS 3X OC PLUS,1999.0,0.0,1999.0,16.0,124.9375,RTX 5080,RTX 5000
https://c1.neweggimages.com/productimage/nb300/14-121-775-04.jpg,3.9,193,ASUS,ASUS GTX760-DC2OC-2GD5 G-SYNC Support GeForce GTX 760 2GB 256-Bit GDDR5 PCI Express 3.0 x16 HDCP Ready SLI Support Video Card,GTX760-DC2OC-2GD5,279.0,0.0,279.0,5.0,55.8,Other,Other
https://c1.neweggimages.com/productimage/nb300/14-121-724-09.jpg,4.6,47,ASUS,ASUS GeForce GTX TITAN 6GB GDDR5 PCI Express 3.0 SLI Support Graphics Card GTXTITAN-6GD5,GTXTITAN-6GD5,399.0,0.0,399.0,6.0,66.5,Other,Other
https://c1.neweggimages.com/productimage/nb300/14-487-130-09.jpg,4.8,59,Unknown,"EVGA GeForce GTX TITAN X 12G-P4-2992-KR 12GB SC GAMING, Play 4k with Ease Graphics Card",12G-P4-2992-KR,399.0,0.0,399.0,12.0,33.25,Other,Other
https://c1.neweggimages.com/productimage/nb300/14-137-140-V01.jpg,4.3,25,MSI,MSI GeForce GT 1030 2GB GDDR5 PCI Express 3.0 x16 (uses x4) Low Profile Graphics Card GT 1030 2GH LP OC,GT 1030 2GH LP OC,248.0,0.0,248.0,2.0,124.0,Other,Other
https://c1.neweggimages.com/productimage/nb300/14-126-215-V02.jpg,5.0,1,ASUS,ASUS GeForce GT 1030 DirectX 12 GT1030-SL-2G-BRK 2GB 64-Bit GDDR5 PCI Express 3.0 HDCP Ready Video Card,GT1030-SL-2G-BRK,95.81,0.0,95.81,2.0,47.905,Other,Other
https://c1.neweggimages.com/productimage/nb300/14-137-936-05.jpg,4.7,210,MSI,MSI VANGUARD GeForce RTX 5070 12GB GDDR7 PCI Express 5.0 ATX Graphics Card RTX 5070 12G VANGUARD SOC,RTX 5070 12G VANGUARD SOC,1231.9,0.0,1231.9,12.0,102.65833333333335,RTX 5070,RTX 5000
https://c1.neweggimages.com/productimage/nb300/14-932-771-02.jpg,4.8,241,GIGABYTE,GIGABYTE WindForce GeForce RTX 5070 Ti 16GB GDDR7 PCI Express 5.0 ATX Graphics Card GV-N507TWF3-16GD,GV-N507TWF3-16GD,1238.39,0.0,1238.39,16.0,77.399375,RTX 5070,RTX 5000
https://c1.neweggimages.com/productimage/nb300/14-137-028-09.jpg,3.6,5,MSI,USED - VERY GOOD MSI Radeon RX 460 2GB GDDR5 PCI Express 3.0 x16 CrossFireX Support Graphics Card RX 460 2G OC,RX 460 2G OC,99.99,0.0,99.99,2.0,49.995,RX 460,RX 400
https://c1.neweggimages.com/productimage/nb300/14-126-588-V13.jpg,4.6,167,ASUS,ASUS TUF Gaming OC Edition GeForce RTX 3050 8GB GDDR6 PCI Express 4.0 Graphics Card TUF-RTX3050-O8G-GAMING,TUF-RTX3050-O8G-GAMING,380.0,0.0,380.0,8.0,47.5,RTX 3050,RTX 3000
https://c1.neweggimages.com/productimage/nb300/14-130-394-02.jpg,4.5,204,Unknown,EVGA GeForce 8600 GTS 256MB GDDR3 PCI Express x16 SLI Support Graphics Card 256-P2-N761-TR,256-P2-N761-TR,275.0,0.0,275.0,,,Other,Other
https://c1.neweggimages.com/productimage/nb300/14-126-570-V07.jpg,5.0,2,ASUS,ASUS GeForce GT 730 2GB GDDR5 PCI Express 2.0 Graphics Card GT730-4H-SL-2GD5,GT730-4H-SL-2GD5,130.95,0.0,130.95,2.0,65.475,Other,Other
https://c1.neweggimages.com/productimage/nb300/14-126-795-28.png,4.8,60,ASUS,ASUS PRIME GeForce RTX 5060 Ti 16GB 128-Bit GDDR7 PCI Express 5.0 x8 DLSS 4.0 Graphics Card PRIME-RTX5060TI-O16G,PRIME-RTX5060TI-O16G,956.12,0.0,956.12,16.0,59.7575,RTX 5060,RTX 5000
https://c1.neweggimages.com/productimage/nb300/14-125-902-S99.jpg,4.3,485,GIGABYTE,GIGABYTE GeForce GTX 1060 3GB GDDR5 PCI Express 3.0 x16 ATX Graphics Card GV-N1060G1 GAMING-3GD 2.0,GV-N1060G1GAMING-3GD,329.0,0.0,329.0,3.0,109.66666666666667,Other,Other
https://c1.neweggimages.com/productimage/nb300/14-932-791-01.jpg,4.5,114,GIGABYTE,GIGABYTE WindForce GeForce RTX 5060 Ti 16GB GDDR7 PCI Express 5.0 x8 ATX Graphics Card GV-N506TWF2-16GD,GV-N506TWF2-16GD,968.06,0.0,968.06,16.0,60.50375,RTX 5060,RTX 5000
https://c1.neweggimages.com/productimage/nb300/14-126-525-V01.jpg,4.7,106,ASUS,"ASUS TUF Gaming NVIDIA GeForce RTX 3080 V2 OC Edition Graphics Card (PCIe 4.0, 10GB GDDR6X, LHR, HDMI 2.1, DisplayPort 1.4a, Dual Ball Fan Bearings, Military-grade Certification, GPU Tweak II)",TUF-RTX3080-O10G-V2-,744.99,0.0,744.99,10.0,74.499,RTX 3080,RTX 3000
https://c1.neweggimages.com/productimage/nb300/14-133-863-13.jpg,5.0,1,Unknown,PNY GeForce RTX 4070 SUPER 12GB VERTO Overclocked Dual Fan DLSS 3 VCG4070S12DFXPB1-O,VCG4070S12DFXPB1-O,943.0,0.0,959.0,12.0,78.58333333333333,RTX 4070,RTX 4000
https://c1.neweggimages.com/productimage/nb300/14-125-923-Z01.jpg,4.7,3,GIGABYTE,REFURBISHED GIGABYTE GeForce GTX 1070 8GB GDDR5 PCI Express 3.0 x16 ATX Graphics Card GV-N1070G1 GAMING-8GD,GV-N1070G1 GAMING-8G,239.99,0.0,239.99,8.0,29.99875,Other,Other
https://c1.neweggimages.com/productimage/nb300/14-127-753-08.jpg,4.6,5,MSI,MSI GeForce 210 1GB DDR3 PCI Express 2.0 x16 Low Profile Graphics Card N210-MD1GD3H/LP,N210-MD1GD3H/LP,65.0,12.0,65.0,1.0,65.0,Other,Other
https://c1.neweggimages.com/productimage/nb300/14-125-871-S99.jpg,4.4,473,GIGABYTE,GIGABYTE GeForce GTX 1070 DirectX 12 GV-N1070G1 GAMING-8GD R2 256-Bit GDDR5 PCI Express 3.0 x16 SLI Support ATX Video Card,GV-N1070G1 GAMING-8G,325.0,0.0,325.0,,,Other,Other
https://c1.neweggimages.com/productimage/nb300/14-487-336-V09.jpg,4.7,514,Unknown,"EVGA GeForce GTX 1080 Ti SC Black Edition GAMING, 11G-P4-6393-KR, 11GB GDDR5X, iCX Cooler & LED",11G-P4-6393-KR,399.0,0.0,399.0,11.0,36.27272727272727,Other,Other
https://c1.neweggimages.com/productimage/nb300/14-500-503-02.jpg,4.5,18,ZOTAC,"ZOTAC GAMING GeForce RTX 3090 Trinity 24GB GDDR6X 384-bit 19.5 Gbps PCIE 4.0 Gaming Graphics Card, IceStorm 2.0 Advanced Cooling, SPECTRA 2.0 RGB Lighting, ZT-A30900D-10P",ZT-A30900D-10P,2099.0,0.0,2099.0,24.0,87.45833333333333,RTX 3090,RTX 3000
https://c1.neweggimages.com/productimage/nb300/14-500-482-V01.jpg,4.7,35,ZOTAC,"ZOTAC GAMING GeForce GTX 1660 SUPER 6GB GDDR6 192-bit Gaming Graphics Card, Super Compact, ZT-T16620F-10L",ZT-T16620F-10L,299.0,0.0,299.0,6.0,49.833333333333336,Other,Other
https://c1.neweggimages.com/productimage/nb300/14-130-586-03.jpg,3.9,79,Unknown,EVGA 200 GeForce 210 1GB DDR3 PCI Express 2.0 x16 Low Profile Graphics Card 01G-P3-1312-LR,01G-P3-1312-LR,65.0,12.0,65.0,1.0,65.0,Other,Other
https://c1.neweggimages.com/productimage/nb300/14-130-471-02.jpg,4.8,26,Unknown,EVGA GeForce 9400 GT 512MB DDR2 PCI Express 2.0 x16 Graphics Card 512-P3-N940-LR,512-P3-N940-LR,149.0,0.0,149.0,,,Other,Other
https://c1.neweggimages.com/productimage/nb300/14-487-461-V01.jpg,4.5,243,Unknown,"EVGA GeForce RTX 2080 SUPER BLACK GAMING, 08G-P4-3081-KR, 8GB GDDR6",08G-P4-3081-KR,699.0,0.0,699.0,8.0,87.375,RTX 2080,RTX 2000
https://c1.neweggimages.com/productimage/nb300/14-126-736-04.png,5.0,5,ASUS,"ASUS Dual GeForce RTX 4070 SUPER EVO 12GB GDDR6X (PCIe 4.0, 12GB GDDR6X, DLSS 3, HDMI 2.1a, DisplayPort 1.4a, 2.5-slot design, Axial-tech fan design, 0dB technology) DUAL-RTX4070S-12G-EVO",DUAL-RTX4070S-12G-EVO,994.25,0.0,994.25,12.0,82.85416666666667,RTX 4070,RTX 4000
https://c1.neweggimages.com/productimage/nb300/14-932-795-01.jpg,4.5,114,GIGABYTE,GIGABYTE Eagle GeForce RTX 5060 Ti 8GB GDDR7 PCI Express 5.0 x8 ATX Graphics Card GV-N506TEAGLE OC-8GD,GV-N506TEAGLE OC-8GD,519.99,0.0,540.79,8.0,64.99875,RTX 5060,RTX 5000
https://c1.neweggimages.com/productimage/nb300/14-932-492-01.jpg,4.4,55,GIGABYTE,GIGABYTE Eagle Radeon RX 6500 XT 4GB GDDR6 PCI Express 4.0 ATX Graphics Card GV-R65XTEAGLE-4GD,GV-R65XTEAGLE-4GD,215.34,0.0,259.99,4.0,53.835,RX 6500,RX 6000
https://c1.neweggimages.com/productimage/nb300/14-127-931-07.jpg,4.4,169,MSI,MSI GeForce GT 710 1GB DDR3 PCI Express 2.0 x16 Low Profile Graphics Card GT 710 1GD3H LP,GT 710 1GD3H LP,99.0,10.0,99.0,1.0,99.0,Other,Other
https://c1.neweggimages.com/productimage/nb300/14-202-406-01.jpg,4.7,125,Sapphire Tech,SAPPHIRE PULSE Radeon RX 6600 XT 8GB GDDR6 PCI Express 4.0 ATX Graphics Card 11309-03-20G,11309-03-20G,559.0,0.0,559.0,8.0,69.875,RX 6600,RX 6000
https://c1.neweggimages.com/productimage/nb300/14-125-470-03.jpg,4.8,37,GIGABYTE,USED - VERY GOOD GIGABYTE GeForce GTX 760 4GB GDDR5 PCI Express 3.0 Graphics Card GV-N760OC-4GD,GV-N760OC-4GD,97.0,30.0,117.0,4.0,24.25,Other,Other
https://c1.neweggimages.com/productimage/nb300/14-487-522-01.jpg,5.0,1,Unknown,"REFURBISHED EVGA GeForce RTX 3080 XC3 BLACK GAMING Video Card, 10G-P5-3881-KR, 10GB GDDR6X, iCX3 Cooling, ARGB LED",10G-P5-3881-KR,429.99,0.0,429.99,10.0,42.999,RTX 3080,RTX 3000
https://c1.neweggimages.com/productimage/nb300/14-126-457-V01.jpg,4.7,112,ASUS,ASUS ROG Strix GeForce RTX 3080 10GB GDDR6X PCI Express 4.0 Graphics Card ROG-STRIX-RTX3080-O10G-GAMING,ROG-STRIX-RTX3080-O1,849.0,0.0,949.0,10.0,84.9,RTX 3080,RTX 3000
https://c1.neweggimages.com/productimage/nb300/14-137-641-01.jpg,4.3,192,MSI,MSI Mech Radeon RX 6700 XT 12GB GDDR6 PCI Express 4.0 Graphics Card RX 6700 XT MECH 2X 12G,RX 6700 XT MECH 2X 12G,789.0,0.0,789.0,12.0,65.75,RX 6700,RX 6000
https://c1.neweggimages.com/productimage/nb300/ADFRD23042116MQLAE1.jpg,5.0,1,ASUS,REFURBISHED ASUS GeForce RTX 4080 TUF OC 16GB GDDR6X TUF-RTX4080-O16G-GAMING Video Graphic Card GPU,ASUS TUF-4080-O16G-GAM-R,1149.99,0.0,1149.99,16.0,71.874375,RTX 4080,RTX 4000
https://c1.neweggimages.com/productimage/nb300/14-930-083-01.jpg,4.4,241,ASRock,ASRock Phantom Gaming Radeon RX 7900 XT 20GB GDDR6 PCI Express 4.0 ATX Graphics Card RX7900XT PG 20GO,RX7900XT PG 20GO,1215.0,0.0,1215.0,20.0,60.75,RX 7900,RX 7000
https://c1.neweggimages.com/productimage/nb300/14-932-341-02.jpg,3.5,31,GIGABYTE,"GIGABYTE AORUS GeForce RTX 3090 MASTER 24GB Video Card, GV-N3090AORUS M-24GD",GV-N3090AORUS M-24GD,2099.0,0.0,2099.0,24.0,87.45833333333333,RTX 3090,RTX 3000
https://c1.neweggimages.com/productimage/nb300/14-932-692-03.jpg,5.0,2,GIGABYTE,"GIGABYTE GeForce RTX 4070 Ti SUPER EAGLE OC ICE 16G Graphics Card, 3x WINDFORCE Fans, 16GB 256-bit GDDR6X, GV-N407TSEAGLE OC ICE-16GD Video Card",GV-N407TSEAGLE OC ICE-16GD,1357.99,0.0,1357.99,16.0,84.874375,RTX 4070,RTX 4000
https://c1.neweggimages.com/productimage/nb300/14-932-453-V11.jpg,4.5,124,GIGABYTE,GIGABYTE Gaming OC PRO GeForce RTX 3060 Ti 8GB GDDR6 PCI Express 4.0 ATX Video Card GV-N306TGAMINGOC PRO-8GD (rev. 3.0) (LHR),GV-N306TGAMINGOCPRO8,619.99,0.0,619.99,8.0,77.49875,RTX 3060,RTX 3000
https://c1.neweggimages.com/productimage/nb300/14-137-484-V01.jpg,4.6,72,MSI,MSI Gaming GeForce GTX 1650 SUPER 4GB GDDR6 PCI Express 3.0 x16 Graphics Card GTX 1650 Super Gaming X,GTX1650SuperGamingX,420.0,0.0,435.0,4.0,105.0,Other,Other
https://c1.neweggimages.com/productimage/nb300/14-137-769-12.jpg,5.0,20,MSI,MSI Ventus GeForce RTX 3060 8GB GDDR6 PCI Express 4.0 ATX Graphics Card RTX 3060 VENTUS 2X 8G OC,RTX 3060 VENTUS 2X 8G OC,468.51,0.0,468.51,8.0,58.56375,RTX 3060,RTX 3000
https://c1.neweggimages.com/productimage/nb300/14-487-539-01.jpg,4.7,230,Unknown,"EVGA GeForce RTX 3060 XC GAMING, 12G-P5-3657-KR, 12GB GDDR6, Dual-Fan, Metal Backplate",12G-P5-3657-KR,599.99,0.0,599.99,12.0,49.99916666666667,RTX 3060,RTX 3000
https://c1.neweggimages.com/productimage/nb300/14-121-822-06.jpg,4.5,30,ASUS,ASUS GTX780TI-3GD5 G-SYNC Support GeForce GTX 780 Ti 3GB 384-Bit GDDR5 PCI Express 3.0 HDCP Ready SLI Support Video Card,GTX780TI-3GD5,329.0,0.0,329.0,5.0,65.8,Other,Other
https://c1.neweggimages.com/productimage/nb300/14-126-531-01.jpg,4.9,17,ASUS,"ASUS Dual NVIDIA GeForce RTX 3070 V2 OC Edition Gaming Graphics Card (PCIe 4.0, 8GB GDDR6, LHR, HDMI 2.1, DisplayPort 1.4a, Axial-tech Fan Design, Dual BIOS, Protective Backplate)",DUAL-RTX3070-O8G-V2,735.0,0.0,735.0,8.0,91.875,RTX 3070,RTX 3000
https://c1.neweggimages.com/productimage/nb300/14-487-069-12.jpg,4.3,1504,Unknown,EVGA GeForce GTX 970 4GB GDDR5 PCI Express 3.0 Graphics Card 04G-P4-1970-KR,04G-P4-1970-KR,369.0,0.0,369.0,4.0,92.25,Other,Other
https://c1.neweggimages.com/productimage/nb300/14-131-785-08.jpg,1.0,1,PowerColor,"REFURBISHED PowerColor Red Devil AMD Radeon RX 6900 XT Ultimate Gaming Graphics Card with 16GB GDDR6 Memory, Powered by AMD RDNA 2, HDMI 2.1 (AXRX 6900XTU 16GBD6-3DHE/OC)",6900XTU 16GBD6-3DHE/,449.99,0.0,449.99,16.0,28.124375,RX 6900,RX 6000
https://c1.neweggimages.com/productimage/nb300/14-932-115-01.jpg,4.1,114,GIGABYTE,"GIGABYTE Geforce RTX 2060 OC 6G Graphics Card, 2 x WINDFORCE Fans, 6GB 192-Bit GDDR6, GV-N2060OC-6GD Video Card",GV-N2060OC-6GD v2.0,599.0,0.0,599.0,6.0,99.83333333333333,RTX 2060,RTX 2000
https://c1.neweggimages.com/productimage/nb300/14-137-678-V10.jpg,4.5,28,MSI,MSI Ventus GeForce RTX 3080 10GB GDDR6X PCI Express 4.0 Graphics Card RTX 3080 VENTUS 3X 10G OC LHR,RTX308Ventus3X10GOCL,795.0,0.0,795.0,10.0,79.5,RTX 3080,RTX 3000
https://c1.neweggimages.com/productimage/nb300/14-130-604-10.jpg,4.5,501,Unknown,EVGA 01G-P3-1561-AR GeForce GTX 560 Ti FPB (Fermi) 1GB 256-bit GDDR5 PCI Express 2.0 x16 HDCP Ready SLI Support FPB Video Card,01G-P3-1561-AR,289.0,0.0,289.0,1.0,289.0,Other,Other
https://c1.neweggimages.com/productimage/nb300/14-133-867-02.jpg,4.8,15,Unknown,PNY GeForce RTX 4080 SUPER 16GB VERTO Overclocked Triple Fan DLSS 3 VCG4080S16TFXPB1-O,VCG4080S16TFXPB1-O,1650.0,0.0,1650.0,16.0,103.125,RTX 4080,RTX 4000
https://c1.neweggimages.com/productimage/nb300/14-137-629-V03.jpg,4.8,259,MSI,MSI Gaming GeForce RTX 3060 12GB GDDR6 PCI Express 4.0 Graphics Card RTX 3060 Gaming X Trio 12G,RTX3060GamingXTrio12,599.0,0.0,599.0,12.0,49.916666666666664,RTX 3060,RTX 3000
https://c1.neweggimages.com/productimage/nb300/14-126-727-13.png,4.5,2,ASUS,"ASUS TUF Gaming GeForce RTX 4070 Ti SUPER BTF White OC Edition Gaming Graphics Card (Exclusive to ASUS BTF ATX Motherboards, Graphics card high-power gold finger) TUF-RTX4070TIS-O16G-BTF-WHITE",TUF-RTX4070TIS-O16G-BTF-WHITE,1000.0,0.0,1295.0,16.0,62.5,RTX 4070,RTX 4000
https://c1.neweggimages.com/productimage/nb300/14-126-231-Z01.jpg,4.4,85,ASUS,ASUS Cerberus GeForce GTX 1070 Ti 8GB GDDR5 PCI Express 3.0 Graphics Card CERBERUS-GTX1070TI-A8G-GAMING,CERBERUSGTX1070TIA8G,299.0,0.0,299.0,8.0,37.375,Other,Other
https://c1.neweggimages.com/productimage/nb300/14-133-849-24.jpg,4.5,15,Unknown,PNY GeForce RTX 4090 24GB VERTO Triple Fan DLSS 3 VCG409024TFXPB1,VCG409024TFXPB1,3565.0,0.0,3565.0,24.0,148.54166666666666,RTX 4090,RTX 4000
https://c1.neweggimages.com/productimage/nb300/AXZZS24062907BFQ851.jpg,5.0,1,Unknown,MAXSUN Geforce RTX 4070 Super iCraft Limited Edition OC 12GB GDDR6X Video Graphics Card GPU for Computer Gaming PC HDMI2.1 DLSS 3.5 PCIE 4.0 X16 RGB,MS-GeForce RTX4070S iCraft OC 12G Ltd,980.0,0.0,980.0,12.0,81.66666666666667,RTX 4070,RTX 4000
https://c1.neweggimages.com/productimage/nb300/AWFGD210824C66VD.jpg,5.0,1,NVIDIA,NVIDIA GeForce GTX 1070 8GB Founders Edition GDDR5 PCI Express 3.0 Graphics Card,shoudong41,269.0,0.0,269.0,8.0,33.625,Other,Other
https://c1.neweggimages.com/productimage/nb300/14-932-309-S07.jpg,4.7,15,GIGABYTE,GIGABYTE GeForce GTX 1650 4GB GDDR6 PCI Express 3.0 x16 Graphics Card GV-N1656OC-4GD rev. 2.0,GV-N1656OC-4GDV2,340.0,0.0,340.0,4.0,85.0,Other,Other
https://c1.neweggimages.com/productimage/nb300/14-932-813-02.jpg,4.5,114,GIGABYTE,GIGABYTE WindForce GeForce RTX 5060 Ti 8GB GDDR7 PCI Express 5.0 x8 ATX Graphics Card GV-N506TWF2MAX OC-8GD,GV-N506TWF2MAX OC-8GD,869.0,0.0,869.0,8.0,108.625,RTX 5060,RTX 5000
https://c1.neweggimages.com/productimage/nb300/14-126-824-02.png,5.0,1,ASUS,ASUS ROG Astral with Detachable GC-HPWR Adapter GeForce RTX 5090 32GB GDDR7 PCI Express 5.0 ATX Graphics Card ROG-ASTRAL-RTX5090-O32G-BTF-GAMING,ROG-ASTRAL-RTX5090-O32G-BTF-GAMING,5749.99,0.0,5749.99,32.0,179.6871875,RTX 5090,RTX 5000
https://c1.neweggimages.com/productimage/nb300/14-137-318-V05.jpg,4.7,16,MSI,MSI GeForce GT 1030 2GB DDR4 PCI Express 3.0 x16 (Uses x4) Low Profile Graphics Card GT 1030 2GD4 LP OC,GT 1030 2GD4 LP OC,165.0,0.0,165.0,2.0,82.5,Other,Other
https://c1.neweggimages.com/productimage/nb300/14-500-373-01.jpg,4.0,1,ZOTAC,ZOTAC ZT-90401-10P GeForce GTX TITAN X 12GB 384-Bit GDDR5 PCI Express 3.0 SLI Support Video Card,ZT-90401-10P,399.0,0.0,399.0,12.0,33.25,Other,Other
https://c1.neweggimages.com/productimage/nb300/14-131-863-01.png,4.9,14,PowerColor,PowerColor Hellhound Radeon RX 7900 GRE 16GB GDDR6 PCI Express 4.0 ATX Graphics Card RX7900GRE 16G-L/OC,RX7900GRE 16G-L/OC,1095.0,0.0,1095.0,16.0,68.4375,RX 7900,RX 7000
https://c1.neweggimages.com/productimage/nb300/14-932-378-V01.jpg,4.7,12,GIGABYTE,"GIGABYTE GeForce RTX 3060 Ti EAGLE OC 8GB Video Card, GV-N306TEAGLE OC-8GD (rev. 1.0)",GV-N306TEAGLE OC-8GD,695.0,0.0,695.0,8.0,86.875,RTX 3060,RTX 3000
https://c1.neweggimages.com/productimage/nb300/14-137-682-13.jpg,3.8,5,MSI,REFURBISHED MSI Mech Radeon RX 6600 XT 8GB GDDR6 PCI Express 4.0 ATX Graphics Card RX 6600 XT MECH 2X 8G OC,RX 6600XT MECH2X 8G OC,449.0,0.0,449.0,8.0,56.125,RX 6600,RX 6000
https://c1.neweggimages.com/productimage/nb300/14-131-717-Z01.jpg,4.0,138,PowerColor,USED - VERY GOOD PowerColor RED DRAGON Radeon RX 570 4GB GDDR5 PCI Express 3.0 CrossFireX Support ATX Graphics Card AXRX 570 4GBD5-3DHD/OC,AXRX 570 4GBD5-3DHD/,144.99,0.0,144.99,4.0,36.2475,RX 570,RX 500
https://c1.neweggimages.com/productimage/nb300/14-150-839-V01.jpg,4.1,76,XFX,XFX Radeon RX 5700 XT 8GB GDDR6 PCI Express 4.0 ATX Graphics Card RX-57XT83LD8,RX-57XT83LD8,499.0,0.0,499.0,8.0,62.375,RX 5700,RX 5000
https://c1.neweggimages.com/productimage/nb300/14-932-437-V06.jpg,4.2,70,GIGABYTE,GIGABYTE VISION OC GeForce RTX 3080 Ti 12GB GDDR6X PCI Express 4.0 ATX Graphics Card GV-N308TVISION OC-12GD,GV-N308TVISION OC-12GD,1289.0,0.0,1289.0,12.0,107.41666666666667,RTX 3080,RTX 3000
https://c1.neweggimages.com/productimage/nb300/14-131-867-04.jpg,4.8,59,PowerColor,PowerColor Hellhound Spectral White AMD Radeon RX 7800 XT 16GB GDDR6 WHITE Graphics Card,RX7800XT 16G-L/OC/WHITE,899.0,0.0,899.0,16.0,56.1875,RX 7800,RX 7000
https://c1.neweggimages.com/productimage/nb300/14-137-631-03.jpg,4.8,262,MSI,MSI Ventus GeForce RTX 3060 12GB GDDR6 PCI Express 4.0 Graphics Card RTX 3060 Ventus 3X 12G OC,RTX3060Ventus3X12GOC,598.0,0.0,635.0,12.0,49.833333333333336,RTX 3060,RTX 3000
https://c1.neweggimages.com/productimage/nb300/14-932-786-01.jpg,4.5,114,GIGABYTE,GIGABYTE AERO GeForce RTX 5060 Ti 16GB GDDR7 PCI Express 5.0 x8 ATX Graphics Card GV-N506TAERO OC-16GD,GV-N506TAERO OC-16GD,968.06,0.0,968.06,16.0,60.50375,RTX 5060,RTX 5000
https://c1.neweggimages.com/productimage/nb300/14-932-150-S04.jpg,4.4,81,GIGABYTE,"GIGABYTE GeForce GTX 1650 OC 4G Graphics Card, 2 x WINDFORCE Fans, 4GB 128-Bit GDDR5, GV-N1650OC-4GD Video Card",GV-N1650OC-4GD,259.0,0.0,329.99,4.0,64.75,Other,Other
https://c1.neweggimages.com/productimage/nb300/ACSJ_131468791096076311JXbacN4mc8.jpg,5.0,2,AMD,REFURBISHED HP AMD FirePro W7000 4GB 4x DisplayPort Graphics Card 703482-001,AMD-703482-001,128.99,0.0,128.99,4.0,32.2475,Other,Other
https://c1.neweggimages.com/productimage/nb300/14-500-546-18.jpg,4.5,38,ZOTAC,"ZOTAC GAMING GeForce RTX 4070 Ti Trinity OC DLSS 3 12GB GDDR6X 192-bit 21 Gbps PCIE 4.0 Gaming Graphics Card, IceStorm 2.0 Advanced Cooling, SPECTRA 2.0 RGB Lighting, ZT-D40710J-10P",ZT-D40710J-10P,1298.0,0.0,1298.0,12.0,108.16666666666667,RTX 4070,RTX 4000
https://c1.neweggimages.com/productimage/nb300/AXZZS2202090H2EIDF6.jpg,5.0,1,Unknown,MAXSUN Nvidia GeForce RTX 3060 iCraft OC Edition 12G GDDR6 Computer Video Graphics Cards GPU For Gaming PC PCI Express 4.0 x16 RGB HDMI 2.1,MS-GEFORCERTX3060ICraftOC12G,489.0,0.0,489.0,12.0,40.75,RTX 3060,RTX 3000
https://c1.neweggimages.com/productimage/nb300/14-932-561-23.jpg,4.3,270,GIGABYTE,GIGABYTE Gaming GeForce RTX 4080 16GB GDDR6X PCI Express 4.0 x16 ATX Graphics Card GV-N4080GAMING OC-16GD,GV-N4080GAMING OC-16GD,1549.0,0.0,1799.0,16.0,96.8125,RTX 4080,RTX 4000
https://c1.neweggimages.com/productimage/nb300/14-126-133-07.jpg,4.2,261,ASUS,ASUS Dual GeForce GTX 1060 3GB GDDR5 PCI Express 3.0 Graphics Card DUAL-GTX1060-O3G,DUAL-GTX1060-O3G,329.0,0.0,329.0,3.0,109.66666666666667,Other,Other
https://c1.neweggimages.com/productimage/nb300/14-137-791-01.jpg,4.8,69,MSI,MSI Gaming GeForce RTX 4070 12GB GDDR6X PCI Express 4.0 ATX Graphics Card RTX 4070 GAMING X TRIO 12G,RTX 4070 GAMING X TRIO 12G,869.0,0.0,1090.0,12.0,72.41666666666667,RTX 4070,RTX 4000
https://c1.neweggimages.com/productimage/nb300/14-500-408-S99.jpg,4.4,60,ZOTAC,"ZOTAC GeForce GTX 1070 Mini, ZT-P10700G-10M, 8GB GDDR5",ZT-P10700G-10M,279.0,0.0,279.0,8.0,34.875,Other,Other
https://c1.neweggimages.com/productimage/nb300/14-202-282-Z01.jpg,4.3,23,Sapphire Tech,"Sapphire NITRO+ Radeon RX 570 8GB GDDR5 PCI-E Dual HDMI / DVI-D / Dual DP w/ Backplate (UEFI), 100412NT+8GL",100412NT+8GL,389.0,0.0,389.0,8.0,48.625,RX 570,RX 500
https://c1.neweggimages.com/productimage/nb300/AMYMD2112300I1V1Q63.jpg,4.0,1,MSI,REFURBISHED RTX 3060 Ventus 2X OC 12GB GDDR6 RTX 3060 VENTUS 2X 12G OC Video Graphic Card GPU,MSI 3060 VENTUS 2X 12G OC-R,435.0,0.0,435.0,12.0,36.25,RTX 3060,RTX 3000
https://c1.neweggimages.com/productimage/nb300/14-126-746-01.png,4.6,77,ASUS,ASUS PRIME Radeon RX 9070 XT 16GB 256-Bit GDDR6 RNDA 4 FSR 4 PCI Express 5.0 Graphics Card PRIME-RX9070XT-16G,PRIME-RX9070XT-16G,1260.99,0.0,1260.99,16.0,78.811875,RX 9070,RX 9000
https://c1.neweggimages.com/productimage/nb300/14-932-697-02.jpg,4.7,7,GIGABYTE,GIGABYTE WINDFORCE GeForce RTX 3050 6GB GDDR6 PCI Express 4.0 x8 ATX Graphics Card GV-N3050WF2OC-6GD,GV-N3050WF2OC-6GD,349.0,0.0,349.0,6.0,58.166666666666664,RTX 3050,RTX 3000
https://c1.neweggimages.com/productimage/nb300/14-930-011-V01.jpg,3.2,22,ASRock,USED - VERY GOOD ASRock Phantom Gaming X Radeon RX 590 8GB GDDR5 PCI Express 3.0 x16 Graphics Card RX590 8G OC,Phantom X RX590 8GOC,166.0,30.0,166.0,8.0,20.75,RX 590,RX 500
https://c1.neweggimages.com/productimage/nb300/14-202-079-04.jpg,4.2,95,Sapphire Tech,SAPPHIRE TRI-X OC Radeon R9 290X 4GB GDDR5 PCI Express 3.0 CrossFireX Support Graphics Card 100361-2SR,100361-2SR,378.0,0.0,378.0,4.0,94.5,Other,Other
https://c1.neweggimages.com/productimage/nb300/14-137-792-01.png,4.7,384,MSI,MSI Ventus GeForce RTX 3060 Ti 8GB GDDR6X PCI Express 4.0 Graphics Card RTX 3060 TI VENTUS 2X 8GD6X OC,RTX 3060 TI VENTUS 2X 8GD6X OC,695.0,0.0,695.0,8.0,86.875,RTX 3060,RTX 3000
https://c1.neweggimages.com/productimage/nb300/ADRA_131605276756152675NsYuqJUn0p.jpg,3.0,2,NVIDIA,NVIDIA 900-1G611-2550-000 GeForce GTX 1080 Ti Founders Edition DirectX 12 11GB 352-Bit GDDR5X PCI Express 3.0 x16 HDCP Ready SLI Support Video Card,900-1G611-2550-000,399.0,0.0,399.0,11.0,36.27272727272727,Other,Other
