img,rating,reviews,manufacturer,title,model,price,shipping_price,original_price
https://c1.neweggimages.com/productimage/nb300/14-202-457-01.jpg,4.7,125,Sapphire Tech,SAPPHIRE PULSE Radeon RX 9060 XT 16GB GDDR6 PCI Express 5.0 x16 ATX Graphics Card 11350-03-20G,11350-03-20G,499.99,0.0,499.99
https://c1.neweggimages.com/productimage/nb300/14-930-140-04.jpg,4.7,111,ASRock,ASRock Challenger Radeon RX 9060 XT 16GB GDDR6 PCI Express 5.0 x16 Graphics Card RX9060XT CL 16GO RX 9060XT,RX9060XT CL 16GO,469.99,0.0,498.49
https://c1.neweggimages.com/productimage/nb300/14-932-768-19.png,4.8,241,GIGABYTE,GIGABYTE Gaming GeForce RTX 5070 Ti 16GB GDDR7 PCI Express 5.0 ATX Graphics Card GV-N507TGAMING OC-16GD,GV-N507TGAMING OC-16GD,1087.99,0.0,1271.99
https://c1.neweggimages.com/productimage/nb300/14-930-145-02.png,4.6,139,ASRock,ASRock Challenger Radeon RX 9070 XT 16GB GDDR6 PCI Express 5.0 x16 Graphics Card RX9070XT CL 16G,RX9070XT CL 16G,719.99,0.0,719.99
https://c1.neweggimages.com/productimage/nb300/14-932-753-03.png,4.6,299,GIGABYTE,GIGABYTE Gaming GeForce RTX 5080 16GB GDDR7 PCI Express 5.0 Graphics Card GV-N5080GAMING OC-16GD,GV-N5080GAMING OC-16GD,1699.99,0.0,1699.99
https://c1.neweggimages.com/productimage/nb300/14-932-774-01.jpg,4.3,142,GIGABYTE,GIGABYTE Gaming GeForce RTX 5070 12GB GDDR7 PCI Express 5.0 ATX Graphics Card GV-N5070GAMING OC-12GD,GV-N5070GAMING OC-12GD,839.99,0.0,839.99
https://c1.neweggimages.com/productimage/nb300/14-930-138-03.jpg,4.5,74,ASRock,ASRock Challenger Radeon RX 9070 16GB GDDR6 PCI Express 5.0 x16 ATX Graphics Card RX9070 CL 16G,RX9070 CL 16G,649.99,0.0,650.0
https://c1.neweggimages.com/productimage/nb300/14-932-827-12.jpg,4.5,235,GIGABYTE,GIGABYTE Gaming Radeon RX 9070 GRE 12GB GDDR6 PCI Express 5.0 ATX Graphics Card GV-R907GREGAMING OC-12GD,GV-R907GREGAMING OC-12GD,534.99,0.0,567.49
https://c1.neweggimages.com/productimage/nb300/14-202-450-01.png,4.5,157,Sapphire Tech,SAPPHIRE PULSE Radeon RX 9070 XT 16GB GDDR6 PCI Express 5.0 x16 ATX Graphics Card 11348-03-20G,11348-03-20G,789.99,0.0,879.99
https://c1.neweggimages.com/productimage/nb300/14-930-131-07.jpg,4.2,53,ASRock,ASRock Challenger Arc B580 12GB GDDR6 PCI Express 4.0 x8 ATX Graphics Card B580 CL 12GO,B580 CL 12GO,309.99,0.0,328.99
https://c1.neweggimages.com/productimage/nb300/14-930-093-V03.jpg,4.6,75,ASRock,ASRock Challenger Radeon RX 7600 8GB GDDR6 PCI Express 4.0 x8 ATX Graphics Card RX7600 CL 8GO,RX7600 CL 8GO,299.99,0.0,329.99
https://c1.neweggimages.com/productimage/nb300/AD2CS2603310UEZ4L2E.jpg,5.0,1,XFX,"XFX Quicksilver AMD Radeon RX 9070 XT Gaming Edition with 16GB GDDR6 HDMI 3xDP, AMD RDNA 4 RX-97TQICKBA",RX-97TQICKBA,729.99,0.0,788.49
https://c1.neweggimages.com/productimage/nb300/14-202-448-01.png,4.5,158,Sapphire Tech,SAPPHIRE NITRO+ Radeon RX 9070 XT 16GB GDDR6 PCI Express 5.0 x16 ATX Graphics Card 11348-01-20G,11348-01-20G,849.99,0.0,949.99
https://c1.neweggimages.com/productimage/nb300/14-982-011-22.jpg,4.6,393,MSI,MSI FRIEREN EDITION GeForce RTX 5070 Ti 16GB GDDR7 PCI Express 5.0 ATX Video Card RTX 5070 Ti 16G FRIEREN EDITION OC,RTX 5070 Ti 16G FRIEREN EDITION OC,1149.99,0.0,1299.99
https://c1.neweggimages.com/productimage/nb300/14-932-771-02.jpg,4.8,241,GIGABYTE,GIGABYTE WindForce GeForce RTX 5070 Ti 16GB GDDR7 PCI Express 5.0 ATX Graphics Card GV-N507TWF3OC-16GD,GV-N507TWF3OC-16GD,1169.99,0.0,1169.99
https://c1.neweggimages.com/productimage/nb300/14-932-751-07.jpg,4.5,235,GIGABYTE,GIGABYTE Gaming Radeon RX 9070 XT 16GB GDDR6 PCI Express 5.0 x16 ATX Graphics Card GV-R9070XTGAMING OC-16GD,GV-R9070XTGAMING OC-16GD,810.0,0.0,810.0
https://c1.neweggimages.com/productimage/nb300/14-930-084-06.jpg,4.3,355,ASRock,ASRock Radeon RX 7900 XTX 24GB GDDR6 PCI Express 4.0 Video Card RX7900XTX 24G - OEM,RADEON RX7900XTX 24G,1029.99,0.0,1029.99
https://c1.neweggimages.com/productimage/nb300/14-137-965-12.jpg,4.6,166,MSI,MSI Ventus GeForce RTX 5060 Ti 8GB GDDR7 PCI Express 5.0 x 16 (use x8) ATX Graphics Card RTX 5060 Ti 8G VENTUS 2X OC PLUS,RTX 5060 Ti 8G VENTUS 2X OC PLUS,509.99,0.0,550.79
https://c1.neweggimages.com/productimage/nb300/14-932-761-19.jpg,4.3,137,GIGABYTE,GIGABYTE Gaming GeForce RTX 5090 32GB GDDR7 PCI Express 5.0 ATX Graphics Card GV-N5090GAMING OC-32GD,GV-N5090GAMING OC-32GD,4899.99,0.0,4899.99
https://c1.neweggimages.com/productimage/nb300/14-987-002-01.png,4.5,152,Unknown,ONIX LUMI Arc B580 12GB GDDR6 PCI Express 4.0 x8 ATX Graphics Card 8346-00278,8346-00278,309.99,0.0,328.99
https://c1.neweggimages.com/productimage/nb300/14-137-957-06.jpg,4.6,166,MSI,MSI Ventus GeForce RTX 5060 Ti 16GB GDDR7 PCI Express 5.0 x 16 (use x8) ATX Graphics Card RTX 5060 Ti 16G VENTUS 3X OC,RTX 5060 Ti 16G VENTUS 3X OC,799.99,0.0,799.99
https://c1.neweggimages.com/productimage/nb300/14-137-919-07.jpg,4.7,136,MSI,MSI Gaming GeForce RTX 5090 32GB GDDR7 PCI Express 5.0 Graphics Card RTX 5090 32G GAMING TRIO OC,RTX 5090 32G GAMING TRIO OC,4899.99,0.0,4899.99
https://c1.neweggimages.com/productimage/nb300/14-137-914-09.jpg,4.5,248,MSI,MSI SHADOW GeForce RTX 5080 16GB GDDR7 PCI Express 5.0 Graphics Card RTX 5080 16G SHADOW 3X OC,RTX 5080 16G SHADOW 3X OC,1579.99,0.0,1579.99
https://c1.neweggimages.com/productimage/nb300/14-932-777-02.jpg,4.3,142,GIGABYTE,GIGABYTE WindForce GeForce RTX 5070 12GB GDDR7 PCI Express 5.0 ATX Graphics Card GV-N5070WF3OC-12GD,GV-N5070WF3OC-12GD,799.99,0.0,799.99
https://c1.neweggimages.com/productimage/nb300/14-932-754-05.png,4.6,299,GIGABYTE,GIGABYTE WINDFORCE GeForce RTX 5080 16GB GDDR7 PCI Express 5.0 Graphics Card GV-N5080WF3OC-16GD,GV-N5080WF3OC-16GD,1599.99,0.0,1599.99
https://c1.neweggimages.com/productimage/nb300/14-932-776-02.jpg,4.3,142,GIGABYTE,GIGABYTE Eagle GeForce RTX 5070 12GB GDDR7 PCI Express 5.0 ATX Graphics Card GV-N5070EAGLE OC-12GD,GV-N5070EAGLE OC-12GD,809.99,0.0,809.99
https://c1.neweggimages.com/productimage/nb300/14-150-910-01.jpg,4.7,27,XFX,"XFX Swift AMD Radeon RX 9060 XT OC Gaming Edition with 16GB GDDR6 HDMI 2xDP, AMD RDNA 4",RX-96TSW16BQ,509.99,0.0,509.99
https://c1.neweggimages.com/productimage/nb300/14-932-769-02.jpg,4.8,241,GIGABYTE,GIGABYTE Eagle GeForce RTX 5070 Ti 16GB GDDR7 PCI Express 5.0 ATX Graphics Card GV-N507TEAGLEOC ICE-16GD,GV-N507TEAGLEOC ICE-16GD,1189.99,0.0,1227.19
https://c1.neweggimages.com/productimage/nb300/14-137-993-03.jpg,4.6,393,MSI,MSI Ventus GeForce RTX 5070 Ti 16GB GDDR7 PCI Express 5.0 Graphics Card RTX 5070 TI 16G VENTUS 3X OC BLACK,RTX 5070 Ti 16G VENTUS 3X OC BLACK,1189.99,0.0,1219.99
https://c1.neweggimages.com/productimage/nb300/14-932-824-07.jpg,4.8,158,GIGABYTE,GIGABYTE Gaming Radeon RX 9060 XT 16GB GDDR6 PCI Express 5.0 x16 ATX Graphics Card GV-R906XGAMINGOCICE-16GD,GV-R906XGAMINGOCICE-16GD,549.99,0.0,549.99
https://c1.neweggimages.com/productimage/nb300/14-930-136-05.jpg,4.5,182,ASRock,ASRock Steel Legend Radeon RX 9070 XT 16GB GDDR6 PCI Express 5.0 x16 ATX Graphics Card RX9070XT SL 16G,RX9070XT SL 16G,769.99,0.0,769.99
https://c1.neweggimages.com/productimage/nb300/14-150-899-01.jpg,4.6,91,XFX,XFX Mercury Radeon RX 9070 XT OC 16GB 256-Bit GDDR6 PCI-Express 5.0 RDNA 4 Graphics Card RX-97TRGBBB9,RX-97TRGBBB9,899.99,0.0,899.99
https://c1.neweggimages.com/productimage/nb300/14-930-076-01.jpg,4.1,152,ASRock,ASRock Challenger Arc A380 6GB GDDR6 PCI Express 4.0 ITX Video Card A380 CLI 6G OC,A380 CLI 6G OC,139.99,6.99,148.49
https://c1.neweggimages.com/productimage/nb300/14-932-806-03.jpg,4.8,158,GIGABYTE,GIGABYTE Gaming Radeon RX 9060 XT 16GB GDDR6 PCI Express 5.0 x16 ATX Graphics Card GV-R9060XTGAMING OC-16GD RX 9060XT,GV-R9060XTGAMING OC-16GD,529.99,0.0,529.99
https://c1.neweggimages.com/productimage/nb300/14-137-941-04.jpg,4.7,210,MSI,MSI SHADOW GeForce RTX 5070 12GB GDDR7 PCI Express 5.0 ATX Graphics Card RTX 5070 12G SHADOW 3X OC,RTX 5070 12G SHADOW 3X OC,809.99,0.0,809.99
https://c1.neweggimages.com/productimage/nb300/14-126-756-12.png,4.6,249,ASUS,ASUS PRIME GeForce RTX 5070 Ti 16GB 256-Bit GDDR7 PCI Express 5.0 DLSS 4.0 Graphics Card PRIME-RTX5070TI-16G,PRIME-RTX5070TI-16G,1119.99,0.0,1187.49
https://c1.neweggimages.com/productimage/nb300/14-126-743-11.png,4.7,173,ASUS,ASUS TUF Gaming GeForce RTX 5080 16GB GDDR7 OC Edition TUF-RTX5080-O16G-GAMING PCI-Express 5.0 DLSS 4.0 Graphics Card,TUF-RTX5080-O16G-GAMING,1899.99,0.0,1899.99
https://c1.neweggimages.com/productimage/nb300/14-137-977-06.jpg,4.6,166,MSI,MSI SHADOW GeForce RTX 5060 Ti 16GB GDDR7 PCI Express 5.0 Graphics Card RTX 5060 Ti 16G SHADOW 2X OC PLUS,RTX 5060 Ti 16G SHADOW 2X OC PLUS,779.99,0.0,842.39
https://c1.neweggimages.com/productimage/nb300/14-930-134-03.png,4.5,26,ASRock,ASRock Challenger Arc B570 10GB GDDR6 PCI Express 4.0 x8 ATX Graphics Card B570 CL 10GO,B570 CL 10GO,259.99,0.0,275.99
https://c1.neweggimages.com/productimage/nb300/14-137-879-01.png,5.0,19,MSI,MSI LP GeForce RTX 3050 6GB GDDR6 PCI Express 4.0 x8 ATX Graphics Card RTX 3050 LP 6G OC,RTX 3050 LP 6G OC,219.99,9.99,299.35
https://c1.neweggimages.com/productimage/nb300/14-137-878-01.png,4.3,35,MSI,MSI Ventus GeForce RTX 3050 6GB GDDR6 PCI Express 4.0 x8 ATX Graphics Card RTX 3050 VENTUS 2X 6G OC,RTX 3050 VENTUS 2X 6G OC,259.99,0.0,259.99
https://c1.neweggimages.com/productimage/nb300/14-932-810-02.jpg,4.3,137,GIGABYTE,GIGABYTE AORUS GeForce RTX 5090 32GB GDDR7 PCI Express 5.0 x16 ATX Graphics Card GV-N5090AORUSST ICE-32GD,GV-N5090AORUSST ICE-32GD,4999.99,0.0,5029.99
https://c1.neweggimages.com/productimage/nb300/14-932-817-06.png,5.0,9,GIGABYTE,GIGABYTE Low Profile GeForce RTX 5050 8GB GDDR6 PCI Express 5.0 x8 Low Profile Graphics Card GV-N5050OC-8GL,GV-N5050OC-8GL,299.99,0.0,317.99
https://c1.neweggimages.com/productimage/nb300/14-137-933-07.jpg,4.6,393,MSI,MSI Ventus GeForce RTX 5070 Ti 16GB GDDR7 PCI Express 5.0 ATX Graphics Card RTX 5070 TI 16G VENTUS 3X OC,RTX 5070 TI 16G VENTUS 3X OC,1179.99,0.0,1179.99
https://c1.neweggimages.com/productimage/nb300/14-137-810-02.png,4.8,26,MSI,MSI Ventus GeForce RTX 3050 8GB GDDR6 PCI Express 4.0 x8 ATX Graphics Card RTX 3050 VENTUS 2X XS 8G OC,RTX 3050 Ventus 2X XS 8G OC,259.99,0.0,275.99
https://c1.neweggimages.com/productimage/nb300/1FT-000Y-00BZ1-01.png,4.6,249,ASUS,ASUS TUF Gaming white GeForce RTX 5070 Ti OC Edition 16GB GDDR7 TUF-RTX5070TI-O16G-WHITE-GAMING PCI-Express 5.0 DLSS 4.0 Graphics Card,TUF-RTX5070TI-O16G-WHITE-GAMING,1499.0,0.0,1499.0
https://c1.neweggimages.com/productimage/nb300/14-932-804-13.jpg,4.4,48,GIGABYTE,GIGABYTE WINDFORCE GeForce RTX 5060 8GB GDDR7 PCI Express 5.0 ATX Graphics Card GV-N5060WF2OC-8GD,GV-N5060WF2OC-8GD,459.99,0.0,459.99
https://c1.neweggimages.com/productimage/nb300/14-500-644-01.jpg,5.0,1,ZOTAC,ZOTAC ARCTICSTORM AIO GeForce RTX 5090 32GB GDDR7 PCI Express 5.0 x16 ATX Graphics Card RTX 5090 ARCTICSTORM AIO,ZT-B50900K-30A,6900.0,0.0,6900.0
https://c1.neweggimages.com/productimage/nb300/14-932-765-02.jpg,4.3,137,GIGABYTE,GIGABYTE AORUS GeForce RTX 5090 32GB GDDR7 PCI Express 5.0 ATX Graphics Card GV-N5090AORUSM ICE-32GD,GV-N5090AORUSM ICE-32GD,4929.99,0.0,4929.99
https://c1.neweggimages.com/productimage/nb300/14-932-826-05.jpg,4.5,114,GIGABYTE,GIGABYTE AORUS GeForce RTX 5060 Ti 16GB GDDR7 Graphics AORUS RTX 5060 TI AI BOX,GV-N506TIXEB-16GD,899.99,0.0,935.99
https://c1.neweggimages.com/productimage/nb300/14-137-938-04.jpg,4.7,210,MSI,MSI Gaming GeForce RTX 5070 12GB GDDR7 PCI Express 5.0 ATX Graphics Card RTX 5070 12G GAMING TRIO OC,RTX 5070 12G GAMING TRIO OC,849.99,0.0,917.99
https://c1.neweggimages.com/productimage/nb300/14-500-638-01.jpg,5.0,5,ZOTAC,ZOTAC Twin Edge OC GeForce RTX 5060 Ti 8GB GDDR7 PCI Express 5.0 x 8 ATX Graphics Card ZOTAC GAMING GeForce RTX 5060 Ti 8GB Twin Edge OC,ZT-B50610H-10A,529.99,0.0,529.99
https://c1.neweggimages.com/productimage/nb300/14-137-978-01.jpg,4.6,166,MSI,MSI SHADOW GeForce RTX 5060 Ti 8GB GDDR7 PCI Express 5.0 Graphics Card RTX 5060 Ti 8G SHADOW 2X OC PLUS,RTX 5060 Ti 8G SHADOW 2X OC PLUS,499.99,0.0,519.88
https://c1.neweggimages.com/productimage/nb300/14-932-755-05.png,4.6,299,GIGABYTE,GIGABYTE AORUS GeForce RTX 5080 16GB GDDR7 PCI Express 5.0 Graphics Card GV-N5080AORUS M-16GD,GV-N5080AORUS M-16GD,1799.99,0.0,1799.99
https://c1.neweggimages.com/productimage/nb300/14-982-013-06.webp,0.0,0,MSI,MSI Ventus GeForce RTX 3060 12GB GDDR6 PCI Express 4.0 Graphics Card RTX 3060 Ventus 2X 12G OC,RTX 3060 Ventus 2X 12G OCV1,479.99,0.0,479.99
https://c1.neweggimages.com/productimage/nb300/14-932-756-05.png,4.6,299,GIGABYTE,GIGABYTE AERO GeForce RTX 5080 16GB GDDR7 PCI Express 5.0 Graphics Card GV-N5080AERO OC-16GD,GV-N5080AERO OC-16GD,1749.99,0.0,1749.99
https://c1.neweggimages.com/productimage/nb300/14-137-976-03.jpg,4.9,21,MSI,MSI SHADOW GeForce RTX 5060 8GB GDDR7 PCI Express 5.0 x 16 (use x8) Graphics Card RTX 5060 8G SHADOW 2X OC,RTX 5060 8G SHADOW 2X OC,469.99,0.0,469.99
https://c1.neweggimages.com/productimage/nb300/14-150-888-22.png,4.4,16,XFX,XFX Speedster QICK309 Radeon RX 7600 XT 16GB Video Card RX-76TQICKBP,RX-76TQICKBP,399.99,0.0,399.99
https://c1.neweggimages.com/productimage/nb300/14-932-749-02.jpg,4.8,13,GIGABYTE,GIGABYTE WINDFORCE GeForce RTX 3050 6GB GDDR6 PCI Express 4.0 x8 ATX Graphics Card GV-N3050WF2OCV2-6GD,GV-N3050WF2OCV2-6GD,286.86,0.0,286.86
https://c1.neweggimages.com/productimage/nb300/14-932-767-02.jpg,4.8,241,GIGABYTE,GIGABYTE AERO GeForce RTX 5070 Ti 16GB GDDR7 PCI Express 5.0 ATX Graphics Card GV-N507TAERO OC-16GD,GV-N507TAERO OC-16GD,1259.99,0.0,1259.99
https://c1.neweggimages.com/productimage/nb300/14-150-900-05.jpg,4.6,91,XFX,XFX Swift AMD Radeon RX 9070 XT RNDA 4 16GB 256-Bit GDDR6 PCI-Express 5.0 RDNA 4 Graphics Card RX-97TSWF3B9,RX-97TSWF3B9,749.99,0.0,749.99
https://c1.neweggimages.com/productimage/nb300/14-126-756-12.png,4.6,249,ASUS,ASUS PRIME GeForce RTX 5070 Ti 16GB GDDR7 OC Edition PCI Express 5.0 DLSS 4.0 Graphics Card PRIME-RTX5070TI-O16G,PRIME-RTX5070TI-O16G,1199.99,0.0,1199.99
https://c1.neweggimages.com/productimage/nb300/14-137-935-17.jpg,4.6,393,MSI,MSI SHADOW GeForce RTX 5070 Ti 16GB GDDR7 PCI Express 5.0 ATX Graphics Card RTX 5070 TI 16G SHADOW 3X OC,RTX 5070 TI 16G SHADOW 3X OC,1169.99,0.0,1169.99
https://c1.neweggimages.com/productimage/nb300/14-126-776-02.png,4.7,173,ASUS,ASUS PRIME GeForce RTX 5080 16GB 256-Bit GDDR7 PCI-Express 5.0 DLSS 4.0 Graphics Card PRIME-RTX5080-16G,PRIME-RTX5080-16G,1681.68,0.0,1681.68
https://c1.neweggimages.com/productimage/nb300/14-930-112-05.jpg,4.2,24,ASRock,ASRock Challenger Arc A580 8GB GDDR6 PCI Express 4.0 x16 ATX Graphics Card A580 CL 8GO,A580 CL 8GO,199.99,0.0,199.99
https://c1.neweggimages.com/productimage/nb300/14-126-817-01.png,4.9,7,ASUS,ASUS Dual Radeon RX 9060 XT 16GB GDDR6 PCI Express 5.0 x16 ATX Graphics Card DUAL-RX9060XT-16G,DUAL-RX9060XT-16G,479.0,0.0,507.99
https://c1.neweggimages.com/productimage/nb300/14-932-658-08.jpg,4.7,41,GIGABYTE,GIGABYTE WINDFORCE OC GeForce RTX 3060 12GB GDDR6 PCI Express 4.0 x16 ATX Graphics Card GV-N3060WF2OC-12GD REV2.0,GV-N3060WF2OC-12GD REV2.0,459.99,0.0,487.99
https://c1.neweggimages.com/productimage/nb300/14-137-944-11.jpg,4.7,210,MSI,MSI SHADOW GeForce RTX 5070 12GB GDDR7 PCI Express 5.0 ATX Graphics Card RTX 5070 12G SHADOW 2X OC,RTX 5070 12G SHADOW 2X OC,970.9,0.0,970.9
https://c1.neweggimages.com/productimage/nb300/14-930-147-05.jpg,4.4,7,ASRock,ASRock Taichi Radeon RX 9070 XT 16GB GDDR6 PCI Express 5.0 x16 Graphics Card,RX9070XT TCW 16GO,839.99,0.0,890.49
https://c1.neweggimages.com/productimage/nb300/14-137-990-04.jpg,4.6,393,MSI,MSI MLG Edition GeForce RTX 5070 Ti 16GB GDDR7 PCI Express 5.0 Graphics Card RTX 5070 Ti 16G MLG EDITION OC,RTX 5070 Ti 16G MLG EDITION OC,1099.99,0.0,1099.99
https://c1.neweggimages.com/productimage/nb300/14-126-761-01.png,4.5,175,ASUS,ASUS PRIME GeForce RTX 5070 12GB 192-Bit GDDR7 PCI Express 5.0 Graphics Card PRIME-RTX5070-12G,PRIME-RTX5070-12G,819.99,0.0,819.99
https://c1.neweggimages.com/productimage/nb300/14-930-135-02.jpg,4.5,79,ASRock,ASRock Taichi Radeon RX 9070 XT 16GB GDDR6 PCI Express 5.0 x16 ATX Graphics Card RX9070XT TC 16GO,RX9070XT TC 16GO,789.99,0.0,837.49
https://c1.neweggimages.com/productimage/nb300/14-126-791-01.png,4.8,60,ASUS,ASUS PRIME GeForce RTX 5060 Ti 16GB 128-Bit GDDR7 PCI Express 5.0 x8 DLSS 4.0 Graphics Card PRIME-RTX5060TI-16G,PRIME-RTX5060TI-16G,809.99,0.0,874.79
https://c1.neweggimages.com/productimage/nb300/14-932-751-01.jpg,4.5,235,GIGABYTE,GIGABYTE Gaming Radeon RX 9070 XT 16GB GDDR6 PCI Express 5.0 x16 Graphics Card GV-R9070XTGAMING-16GD,GV-R9070XTGAMING-16GD,999.99,0.0,999.99
https://c1.neweggimages.com/productimage/nb300/14-982-006-03.jpg,4.6,393,MSI,MSI Ventus GeForce RTX 5070 Ti 16GB GDDR7 PCI Express 5.0 Graphics Card RTX 5070 Ti 16G VENTUS 3X PZ OC BLACK,RTX 5070 Ti 16G VENTUS 3X PZ OC BLACK,1199.99,0.0,1199.99
https://c1.neweggimages.com/productimage/nb300/14-126-524-01.jpg,4.7,261,ASUS,ASUS Dual GeForce RTX 3060 12GB GDDR6 PCI Express 4.0 Graphics Card DUAL-RTX3060-O12G-V2,DUAL-RTX3060-O12G-V2,458.81,0.0,474.0
https://c1.neweggimages.com/productimage/nb300/14-126-814-02.png,4.6,97,ASUS,ASUS ROG Astral GeForce RTX 5090 32GB GDDR7 PCI Express 5.0 Graphics Card ROG-ASTRAL-RTX5090-O32G-WHITE,ROG-ASTRAL-RTX5090-O32G-WHITE,6499.0,0.0,6499.0
https://c1.neweggimages.com/productimage/nb300/14-932-793-01.jpg,4.5,114,GIGABYTE,GIGABYTE Gaming GeForce RTX 5060 Ti 8GB GDDR7 PCI Express 5.0 x8 ATX Graphics Card GV-N506TGAMING OC-8GD,GV-N506TGAMING OC-8GD,529.99,0.0,551.19
https://c1.neweggimages.com/productimage/nb300/14-150-909-01.jpg,4.9,10,XFX,"XFX SWIFT AMD Radeon RX 9060 XT OC White Triple Fan Gaming Edition with 16GB GDDR6 HDMI 2xDP, AMD RDNA 4 RX 9060XT 16GB",RX-96TS316W7,549.99,0.0,549.99
https://c1.neweggimages.com/productimage/nb300/14-930-146-07.jpg,4.9,13,ASRock,ASRock Monster Hunter Wilds Radeon RX 9070 XT 16GB GDDR6 PCI Express 5.0 x16 Graphics Card RX9070XT MH 16G,RX9070XT MH 16G,769.99,0.0,816.49
https://c1.neweggimages.com/productimage/nb300/14-126-798-01.png,4.8,60,ASUS,ASUS Dual GeForce RTX 5060 Ti 16GB 128-Bit GDDR7 PCI Express 5.0 x8 DLSS 4.0 Graphics Card DUAL-RTX5060TI-O16G,DUAL-RTX5060TI-O16G,799.99,0.0,863.99
https://c1.neweggimages.com/productimage/nb300/14-932-796-01.jpg,4.5,114,GIGABYTE,GIGABYTE WindForce GeForce RTX 5060 Ti 8GB GDDR7 PCI Express 5.0 x8 ATX Graphics Card GV-N506TWF2OC-8GD,GV-N506TWF2OC-8GD,509.99,0.0,509.99
https://c1.neweggimages.com/productimage/nb300/14-126-744-02.png,4.7,173,ASUS,ASUS PRIME GeForce RTX 5080 16GB GDDR7 OC Edition PRIME-RTX5080-O16G PCI-Express 5.0 DLSS 4.0 Graphics Card,PRIME-RTX5080-O16G,1699.99,0.0,1699.99
https://c1.neweggimages.com/productimage/nb300/14-137-992-01.jpg,4.6,166,MSI,MSI Ventus GeForce RTX 5060 Ti 16GB GDDR7 PCI Express 5.0 x16 (use x8) Graphics Card (RTX 5060 Ti 16G VENTUS 2X OC BLACK PLUS),RTX 5060 Ti 16G VENTUS 2X OC BLACK PLUS,998.0,0.0,998.0
https://c1.neweggimages.com/productimage/nb300/14-133-900-03.png,5.0,4,Unknown,"PNY GeForce RTX 5070 Ti OC PCI Express 5.0, 16GB GDDR7, DLSS 4.0 Graphics Card VCG5070T16TFXPB1-O",VCG5070T16TFXPB1-O,1382.75,0.0,1382.75
https://c1.neweggimages.com/productimage/nb300/14-137-975-03.jpg,4.9,21,MSI,MSI Ventus GeForce RTX 5060 8GB GDDR7 PCI Express 5.0 x 16 (use x8) Graphics Card RTX 5060 8G VENTUS 2X OC,RTX 5060 8G VENTUS 2X OC,459.99,0.0,459.99
https://c1.neweggimages.com/productimage/nb300/14-932-792-01.jpg,4.5,114,GIGABYTE,GIGABYTE AERO GeForce RTX 5060 Ti 8GB GDDR7 PCI Express 5.0 x8 ATX Graphics Card GV-N506TAERO OC-8GD,GV-N506TAERO OC-8GD,539.99,0.0,561.59
https://c1.neweggimages.com/productimage/nb300/14-137-910-08.jpg,4.5,248,MSI,MSI Gaming GeForce RTX 5080 16GB GDDR7 PCI Express 5.0 Graphics Card RTX 5080 16G GAMING TRIO OC,RTX 5080 16G GAMING TRIO OC,1799.99,0.0,1799.99
https://c1.neweggimages.com/productimage/nb300/14-137-995-01.png,4.6,393,MSI,MSI Ventus GeForce RTX 5070 Ti 16GB GDDR7 PCI Express 5.0 Graphics Card RTX 5070 Ti 16G VENTUS 3X PZ OC,RTX 5070 Ti 16G VENTUS 3X PZ OC,1698.0,0.0,1698.0
https://c1.neweggimages.com/productimage/nb300/14-131-871-01.png,4.6,43,PowerColor,PowerColor Reaper Radeon RX 9070 XT 16GB GDDR6 PCI Express 5.0 x16 RDNA 4 ATX Graphics Card RX9070XT 16G-A,RX9070XT 16G-A,789.99,0.0,799.99
https://c1.neweggimages.com/productimage/nb300/14-932-823-18.jpg,4.5,235,GIGABYTE,GIGABYTE Gaming Radeon RX 9070 XT 16GB GDDR6 PCI Express 5.0 x16 Graphics Card GV-R907XGAMINGOCICE-16GD,GV-R907XGAMINGOCICE-16GD,859.16,0.0,859.16
https://c1.neweggimages.com/productimage/nb300/14-982-009-01.jpg,4.5,248,MSI,MSI GeForce RTX 5080 16GB GDDR7 PCI Express 5.0 ATX Video Card RTX 5080 16G VENTUS 3X OC BLACK,RTX 5080 16G VENTUS 3X OC BLACK,1649.99,0.0,1649.99
https://c1.neweggimages.com/productimage/nb300/B7UMS2506020W9WB4D7.jpg,5.0,6,XFX,"XFX Mercury AMD Radeon RX 9070 XT OC Magnetic Air Edition with RGB 16GB GDDR6 HDMI 3xDP, AMD RDNA 4 RX-97TMARGB9",RX-97TMARGB9,829.99,0.0,829.99
https://c1.neweggimages.com/productimage/nb300/14-932-812-06.png,4.5,114,GIGABYTE,GIGABYTE Eagle GeForce RTX 5060 Ti 8GB GDDR7 PCI Express 5.0 ATX Graphics Card GV-N506TEAGLEMAX OC-8GD,GV-N506TEAGLEMAX OC-8GD,529.99,0.0,529.99
https://c1.neweggimages.com/productimage/nb300/14-131-883-02.png,5.0,3,PowerColor,PowerColor Hellhound Radeon RX 9070 XT 16GB GDDR6 PCI Express 5.0 x16 Graphics Card Hellhound Spectral White AMD Radeon RX 9070 XT 16GB GDDR6,RX9070XT 16G-L/OC/WHITE,839.99,0.0,890.49
https://c1.neweggimages.com/productimage/nb300/14-932-775-02.jpg,4.3,142,GIGABYTE,GIGABYTE Eagle GeForce RTX 5070 12GB GDDR7 PCI Express 5.0 ATX Graphics Card GV-N5070EAGLEOC ICE-12GD,GV-N5070EAGLEOC ICE-12GD,809.99,0.0,842.39
https://c1.neweggimages.com/productimage/nb300/14-930-078-17.jpg,4.1,26,ASRock,ASRock Challenger Arc A750 Graphics Card A750 CL SE 8GO,A750 CL SE 8GO,209.99,0.0,209.99
https://c1.neweggimages.com/productimage/nb300/AZUES250509085KG933.jpg,4.7,3,Unknown,"Yeston Sakura Radeon RX 9070 XT 16GB GDDR6 RDNA 4 4nm Triple Fan ARGB Desktop Graphics Card, Dual BIOS, PCIe 5.0, 3×DP+1×HDMI",RX9070XT-16GD6-OC-SA,779.0,0.0,1029.0
https://c1.neweggimages.com/productimage/nb300/14-932-770-02.jpg,4.8,241,GIGABYTE,GIGABYTE Eagle GeForce RTX 5070 Ti 16GB GDDR7 PCI Express 5.0 ATX Graphics Card GV-N507TEAGLE OC-16GD,GV-N507TEAGLE OC-16GD,1179.99,0.0,1227.19
https://c1.neweggimages.com/productimage/nb300/14-932-815-10.png,5.0,9,GIGABYTE,GIGABYTE Gaming GeForce RTX 5050 8GB GDDR6 PCI Express 5.0 x8 ATX Graphics Card GV-N5050GAMING OC-8GD,GV-N5050GAMING OC-8GD,319.99,0.0,319.99
https://c1.neweggimages.com/productimage/nb300/14-137-930-03.jpg,4.5,248,MSI,MSI Ventus GeForce RTX 5080 16GB GDDR7 PCI Express 5.0 Graphics Card RTX 5080 16G VENTUS 3X OC,RTX 5080 16G VENTUS 3X OC,1799.0,0.0,1799.0
https://c1.neweggimages.com/productimage/nb300/14-126-807-10.png,4.6,51,ASUS,ASUS Dual GeForce RTX 5060 8GB GDDR7 PCI Express 5.0 x8 ATX Graphics Card DUAL-RTX5060-O8G,DUAL-RTX5060-O8G,469.99,0.0,498.19
https://c1.neweggimages.com/productimage/nb300/14-150-907-05.jpg,4.6,91,XFX,XFX Swift AMD Radeon RX 9070XT RNDA 4 16GB 256-Bit GDDR6 PCI-Express 5.0 RDNA 4 White Graphics Card RX-97TSWF3W9,RX-97TSWF3W9,769.99,0.0,769.99
https://c1.neweggimages.com/productimage/nb300/14-126-843-01.png,0.0,0,ASUS,"ASUS ROG Astral GeForce RTX 5090 Edition 20 (PCIe 5.0, 32GB GDDR7, HDMI/ DisplayPort 2.1, 4-fan, curved-screen AMOLED display, liquid metal GPU cooling, dual power input up to 800W)",ROG-ASTRAL-RTX5090-P32G-EDITION20,5999.99,0.0,5999.99
https://c1.neweggimages.com/productimage/nb300/14-137-958-01.jpg,4.6,166,MSI,MSI Ventus GeForce RTX 5060 Ti 16GB GDDR7 PCI Express 5.0 x 16 (use x8) ATX Graphics Card RTX 5060 Ti 16G VENTUS 2X OC PLUS,RTX 5060 Ti 16G VENTUS 2X OC PLUS,996.0,0.0,996.0
https://c1.neweggimages.com/productimage/nb300/14-137-931-05.jpg,4.6,393,MSI,MSI Gaming GeForce RTX 5070 Ti 16GB GDDR7 PCI Express 5.0 ATX Graphics Card RTX 5070 Ti 16G GAMING TRIO OC,RTX 5070 TI 16G GAMING TRIO OC,1049.99,0.0,1133.99
https://c1.neweggimages.com/productimage/nb300/14-137-940-02.jpg,4.7,210,MSI,MSI Ventus GeForce RTX 5070 12GB GDDR7 PCI Express 5.0 ATX Graphics Card RTX 5070 12G VENTUS 3X OC,RTX 5070 12G VENTUS 3X OC,839.99,0.0,839.99
https://c1.neweggimages.com/productimage/nb300/14-137-909-12.jpg,4.5,248,MSI,MSI Gaming GeForce RTX 5080 16GB GDDR7 PCI Express 5.0 Graphics Card RTX 5080 16G GAMING TRIO OC WHITE,RTX 5080 16G GAMING TRIO OC WHITE,1799.99,0.0,1799.99
https://c1.neweggimages.com/productimage/nb300/14-131-880-01.png,4.4,38,PowerColor,PowerColor Reaper Radeon RX 9060 XT 16GB GDDR6 PCI Express 5.0 x16 ATX Video Card RX9060XT 16G-A,RX9060XT 16G-A,469.99,0.0,469.99
https://c1.neweggimages.com/productimage/nb300/14-932-752-05.jpg,4.5,235,GIGABYTE,GIGABYTE Gaming Radeon RX 9070 16GB GDDR6 PCI Express 5.0 x16 ATX Graphics Card GV-R9070GAMING OC-16GD,GV-R9070GAMING OC-16GD,669.99,0.0,669.99
https://c1.neweggimages.com/productimage/nb300/14-202-480-01.jpg,0.0,0,Sapphire Tech,REFURBISHED SAPPHIRE NITRO+ Radeon RX 7900 XTX 24GB GDDR6 PCI Express 4.0 x16 ATX Graphics Card 11322-99-90G,11322-99-90G,899.99,0.0,899.99
https://c1.neweggimages.com/productimage/nb300/14-932-757-04.png,4.6,299,GIGABYTE,GIGABYTE AORUS GeForce RTX 5080 16GB GDDR7 PCI Express 5.0 ATX Graphics Card GV-N5080AORUSM ICE-16G,GV-N5080AORUSM ICE-16GD,2181.99,0.0,2181.99
https://c1.neweggimages.com/productimage/nb300/14-150-902-04.jpg,4.6,91,XFX,XFX Quicksilver Radeon RX 9070 XT 16GB 256-Bit GDDR6 PCI-Express 5.0 RDNA 4 Graphics Card RX-97TQICKB9,RX-97TQICKB9,769.99,0.0,769.99
https://c1.neweggimages.com/productimage/nb300/14-150-916-04.jpg,0.0,0,XFX,XFX Mercury Radeon RX 9060 XT 16GB GDDR6 PCI Express 5.0 x16 ATX Graphics Card RX-96TMERCBA,RX-96TMERCBA,499.99,0.0,529.99
https://c1.neweggimages.com/productimage/nb300/14-932-828-12.jpg,0.0,0,GIGABYTE,"GIGABYTE GeForce RTX 5060 GAMING OC V2 8G Graphics Card, 8GB 128-bit GDDR7, PCIe 5.0 x8, WINDFORCE cooling system, GV-N5060GAMING OCV2-8GD Video Card",GV-N5060GAMING OCV2-8GD,459.99,0.0,459.99
https://c1.neweggimages.com/productimage/nb300/14-932-773-02.jpg,4.3,142,GIGABYTE,GIGABYTE AERO GeForce RTX 5070 12GB GDDR7 PCI Express 5.0 ATX Graphics Card GV-N5070AERO OC-12GD,GV-N5070AERO OC-12GD,849.99,0.0,849.99
https://c1.neweggimages.com/productimage/nb300/14-932-772-02.jpg,4.3,142,GIGABYTE,GIGABYTE AORUS GeForce RTX 5070 12GB GDDR7 PCI Express 5.0 ATX Graphics Card GV-N5070AORUS M-12GD,GV-N5070AORUS M-12GD,899.99,0.0,899.99
https://c1.neweggimages.com/productimage/nb300/14-932-683-11.jpg,4.5,141,GIGABYTE,"GIGABYTE GeForce RTX 4070 SUPER WINDFORCE OC 12G Graphics Card, 3x WINDFORCE Fans, 12GB 192-bit GDDR6X, GV-N407SWF3OC-12GD  Video Card",GV-N407SWF3OC-12GD,812.0,0.0,851.0
https://c1.neweggimages.com/productimage/nb300/14-137-980-01.jpg,4.7,15,MSI,MSI Gaming GeForce RTX 5050 8GB GDDR6 PCI Express 5.0 Graphics Card RTX 5050 8G GAMING OC,RTX 5050 8G GAMING OC,324.99,0.0,350.99
https://c1.neweggimages.com/productimage/nb300/BF3CS2605070GK2SK15.jpg,5.0,1,Unknown,Peladn Gaming RTX 4070 12G Graphics Card GDDR6 RGB Lighting PCI Express 4.0 Video Card Triple-fan Edition,6972410028919,529.0,0.0,899.0
https://c1.neweggimages.com/productimage/nb300/AZUES2509040YHKT86F.jpg,4.3,58,Unknown,Yeston Radeon RX 6800 XT 16GB D6 GDDR6 256bit 7nm Desktop computer PC Video Graphics Cards support PCI-Express 4.0 video cards 3*DP RGB light effect Fragrant graphics card(No HDMI interface),RX6800XT-16G D6 YB,469.0,0.0,469.0
https://c1.neweggimages.com/productimage/nb300/14-131-869-02.png,4.8,39,PowerColor,PowerColor RED DEVIL Radeon RX 9070 XT 16GB 256-Bit GDDR6 PCI Express 5.0 Graphics Card RX9070XT 16G-E/OC,RX9070XT 16G-E/OC,1260.03,0.0,1260.03
https://c1.neweggimages.com/productimage/nb300/14-500-607-10.jpg,4.7,69,ZOTAC,ZOTAC SOLID SFF OC GeForce RTX 5070 Ti 16GB 256-Bit GDDR7 DLSS 4.0 PIC-Express 5.0 Graphics Card ZT-B50710J3-10P,ZT-B50710J3-10P,1532.24,0.0,1532.24
https://c1.neweggimages.com/productimage/nb300/C1B6S2507280EIKXE24.jpg,0.0,0,Unknown,Yeston Sakura Radeon RX 9060 XT 16G GDDR6 128bit video cards Desktop Computer PC Graphics Card,RX9060XT 16G D6 OC SA,599.0,0.0,599.0
https://c1.neweggimages.com/productimage/nb300/14-125-899-06.jpg,3.8,21,GIGABYTE,GIGABYTE GeForce GT 710 2GB DDR3 PCI Express 2.0 Low Profile Graphics Card GV-N710D3-2GL REV2.0,GV-N710D3-2GL REV2.0,61.99,0.0,61.99
https://c1.neweggimages.com/productimage/nb300/14-126-831-02.png,4.6,77,ASUS,ASUS PRIME Radeon RX 9070 XT 16GB GDDR6 PCI Express 5.0 x16 ATX Graphics Card PRIME-RX9070XT-O16G-WHITE,PRIME-RX9070XT-O16G-WHITE,809.99,0.0,859.99
https://c1.neweggimages.com/productimage/nb300/14-932-803-13.jpg,4.4,48,GIGABYTE,GIGABYTE Eagle GeForce RTX 5060 8GB GDDR7 PCI Express 5.0 ATX Graphics Card GV-N5060EAGLE OC-8GD,GV-N5060EAGLE OC-8GD,469.99,0.0,469.99
https://c1.neweggimages.com/productimage/nb300/14-202-428-V02.jpg,4.3,454,Sapphire Tech,SAPPHIRE NITRO+ Radeon RX 7900 XTX 24GB GDDR6 PCI Express 4.0 x16 ATX Graphics Card 11322-01-40G,11322-01-40G,1355.0,0.0,1355.0
https://c1.neweggimages.com/productimage/nb300/14-150-922-09.jpg,5.0,1,XFX,XFX Swift Radeon RX 9070 GRE 12GB GDDR6 PCI Express 5.0 ATX Graphics Card RX-97GRE29W7 9070 GRE,RX-97GRE29W7,554.99,0.0,569.99
https://c1.neweggimages.com/productimage/nb300/14-150-913-05.jpg,0.0,0,XFX,"XFX Swift AMD Radeon RX 9060 XT OC Gaming Edition with 8GB GDDR6 HDMI 2xDP, AMD RDNA 4 RX 9060XT 8GB",RX-96TSW8GBQ,449.99,0.0,449.99
https://c1.neweggimages.com/productimage/nb300/14-137-812-06.png,4.2,5,MSI,MSI GeForce GT 1030 4GB DDR4 PCI Express 3.0 x16 (uses x4) ATX Graphics Card GT 1030 4G DDR4 LP OC,GT 1030 4GD4 LP OC,119.99,0.0,119.99
https://c1.neweggimages.com/productimage/nb300/BF3CS2511260DH4TC39.jpg,4.6,19,Unknown,Peladn Gaming RTX 3070 8G Graphics Card 256bit GDDR6 5888CUDA PCI Express 4.0 Video Card Double fans Edition,6972410029404,305.0,0.0,499.0
https://c1.neweggimages.com/productimage/nb300/14-126-754-01.jpg,4.5,175,ASUS,ASUS TUF Gaming GeForce RTX 5070 OC 12GB 192-Bit GDDR7 PCI Express 5.0 DLSS 4.0 Graphics Card TUF-RTX5070-O12G-GAMING,TUF-RTX5070-O12G-GAMING,949.99,0.0,949.99
https://c1.neweggimages.com/productimage/nb300/B7UMD2505050W5CF694.jpg,4.6,91,XFX,"XFX Quicksilver AMD Radeon RX 9070XT White Magnetic Air Edition with 16GB GDDR6 HDMI 3xDP, AMD RDNA 4",RX-97TMAQKW9,789.99,0.0,789.99
https://c1.neweggimages.com/productimage/nb300/14-150-906-02.jpg,4.6,91,XFX,XFX Mercury AMD Radeon RX 9070XT OC RNDA 4 16GB 256-Bit GDDR6 PCI Express 5.0 RDNA 4 White Gaming Graphics Card,RX-97TRGBBW9,829.99,0.0,829.99
https://c1.neweggimages.com/productimage/nb300/14-137-974-03.jpg,4.9,21,MSI,MSI Ventus GeForce RTX 5060 8GB GDDR7 PCI Express 5.0 x 16 (use x8) Graphics Card RTX 5060 8G VENTUS 2X OC WHITE,RTX 5060 8G VENTUS 2X OC WHITE,550.9,0.0,550.9
https://c1.neweggimages.com/productimage/nb300/14-150-879-04.jpg,4.7,27,XFX,XFX SPEEDSTER SWFT210 RADEON RX 7600 CORE Gaming Graphics Card RX-76PSWFTFY,RX-76PSWFTFY,339.99,0.0,339.99
https://c1.neweggimages.com/productimage/nb300/14-202-482-01.jpg,0.0,0,Sapphire Tech,REFURBISHED SAPPHIRE PULSE Radeon RX 7900 XT 20GB GDDR6 PCI Express 4.0 x16 ATX Graphics Card 11323-98-90G,11323-98-90G,649.99,0.0,649.99
https://c1.neweggimages.com/productimage/nb300/BM9SS2604140K6W2C25.jpg,0.0,0,Unknown,"GUNNIR Intel Arc Pro B50 16G Low Profile Graphics Card, Single Slot 16GB GDDR6 Workstation GPU, 70W No Power Cable Required, PCIe 5.0, 8K Support, 2x HDMI 2.1 1x DP 2.1, SFF Compact",GUNNIR Intel Arc Pro B50 LP 16G,599.0,0.0,599.0
https://c1.neweggimages.com/productimage/nb300/BF3CS25010208XCJN65.jpg,5.0,1,Unknown,PELADN RX 580 8GB Graphics Card GPU DirectX 12 256-Bit GDDR5 PCI Express 3.0 Gaming Video Card,6972410021538,128.0,0.0,199.0
https://c1.neweggimages.com/productimage/nb300/14-126-761-01.png,4.5,175,ASUS,ASUS PRIME GeForce RTX 5070 OC 12GB 192-Bit GDDR7 PCI Express 5.0 DLSS 4.0 Graphics Card PRIME-RTX5070-O12G,PRIME-RTX5070-O12G,909.99,0.0,972.82
https://c1.neweggimages.com/productimage/nb300/14-126-746-02.png,4.6,77,ASUS,ASUS PRIME Radeon RX 9070 XT 16GB 256-Bit GDDR6 PCI Express 5.0 RDNA 4 Graphics Card PRIME-RX9070XT-O16G,PRIME-RX9070XT-O16G,799.99,0.0,855.23
https://c1.neweggimages.com/productimage/nb300/14-137-973-01.jpg,4.9,21,MSI,MSI Ventus GeForce RTX 5060 8GB GDDR7 PCI Express 5.0 x 16 (use x8) Graphics Card RTX 5060 8G VENTUS 3X OC,RTX 5060 8G VENTUS 3X OC,469.99,0.0,469.99
https://c1.neweggimages.com/productimage/nb300/14-932-801-11.jpg,4.4,48,GIGABYTE,GIGABYTE Low Profile GeForce RTX 5060 8GB GDDR7 PCI Express 5.0 Low Profile Graphics Card GV-N5060OC-8GL,GV-N5060OC-8GL,469.99,0.0,469.99
https://c1.neweggimages.com/productimage/nb300/14-150-921-02.jpg,0.0,0,XFX,XFX Swift Radeon RX 9070 GRE 12GB GDDR6 PCI Express 5.0 ATX Graphics Card RX-97GRE29B7 9070 GRE,RX-97GRE29B7,529.99,0.0,529.99
https://c1.neweggimages.com/productimage/nb300/14-932-060-V01.jpg,4.3,28,GIGABYTE,GIGABYTE GeForce GT 1030 Low Profile D4 2G DirectX 12 GV-N1030D4-2GL Graphics Card,GV-N1030D4-2GL,109.99,5.99,122.99
https://c1.neweggimages.com/productimage/nb300/14-137-905-08.jpg,4.5,248,MSI,MSI Suprim GeForce RTX 5080 16GB GDDR7 PCI Express 5.0 x16 Graphics Card RTX 5080 16G SUPRIM LIQUID SOC,RTX 5080 16G SUPRIM LIQUID SOC,1999.99,0.0,1999.99
https://c1.neweggimages.com/productimage/nb300/14-932-829-02.jpg,4.6,299,GIGABYTE,"GIGABYTE AORUS GeForce RTX 5080 INFINITY WOOD 16G Graphics Card, 16GB 256-bit GDDR7, PCIe 5.0, WINDFORCE HYPERBURST cooling system, GV-N5080AORUSIF WD-16GD Graphics Card",GV-N5080AORUSIF WD-16GD,1899.99,0.0,1899.99
https://c1.neweggimages.com/productimage/nb300/14-126-804-02.png,5.0,8,ASUS,ASUS PRIME Radeon RX 9060 XT 16GB GDDR6 PCI Express 5.0 x16 ATX Graphics Card PRIME-RX9060XT-O16G RX 9060XT 16GB,PRIME-RX9060XT-O16G,529.99,0.0,715.49
https://c1.neweggimages.com/productimage/nb300/B7UMS2506220TB59411.jpg,5.0,6,XFX,"XFX Mercury AMD Radeon RX 9060 XT OC Gaming Edition with 16GB GDDR6 HDMI 2xDP, AMD RDNA 4",RX-96TMERCB9,549.99,0.0,549.99
https://c1.neweggimages.com/productimage/nb300/14-126-813-02.png,4.5,175,ASUS,ASUS PRIME GeForce RTX 5070 12GB GDDR7 PCI Express 5.0 x16 ATX Graphics Card DLSS 4.0 PRIME-RTX5070-O12G-WHITE,PRIME-RTX5070-O12G-WHITE,1354.44,0.0,1354.44
https://c1.neweggimages.com/productimage/nb300/14-202-481-01.jpg,0.0,0,Sapphire Tech,REFURBISHED SAPPHIRE PULSE Radeon RX 7900 XTX 24GB GDDR6 PCI Express 4.0 x16 ATX Graphics Card 11322-98-90G,11322-98-90G,849.99,0.0,849.99
https://c1.neweggimages.com/productimage/nb300/AD2CS2603290XN5EOA0.jpg,0.0,0,XFX,XFX OC White Gaming Edition Radeon RX 9060 XT 16GB GDDR6 PCI Express 5.0 Graphics Card RX-96TSW16WQ,RX-96TSW16WQ,519.99,0.0,519.99
https://c1.neweggimages.com/productimage/nb300/14-126-818-02.png,0.0,0,ASUS,ASUS Dual Radeon RX 9060 XT 16GB GDDR6 PCI Express 5.0 x16 ATX Graphics Card DUAL-RX9060XT-16G-WHITE,DUAL-RX9060XT-16G-WHITE,669.13,0.0,669.13
https://c1.neweggimages.com/productimage/nb300/14-932-611-V01.jpg,4.7,303,GIGABYTE,GIGABYTE WINDFORCE GeForce RTX 4070 12GB GDDR6X PCI Express 4.0 x16 ATX Graphics Card GV-N4070WF3OC-12GD,GV-N4070WF3OC-12GD,740.0,0.0,740.0
https://c1.neweggimages.com/productimage/nb300/14-133-993-17.jpg,1.0,1,Unknown,PNY DUAL FAN OC GeForce RTX 5060 Ti 16GB 128-Bit GDDR7 PCI Express 5.0 x8 DLSS 4.0 Graphics Card RTX 5060 Ti 16GB DUAL FAN OC VCG5060T16DFXPB1-O,VCG5060T16DFXPB1-O,949.67,10.99,949.67
https://c1.neweggimages.com/productimage/nb300/14-202-484-01.png,0.0,0,Sapphire Tech,REFURBISHED SAPPHIRE NITRO+ Radeon RX 9070 XT 16GB GDDR6 PCI Express 5.0 x16 ATX Graphics Card 11348-01CPO,11348-01CPO,749.99,0.0,749.99
https://c1.neweggimages.com/productimage/nb300/BF3CS2603050LQMFP32.jpg,5.0,1,Unknown,Peladn Gaming Graphics AMD RX 5500 8GB GDDR6 PCI Express 4.0 Video Card,6972410021705,145.0,0.0,269.0
https://c1.neweggimages.com/productimage/nb300/14-126-742-04.jpg,4.7,173,ASUS,ASUS ROG Astral GeForce RTX 5080 16GB GDDR7 OC Edition ROG-ASTRAL-RTX5080-O16G-GAMING PCI-Express 5.0 DLSS 4.0 Graphics Card,ROG-ASTRAL-RTX5080-O16G-GAMING,2099.99,0.0,2099.99
https://c1.neweggimages.com/productimage/nb300/14-126-801-12.png,4.6,51,ASUS,ASUS GeForce RTX 5060 8GB GDDR7 PCI Express 5.0 x8 Graphics Card PRIME-RTX5060-8G,PRIME-RTX5060-8G,708.09,0.0,708.09
https://c1.neweggimages.com/productimage/nb300/14-932-831-01.png,4.8,241,GIGABYTE,"GIGABYTE AORUS GeForce RTX 5070 Ti INFINITY 16G Graphics Card, 16GB 256-bit GDDR7, PCIe 5.0, WINDFORCE HYPERBURST cooling system, GV-N507TAORUS IF-16GD Graphics Card",GV-N507TAORUS IF-16GD,1299.99,0.0,1351.99
https://c1.neweggimages.com/productimage/nb300/14-126-708-06.png,3.7,15,ASUS,"ASUS Dual NVIDIA GeForce RTX 3050 6GB OC Edition Gaming Graphics Card - PCIe 4.0, 6GB GDDR6 Memory, HDMI 2.1, DisplayPort 1.4a, 2-slot Design, Axial-tech Fan Design, 0dB Technology, DUAL-RTX3050-O6G",DUAL-RTX3050-O6G,259.99,0.0,259.99
https://c1.neweggimages.com/productimage/nb300/14-202-434-11.jpg,4.5,342,Sapphire Tech,SAPPHIRE PULSE Radeon RX 7800 XT 16GB GDDR6 PCI Express 4.0 x16 ATX Graphics Card 11330-02-20G,11330-02-20G,749.99,0.0,749.99
https://c1.neweggimages.com/productimage/nb300/14-150-815-Z01.jpg,4.0,73,XFX,USED - LIKE NEW XFX Radeon RX 570 8GB DDR5 PCI Express 3.0 CrossFireX Support Graphics Card RX-570P8DFD6,RX-570P8DFD6,99.99,0.0,99.99
https://c1.neweggimages.com/productimage/nb300/14-932-433-01.jpg,4.7,394,GIGABYTE,GIGABYTE Gaming OC GeForce RTX 3060 12GB GDDR6 PCI Express 4.0 ATX Video Card GV-N3060GAMING OC-12GD (rev. 2.0) (LHR),GV-N3060GAM OC-12GD,490.0,0.0,490.0
https://c1.neweggimages.com/productimage/nb300/14-500-623-02.jpg,0.0,0,ZOTAC,"ZOTAC GAMING GeForce RTX 5060 Twin Edge OC DLSS 4 8GB GDDR7 128-bit 28 Gbps PCIE 5.0 Gaming Graphics Card, SFF-ready compact card, ZT-B50600H-10M",ZT-B50600H-10M,469.99,0.0,469.99
https://c1.neweggimages.com/productimage/nb300/14-150-878-16.jpg,4.4,136,XFX,XFX SPEEDSTER MERC310 Radeon RX 7900 XTX 24GB GDDR6 PCI Express 4.0 x16 Graphics Card RX-79XMERCB9,RX-79XMERCB9,1599.0,0.0,1599.0
https://c1.neweggimages.com/productimage/nb300/14-126-844-05.png,4.5,175,ASUS,ASUS T1 GeForce RTX 5070 12GB GDDR7 PCI Express 5.0 x16 ATX Graphics Card T1-RTX5070-O12G-GAMING,T1-RTX5070-O12G-GAMING,919.99,0.0,919.99
https://c1.neweggimages.com/productimage/nb300/14-137-804-11.jpg,4.7,160,MSI,MSI Ventus GeForce RTX 4060 8GB GDDR6 PCI Express 4.0 x8 ATX Graphics Card RTX 4060 VENTUS 2X BLACK 8G OC,RTX 4060 VENTUS 2X BLACK 8G OC,499.0,0.0,499.0
https://c1.neweggimages.com/productimage/nb300/14-932-821-01.jpg,4.3,137,GIGABYTE,GIGABYTE AORUS GeForce RTX 5090 32GB GDDR7 PCI Express 5.0 x16 Graphics Card AORUS RTX 5090 AI BOX GV-N5090IXEB-32GD,GV-N5090IXEB-32GD,4899.99,0.0,4899.99
https://c1.neweggimages.com/productimage/nb300/14-932-654-02.jpg,4.6,26,GIGABYTE,"GIGABYTE Radeon RX 7700 XT GAMING OC 12G Graphics Card, 3x WINDFORCE Fans 12GB 192-bit GDDR6, GV-R77XTGAMING OC-12GD Video Card",GV-R77XTGAMING OC-12GD,545.14,0.0,545.14
https://c1.neweggimages.com/productimage/nb300/14-932-672-16.jpg,4.7,147,GIGABYTE,"GIGABYTE GeForce RTX 4080 SUPER WINDFORCE V2 16G Graphics Card, 3x WINDFORCE Fans, 16GB 256-bit GDDR6X, GV-N408SWF3V2-16GD Video Card",GV-N408SWF3V2-16GD,1522.0,0.0,1522.0
https://c1.neweggimages.com/productimage/nb300/14-137-962-11.jpg,4.6,166,MSI,MSI Gaming GeForce RTX 5060 Ti 8GB GDDR7 PCI Express 5.0 x 16 (use x8) ATX Graphics Card RTX 5060 Ti 8G GAMING TRIO OC,RTX 5060 Ti 8G GAMING TRIO OC,529.99,0.0,566.6
https://c1.neweggimages.com/productimage/nb300/14-930-150-04.png,0.0,0,ASRock,ASRock Steel Legend Radeon RX 9070 GRE 12GB GDDR6 PCI Express 5.0 x16 ATX Graphics Card RX9070GRE SLD 12GO,RX9070GRE SLD 12GO,534.99,0.0,549.99
https://c1.neweggimages.com/productimage/nb300/14-137-963-10.jpg,4.6,166,MSI,MSI Gaming GeForce RTX 5060 Ti 8GB GDDR7 PCI Express 5.0 x 16 (use x8) ATX Graphics Card RTX 5060 Ti 8G GAMING OC,RTX 5060 Ti 8G GAMING OC,519.99,0.0,561.59
https://c1.neweggimages.com/productimage/nb300/14-127-932-07.jpg,4.4,169,MSI,MSI GeForce GT 710 2GB DDR3 PCI Express 2.0 Low Profile Graphics Card GT 710 2GD3 LP,GT 710 2GD3 LP,74.99,0.0,74.99
https://c1.neweggimages.com/productimage/nb300/BF3CS2501030EU8YRD9.jpg,3.9,7,Unknown,Peladn Gaming RTX 3070Ti 8G Graphics Card GDDR6 RGB Lighting PCI Express 4.0 Video Card Triple-fan Edition,6972410025352,325.0,0.0,599.0
https://c1.neweggimages.com/productimage/nb300/14-500-657-04.jpg,0.0,0,ZOTAC,ZOTAC GAMING GeForce RTX 5060 Low Profile 8GB GDDR7 PCI Express 5.0 x8 Video Card ZT-B50600L-10A,ZT-B50600L-10A,519.99,0.0,519.99
https://c1.neweggimages.com/productimage/nb300/14-126-777-01.png,4.5,175,ASUS,ASUS ROG GeForce RTX 5070 OC 12GB 192-Bit GDDR7 DLSS 4.0 PCI-Express 5.0 Graphics Card ROG-STRIX-RTX5070-O12G-GAMING,ROG-STRIX-RTX5070-O12G-GAMING,1039.99,0.0,1039.99
https://c1.neweggimages.com/productimage/nb300/14-137-877-01.png,4.8,10,MSI,MSI Gaming GeForce RTX 3050 6GB GDDR6 PCI Express 4.0 x8 ATX Graphics Card RTX 3050 GAMING X 6G,RTX 3050 GAMING X 6G,279.99,0.0,279.99
https://c1.neweggimages.com/productimage/nb300/14-930-055-V01.jpg,4.2,158,ASRock,"USED - LIKE NEW ASRock Radeon RX 6700 XT Challenger Pro Gaming Graphic Card, 12GB GDDR6 VRAM, AMD RDNA2 (RX6700XT CLP 12GO)",RX6700XT CLP 12GO,261.49,60.0,261.49
https://c1.neweggimages.com/productimage/nb300/AZUES250509062DPR95.jpg,5.0,7,Unknown,Yeston Atlantis Radeon RX 9070 XT 16G GDDR6 256bit 4nm Desktop computer PC Video Graphics Cards support PCI-Express 5.0 3*DP+1*HDMI-compatible ARGB graphics card,RX9070XT-16GD6-OC-YA,819.0,0.0,819.0
https://c1.neweggimages.com/productimage/nb300/14-930-067-02.jpg,4.5,77,ASRock,ASRock Phantom Gaming D Radeon RX 6500 XT 4GB GDDR6 PCI Express 4.0 Graphics Card RX6500XT PGD 4GO,RX6500XT PGD 4GO,214.99,0.0,214.99
https://c1.neweggimages.com/productimage/nb300/ADFRD25043018FPHG5A.jpg,0.0,0,XFX,USED - GOOD XFX Radeon RX 470 8GB GDDR5 RX-470P85 Video Graphics Card GPU GradeB - OEM,RX-470P85,59.99,0.0,59.99
https://c1.neweggimages.com/productimage/nb300/14-202-486-06.png,0.0,0,Sapphire Tech,REFURBISHED SAPPHIRE PULSE Radeon RX 9070 16GB GDDR6 PCI Express 5.0 x16 ATX Graphics Card 11349-03CPO,11349-03CPO,649.99,0.0,649.99
https://c1.neweggimages.com/productimage/nb300/14-131-889-04.png,0.0,0,PowerColor,PowerColor Reaper Radeon RX 9070 GRE 12GB GDDR6 PCI Express 5.0 x16 ATX Graphics Card RX9070GRE 12G-A,RX9070GRE 12G-A,534.99,0.0,549.99
https://c1.neweggimages.com/productimage/nb300/ACTN_1_20190808451394825.jpg,5.0,2,AMD,716521-001 717219-001 AMD ATI Radeon HD8490 1GB DDR3 DVI Displayport Video Card PCI-EXPRESS Video Cards - OEM,716521-001,22.99,0.0,22.99
https://c1.neweggimages.com/productimage/nb300/14-127-515-04.jpg,4.1,93,MSI,MSI GeForce 210 1GB DDR3 PCI Express 2.0 x16 Low Profile Ready Graphics Card N210-MD1G/D3,N210-MD1G/D3,44.99,0.0,44.99
https://c1.neweggimages.com/productimage/nb300/14-137-932-04.jpg,4.6,393,MSI,MSI Gaming GeForce RTX 5070 Ti 16GB GDDR7 PCI Express 5.0 ATX Graphics Card RTX 5070 Ti 16G GAMING TRIO OC WHITE,RTX 5070 TI 16G GAMING TRIO OC WHITE,1745.03,0.0,1745.03
https://c1.neweggimages.com/productimage/nb300/14-126-816-02.png,4.7,173,ASUS,ASUS ROG Astral GeForce RTX 5080 16GB GDDR7 PCI Express 5.0 x16 Graphics Card ROG-ASTRAL-RTX5080-O16G-WHITE,ROG-ASTRAL-RTX5080-O16G-WHITE,2499.0,0.0,2499.0
https://c1.neweggimages.com/productimage/nb300/B9ZZS250616104P0YAB.jpg,5.0,2,NVIDIA,NVIDIA Founder Edition GeForce RTX 5090 32GB GDDR7 PCI Express 5.0 x16 ATX Graphics Card 900-1G144-2530-000,GeForce RTX 5090,5827.19,0.0,5827.19
https://c1.neweggimages.com/productimage/nb300/14-126-842-01.png,0.0,0,ASUS,"ASUS TUF Gaming GeForce RTX 5080 16GB GDDR7 BTF OC Edition Gaming Graphics Card (PCIe 5.0, HDMI/DP 2.1, 3.6-slot, military-grade components, detachable GC-HPWR adapter)",TUF-RTX5080-O16G-BTF-GAMING,1899.99,0.0,1899.99
https://c1.neweggimages.com/productimage/nb300/14-126-706-03.png,4.0,1,ASUS,"REFURBISHED ASUS Dual GeForce RTX 4060 Ti V2 OC Edition (PCIe 4.0, 8GB GDDR6, DLSS 3, HDMI 2.1a, DisplayPort 1.4a, 2-slot design, Axial-tech fan design, 0dB technology) DUAL-RTX4060TI-O8G-V2",DUAL-RTX4060TI-O8G-V2,344.98,0.0,344.98
https://c1.neweggimages.com/productimage/nb300/BZDCS2504080EMKE417.jpg,0.0,0,Unknown,"ZER LON Radeon RX 550 Graphics Card, 4GB GDDR5 128 Bit 1183MHz DP HDMI DVI-Output GPU, PCIE 3.0 Computer Gpu Support Up to 4K Video Card for Office and PC Gaming",RX 550 4G,104.99,0.0,139.99
https://c1.neweggimages.com/productimage/nb300/14-126-685-14.png,4.8,182,ASUS,"ASUS TUF Gaming NVIDIA GeForce RTX 4070 Ti SUPER OC Edition Gaming Graphics Card (PCIe 4.0, 16GB GDDR6X, HDMI 2.1a, DisplayPort 1.4a) TUF-RTX4070TIS-O16G-GAMING",TUF-RTX4070TIS-O16G-GAMING,1309.0,0.0,1317.0
https://c1.neweggimages.com/productimage/nb300/14-126-841-02.png,0.0,0,ASUS,ASUS PRIME Radeon RX 9070 GRE 12GB GDDR6 PCI Express 5.0 ATX Graphics Card PRIME-RX9070GRE-O12G-EVO,PRIME-RX9070GRE-O12G-EVO,529.31,0.0,579.99
https://c1.neweggimages.com/productimage/nb300/14-500-647-01.jpg,0.0,0,ZOTAC,ZOTAC Twin Edge OC GeForce RTX 5060 Ti 16GB GDDR7 PCI Express 5.0 x8 ATX Video Card ZT-B50620H-10A,ZT-B50620H-10A,829.99,0.0,829.99
https://c1.neweggimages.com/productimage/nb300/14-150-865-V01.jpg,5.0,1,XFX,REFURBISHED XFX Speedster SWFT 319 Radeon RX 6900 XT 16GB GDDR6 PCI Express 4.0 Graphics Card RX-69XTAQFD9,RX-69XTAQFD9,449.99,0.0,449.99
https://c1.neweggimages.com/productimage/nb300/BJXUS24102502MR1F03.jpg,4.3,9,Unknown,SRhonyra AMD RX 580 8GB Gaming graphics card 2048SP GDDR5 256Bit PCI Express 3.0 x16 6Pin Gaming Video Card Mining GPU Gaming GPU with HDMI DP DVI Port,SR58D5M8G1,135.95,0.0,135.95
https://c1.neweggimages.com/productimage/nb300/14-932-657-V01.jpg,4.6,168,GIGABYTE,"GIGABYTE Radeon RX 7800 XT GAMING OC 16G Graphics Card, 3x WINDFORCE Fans 16GB 256-bit GDDR6, GV-R78XTGAMING OC-16GD Video Card",GV-R78XTGAMING OC-16GD,844.87,0.0,872.99
https://c1.neweggimages.com/productimage/nb300/AJEPS2604081AK9L35B.jpg,0.0,0,ZOTAC,"REFURBISHED ZOTAC GAMING GeForce RTX 4070 SUPER Twin Edge DLSS 3 12GB GDDR6X 192-bit 21 Gbps PCIE 4.0 Compact Gaming Graphics Card, IceStorm 2.0 Advanced Cooling, SPECTRA RGB Lighting, ZT-D40720E-10M",ZT-D40720E-10M,649.99,0.0,649.99
https://c1.neweggimages.com/productimage/nb300/14-500-650-01.jpg,5.0,3,ZOTAC,ZOTAC SOLID OC White Edition GeForce RTX 5080 16GB GDDR7 PCI Express 5.0 x16 ATX Graphics Card ZOTAC GAMING GeForce SOLID OC White Edition,ZT-B50800Q-10A,1649.99,0.0,1715.99
https://c1.neweggimages.com/productimage/nb300/14-137-942-10.jpg,4.7,210,MSI,MSI Ventus GeForce RTX 5070 12GB GDDR7 PCI Express 5.0 ATX Graphics Card RTX 5070 12G VENTUS 2X OC WHITE,RTX 5070 12G VENTUS 2X OC WHITE,900.23,0.0,900.23
https://c1.neweggimages.com/productimage/nb300/AZUES25050909302S97.jpg,0.0,0,Unknown,Yeston Sakura Nvidia GeForce RTX 5070 Graphics Card GDDR7 12G 192bit Gaming GPU PCI-Express 5.0 video cards Desktop computer PC video gaming graphics card,RTX 5070 12G D7 SOA,849.0,0.0,849.0
https://c1.neweggimages.com/productimage/nb300/AJEPS26032308WMF12E.jpg,0.0,0,ASUS,REFURBISHED ASUS PRIME GeForce RTX 5070 12GB 192-Bit GDDR7 PCI Express 5.0 Graphics Card PRIME-RTX5070-12G,PRIME-RTX5070-12G,749.99,0.0,749.99
https://c1.neweggimages.com/productimage/nb300/A2W0S25040400GVB1B1.jpg,0.0,0,Unknown,PNY VCG508016TFXPB1 NVIDIA GeForce RTX 5080 16GB 256-Bit GDDR7 DLSS 4.0 PCI Express 5.0 x16 Video Card,VCG508016TFXPB1,1772.32,0.0,1772.32
https://c1.neweggimages.com/productimage/nb300/14-137-632-03.jpg,4.8,685,MSI,MSI Ventus GeForce RTX 3060 12GB GDDR6 PCI Express 4.0 Graphics Card RTX 3060 Ventus 2X 12G OC,RTX3060Ventus2X12GOC,473.36,0.0,489.0
https://c1.neweggimages.com/productimage/nb300/14-932-830-01.png,4.6,299,GIGABYTE,"GIGABYTE AORUS GeForce RTX 5080 INFINITY 16G Graphics Card, 16GB 256-bit GDDR7, PCIe 5.0, WINDFORCE HYPERBURST cooling system, GV-N5080AORUS IF-16GD Graphics Card",GV-N5080AORUS IF-16GD,1899.99,0.0,1899.99
https://c1.neweggimages.com/productimage/nb300/14-932-678-03.jpg,4.4,144,GIGABYTE,"GIGABYTE GeForce RTX 4070 Ti SUPER WINDFORCE OC 16G Graphics Card, 3x WINDFORCE Fans, 16GB 256-bit GDDR6X, GV-N407TSWF3OC-16GD Video Card",GV-N407TSWF3OC-16GD,1341.0,0.0,1345.36
https://c1.neweggimages.com/productimage/nb300/14-126-606-20.jpg,4.7,211,ASUS,"ASUS TUF Gaming NVIDIA GeForce RTX 4070 Ti OC Edition Gaming Graphics Card (PCIe 4.0, 12GB GDDR6X, HDMI 2.1a, DisplayPort 1.4a) TUF-RTX4070TI-O12G-GAMING",TUF-RTX4070TI-O12G-GAMING,1069.99,0.0,1199.99
https://c1.neweggimages.com/productimage/nb300/14-133-898-02.png,5.0,7,Unknown,PNY ARGB OC GeForce RTX 5080 16GB 256-Bit GDDR7 DLSS 4.0 PCI Express 5.0 x16 Graphics Card VCG508016TFXXPB1-O,VCG508016TFXXPB1-O,1699.0,0.0,1699.0
https://c1.neweggimages.com/productimage/nb300/14-133-997-03.png,5.0,1,Unknown,PNY DUAL FAN GeForce RTX 5060 8GB GDDR7 PCI Express 5.0 x8 ATX Graphics Card RTX 5060 Overclocked Dual Fan GPU,VCG50608DFXPB1-O,459.99,0.0,459.99
https://c1.neweggimages.com/productimage/nb300/14-126-832-01.png,0.0,0,ASUS,ASUS PRIME Radeon RX 9070 16GB GDDR6 PCI Express 5.0 x16 ATX Graphics Card PRIME-RX9070-O16G-EVO,PRIME-RX9070-O16G-EVO,709.99,0.0,817.99
https://c1.neweggimages.com/productimage/nb300/B7UMS2506220TN9UV6F.jpg,5.0,5,XFX,"XFX Mercury AMD Radeon RX 9060 XT OC White Gaming Edition with 16GB GDDR6 HDMI 2xDP, AMD RDNA 4",840191503443,569.99,0.0,569.99
https://c1.neweggimages.com/productimage/nb300/14-202-438-01.png,4.7,26,Sapphire Tech,SAPPHIRE PURE Radeon RX 7700 XT 12GB GDDR6 PCI Express 4.0 x16 Graphics Card 11335-03-20G,11335-03-20G,543.19,0.0,543.19
https://c1.neweggimages.com/productimage/nb300/AZUES2309150JCKCJC6.jpg,4.2,9,Unknown,Yeston Radeon RX 7800 XT 16GD6 GDDR6 video cards Desktop computer PC Video Graphics Cards support PCI-Express 4.0 3*DP+1*HDMI-compatible RGB light effect Fragrant graphics card RX 7800XT,RX7800XT-16G6 SA,769.99,0.0,769.99
https://c1.neweggimages.com/productimage/nb300/BJXUS2407260LTJSC31.jpg,5.0,2,Unknown,"SRhonyra GT 730 4GB low profile graphics card, DDR3 128-Bit, 2×HDMI outputs, single-slot width, PCIe 2.0 x16, designed for small-form-factor desktop PC, 2U server cases",SR732H41,44.59,0.0,79.99
https://c1.neweggimages.com/productimage/nb300/BF9VS2210200E4JDIA0.jpg,5.0,1,AMD,"REFURBISHED AMD Radeon RX 6700 XT 12GB GDDR6 Gaming Graphics Card , Powered by AMD RDNA 2, HDMI 2.1, (Radeon RX 6700 XT 12G)",AMD Radeon RX 6700 XT,309.99,49.99,309.99
https://c1.neweggimages.com/productimage/nb300/14-932-832-01.png,4.3,142,GIGABYTE,"GIGABYTE AORUS GeForce RTX 5070 INFINITY 12G Graphics Card, 12GB 192-bit GDDR7, PCIe 5.0, WINDFORCE HYPERBURST cooling system, GV-N5070AORUS IF-12GD Graphics Card",GV-N5070AORUS IF-12GD,929.99,0.0,967.19
https://c1.neweggimages.com/productimage/nb300/14-932-457-V01.jpg,0.0,0,GIGABYTE,REFURBISHED GIGABYTE AORUS GeForce RTX 3080 XTREME 10GB GDDR6X PCI Express 4.0 ATX Video Card GV-N3080AORUS X-10GD (rev. 2.0) (LHR),GV-N3080AORUS X-10GD,399.99,0.0,399.99
https://c1.neweggimages.com/productimage/nb300/14-126-845-05.png,5.0,1,ASUS,ASUS T1 GeForce RTX 5060 Ti 8GB GDDR7 PCI Express 5.0 ATX Graphics Card T1-RTX5060TI-O8G-GAMING,T1-RTX5060TI-O8G-GAMING,609.99,0.0,658.79
https://c1.neweggimages.com/productimage/nb300/14-137-690-V01.jpg,4.5,218,MSI,MSI Mech Radeon RX 6600 8GB GDDR6 PCI Express 4.0 Graphics Card RX 6600 MECH 2X 8G,RX 6600 MECH 2X 8G,445.0,0.0,445.0
https://c1.neweggimages.com/productimage/nb300/BZDCS2504080LO86XDB.jpg,5.0,1,Unknown,"ZER LON GeForce GTX 1050 Ti Gaming Graphics Card, 4GB GDDR5 128bit 1291MHz DP HDMI DVI-Output GPU, PCI Express 3.0 Support Up to 4K Video Card for Office and PC Gaming",GTX 1050 Ti 4G,129.99,0.0,199.99
https://c1.neweggimages.com/productimage/nb300/14-131-869-02.png,0.0,0,PowerColor,OPEN BOX PowerColor RED DEVIL Radeon RX 9070 XT 16GB 256-Bit GDDR6 PCI Express 5.0 Graphics Card RX9070XT 16G-E/OC,RX9070XT 16G-E/OC,729.99,0.0,729.99
https://c1.neweggimages.com/productimage/nb300/14-137-971-06.jpg,4.9,21,MSI,MSI Gaming GeForce RTX 5060 8GB GDDR7 PCI Express 5.0 x 16 (use x8) Graphics Card RTX 5060 8G GAMING OC,RTX 5060 8G GAMING OC,489.99,0.0,489.99
https://c1.neweggimages.com/productimage/nb300/ADFRD2512121C82PNB8.jpg,0.0,0,PowerColor,PowerColor Hellhound Radeon RX 9070 XT 16GB GDDR6 PCI Express 5.0 x16 ATX Graphics Card RX9070XT 16G-L/OC/REVA,RX9070XT 16G-L/OC/REVA,839.99,6.99,849.99
https://c1.neweggimages.com/productimage/nb300/14-131-887-04.png,0.0,0,PowerColor,PowerColor RED DEVIL Radeon RX 9070 GRE 12GB GDDR6 PCI Express 5.0 x16 ATX Graphics Card RX9070GRE 12G-E/OC,RX9070GRE 12G-E/OC,584.99,0.0,599.99
https://c1.neweggimages.com/productimage/nb300/ATMXS250116058VVRC3.jpg,0.0,0,Unknown,"GPVHOSO GTX 1060 6GB Computer Graphics Card, GDDR5 192bit 8K HDR VR Ready, 1060 Video Cards for Gaming PC, Tarjeta Gráfica Support Direct X12 PCIe3.0 * 16, Dual Cooling Fans, HDMI + 2*DP",GTX1060 6GB-Bla,149.99,0.0,179.98
https://c1.neweggimages.com/productimage/nb300/C0JHS2508200KZVTQA4.jpg,0.0,0,Unknown,SongryVGA GTX 1060 3GB Graphics Card GDDR5 192-bit PCIe 3.0 x16 Dual Fan Cooling HDMI 2.0 4K DP Ultra HD Gaming Desktop PC,GTX 1060 3GB GM,117.99,0.0,142.99
https://c1.neweggimages.com/productimage/nb300/BJXUD2508080MCV7S74.jpg,0.0,0,Unknown,Srhonyra GTX 1060 3GB Low Profile Graphics Card GDDR5 PCIe 3.0 X16 192 Bits SFF GPU HDMI DisplayPort Dual Displays for Compact PC Case,SR106D5LP3G1,125.59,0.0,199.99
https://c1.neweggimages.com/productimage/nb300/ADFRD2604101BEUB17B.jpg,0.0,0,ASUS,REFURBISHED ASUS TUF GeForce RTX 5070 12GB GDDR7 OC Video Graphics Card,TUF-RTX5070-O12G-GAMING,799.99,0.0,799.99
https://c1.neweggimages.com/productimage/nb300/BJXUD2508080MCTZ0AF.jpg,0.0,0,Unknown,SRhonyra R5 230 Low Profile Graphics Card 2GB DDR3 Dual HDMI 1080P PCIe 2.0 x16 Bus Powered Support Splicing Mode 20 Watts SFF GPU,SR232H21,33.59,0.0,59.99
https://c1.neweggimages.com/productimage/nb300/14-126-537-V01.jpg,4.6,7,ASUS,ASUS GeForce GT 730 2GB GDDR5 PCI Express 2.0 Low Profile Graphics Card GT730-SL-2GD5-BRK,GT730-SL-2GD5-BRK,85.0,0.0,85.0
https://c1.neweggimages.com/productimage/nb300/14-150-905-05.jpg,4.6,91,XFX,XFX Quicksilver AMD Radeon RX 9070XT RNDA 4 16GB 256-Bit GDDR6 PCI-Express 5.0 RDNA 4 White Gaming Graphics Card RX-97TQICKW9,RX-97TQICKW9,789.99,0.0,789.99
https://c1.neweggimages.com/productimage/nb300/14-137-855-04.png,4.8,135,MSI,MSI Gaming GeForce RTX 4070 Ti SUPER 16GB GDDR6X PCI Express 4.0 ATX Graphics Card RTX 4070 Ti SUPER 16G GAMING X SLIM,RTX 4070 Ti SUPER 16G GAMING X SLIM,1265.85,0.0,1308.53
https://c1.neweggimages.com/productimage/nb300/14-500-609-02.jpg,2.5,2,ZOTAC,ZOTAC Twin Edge OC GeForce RTX 5060 Ti 8GB 128-Bit GDDR7 PCI Express 5.0 x8 DLSS 4.0 Graphics Card ZT-B50610H-10M,ZT-B50610H-10M,529.99,0.0,529.99
https://c1.neweggimages.com/productimage/nb300/BP4YS2505030IT72188.jpg,5.0,1,ASUS,"ASUS TUF Gaming Radeon RX 7900 XTX OC Edition 24GB GDDR6 Graphics Card (PCIe 4.0, 24GB GDDR6, HDMI 2.1a, DisplayPort 2.1) TUF-RX7900XTX-O24G-GAMING",TUF-RX7900XTX-O24G-GAMING OC,1267.79,0.0,1329.0
https://c1.neweggimages.com/productimage/nb300/C0JHS2512200G0YLYF0.jpg,1.0,1,Unknown,SongryVGA RTX 3060 12GB Low Profile Graphics Card GDDR6 PCIe 4.0 x16 HDMI DP Outputs Compatible with SFF/Thin ITX/HTPC/ PC,RTX 3060 12GB DH,498.95,0.0,583.05
https://c1.neweggimages.com/productimage/nb300/ACBWD26042313Z932EB.jpg,0.0,0,ASUS,REFURBISHED ASUS Dual GeForce RTX 4060 OC V2(8GB) - Graphics Card (DUAL-RTX4060-O8G-V2),ASDUAL-RTX4060-O8G-V2-R,344.99,0.0,349.99
https://c1.neweggimages.com/productimage/nb300/BF9VS221123141H4Q27.jpg,4.7,3,NVIDIA,NVIDIA GeForce RTX 3090 Founders Edition Graphics Card 24GB GDDR6X - Titanium and Black,900-1G136-2510-000,1935.0,0.0,1935.0
https://c1.neweggimages.com/productimage/nb300/14-202-431-12.jpg,4.5,338,Sapphire Tech,SAPPHIRE PULSE Radeon RX 7900 XT 20GB GDDR6 PCI Express 4.0 x16 ATX Graphics Card 11323-02-20G,11323-02-20G,919.99,0.0,1188.87
https://c1.neweggimages.com/productimage/nb300/BJXUS2303310JTT8H28.jpg,4.0,2,Unknown,SRhonyra GeForce GTX 1650 low profile vIdeo card 4G GDDR5 128bit PCI Express 3.0 x16 Single slot Powered by PCI bus low profile gpu lp gpu HDMI DP port,SR165D5LP4G1DH,225.95,0.0,399.0
https://c1.neweggimages.com/productimage/nb300/14-137-364-V08.jpg,4.0,290,MSI,MSI GeForce RTX 2070 8GB GDDR6 PCI Express 3.0 x16 Graphics Card RTX 2070 GAMING Z 8G,RTX 2070 GAMING Z 8G,675.0,0.0,675.0
https://c1.neweggimages.com/productimage/nb300/BF3CS25040206GCHJ32.jpg,4.3,42,Unknown,Peladn Gaming Graphics RX 5500XT 8GB GDDR6 PCI Express 4.0 Video Card,6972410024737,165.0,0.0,165.0
https://c1.neweggimages.com/productimage/nb300/27N-0002-00172-12.jpg,3.9,7,XFX,REFURBISHED XFX Speedster MERC 319 AMD RX 6950 XT Black Gaming Graphics Card with 16GB GDDR6 RX-695XATBD9,RX-695XATBD9,429.99,0.0,429.99
https://c1.neweggimages.com/productimage/nb300/14-980-003-01.jpg,0.0,0,Unknown,Yeston GAEA Radeon RX 9070 XT 16GB GDDR6 PCI Express 5.0 x16 Graphics Card RX9070XT,YT RX-97XT-16D6-GA-11PCI,749.0,0.0,749.0
https://c1.neweggimages.com/productimage/nb300/14-487-532-01.jpg,4.8,113,Unknown,"EVGA GeForce RTX 3070 FTW3 ULTRA GAMING Video Card, 08G-P5-3767-KR, 8GB GDDR6, iCX3 Technology, ARGB LED, Metal Backplate",08G-P5-3767-KR,545.0,0.0,545.0
https://c1.neweggimages.com/productimage/nb300/ADFRD201109QI4CF.jpg,0.0,0,GIGABYTE,REFURBISHED Gigabyte GeForce GTX 1070 Windforce Triple Fan 8GB GDDR5 GV-N1070WF3-8GD Video Graphic Card GPU,GV-N1070WF3-8GD-R,149.99,0.0,149.99
https://c1.neweggimages.com/productimage/nb300/B9ZZS240125165H9V62.jpg,0.0,0,NVIDIA,NVIDIA GeForce RTX 4070 SUPER Founders Edition Graphics Card 12GB GDDR6X - Titanium and Black,900-1G141-2534-000,1011.43,29.99,1179.0
https://c1.neweggimages.com/productimage/nb300/C0JHS2508060HFUR09A.jpg,5.0,1,Unknown,SongryVGA R5 230 2GB Low Profile Graphic Card GDDR3 Video Card Dual HDMI 1080P Output for SFF Thin ITX HTPC PC Plug-and-Play Compatible with Windows 10 and Linux,R5 230 2GB 2H,32.85,0.0,39.95
https://c1.neweggimages.com/productimage/nb300/14-500-632-01.jpg,0.0,0,ZOTAC,ZOTAC Twin Edge OC White Edition GeForce RTX 5060 Ti 16GB GDDR7 PCI Express 5.0 x8 ATX Graphics Card ZOTAC GAMING GeForce RTX 5060 Ti 16GB Twin Edge OC White Edition ZT-B50620Q-10M,ZT-B50620Q-10M,849.99,0.0,849.99
https://c1.neweggimages.com/productimage/nb300/AZUES250607055SG012.jpg,0.0,0,Unknown,Yeston Sakura Radeon RX 9070 16G GDDR6 256bit 4nm Desktop computer PC Video Graphics Cards support PCI-Express 5.0 3*DP+1*HDMI-compatible ARGB graphics card Sakura,RX-9070-16D6-SOA,719.0,0.0,719.0
https://c1.neweggimages.com/productimage/nb300/BJXUD2512200675YZC2.jpg,0.0,0,Unknown,"SRhonyra RTX 3050 6GB low profile graphics card, 2 x HDMI Outputs, GDDR6 96-Bit PCIe 4.0 x 16, single slot width low-profile ready video card for SFF cases",SR3052H61,289.59,0.0,399.99
https://c1.neweggimages.com/productimage/nb300/C0JHS2508200LIN7N2C.jpg,3.0,2,Unknown,SongryVGA GT 730 Low Profile Graphics Card 4GB GDDR3 128-bit 2x HDMI Outputs,GT 730 4G 2H,44.95,0.0,52.99
https://c1.neweggimages.com/productimage/nb300/14-202-427-V01.jpg,5.0,1,Sapphire Tech,REFURBISHED SAPPHIRE Radeon RX 7900 XT 20GB GDDR6 PCI Express 4.0 Graphics Card 21323-01-20G,21323-01-20G,599.99,0.0,599.99
https://c1.neweggimages.com/productimage/nb300/C0JHS26052908BVKV9F.jpg,0.0,0,Unknown,"SongryVGA RTX 3050 6GB Low Profile Graphics Card,GDDR6 92-bit PCIe 4.0 x16 HDMIx2 Outputs Compatible with SFF/Thin ITX/HTPC PC",RTX 3050 6GB 2H,299.85,0.0,335.2
https://c1.neweggimages.com/productimage/nb300/ASGMS2405310EVQ6N2D.jpg,0.0,0,ASUS,ASUS GeForce GT 710 GT710-SL-2GD5-BRK-EVO 2GB DDR5 Video Card,90YV0ALA-M0CA00,68.99,0.0,68.99
https://c1.neweggimages.com/productimage/nb300/14-980-001-02.png,0.0,0,Unknown,Yeston Atlantis Radeon RX 9070 XT 16GB GDDR6 PCI Express 5.0 x16 Graphics Card RX9070XT,YT RX-97XT-16D6-YOA-11PCI,769.0,19.99,769.0
https://c1.neweggimages.com/productimage/nb300/BJXUD2506120519D650.jpg,0.0,0,Unknown,SRhonyra GTX 1660 Ti 6GB Graphics Card GDDR6 192 Bit PCI-e 3.0 x16 4 Monitors Video Card Support DirectX 12 OpenGL 4.5 HDMI and 3*DisplayPort 1.4a,SR166TD6M6G1,199.95,0.0,339.99
https://c1.neweggimages.com/productimage/nb300/14-202-383-V01.jpg,0.0,0,Sapphire Tech,REFURBISHED SAPPHIRE NITRO+ Radeon RX 5700 XT DirectX 12 11293-97-90G Video Card,11293-97-90G,159.99,60.0,189.99
https://c1.neweggimages.com/productimage/nb300/14-202-485-01.png,0.0,0,Sapphire Tech,REFURBISHED SAPPHIRE PULSE Radeon RX 9070 XT 16GB GDDR6 PCI Express 5.0 x16 ATX Graphics Card 11348-03CPO,11348-03CPO,729.99,0.0,729.99
https://c1.neweggimages.com/productimage/nb300/14-132-098-01.jpg,3.0,3,NVIDIA,REFURBISHED NVIDIA GeForce RTX 3080 Founders Edition Graphics Card 10GB GDDR6X - Titanium and Black,900-1G133-2530-000,399.99,0.0,399.99
https://c1.neweggimages.com/productimage/nb300/14-932-657-V01.jpg,5.0,1,GIGABYTE,"REFURBISHED GIGABYTE Radeon RX 7800 XT GAMING OC 16G Graphics Card, 3x WINDFORCE Fans 16GB 256-bit GDDR6, GV-R78XTGAMING OC-16GD Video Card",GV-R78XTGAMING OC-16GD,449.99,0.0,449.99
https://c1.neweggimages.com/productimage/nb300/C0JHS2605290KP9OX82.jpg,0.0,0,Unknown,SongryVGA RX 580 8GB Graphics Card GDDR5 256-Bit PCIe 3.0 x16 Dual-Fan Cooling Triple Monitor Support HDMI DP DVI Windows 10/11 Linux Compatible Single 6-Pin Power,RX 580 8GB GM,139.85,0.0,166.99
https://c1.neweggimages.com/productimage/nb300/14-500-626-02.jpg,5.0,1,ZOTAC,ZOTAC Twin Edge OC GeForce RTX 5050 8GB GDDR6 PCI Express 5.0 x8 ATX Graphics Card GeForce RTX 5050 Twin Edge OC ZT-B50500H-10M,ZT-B50500H-10M,464.99,0.0,464.99
https://c1.neweggimages.com/productimage/nb300/14-126-777-10.png,4.6,249,ASUS,ASUS ROG Strix GeForce RTX 5070 Ti OC Edition 16GB 256-Bit GDDR7 PCI Express 5.0 DLSS 4.0 Graphics Card ROG-STRIX-RTX5070TI-O16G-GAMING,ROG-STRIX-RTX5070TI-O16G-GAMING,1549.0,0.0,1549.0
https://c1.neweggimages.com/productimage/nb300/14-985-043-01.jpg,0.0,0,Unknown,REFURBISHED PNY GeForce RTX 4070 Ti 12GB GDDR6X PCI Express 4.0 x16 Graphics Card RTX 4070Ti 12GB Blower,VCG4070T12BLXPB1,599.99,0.0,599.99
https://c1.neweggimages.com/productimage/nb300/14-137-836-01.png,4.9,26,MSI,MSI Gaming GeForce RTX 4060 Ti 16GB GDDR6 PCI Express 4.0 x8 ATX Graphics Card RTX 4060 TI GAMING X SLIM 16G,RTX 4060 TI GAMING X SLIM 16G,808.01,0.0,808.01
https://c1.neweggimages.com/productimage/nb300/C0JHS2601070HVGVY46.jpg,5.0,1,Unknown,SongryVGA GTX 1050 4GB Graphics Card GDDR5 128-bit PCIe 3.0 x16 HDMI DP DVI 1080p Gaming Desktop GPU,GTX 1050 4G GM,97.95,0.0,116.99
https://c1.neweggimages.com/productimage/nb300/C0JHS260529083WJ08E.jpg,0.0,0,Unknown,SongryVGA GTX 1060 3GB Low Profile Graphics Card GDDR5 192-bit PCIe 3.0 x16 HDMI DP For SFF Thin ITX HTPC Mini Desktop,GTX 1060 3GB DH,125.95,0.0,149.99
https://c1.neweggimages.com/productimage/nb300/14-126-792-01.png,4.8,60,ASUS,ASUS TUF Gaming GeForce RTX 5060 Ti 8GB 128-Bit GDDR7 DLSS 4.0 Graphics Card TUF-RTX5060TI-O8G-GAMING,TUF-RTX5060TI-O8G-GAMING,679.99,0.0,679.99
https://c1.neweggimages.com/productimage/nb300/14-930-063-01.jpg,0.0,0,ASRock,REFURBISHED ASRock Challenger D Radeon RX 6600 XT 8GB GDDR6 PCI Express 4.0 Graphics Card RX6600XT CLD 8GO,RX6600XT CLD 8GO,220.48,60.0,250.48
https://c1.neweggimages.com/productimage/nb300/ADZJS220606K7DRR.jpg,0.0,0,NVIDIA,NVIDIA T600 - Graphics card - T600 - 4 GB GDDR6 - PCIe 3.0 x16 low profile - 4 x Mini DisplayPort,VCNT600-PB__,219.0,0.0,219.0
https://c1.neweggimages.com/productimage/nb300/14-126-801-12.png,4.6,51,ASUS,ASUS PRIME GeForce RTX 5060 8GB GDDR7 PCI Express 5.0 x8 Graphics Card PRIME-RTX5060-O8G,PRIME-RTX5060-O8G,539.99,0.0,539.99
https://c1.neweggimages.com/productimage/nb300/14-126-737-01.png,4.7,176,ASUS,ASUS Dual GeForce RTX 4070 12GB GDDR6 PCI Express 4.0 ATX Graphics Card DUAL-RTX4070-O12GD6-EVO 12GB GDDR6,DUAL-RTX4070-O12GD6-EVO,738.0,0.0,738.0
https://c1.neweggimages.com/productimage/nb300/14-126-704-08.png,4.7,103,ASUS,"ASUS ProArt GeForce RTX 4080 SUPER OC Edition Graphics Card (PCIe 4.0, 16GB GDDR6X, DLSS 3, HDMI 2.1a, DisplayPort 1.4a) PROART-RTX4080S-O16G",PROART-RTX4080S-O16G,1745.0,0.0,1745.0
https://c1.neweggimages.com/productimage/nb300/14-126-648-08.png,4.5,80,ASUS,"ASUS TUF Gaming GeForce RTX 4060 Ti OC Edition Gaming Graphics Card (PCIe 4.0, 8GB GDDR6, DLSS 3, HDMI 2.1a, DisplayPort 1.4a) TUF-RTX4060TI-O8G-GAMING",TUF-RTX4060TI-O8G-GAMING,620.79,0.0,640.19
https://c1.neweggimages.com/productimage/nb300/BP4YS2503080J57G9C6.jpg,0.0,0,Sapphire Tech,"SAPPHIRE Tech PURE Radeon RX 7900 XT 20GB OC Gaming Graphics Card, RDNA 3, 20 Gbps, PCIe 4.0, GDDR6, HDMI 4K, DisplayPort 2.1a, Dual Ball Bearing Fans, Digital Power Design, WHITE",PURE 7900XT,899.0,0.0,899.0
https://c1.neweggimages.com/productimage/nb300/14-126-799-01.png,4.8,60,ASUS,ASUS Dual GeForce RTX 5060 Ti 8GB GDDR7 PCI Express 5.0 x8 ATX Graphics Card DUAL-RTX5060TI-O8G,DUAL-RTX5060TI-O8G,559.99,0.0,559.99
https://c1.neweggimages.com/productimage/nb300/14-131-776-V01.jpg,0.0,0,PowerColor,"REFURBISHED PowerColor Red Devil AMD Radeon RX 6900 XT Gaming Graphics Card with 16GB GDDR6 Memory, Powered by AMD RDNA 2, Raytracing, PCI Express 4.0, HDMI 2.1, AMD Infinity Cache, AXRX 6900XT 16GBD6-3DHE/OC",6900XT 16GBD6-3DHE/O,469.99,0.0,469.99
https://c1.neweggimages.com/productimage/nb300/1FT-0004-008K2-01.jpg,3.0,2,NVIDIA,REFURBISHED NVIDIA GeForce RTX 3080 Ti Founders Edition Graphics Card 12GB GDDR6X - Titanium and Black,900-1G133-2518-000,479.99,0.0,479.99
https://c1.neweggimages.com/productimage/nb300/AAJ2D2503111COE0SED.jpg,0.0,0,NVIDIA,REFURBISHED HPE NVIDIA Tesla P100 16GB HBM2 PCIe Full Height L-Bracket GPU Accelerator 868199-001 868585-001 900-2H400-0300-031,868199-001-L,96.99,0.0,96.99
https://c1.neweggimages.com/productimage/nb300/14-131-888-09.jpg,0.0,0,PowerColor,PowerColor Hellhound Radeon RX 9070 GRE 12GB GDDR6 PCI Express 5.0 x16 ATX Graphics Card RX9070GRE 12G-L/OC,RX9070GRE 12G-L/OC,554.99,0.0,569.99
https://c1.neweggimages.com/productimage/nb300/BP4YS2506070EK6EX53.jpg,5.0,1,NVIDIA,"NVIDIA T1000 8GB Professional Graphics Card, Industrial Package, GDDR6 Memory, 1250MHz, 128-bit, Bandwidth 160GB/s, Single slot design, Ultra-thin and light",T1000 8GB,439.0,0.0,439.0
https://c1.neweggimages.com/productimage/nb300/14-126-455-01.jpg,5.0,12,ASUS,ASUS TUF Gaming GeForce RTX 3090 TUF-RTX3090-24G-GAMING Video Card,TUF-RTX3090-24G-GAMI,2099.0,0.0,2099.0
https://c1.neweggimages.com/productimage/nb300/BP4YS2604080FHOZE88.jpg,0.0,0,ASUS,"ASUS TUF Gaming Radeon RX 7900 XTX, 24GB GDDR6 Graphics Card (PCIe 4.0, 24GB GDDR6, HDMI 2.1a, DisplayPort 2.1),TUF-RX7900XTX-O24G-GAMING",TUF-RX7900XTX-O24G-GAMING-2,1599.99,0.0,1599.99
https://c1.neweggimages.com/productimage/nb300/C0JHS2605290829AM8E.jpg,0.0,0,Unknown,"SongryVGA GTX 1650 4GB Low Profile Graphics Card,GDDR5 128-bit PCIe 3.0,HDMI & DisplayPort for SFF/Thin ITX/HTPC PC",GTX 1650 4GB DH,223.85,0.0,270.88
https://c1.neweggimages.com/productimage/nb300/APMXS2308190UJE2M4F.jpg,0.0,0,ASUS,REFURBISHED ASUS GeForce RTX 3080 Ti TUF 12GB GDDR6X TUF-RTX3080TI-12G-GAMING Video Graphic Card GPU,TUF-3080TI-12G-G-R,599.99,0.0,599.99
https://c1.neweggimages.com/productimage/nb300/14-137-603-V10.jpg,4.8,430,MSI,MSI Gaming GeForce RTX 3070 8GB GDDR6 PCI Express 4.0 Graphics Card RTX 3070 GAMING X TRIO,RTX3070GAMINGXTRIO,689.0,0.0,689.0
https://c1.neweggimages.com/productimage/nb300/AGKCD2204110OFY4MCA.jpg,0.0,0,ASUS,REFURBISHED ASUS Dual Radeon RX 6600 XT 8GB GDDR6 PCI Express 4.0 CrossFireX Support ATX Video Card DUAL-RX6600XT-O8G,ASUSDual6600XTSNRFB,299.0,60.0,299.0
https://c1.neweggimages.com/productimage/nb300/14-126-454-02.jpg,4.6,104,ASUS,ASUS TUF Gaming GeForce RTX 3090 24GB GDDR6X PCI Express 4.0 SLI Support Graphics Card TUF-RTX3090-O24G-GAMING,TUF-RTX3090-O24G-GAM,2099.0,0.0,2099.0
https://c1.neweggimages.com/productimage/nb300/AZUES221101oznXB.jpg,5.0,1,Unknown,Yeston GeForce GTX 1050 Ti 4GB GDDR5 Graphics cards pci express x16 3.0 video cards Desktop computer PC video gaming graphics card,GTX1050TI-4G D5 GF,159.0,0.0,159.0
https://c1.neweggimages.com/productimage/nb300/BJXUS2412180FPI3R8A.jpg,0.0,0,Unknown,SRhonyra GeForce GTX 1050Ti 4GB Graphics Card GDDR5 128 Bit PCIe 3.0 x16 Bus Powered DP+HDMI+DVI Ports Gaming GPU,SR105TD5M4G1,134.59,0.0,161.5
https://c1.neweggimages.com/productimage/nb300/14-930-056-01.jpg,4.4,391,ASRock,"ASRock Radeon RX 6700 XT Challenger D Gaming Graphic Card, 12GB GDDR6 VRAM, AMD RDNA2 (RX6700XT CLD 12G)",RX6700XT CLD 12G,776.0,0.0,776.0
https://c1.neweggimages.com/productimage/nb300/14-932-306-S01.jpg,5.0,2,GIGABYTE,REFURBISHED GIGABYTE AORUS Radeon RX 5700 XT 8GB GDDR6 PCI Express 4.0 x16 ATX Graphics Card GV-R57XTAORUS-8GD,GV-R57XTAORUS-8GD,329.0,60.0,329.0
https://c1.neweggimages.com/productimage/nb300/BP4YS2503080JGQRHDC.jpg,5.0,2,Sapphire Tech,SAPPHIRE Tech NITRO+ Radeon RX 7900 XTX 24GB GDDR6 PCI Express 4.0 x16 ATX Video Card 11322-01-40G,NITRO+ 7900XTX,1272.0,0.0,1272.0
https://c1.neweggimages.com/productimage/nb300/14-126-745-01.png,4.6,77,ASUS,ASUS TUF Gaming Radeon RX 9070 XT 16GB 256-Bit GDDR6 PCI Express 5.0 RDNA 4 Graphics Card TUF-RX9070XT-O16G-GAMING,TUF-RX9070XT-O16G-GAMING,1218.9,0.0,1218.9
https://c1.neweggimages.com/productimage/nb300/AJEPS2507051DP8XU89.jpg,0.0,0,ASUS,"REFURBISHED ASUS Dual GeForce RTX 4060 Ti V2 OC Edition (PCIe 4.0, 8GB GDDR6, DLSS 3, HDMI 2.1a, DisplayPort 1.4a, 2-slot design, Axial-tech fan design, 0dB technology) DUAL-RTX4060TI-O8G-V2",DUAL-RTX4060TI-O8G-V2,339.99,0.0,339.99
https://c1.neweggimages.com/productimage/nb300/14-487-247-S99.jpg,4.5,1017,Unknown,"EVGA GeForce GTX 1070 Founders Edition, 08G-P4-6170-KR, 8GB GDDR5, LED, DX12 OSD Support (PXOC)",08G-P4-6170-KR,269.0,0.0,269.0
https://c1.neweggimages.com/productimage/nb300/BP4YS25051803AMT33A.jpg,0.0,0,ASUS,"ASUS ROG Strix GeForce RTX 4090 OC Edition Gaming Graphics Card (PCIe 4.0, 24GB GDDR6X, HDMI 2.1a, DisplayPort 1.4a) ROG-STRIX-RTX4090-O24G-GAMING",ROG-STRIX-RTX4090-O24G-GAMING OC,3765.0,0.0,3765.0
https://c1.neweggimages.com/productimage/nb300/14-930-052-02.jpg,0.0,0,ASRock,"REFURBISHED ASRock Radeon RX 6900 XT PHANTOM GAMING D Graphics Card 16GB GDDR6, AMD RDNA2 (RX6900XT PGD 16GO)",RX6900XT PGD 16GO,449.99,0.0,449.99
https://c1.neweggimages.com/productimage/nb300/14-932-459-02.jpg,0.0,0,GIGABYTE,REFURBISHED GIGABYTE Gaming OC GeForce RTX 3080 10GB GDDR6X PCI Express 4.0 ATX Video Card GV-N3080GAMING OC-10GD (rev. 2.0) (LHR),GV-N3080GAMING OC-10GD REV2,399.99,0.0,399.99
https://c1.neweggimages.com/productimage/nb300/14-126-800-01.png,4.6,51,ASUS,ASUS TUF Gaming GeForce RTX 5060 8GB GDDR7 PCI Express 5.0 x8 ATX Graphics Card TUF-RTX5060-O8G-GAMING,TUF-RTX5060-O8G-GAMING,569.99,0.0,569.99
https://c1.neweggimages.com/productimage/nb300/14-126-665-V02.jpg,4.8,106,ASUS,"ASUS Dual GeForce RTX 4060 OC Edition 8GB GDDR6 (PCIe 4.0, 8GB GDDR6, DLSS 3, HDMI 2.1a, DisplayPort 1.4a, 2.5-slot design, Axial-tech fan design, 0dB technology) DUAL-RTX4060-O8G",DUAL-RTX4060-O8G,542.0,0.0,542.0
https://c1.neweggimages.com/productimage/nb300/14-932-617-01.jpg,4.7,76,GIGABYTE,"GIGABYTE GeForce RTX 4060 Ti AERO OC 8G Graphics Card, 3x WINDFORCE Fans, 8GB 128-bit GDDR6, GV-N406TAERO OC-8GD Video Card",GV-N406TAERO OC-8GD,678.99,0.0,678.99
https://c1.neweggimages.com/productimage/nb300/BP4YS2502201B371WDC.jpg,5.0,3,Sapphire Tech,"SAPPHIRE Tech NITRO+ Radeon RX 7900 XTX OC 24GB Graphics Card, 384 bit GDDR6G PCI-Express 4.0 x16 ATX Video Card, RDNA 3 Architecture, vapor-X, for deepseek, ai model, silver",SAPPHIRE NITRO+ Radeon RX 7900 XTX,1292.04,0.0,1292.04
https://c1.neweggimages.com/productimage/nb300/BP4YS25030804SF4S57.jpg,0.0,0,Sapphire Tech,SAPPHIRE Tech PURE Radeon RX 7700 XT 12GB GDDR6 PCI Express 4.0 x16 Video Card 11335-03-20G,PURE 7700XT,599.0,0.0,599.0
https://c1.neweggimages.com/productimage/nb300/14-930-083-01.jpg,5.0,1,ASRock,REFURBISHED ASRock Phantom Gaming Radeon RX 7900 XT 20GB GDDR6 PCI Express 4.0 ATX Graphics Card RX7900XT PG 20GO,RX7900XT PG 20GO,579.99,0.0,579.99
https://c1.neweggimages.com/productimage/nb300/14-932-807-03.jpg,4.8,158,GIGABYTE,GIGABYTE Gaming Radeon RX 9060 XT 8GB GDDR6 PCI Express 5.0 x16 ATX Graphics Card GV-R9060XTGAMING OC-8GD RX 9060XT,GV-R9060XTGAMING OC-8GD,599.0,0.0,599.0
https://c1.neweggimages.com/productimage/nb300/14-125-844-01.jpg,4.0,11,GIGABYTE,GIGABYTE GeForce GT 710 2GB DDR3 PCI Express 2.0 x8 Low Profile Graphics Card GV-N710D3-2GL 1.0,GV-N710D3-2GL 1.0,65.0,0.0,65.0
https://c1.neweggimages.com/productimage/nb300/A24GD2503280C69S31E.jpg,5.0,1,Lenovo,Lenovo NVIDIA RTX A400 Graphic Card - 4 GB GDDR6 - 4 x Mini DisplayPort - Mini DisplayPort,4X61Q73040,222.8,0.0,271.99
https://c1.neweggimages.com/productimage/nb300/BJXUS2602090HWNZR04.jpg,4.0,1,Unknown,"SRhonyra RTX 3060 Low Profile Graphics Card, 12GB 192-bit GDDR6, DisplayPort and HDMI Outputs, PCIe 4.0 x16, capable of local AI, AI Computing, running 7B-13B LLMs",SR306D6LP12G1,495.59,0.0,799.99
https://c1.neweggimages.com/productimage/nb300/BJXUS23033006PJGG28.jpg,5.0,1,Unknown,SRhonyra GeForce GTX 1050 ti low profile video card 4G GDDR5 supper compact PCI Express 3.0 x16 Single Slot Powered by PCI bus HDMI DP port low profile gpu lp gpu,SR105TD5LP4G1,172.0,0.0,299.0
https://c1.neweggimages.com/productimage/nb300/BJXUS2411290GAFVH4F.jpg,1.0,1,Unknown,SRhonyra GTX 1050 4GB Graphics Card GDDR5 128 Bit PCIe 3.0 x16 Bus Powered DP+HDMI+DVI Ports Gaming Video Card Dual Width GPU for Tower PC Case,SR105D5M4G1,99.59,0.0,119.5
https://c1.neweggimages.com/productimage/nb300/14-932-555-25.jpg,4.7,434,GIGABYTE,GIGABYTE AORUS GeForce RTX 4090 24GB GDDR6X PCI Express 4.0 x16 ATX Graphics Card GV-N4090AORUS M-24GD,GV-N4090AORUS M-24GD,3479.0,0.0,3479.0
https://c1.neweggimages.com/productimage/nb300/14-932-752-05.jpg,4.5,235,GIGABYTE,GIGABYTE Gaming Radeon RX 9070 16GB GDDR6 PCI Express 5.0 x16 Graphics Card GV-R9070GAMING-16GD,GV-R9070GAMING-16GD,989.0,0.0,989.0
https://c1.neweggimages.com/productimage/nb300/14-126-599-61.jpg,4.7,713,ASUS,"ASUS TUF Gaming GeForce RTX 4080 Gaming Graphics Card (PCIe 4.0, 16GB GDDR6X, HDMI 2.1a, DisplayPort 1.4a) TUF-RTX4080-16G-GAMING",TUF-RTX4080-16G-GAMING,1543.27,0.0,1697.0
https://c1.neweggimages.com/productimage/nb300/14-932-630-17.jpg,4.7,119,GIGABYTE,"GIGABYTE GeForce RTX 4060 WINDFORCE OC 8G Graphics Card, 2x WINDFORCE Fans, 8GB 128-bit GDDR6, GV-N4060WF2OC-8GD Video Card",GV-N4060WF2OC-8GD,566.4,0.0,566.4
https://c1.neweggimages.com/productimage/nb300/B9ZZS240207175OZF30.jpg,5.0,1,NVIDIA,NVIDIA GeForce RTX 4080 SUPER Founders Edition Graphics Card 16GB GDDR6X - Titanium and Black,900-1G136-2555-000,1950.0,0.0,1950.0
https://c1.neweggimages.com/productimage/nb300/14-932-799-15.jpg,4.4,48,GIGABYTE,GIGABYTE AERO GeForce RTX 5060 8GB GDDR7 PCI Express 5.0 Graphics Card GV-N5060AERO OC-8GD,GV-N5060AERO OC-8GD,620.9,0.0,620.9
https://c1.neweggimages.com/productimage/nb300/C0JHS26052908FKNE9F.jpg,4.0,1,Unknown,SongryVGA GTX 1050 4GB Low Profile Graphics Card GDDR5 128-bit PCIe 3.0 x16 Dual HDMI HDCP 2.2 For SFF Thin ITX HTPC Mini Desktop,GTX 1050 4GB 2HDMI,135.85,0.0,162.99
https://c1.neweggimages.com/productimage/nb300/14-932-780-02.jpg,4.6,299,GIGABYTE,GIGABYTE WINDFORCE GeForce RTX 5080 16GB GDDR7 PCI Express 5.0 x16 ATX SFF Graphics Card GV-N5080WF3-16GD,GV-N5080WF3-16GD,1895.0,0.0,1895.0
https://c1.neweggimages.com/productimage/nb300/14-202-453-01.png,4.6,43,Sapphire Tech,SAPPHIRE PULSE Radeon RX 9070 16GB GDDR6 PCI Express 5.0 x16 ATX Graphics Card 11349-03-20G,11349-03-20G,899.0,0.0,899.0
https://c1.neweggimages.com/productimage/nb300/14-137-911-07.jpg,4.5,248,MSI,MSI INSPIRE GeForce RTX 5080 16GB GDDR7 PCI Express 5.0 Graphics Card RTX 5080 16G INSPIRE 3X OC,RTX 5080 16G INSPIRE 3X OC,1449.99,0.0,1449.99
https://c1.neweggimages.com/productimage/nb300/14-932-486-10.jpg,5.0,1,GIGABYTE,REFURBISHED GIGABYTE Gaming Radeon RX 6700 XT 12GB GDDR6 PCI Express 4.0 ATX Graphics Card GV-R67XTGAMING OC-12GD,GV-R67XTGAMING OC-12,309.49,60.0,309.49
https://c1.neweggimages.com/productimage/nb300/14-131-874-01.png,0.0,0,PowerColor,OPEN BOX PowerColor Reaper Radeon RX 9070 16GB 256-Bit GDDR6 PCI Express 5.0 RDNA 4 Graphics Card RX9070 16G-A,RX9070 16G-A,649.99,0.0,649.99
https://c1.neweggimages.com/productimage/nb300/ADZG_1_20190806968845122.jpg,0.0,0,Lenovo,GRAPHIC_BO TS NVIDIA QUADRO P620 LP,4X60R60469,80.0,0.0,80.0
https://c1.neweggimages.com/productimage/nb300/14-126-616-01.jpg,4.6,310,ASUS,"ASUS ROG Strix GeForce RTX 4090 White OC Edition Gaming Graphics Card (PCIe 4.0, 24GB GDDR6X, HDMI 2.1a, DisplayPort 1.4a) ROG-STRIX-RTX4090-O24G-WHITE",ROG-STRIX-RTX4090-O24G-WHITE,3895.0,0.0,3895.0
https://c1.neweggimages.com/productimage/nb300/BZDCS2504080D2K0SD6.jpg,0.0,0,Unknown,"ZER LON GeForce GTX 1660 Super 6GB Graphics Cards, GDRR6 192Bit PCIE 3.0X16 Computer Gaming Gpu, Dual Freeze Fans Video Card with HDMI/DP/DVI Ports Support 4K and 8K HD",ZL-GTX 1660S 6G,194.99,0.0,299.99
https://c1.neweggimages.com/productimage/nb300/BP4YS2504181FDDAZ41.jpg,0.0,0,Sapphire Tech,SAPPHIRE Tech PULSE Radeon RX 9070 XT 16GB GDDR6 PCI Express 5.0 x16 ATX Graphics Card 11348-03-20G,SAPPHIRE PULSE Radeon RX 9070 XT 16GB,799.0,0.0,799.0
https://c1.neweggimages.com/productimage/nb300/BF3CS260305067KX3AA.jpg,0.0,0,Unknown,Peladn Gaming RTX 3050 8G Graphics Card GDDR6 PCI Express 4.0 Video Card Single-fan Edition,6972410027240,229.0,0.0,229.0
https://c1.neweggimages.com/productimage/nb300/V296S230207c6QJf.jpg,0.0,0,GIGABYTE,GIGABYTE RTX 3090 GV-N3090TURBO-24GD GDDR6X HDMI \ DP PCI-E Graphic Card,1.GV-N3090TURBO-24GD,1899.0,0.0,1899.0
https://c1.neweggimages.com/productimage/nb300/14-132-098-01.jpg,5.0,1,NVIDIA,NVIDIA GeForce RTX 3080 Founders Edition Graphics Card 10GB GDDR6X - Titanium and Black,900-1G133-2530-000,706.56,0.0,706.56
https://c1.neweggimages.com/productimage/nb300/14-126-203-V05.jpg,4.5,44,ASUS,ASUS GeForce GT 1030 2GB GDDR5 HDMI DVI Graphics Card (GT1030-2G-CSM),GT1030-2G-CSM,108.0,0.0,108.0
https://c1.neweggimages.com/productimage/nb300/14-137-943-01.jpg,4.7,210,MSI,MSI Ventus GeForce RTX 5070 12GB GDDR7 PCI Express 5.0 ATX Graphics Card RTX 5070 12G VENTUS 2X OC,RTX 5070 12G VENTUS 2X OC,949.0,0.0,949.0
https://c1.neweggimages.com/productimage/nb300/14-137-529-V02.jpg,4.5,176,MSI,MSI Ventus GeForce GTX 1650 4GB GDDR6 PCI Express 3.0 x16 Graphics Card GTX 1650 D6 Ventus XS OC,GTX 1650 D6 Ventus XS OC,299.0,0.0,299.0
https://c1.neweggimages.com/productimage/nb300/14-932-359-V06.jpg,5.0,5,GIGABYTE,"REFURBISHED GIGABYTE AORUS GeForce RTX 3070 MASTER 8GB Video Card, GV-N3070AORUS M-8GD",GV-N3070AORUS M-8GD,269.99,0.0,269.99
https://c1.neweggimages.com/productimage/nb300/14-126-820-01.png,4.7,173,ASUS,ASUS ROG Astral GeForce RTX 5080 16GB GDDR7 OC HATSUNE MIKU EDITION PCI Express 5.0 x16 Graphics Card ROG-ASTRAL-RTX5080-O16G-MIKU-W,ROG-ASTRAL-RTX5080-O16G-MIKU-W,3468.21,29.99,3468.21
https://c1.neweggimages.com/productimage/nb300/C0JHS25091311UDQEF6.jpg,0.0,0,Unknown,SongryVGA GTX 1660 Super 6GB Graphics Card GDDR6 192-bit PCIe 3.0 x16 8-Pin Power Triple DP HDMI 4K Gaming Multi Monitor Desktop PC,GTX 1660S 6GB GM,199.85,0.0,236.99
https://c1.neweggimages.com/productimage/nb300/AJEPS26070205DN441A.jpg,0.0,0,ASUS,REFURBISHED ASUS PRIME GeForce RTX 5080 16GB 256-Bit GDDR7 PCI-Express 5.0 DLSS 4.0 Graphics Card PRIME-RTX5080-16G,PRIME-RTX5080-16G,1449.99,0.0,1449.99
https://c1.neweggimages.com/productimage/nb300/BP4YS25060703D42P96.jpg,5.0,1,NVIDIA,"NVIDIA Quadro T400 4GB Graphics Card, Boxed Package, GDDR6 Memory, 250MHz, 64-bit, Bandwidth 80GB/s, PCIe3.0x16 low profile 3x Mini DisplayPort, Entry-level Professional Rendering",NVIDIA T400 4GB Boxed,279.0,0.0,279.0
https://c1.neweggimages.com/productimage/nb300/B1AHS221107073TMR4E.jpg,4.3,6,NVIDIA,NVIDIA GeForce RTX 4090 Founders Edition Graphics Card 24GB GDDR6X - Titanium and Black,900-1G136-2530-000,3699.0,0.0,3699.0
https://c1.neweggimages.com/productimage/nb300/14-137-695-02.png,4.8,47,MSI,MSI Ventus GeForce RTX 2060 6GB GDDR6 PCI Express 3.0 x16 ATX Graphics Card RTX 2060 VENTUS GP OC,RTX 2060 VENTUS GPOC,368.0,0.0,368.0
https://c1.neweggimages.com/productimage/nb300/BP4YS25070104N0F82B.jpg,0.0,0,ASUS,"ASUS Dual AMD Radeon RX 6500 XT Edition 4GB GDDR6 Gaming Graphics Card (AMD RDNA 2, PCIe 4.0, 4GB GDDR6 Memory, HDMI 2.1, DisplayPort 1.4a, Axial-tech Fan Design, 0dB Technology) DUAL-RX6500XT-4G",DUAL-RX6500XT-4G,289.99,0.0,289.99
https://c1.neweggimages.com/productimage/nb300/14-500-563-09.jpg,4.6,43,ZOTAC,"ZOTAC GAMING GeForce RTX 4060 Ti 8GB Twin Edge OC White Edition DLSS 3 8GB GDDR6 128-bit 18 Gbps PCIE 4.0 Compact Graphics Card, IceStorm 2.0 Advanced Cooling, SPECTRA RGB Lighting, ZT-D40610Q-10M",ZT-D40610Q-10M,499.0,0.0,499.0
https://c1.neweggimages.com/productimage/nb300/BP4YS250326072YRT82.jpg,0.0,0,ASUS,ASUS Dual GeForce RTX 3060 Graphics Card DUAL-RTX3060-O12G-V2,ASUS DUAL-RTX3060-O12G-V2 NEW,479.99,0.0,489.99
https://c1.neweggimages.com/productimage/nb300/APBUS2208170KMSJ8C7.jpg,0.0,0,AMD,"AMD RADEON RX 6700 XT Graphics Card, 7nm AMD RDNA2 12GB GDDR6 192-bit AMD Reference Card, PCIE 4.0 HDMI DP 1.4a Video Card",AMD RX 6700 XT,754.0,0.0,754.0
https://c1.neweggimages.com/productimage/nb300/14-150-859-01.jpg,0.0,0,XFX,"REFURBISHED XFX SPEEDSTER MERC319 AMD Radeon RX 6900 XT LIMITED BLACK Gaming Graphics Card with 16GB GDDR6, AMD RDNA 2, RX-69XTACSD9",RX-69XTACSD9,469.99,0.0,469.99
https://c1.neweggimages.com/productimage/nb300/14-932-481-11.jpg,4.5,201,GIGABYTE,"GIGABYTE Radeon RX 6600 EAGLE 8G Graphics Card, WINDFORCE 3X Cooling System, 8GB 128-bit GDDR6, GV-R66EAGLE-8GD Video Card",GV-R66EAGLE-8GD,548.0,0.0,548.0
https://c1.neweggimages.com/productimage/nb300/14-137-954-21.jpg,4.6,166,MSI,MSI Gaming GeForce RTX 5060 Ti 16GB GDDR7 PCI Express 5.0 x 16 (use x8) ATX Graphics Card RTX 5060 Ti 16G GAMING TRIO OC,RTX 5060 Ti 16G GAMING TRIO OC,799.99,0.0,799.99
https://c1.neweggimages.com/productimage/nb300/14-137-924-19.jpg,4.6,393,MSI,MSI Gaming GeForce RTX 5070 Ti 16GB GDDR7 PCI Express 5.0 Graphics Card RTX 5070 Ti 16G GAMING TRIO OC PLUS,RTX 5070 Ti 16G GAMING TRIO OC PLUS,1397.99,0.0,1397.99
https://c1.neweggimages.com/productimage/nb300/AGBAS2310050KSPBOAA.jpg,0.0,0,Unknown,PNY RTX A4000 16G GDDR6 PCIE OEM VCNRTXA4000-SB Graphic Card OEM,1.VCNRTXA4000-SB,1298.0,0.0,1298.0
https://c1.neweggimages.com/productimage/nb300/14-487-524-V01.jpg,4.5,14,Unknown,"EVGA GeForce RTX 3090 XC3 ULTRA GAMING Video Card, 24G-P5-3975-KR, 24GB GDDR6X, iCX3 Cooling, ARGB LED, Metal Backplate",24G-P5-3975-KR,2099.0,0.0,2099.0
https://c1.neweggimages.com/productimage/nb300/A4YUD22052509UKLEB6.jpg,0.0,0,Unknown,PNY NVIDIA RTX A4500 20GB GDDR6 Professional Graphics Card,VCNRTXA4500-SB,1495.0,0.0,1495.0
https://c1.neweggimages.com/productimage/nb300/AGKCS2502240TTQL27B.jpg,5.0,1,MSI,"MSI NVIDIA GeForce RTX 4070 Ti SUPER 16G VENTUS 3X BLACK OC 256-Bit 16GB GDDR6X PCI-Express 4.0, DLSS 3 Graphics Card",RTX 4070 Ti SUPER 16G VENTUS 3X BLACK OC,1314.35,0.0,1314.35
https://c1.neweggimages.com/productimage/nb300/BP4YS2507010E8AJC88.jpg,0.0,0,ASUS,"ASUS TUF Gaming Radeon RX 7900 XTX OC Edition 24GB GDDR6 Graphics Card (PCIe 4.0, 24GB GDDR6, HDMI 2.1a, DisplayPort 2.1) TUF-RX7900XTX-O24G-GAMING",TUF-RX7900XTX-O24G-GAMING GDDR6,1267.79,0.0,1348.29
https://c1.neweggimages.com/productimage/nb300/14-137-504-V03.jpg,4.4,105,MSI,USED - VERY GOOD MSI GeForce RTX 2070 8GB GDDR6 PCI Express 3.0 x16 Graphics Card RTX 2070 VENTUS GP,RTX 2070 VENTUS GP,275.0,0.0,419.99
https://c1.neweggimages.com/productimage/nb300/B1PGS2309200WCZYE03.jpg,0.0,0,NVIDIA,REFURBISHED NVIDIA GeForce RTX 3060 Ti Founders Edition 8GB GDDR6 Video Graphics Card,NGRTX3060Ti8,319.99,0.0,319.99
https://c1.neweggimages.com/productimage/nb300/C0JHS260529084ZBF8E.jpg,0.0,0,Unknown,"SongryVGA GeForce GTX 1050 Ti 4GB Low Profile Graphics Card,GDDR5 128Bit PCIe 3.0 x16,HDMI & DisplayPort Outputs for SFF / Thin ITX / HTPC PC",GTX 1050 Ti 4G DH,159.85,0.0,232.85
https://c1.neweggimages.com/productimage/nb300/14-932-750-01.jpg,4.5,235,GIGABYTE,GIGABYTE AORUS Radeon RX 9070 XT 16GB GDDR6 PCI Express 5.0 x16 Graphics Card GV-R9070XTAORUS E-16GD,GV-R9070XTAORUS E-16GD,1179.99,0.0,1179.99
https://c1.neweggimages.com/productimage/nb300/14-126-512-02.jpg,4.5,2,ASUS,REFURBISHED ASUS TUF Gaming GeForce RTX 3070 Ti 8GB GDDR6X PCI Express 4.0 Graphics Card TUF-RTX3070TI-O8G-GAMING,TUF-RTX3070TI-O8G-GAMING,289.99,0.0,289.99
https://c1.neweggimages.com/productimage/nb300/14-126-711-02.png,4.6,148,ASUS,"ASUS Dual GeForce RTX 4070 SUPER EVO OC Edition 12GB GDDR6X (PCIe 4.0, 12GB GDDR6X, DLSS 3, HDMI 2.1a, DisplayPort 1.4a, 2.5-slot design, Axial-tech fan design, 0dB technology) DUAL-RTX4070S-O12G-EVO",DUAL-RTX4070S-O12G-EVO,994.25,0.0,994.25
https://c1.neweggimages.com/productimage/nb300/14-126-482-01.jpg,4.9,47,ASUS,ASUS ROG Strix GeForce RTX 3090 24GB GDDR6X PCI Express 4.0 SLI Support Graphics Card ROG-STRIX-RTX3090-O24G-WHITE,STRIX3090-O24G-WHITE,2199.0,0.0,2199.0
https://c1.neweggimages.com/productimage/nb300/AGKCD2204110P2JAS00.jpg,0.0,0,ASUS,REFURBISHED ASUS TUF-RTX3070TI-O8G-GAMING TUF Gaming GeForce RTX 3070 Ti Video Card,TUF-RTX3070TI-O8G-GASNRFB,399.49,60.0,399.49
https://c1.neweggimages.com/productimage/nb300/14-202-449-01.png,4.2,12,Sapphire Tech,SAPPHIRE PURE Radeon RX 9070 XT 16GB GDDR6 PCI Express 5.0 x16 ATX Graphics Card 11348-02-20G,11348-02-20G,969.0,0.0,969.0
https://c1.neweggimages.com/productimage/nb300/BR2DD2606150N5RHG40.jpg,0.0,0,ASUS,"ASUS NVIDIA GeForce RTX 5060 LP BRK 8GB GDDR7 OC Edition Graphics Card (PCIe 5.0, 8GB GDDR7, HDMI/DP 2.1, Low-Profile Design, IP5X Dust Resistance), 3 Year Warranty",537470445050,629.99,5.0,629.99
https://c1.neweggimages.com/productimage/nb300/C0JHS2508200M6RL019.jpg,0.0,0,Unknown,SongryVGA GT 1030 2GB Low Profile Graphics Card GDDR4 PCIe 3.0 HDMI DisplayPort Outputs Compact SFF/Thin ITX/HTPC PC,GT 1030 2GB Gddr4 DH,95.99,0.0,105.02
https://c1.neweggimages.com/productimage/nb300/BM9SS2503100PE8UXED.jpg,0.0,0,Unknown,"GUNNIR Intel Arc B570 Photon 10G OC Gaming Graphics Card (PCIe 4.0, 10GB GDDR6, HDMI 2.1, DisplayPort 2.1) Black",B570 Photon 10G OC,339.0,0.0,359.0
https://c1.neweggimages.com/productimage/nb300/A1K6S241203139RSFD6.jpg,0.0,0,Unknown,PNY Technologies NVIDIA RTX A1000 Professional Graphics Board NVIDIA RTX A1000 Small Form Factor NVIDIA Ampere Architecture 8GB GDDR6 GPU Memory,VCNRTXA1000ATX-B,569.0,0.0,569.0
https://c1.neweggimages.com/productimage/nb300/BP4YS2605260JZ1HBB9.jpg,0.0,0,NVIDIA,"NVIDIA RTX 4000 Ada 20GB Graphics Card, 160-bit GDDR6 PCI Express 4.0 x16 Graphics Card, RTX 4000 Ada generation 20GB Video card",NVIDIA RTX 4000 Ada 20GB,2250.0,0.0,2250.0
https://c1.neweggimages.com/productimage/nb300/14-126-825-03.png,5.0,1,ASUS,ASUS DUAL OC RTX 5070 GeForce RTX 5070 12GB 192-Bit GDDR7 PCI Express 5.0 x16 Graphics Card DUAL-RTX5070-O12G DLSS 4.0,DUAL-RTX5070-O12G,1271.39,0.0,1271.39
https://c1.neweggimages.com/productimage/nb300/14-137-953-12.jpg,4.6,166,MSI,MSI Gaming GeForce RTX 5060 Ti 16GB GDDR7 PCI Express 5.0 x 16 (use x8) ATX Graphics Card RTX 5060 Ti 16G GAMING TRIO OC WHITE,RTX 5060 Ti 16G GAMING TRIO OC WHITE,1066.03,0.0,1066.03
https://c1.neweggimages.com/productimage/nb300/ARUXS2111220EOC0C7A.jpg,0.0,0,NVIDIA,NVIDIA RTX A4000 16GB PCI Express 4.0 x16 Video Card VCNRTXA4000-PB,nvidia a4000,1298.0,0.0,1298.0
https://c1.neweggimages.com/productimage/nb300/BTK0S2412200HUW2113.jpg,0.0,0,Intel,"Intel Arc B580 12GB 192 Bit GDDR6 456Gb/s 20 XE Cores, 20 Ray Tracking units, Up to 8K Resolution at 120Hz HDR, Intel ARC B580 Limited Edition Battlemage Video Card",Intel Arc B580 12GB,590.0,0.0,590.0
https://c1.neweggimages.com/productimage/nb300/14-137-908-04.png,4.5,248,MSI,MSI VANGUARD GeForce RTX 5080 16GB GDDR7 PCI Express 5.0 Graphics Card RTX 5080 16G VANGUARD SOC,RTX 5080 16G VANGUARD SOC,2399.0,0.0,2399.0
https://c1.neweggimages.com/productimage/nb300/A6ZPD200912731OK.jpg,0.0,0,HP,Hpe Quadro Rtx 6000 Graphic Card - 24 Gb Gddr6,R0Z45C,1399.0,0.0,1399.0
https://c1.neweggimages.com/productimage/nb300/14-137-442-V01.jpg,4.0,2,MSI,REFURBISHED MSI GeForce RTX 2080 SUPER 8GB GDDR6 PCI Express 3.0 x16 SLI Support Graphics Card RTX 2080 Super Gaming X TRIO,2080SuperGamingXTrio,229.99,0.0,229.99
https://c1.neweggimages.com/productimage/nb300/BP4YS2605010RZA5652.jpg,0.0,0,NVIDIA,"NVIDIA RTX A4000 16G Single-slot Professional Graphics Card, Industrial Package, GDDR6 ECC Memory, 256-bit, Bandwidth 448 GB/s, DP1.4a X4, Modeling and Rendering, Film and Video Post-Production",RTX A4000 16G,1298.0,0.0,1298.0
https://c1.neweggimages.com/productimage/nb300/ADFRD210504SDCR8.jpg,3.0,2,NVIDIA,REFURBISHED NVIDIA GeForce GRID K520 Fanless 8GB GDDR5 GRID K520 Video Graphic Card GPU,GRID K520-SR,33.25,0.0,33.25
https://c1.neweggimages.com/productimage/nb300/AWFGS2306170GWGMVA4.jpg,0.0,0,ASRock,"REFURBISHED ASRock AMD Radeon RX 5700 XT Challenger D 8G OC 256-bit GDDR6 3 x DisplayPort, 1 x HDMI 281 x 137 x 42mm Video Cards",ASRock AMD Radeon RX 5700 XT Challenger1,169.99,30.0,169.99
https://c1.neweggimages.com/productimage/nb300/14-500-620-02.jpg,4.0,1,ZOTAC,ZOTAC AMP GeForce RTX 5060 8GB GDDR7 PCI Express 5.0 x8 ATX Graphics Card RTX 5060 AMP ZT-B50600F-10M,ZT-B50600F-10M,469.99,0.0,469.99
https://c1.neweggimages.com/productimage/nb300/14-126-611-13.jpg,4.7,57,ASUS,"ASUS TUF Gaming NVIDIA GeForce RTX 3070 Ti OC V2 Graphics Card (PCIe 4.0, 8GB GDDR6X, HDMI 2.1, DisplayPort 1.4a, Military-grade Certification, GPU Tweak III) TUF-RTX3070TI-O8G-V2-GAMING",TUF-RTX3070TI-O8G-V2-GAMING,795.0,0.0,795.0
https://c1.neweggimages.com/productimage/nb300/BJXUS2607020IZLB44D.jpg,0.0,0,Unknown,SRhonyra GT 1030 Graphics Card 2GB Low Profile Graphics Card GDDR5 64 Bit PCI-e 3.0 x4 Compatible x8 x16 Dual HDMI Displays 2 Monitor Video Card Support DirectX 12 OpenGL 4.5 HDCP 2.2,SR1032H21,119.95,0.0,155.94
https://c1.neweggimages.com/productimage/nb300/BJXUS2304030KYG0F28.jpg,0.0,0,Unknown,"SRhonyra GTX 1050 2GB low-profile graphics card, HDMI and DisplayPort outputs, GDDR5 128-bit PCIe 3.0 x16, single-slot width, low-profile-ready card for compact PCs",SR105D5LP2G1,115.59,0.0,199.99
https://c1.neweggimages.com/productimage/nb300/14-932-809-02.jpg,4.8,158,GIGABYTE,GIGABYTE Gaming Radeon RX 9060 XT 8GB GDDR6 PCI Express 5.0 x16 ATX Graphics Card GV-R9060XTGAMING-8GD RX 9060XT,GV-R9060XTGAMING -8GD,579.0,0.0,579.0
https://c1.neweggimages.com/productimage/nb300/14-137-886-03.jpg,4.8,82,MSI,MSI Gaming GeForce RTX 4080 SUPER 16GB GDDR6X PCI Express 4.0 ATX Graphics Card RTX 4080 SUPER 16G GAMING X SLIM,RTX 4080 SUPER 16G GAMING X SLIM,1853.67,0.0,1899.0
https://c1.neweggimages.com/productimage/nb300/AZUES2605260K7RCA53.jpg,0.0,0,Unknown,Yeston Sakura Nvidia GeForce RTX 5070Ti 16GB GDDR7 256bit Gaming GPU PCI-Express 5.0 video cards DLSS4.5 Ray Tracing VR Ready Desktop computer PC video gaming graphics card,YT RTX-507T-16D7-SOA-05PCI,1299.0,0.0,1299.0
https://c1.neweggimages.com/productimage/nb300/ADFRD2605221EJ2THA1.jpg,0.0,0,ASUS,REFURBISHED ASUS Prime GeForce RTX 5080 OC Edition 16G GDDR7 Video Graphics Card,PRIME-RTX5080-O16G,1399.99,0.0,1399.99
https://c1.neweggimages.com/productimage/nb300/ADFRD22042300YX20CF.jpg,0.0,0,NVIDIA,NVidia GeForce RTX 3090 Founders Edition 24GB GDDR6 Geforce RTX 3090 FE Video Graphic Card GPU,Geforce 3090 FE-R,1995.0,0.0,1995.0
https://c1.neweggimages.com/productimage/nb300/14-137-610-V01.jpg,4.8,58,MSI,MSI Suprim GeForce RTX 3090 24GB GDDR6X PCI Express 4.0 Graphics Card RTX 3090 SUPRIM X 24G,RTX 3090 SUPRIM X 24G,2099.0,0.0,2099.0
https://c1.neweggimages.com/productimage/nb300/AZG4S210914REtdm.jpg,4.6,53,GIGABYTE,"GIGABYTE GeForce GT 1030 Low Profile 2GB, GV-N1030D5-2GL",GV-N1030D5-2GL,248.0,0.0,248.0
https://c1.neweggimages.com/productimage/nb300/14-137-462-Z07.jpg,4.3,221,MSI,MSI GeForce RTX 2080 8GB GDDR6 PCI Express 3.0 x16 SLI Support Graphics Card RTX 2080 VENTUS GP 8G,RTX2080 VENTUS GP 8G,740.0,0.0,740.0
https://c1.neweggimages.com/productimage/nb300/ADFRD2309221BKHR775.jpg,0.0,0,MSI,REFURBISHED MSI GeForce RTX 4080 Ventus 3X OC 16GB GDDR6X 4080 16GB VENTUS 3X OC Video Graphic Card GPU,4080 16GB VENTUS 3X OC-R,1269.0,0.0,1269.0
https://c1.neweggimages.com/productimage/nb300/14-137-528-V01.jpg,4.2,72,MSI,USED - VERY GOOD MSI GeForce RTX 2070 SUPER 8GB GDDR6 PCI Express 3.0 x16 SLI Support Graphics Card RTX 2070 SUPER VENTUS GP OC,RTX2070S VENTUS GPOC,355.0,60.0,366.0
https://c1.neweggimages.com/productimage/nb300/AJEPS2501160CP1ZHBC.jpg,0.0,0,GIGABYTE,"REFURBISHED GIGABYTE GeForce RTX 4070 SUPER WINDFORCE OC 12G Graphics Card, 3x WINDFORCE Fans, 12GB 192-bit GDDR6X, GV-N407SWF3OC-12GD  Video Card",GV-N407SWF3OC-12GD,1758.0,0.0,1758.0
https://c1.neweggimages.com/productimage/nb300/14-150-918-05.png,0.0,0,XFX,XFX SWIFT Radeon RX 9060 XT 8GB GDDR6 PCI Express 5.0 x16 ATX Graphics Card SWIFT RX 9060 XT OC Triple Fan,RX-96TS38GB7,490.99,0.0,490.99
https://c1.neweggimages.com/productimage/nb300/C0JHS2605290IUAXU91.jpg,0.0,0,Unknown,"SongryVGA R7 350 2GB Multi Monitor Graphics Card GDDR5 HDMI x6 PCIe 3.0 Dual Slot Design Display Splitting for Stock Trading, Surveillance, Digital Signage, 6-Screen Support",R7 350 2GB 6HDMI,109.95,0.0,142.95
https://c1.neweggimages.com/productimage/nb300/14-137-055-08.jpg,4.6,677,MSI,MSI GeForce GTX 1050 Ti 4GB GDDR5 PCI Express 3.0 x16 ATX Graphics Card GTX 1050 Ti 4GT OC,GTX 1050 Ti 4GT OC,339.0,0.0,339.0
https://c1.neweggimages.com/productimage/nb300/14-126-540-V15.jpg,4.6,14,ASUS,ASUS Dual GeForce RTX 3060 Ti V2 MINI OC Edition 8GB GDDR6 PCI Express 4.0 Video Card DUAL-RTX3060TI-O8G-MINI-V2 (LHR),DUAL-RTX3060TI-O8G-MINI-V2,508.0,0.0,508.0
https://c1.neweggimages.com/productimage/nb300/14-500-587-02.jpg,4.7,70,ZOTAC,"ZOTAC GAMING GeForce RTX 4070 Ti SUPER Trinity OC DLSS 3 16GB GDDR6X 256-bit 21 Gbps PCIE 4.0 Gaming Graphics Card, IceStorm 2.0 Advanced Cooling, SPECTRA 2.0 ARGB Lighting, ZT-D40730J-10P",ZT-D40730J-10P,1449.0,0.0,1449.0
https://c1.neweggimages.com/productimage/nb300/14-126-777-01.png,4.6,249,ASUS,ASUS ROG Strix GeForce RTX 5070 Ti 16GB 256-Bit GDDR7 Graphics Card PCI Express 5.0 DLSS 4.0 ROG-STRIX-RTX5070TI-16G-GAMING,ROG-STRIX-RTX5070TI-16G-GAMING,1579.0,0.0,1579.0
https://c1.neweggimages.com/productimage/nb300/BP4YS2506290CBF2B9B.jpg,0.0,0,ASUS,ASUS TUF Gaming GeForce RTX 4070 Ti Super OG OC Edition Gaming Graphics Card (PCIe 4.0 16GB GDDR6X DLSS 3 HDMI 2.1a DisplayPort 1.4a) TUF-RTX4070TIS-O16G-OG-GAMING,TUF-RTX4070TIS-O16G-OG-GAMING D6X,1389.0,0.0,1389.0
https://c1.neweggimages.com/productimage/nb300/14-500-520-V01.jpg,0.0,0,ZOTAC,REFURBISHED ZOTAC TRINITY OC LHR GeForce RTX 3080 10GB GDDR6X PCI Express 4.0 Graphics Card ZT-A30800J-10PLHR,ZT-A30800J-10PLHR,379.99,0.0,379.99
https://c1.neweggimages.com/productimage/nb300/BG5RS230428101XA302.jpg,0.0,0,NVIDIA,NVIDIA GeForce RTX 4070 Founders Edition Graphics Card 12GB GDDR6X - Titanium and Black,900-1G141-2544-000,1032.0,0.0,1032.0
https://c1.neweggimages.com/productimage/nb300/14-930-066-07.jpg,4.6,532,ASRock,ASRock Radeon RX 6600 Challenger D 8GB GDDR6 PCI Express 4.0 Graphics Card RX6600 CLD 8G,RX6600 CLD 8G,445.0,0.0,445.0
https://c1.neweggimages.com/productimage/nb300/14-126-706-03.png,0.0,0,ASUS,"ASUS Dual GeForce RTX 4060 Ti V2 OC Edition (PCIe 4.0, 8GB GDDR6, DLSS 3, HDMI 2.1a, DisplayPort 1.4a, 2-slot design, Axial-tech fan design, 0dB technology) DUAL-RTX4060TI-O8G-V2",DUAL-RTX4060TI-O8G-V2,542.0,0.0,542.0
https://c1.neweggimages.com/productimage/nb300/ADFRD2412181ECYBJD3.jpg,0.0,0,ASUS,REFURBISHED ASUS RTX 4060 Ti EVO OC 8GB GDDR6 DUAL-RTX4060TI-O8G-EVO Video Graphics Card,DUAL-RTX4060TI-O8G-EVO,349.99,0.0,349.99
https://c1.neweggimages.com/productimage/nb300/14-930-022-V01.jpg,3.5,311,ASRock,USED - LIKE NEW ASRock Radeon RX 5700 XT 8GB GDDR6 PCI Express 4.0 Graphics Card RX 5700 XT TAICHI X 8G OC+,RX5700XTTAICHIXOC,250.0,0.0,250.0
https://c1.neweggimages.com/productimage/nb300/14-131-798-V08.jpg,4.0,3,PowerColor,REFURBISHED PowerColor RED DEVIL Radeon RX 6950 XT 16GB GDDR6 PCI Express 4.0 ATX Graphics Card AXRX 6950XT 16GBD6-3DHE/OC,AXRX 6950XT 16GBD6-3DHE/OC,489.99,0.0,489.99
https://c1.neweggimages.com/productimage/nb300/BP4YS2506291EYAK724.jpg,0.0,0,ASUS,"ASUS ROG Strix GeForce RTX 4090 OC Edition Gaming Graphics Card (PCIe 4.0, 24GB GDDR6X, HDMI 2.1a, DisplayPort 1.4a) ROG-STRIX-RTX4090-O24G-GAMING",ROG-STRIX-RTX4090-O24G-GAMING D6X,3765.0,0.0,3765.0
https://c1.neweggimages.com/productimage/nb300/14-137-638-V06.jpg,4.5,2,MSI,MSI Ventus GeForce RTX 3060 12GB GDDR6 PCI Express 4.0 Graphics Card RTX 3060 VENTUS 2X 12G,RTX 3060 Ventus 2X 12G,595.99,0.0,595.99
https://c1.neweggimages.com/productimage/nb300/B9ZZS25061610EHOT2E.jpg,5.0,3,NVIDIA,NVIDIA - GeForce RTX 5080 16GB GDDR7 Graphics Card - Gun Metal,900-1G144-2545-000,2163.0,0.0,2163.0
https://c1.neweggimages.com/productimage/nb300/ADFRS25112811ACC8E4.jpg,0.0,0,ASUS,REFURBISHED ASUS ROG Astral GeForce RTX 5090 32GB GDDR7 OC Gaming Video Graphics Card,ROG-ASTRAL-RTX5090-O32G-GAMING,5799.99,0.0,5799.99
https://c1.neweggimages.com/productimage/nb300/14-487-548-01.jpg,0.0,0,Unknown,"REFURBISHED EVGA GeForce RTX 3080 Ti XC3 ULTRA GAMING Video Card, 12G-P5-3955-KR, 12GB GDDR6X, iCX3 Cooling, ARGB LED, Metal Backplate",12G-P5-3955-KR,549.99,0.0,549.99
https://c1.neweggimages.com/productimage/nb300/14-125-830-01.jpg,0.0,0,GIGABYTE,REFURBISHED GIGABYTE GeForce GT 730 2GB DDR3 PCI Express 2.0 Graphics Card GV-N730-2GI,GV-N730-2GI,39.99,0.0,39.99
https://c1.neweggimages.com/productimage/nb300/14-932-794-11.jpg,4.5,114,GIGABYTE,GIGABYTE Eagle GeForce RTX 5060 Ti 8GB GDDR7 PCI Express 5.0 x8 ATX Graphics Card GV-N506TEAGLEOC ICE-8GD,GV-N506TEAGLEOC ICE-8GD,519.99,0.0,519.99
https://c1.neweggimages.com/productimage/nb300/BP4YS2504070EVB01A8.jpg,0.0,0,ASUS,"ASUS ROG Strix GeForce RTX 4080 OC WHITE Edition Gaming Graphics Card (PCIe 4.0, 16GB GDDR6X, HDMI 2.1a, DisplayPort 1.4a) ROG-STRIX-RTX4080-O16G-WHITE Video Card",4080 ROG STRIX WHITE QX,1556.85,0.0,1556.85
https://c1.neweggimages.com/productimage/nb300/14-137-925-26.jpg,4.6,393,MSI,MSI INSPIRE GeForce RTX 5070 Ti 16GB GDDR7 PCI Express 5.0 Graphics Card RTX 5070 Ti 16G INSPIRE 3X OC PLUS,RTX 5070 Ti 16G INSPIRE 3X OC PLUS,1449.99,0.0,1449.99
https://c1.neweggimages.com/productimage/nb300/14-932-690-02.jpg,4.6,9,GIGABYTE,"GIGABYTE GeForce RTX 3050 OC Low Profile 6G Graphics Card, 2x WINDFORCE Fans, 6GB GDDR6 96-bit GDDR6, GV-N3050OC-6GL Graphics Card",GV-N3050OC-6GL,425.9,0.0,425.9
https://c1.neweggimages.com/productimage/nb300/AAJ2D250304147LBY6A.jpg,5.0,1,NVIDIA,REFURBISHED HPE NVIDIA Tesla P100 16GB HBM2 PCIe GPU Accelerator 868199-001 868585-001 900-2H400-0300-031,868199-001,94.49,0.0,94.49
https://c1.neweggimages.com/productimage/nb300/A98Y_1_201805211598553359.jpg,0.0,0,NVIDIA,NVIDIA Tesla P100 Graphic Card - 16 GB HBM2,900-2H400-0002-000,167.99,0.0,167.99
https://c1.neweggimages.com/productimage/nb300/14-500-502-01.jpg,0.0,0,ZOTAC,"REFURBISHED ZOTAC GAMING GeForce RTX 3080 Trinity 10GB GDDR6X 320-bit 19 Gbps PCIE 4.0 Gaming Graphics Card, IceStorm 2.0 Advanced Cooling, SPECTRA 2.0 RGB Lighting, ZT-A30800D-10P",ZT-A30800D-10P,449.99,0.0,449.99
https://c1.neweggimages.com/productimage/nb300/14-137-805-01.jpg,4.4,20,MSI,MSI Gaming GeForce RTX 4060 8GB GDDR6 PCI Express 4.0 x8 ATX Graphics Card RTX 4060 GAMING X 8G,RTX 4060 GAMING X 8G,559.0,0.0,559.0
https://c1.neweggimages.com/productimage/nb300/AJEPS25022215W46LF4.jpg,0.0,0,ASUS,REFURBISHED ASUS Dual RTX 4060 OC 8GB GDDR6 ATX Graphics Card (DUAL-RTX4060-O8G-V2),90YV0JC4-M0NB00,339.99,0.0,339.99
https://c1.neweggimages.com/productimage/nb300/BP4YS2503080JQYMF72.jpg,0.0,0,Sapphire Tech,SAPPHIRE Tech PULSE Radeon RX 7900 XTX 24GB GDDR6 PCI Express 4.0 x16 ATX Video Card 11322-02-20G,PULSE 7900XTX,1399.99,0.0,1399.99
https://c1.neweggimages.com/productimage/nb300/AWFGS2504170F4IGC85.jpg,0.0,0,GIGABYTE,REFURBISHED GIGABYTE GeForce RTX 3090 TURBO 24G 24GB GDDR6X PCI Express 4.0 16X 384bit Video Card,1344500,1499.99,0.0,1499.99
https://c1.neweggimages.com/productimage/nb300/14-932-468-01.jpg,4.6,74,GIGABYTE,GIGABYTE Gaming OC GeForce RTX 3060 Ti 8GB GDDR6 PCI Express 4.0 ATX Video Card GV-N306TGAMING OC-8GD REV 2.0 (LHR),GV-N306TGAMING OC-8G,519.0,0.0,519.0
https://c1.neweggimages.com/productimage/nb300/14-150-868-V01.jpg,4.5,371,XFX,XFX SPEEDSTER SWFT105 Radeon RX 6400 4GB GDDR6 PCI Express 4.0 Low Profile Graphics Card RX-64XL4SFG2,RX-64XL4SFG2,389.0,0.0,389.0
https://c1.neweggimages.com/productimage/nb300/14-127-947-S99.jpg,4.6,636,MSI,MSI GeForce GTX 1070 8GB GDDR5 PCI Express 3.0 x16 SLI Support ATX Graphics Card GTX 1070 GAMING X 8G,GTX 1070 GAMING X 8G,299.0,0.0,299.0
https://c1.neweggimages.com/productimage/nb300/BP4YS25070102S5Y004.jpg,0.0,0,ASUS,ASUS ROG Astral GeForce RTX 5090 32GB GDDR7 OC Edition ROG-ASTRAL-RTX5090-O32G-GAMING DLSS 4.0 PCI Express 5.0 Graphics Card,ROG-ASTRAL-RTX5090-O32G-GAMING D7,5999.0,0.0,5999.0
https://c1.neweggimages.com/productimage/nb300/AXZZS2303240M893B8E.jpg,5.0,1,Unknown,"MAXSUN GeForce RTX 4080 OC 16GB iCraft Anime GPU Graphics Card GDDR6X, PCI Express 4.0 X16, 256-bit, 3x DisplayPort 1.4a, HDMI 2.1a Video Card",MS-RTX4080 iCraft OC 16G iCraft Limited,1499.0,0.0,1499.0
https://c1.neweggimages.com/productimage/nb300/14-932-402-V01.jpg,4.9,40,GIGABYTE,"GIGABYTE GeForce RTX 3060 GAMING OC 12G Graphics Card, 3 x WINDFORCE Fans, 12GB 192-bit GDDR6, GV-N3060GAMING OC-12GD Video Card",GV-N3060GAMINGOC12GD,498.0,0.0,498.0
https://c1.neweggimages.com/productimage/nb300/14-131-812-01.jpg,4.5,90,PowerColor,PowerColor Hellhound Spectral White Radeon RX 7900 XTX Video Card RX7900XTX 24G-L/OC/WHITE,RX7900XTX 24G-L/OC/WHITE,1480.6,0.0,1480.6
https://c1.neweggimages.com/productimage/nb300/BP4YS250326064RPTD0.jpg,0.0,0,ASUS,ASUS GeForce GT 710 GT710-SL-2GD5-BRK-EVO 2GB DDR5 Video Card,GT710-SL-2GD5-BRK-EVO NEW,64.49,0.0,64.49
https://c1.neweggimages.com/productimage/nb300/AEEN_1_20180906297617749.jpg,0.0,0,Lenovo,USED - VERY GOOD Lenovo-IMSourcing GeForce GT 620 Graphic Card - 810 MHz Core - 1 GB DDR3 SDRAM - Single Slot Space Required,03T7121,18.74,0.0,18.74
https://c1.neweggimages.com/productimage/nb300/A6ZPD22101918VGSWE7.jpg,0.0,0,Lenovo,Lenovo NVIDIA Tesla T4 Graphic Card 16 GB Passive Cooler PC 4X67A14926,4X67A14926,767.99,0.0,1027.49
https://c1.neweggimages.com/productimage/nb300/14-202-286-V06.jpg,4.1,9,Sapphire Tech,USED - VERY GOOD SAPPHIRE Radeon RX 550 DirectX 12 100414P2GL 2GB 128-Bit GDDR5 Video Card,100414P2GL,56.0,30.0,76.0
https://c1.neweggimages.com/productimage/nb300/BP4YS2504190GSFQ379.jpg,0.0,0,ASUS,ASUS TUF Gaming GeForce RTX 5070 Ti OC Edition 16GB GDDR7 TUF-RTX5070TI-O16G-GAMING PCI-Express 5.0 DLSS 4.0 Graphics Card,TUF-RTX5070TI-O16G-GAMING OC,1479.0,0.0,1479.0
https://c1.neweggimages.com/productimage/nb300/C0JHS2605290ISENY91.jpg,0.0,0,Unknown,"SongryVGA RX 580 8GB Multi Monitor Graphics Card PCIe 3.0 x16 Interface 6 HDMI GDDR5 Outputs for 6 Monitors 4K Display, Compact Design for Trading and Video Wall Applications",RX 580 8G 6H,268.85,0.0,399.95
https://c1.neweggimages.com/productimage/nb300/BTK0S2601050JEHF14C.jpg,0.0,0,Sapphire Tech,SAPPHIRE PULSE Radeon RX 6400 4GB(ATX ) GDDR6 PCI Express 4.0 Graphics Card,PULSE Radeon RX 6400 4GB,241.53,0.0,241.53
https://c1.neweggimages.com/productimage/nb300/A6V6_131892134822443207UHmuOK7nLc.jpg,5.0,1,NVIDIA,NVIDIA GeForce RTX 2080 Ti Founders Edition 11GB GDDR6 PCI Express 3.0 Graphics Card,B07LC1L4RJ,699.0,0.0,859.0
https://c1.neweggimages.com/productimage/nb300/V1PTD24052219T3ZDDE.jpg,0.0,0,NVIDIA,REFURBISHED NVIDIA Tesla P40 24GB DDR5 GPU Accelerator Card Dual PCI-E 3.0 x16 699-2G610-020,726597569507,351.99,0.0,354.99
https://c1.neweggimages.com/productimage/nb300/14-500-540-17.jpg,4.4,38,ZOTAC,"ZOTAC GAMING GeForce RTX 4090 Trinity OC DLSS 3 24GB GDDR6X 384-bit 21 Gbps PCIE 4.0 Gaming Graphics Card, IceStorm 3.0 Advanced Cooling, SPECTRA 2.0 RGB Lighting, ZT-D40900J-10P",ZT-D40900J-10P,3499.0,0.0,3499.0
https://c1.neweggimages.com/productimage/nb300/14-137-937-04.jpg,4.7,210,MSI,MSI Gaming GeForce RTX 5070 12GB GDDR7 PCI Express 5.0 ATX Graphics Card RTX 5070 12G GAMING TRIO OC WHITE,RTX 5070 12G GAMING TRIO OC WHITE,1077.9,0.0,1077.9
https://c1.neweggimages.com/productimage/nb300/14-137-719-S01.jpg,4.8,44,MSI,MSI Ventus GeForce RTX 2060 12GB GDDR6 PCI Express 3.0 x16 ATX Graphics Card RTX 2060 VENTUS GP 12G OC,RTX 2060 VENTUS GP 12G OC,745.0,0.0,745.0
https://c1.neweggimages.com/productimage/nb300/BP4YS2604080FWT5VE3.jpg,0.0,0,ASUS,"ASUS PRIME Radeon RX 9060 XT 16GB GDDR6 PCI Express 5.0 x16 ATX Graphics Card, PRIME-RX9060XT-16G RX 9060XT 16GB",PRIME-RX9060XT-16G,899.99,0.0,899.99
https://c1.neweggimages.com/productimage/nb300/14-125-816-01.jpg,0.0,0,GIGABYTE,REFURBISHED GIGABYTE GeForce GT 730 2GB GDDR5 PCI Express 2.0 Plug-in Card Graphics Card GV-N730D5-2GI,GV-N730D5-2GI,39.99,0.0,39.99
https://c1.neweggimages.com/productimage/nb300/BTK0S2509230IEBCZ36.jpg,5.0,1,ASUS,ASUS ROG Astral GeForce RTX 5080 16GB GDDR7 OC RO JI x HATSUNE MIKU Edition PCI-Express 5.0 DLSS 4.0 Graphics Card - RO JI x HATSUNE MIKU Edition,ROG Astral RTX 5080 RO JI x HATSUNE MIKU,3468.52,29.99,3468.52
https://c1.neweggimages.com/productimage/nb300/ADDTD2310270C1BYVA4.jpg,0.0,0,ASRock,REFURBISHED ASROCK RX 6800 XT PG D 16G OC 16GB AMD RADEON GRAPHICS RX6800XT-PGD-16GO,RX6800XT-PGD-16GO,429.49,60.0,429.49
https://c1.neweggimages.com/productimage/nb300/ADFRD26042813B3BJD9.jpg,0.0,0,XFX,REFURBISHED XFX Radeon RX 580 8GB GDDR5 Video Graphics Card,RX-PHXPMI,119.99,0.0,119.99
https://c1.neweggimages.com/productimage/nb300/BP4YS2605300IH027D4.jpg,0.0,0,MSI,"MSI Gaming GeForce RTX 4070 Ti SUPER 16GB GDDR6X PCI Express 4.0 ATX Graphics Card, RTX 4070 Ti SUPER 16G GAMING X SLIM Video card",4070 Ti SUPER 16G GAMING X SLIM,1359.0,0.0,1359.0
https://c1.neweggimages.com/productimage/nb300/AFYUD24032713IMF898.jpg,0.0,0,ASUS,ASUS Dual GeForce RTX 4060 Ti EVO 16GB - OC Edition - graphics card - GeForce RTX 4060 Ti - 16 GB GDDR6 - PCIe 4.0 - 3 x,90YV0JH8-M0NA00,799.0,0.0,799.0
https://c1.neweggimages.com/productimage/nb300/14-125-955-Z01.jpg,4.2,52,GIGABYTE,GIGABYTE GeForce GTX 1080 Ti 11GB GDDR5X PCI Express 3.0 x16 ATX Graphics Card GV-N108TGAMING OC-11GD,GV-N108TGAMING OC-11,399.0,0.0,399.0
https://c1.neweggimages.com/productimage/nb300/14-131-791-07.jpg,4.4,47,PowerColor,PowerColor Fighter Radeon RX 6600 8GB GDDR6 PCI Express 4.0 ATX Graphics Card AXRX 6600 8GBD6-3DH,AXRX 6600 8GBD6-3DH,445.0,0.0,445.0
https://c1.neweggimages.com/productimage/nb300/ADFRD25090812GSATA6.jpg,0.0,0,ZOTAC,REFURBISHED ZOTAC GeForce RTX 4070 Ti SUPER SOLID OC 16GB GDDR6X Video Graphics Card,ZT-D40730RC-10P,849.99,0.0,849.99
https://c1.neweggimages.com/productimage/nb300/BG5RS2212081DMOCW28.jpg,0.0,0,NVIDIA,NVIDIA GeForce RTX 4080 Founders Edition Graphics Card 16GB GDDR6X - Titanium and Black,900-1G136-2560-000,1745.0,0.0,1745.0
https://c1.neweggimages.com/productimage/nb300/BP4YS26010802643923.jpg,0.0,0,ASUS,ASUS Dual GeForce RTX 3060 12GB GDDR6 PCI Express 4.0 Graphics Card DUAL-RTX3060-O12G-V2,DUAL-RTX3060-O12G-V2 GPU,499.99,0.0,499.99
https://c1.neweggimages.com/productimage/nb300/14-487-550-V30.jpg,4.8,178,Unknown,"EVGA GeForce RTX 3070 Ti FTW3 ULTRA GAMING Video Card, 08G-P5-3797-KL, 8GB GDDR6X, iCX3 Technology, ARGB LED, Metal Backplate",08G-P5-3797-KL,795.0,0.0,795.0
https://c1.neweggimages.com/productimage/nb300/14-500-581-18.jpg,4.4,63,ZOTAC,"ZOTAC GAMING GeForce RTX 4080 SUPER Trinity OC White Edition DLSS 3 16GB GDDR6X 256-bit 23 Gbps PCIE 4.0 Gaming Graphics Card, IceStorm 2.0 Advanced Cooling, SPECTRA RGB Lighting, ZT-D40820Q-10P",ZT-D40820Q-10P,1799.0,0.0,1799.0
https://c1.neweggimages.com/productimage/nb300/14-126-119-S99.jpg,4.3,370,ASUS,ASUS Dual GeForce GTX 1070 8GB GDDR5 PCI Express 3.0 SLI Support Graphics Card DUAL-GTX1070-O8G,DUAL-GTX1070-O8G,325.0,0.0,325.0
https://c1.neweggimages.com/productimage/nb300/14-126-779-02.png,4.7,173,ASUS,ASUS ROG Astral GeForce RTX 5080 16GB 256-Bit GDDR7 PCI Express 5.0 DLSS 4.0 Graphics Card ROG-ASTRAL-RTX5080-16G-GAMING,ROG-ASTRAL-RTX5080-16G-GAMING,2491.8,0.0,2491.8
https://c1.neweggimages.com/productimage/nb300/14-932-813-02.jpg,4.5,114,GIGABYTE,GIGABYTE WindForce GeForce RTX 5060 Ti 16GB GDDR7 PCI Express 5.0 x8 ATX Graphics Card GV-N506TWF2MAX OC-16GD,GV-N506TWF2MAX OC-16GD,968.06,0.0,968.06
https://c1.neweggimages.com/productimage/nb300/14-137-771-02.jpg,4.7,175,MSI,MSI Gaming GeForce RTX 4070 Ti 12GB GDDR6X PCI Express 4.0 Graphics Card RTX 4070 Ti GAMING X TRIO 12G,RTX 4070 Ti GAMING X TRIO 12G,1001.04,0.0,1295.0
https://c1.neweggimages.com/productimage/nb300/AZUES2406300WN36P6D.jpg,0.0,0,Unknown,Yeston GeForce GTX 1050 Ti 4GB GDDR5 LP Graphics cards pci express 3.0 video cards Desktop computer PC video gaming graphics card,GTX1050Ti-4GD5 LP,199.0,0.0,199.0
https://c1.neweggimages.com/productimage/nb300/14-150-728-11.jpg,4.3,52,XFX,XFX BLACK Edition Radeon R9 390 8GB GDDR5 PCI Express 3.0 CrossFireX Support Graphics Card R9-390P-8286,R9-390P-8286,459.0,0.0,459.0
https://c1.neweggimages.com/productimage/nb300/C02XS2606150CULAD00.jpg,0.0,0,NVIDIA,"NVIDIA RTX 6000 Ada 48GB Graphics Card, VCNRTX6000ADA-PB 48GB 384-bit GDDR6 PCI Express 4.0 x16, RTX 6000 Ada generation 48GB Video card",RTX 6000 Ada 48GB Create,8199.0,0.0,8199.0
https://c1.neweggimages.com/productimage/nb300/ADFRD2408161BF6D54A.jpg,0.0,0,GIGABYTE,REFURBISHED GIGABYTE Radeon RX 6600 XT Gaming OC 8GB GDDR6 GV-R66XTGAMING OC-8GD Video Graphic Card GPU,GV-R66XTGAM OC-8GD-R,319.0,0.0,319.0
https://c1.neweggimages.com/productimage/nb300/BF9VS23090607L9KIA6.jpg,0.0,0,MSI,REFURBISHED MSI Ventus GeForce RTX 3060 12GB GDDR6 PCI Express 4.0 Video Card RTX 3060 Ventus 3X 12G OC,RTX3060 VenTUS 3X 12G,445.0,0.0,445.0
https://c1.neweggimages.com/productimage/nb300/BP4YS25041907IXU61B.jpg,0.0,0,ASUS,ASUS PRIME GeForce RTX 5070 12GB 192-Bit GDDR7 PCI Express 5.0 Graphics Card PRIME-RTX5070-12G,ASUS PRIME-RTX5070-12G,869.0,0.0,869.0
https://c1.neweggimages.com/productimage/nb300/C02XS26061502MRXR4E.jpg,0.0,0,NVIDIA,"NVIDIA RTX A1000 8GB Professional Graphics card, Board NVIDIA RTX A1000 Small Form Factor NVIDIA Ampere Architecture 8GB GDDR6 GPU Memory",RTX A1000 8GB-2 Create,705.9,0.0,705.9
https://c1.neweggimages.com/productimage/nb300/AD7H_1_20191105265042038.jpg,5.0,1,ASUS,"ASUS GTX1650-O4G-LP-BRK - OC Edition - graphics card - GF GTX 1650 - 4 GB GDDR5 - PCIe 3.0 x16 low profile - DVI, HDMI,",GTX1650-O4G-LP-BRK,340.0,0.0,340.0
https://c1.neweggimages.com/productimage/nb300/14-932-172-V09.jpg,4.2,26,GIGABYTE,"GIGABYTE AORUS GeForce RTX 2060 Super 8G Graphics Card, WINDFORCE Stack, 8GB 256-Bit GDDR6, GV-N206SAORUS-8GC Video Card",GV-N206SAORUS-8GC,749.0,0.0,749.0
https://c1.neweggimages.com/productimage/nb300/BP4YS2503080IXNI63F.jpg,0.0,0,Sapphire Tech,SAPPHIRE Tech NITRO+ Radeon RX 7800 XT 16GB GDDR6 PCI Express 4.0 x16 ATX Graphics Card 11330-01-20G,NITRO+ 7800XT,749.0,0.0,749.0
https://c1.neweggimages.com/productimage/nb300/AG7R_131995257993292138QxPeKvN5jl.jpg,0.0,0,MSI,MSI GeForce GT 1030 DirectX 12 2GB 64-Bit DDR4 PCI Express 3.0 x16 (Uses x4) HDCP Ready Low Profile Video Card Model GT 1030 2GD4 LP OC,M*2GD4 LP OC,198.0,0.0,198.0
https://c1.neweggimages.com/productimage/nb300/14-126-103-28.jpg,4.2,354,ASUS,ASUS ROG GeForce GTX 1080 8GB GDDR5X PCI Express 3.0 SLI Support Graphics Card STRIX-GTX1080-O8G-GAMING,STRIX-GTX1080-O8G,369.0,0.0,369.0
https://c1.neweggimages.com/productimage/nb300/14-137-443-V01.jpg,4.4,164,MSI,MSI GeForce RTX 2080 SUPER 8GB GDDR6 PCI Express 3.0 x16 SLI Support Graphics Card RTX 2080 Super Ventus OC,2080 Super Ventus OC,799.0,0.0,799.0
https://c1.neweggimages.com/productimage/nb300/14-487-357-V04.jpg,3.7,3,Unknown,"EVGA GeForce GTX 1080 Ti GAMING, 11G-P4-5390-KR, 11GB GDDR5X",11G-P4-5390-KR,399.0,0.0,399.0
https://c1.neweggimages.com/productimage/nb300/A4YUD201027U5VD0.jpg,0.0,0,MSI,MSI GeForce RTX 2060 SUPER DirectX 12 RTX 2060 SUPER VENTUS GP OC 8GB 256-Bit GDDR6 PCI Express 3.0 x16 HDCP Ready Video Card,GEFORCE RTX 2060 SUP,559.0,0.0,559.0
https://c1.neweggimages.com/productimage/nb300/A24G_1_20191026268891345.jpg,0.0,0,MSI,[OB] MSI Gaming GeForce RTX 2080 Super 8GB GDRR6 256-Bit (RTX 2080 Super Ventus XS OC),G2080SVXC,799.0,0.0,799.0
https://c1.neweggimages.com/productimage/nb300/14-930-142-04.jpg,0.0,0,ASRock,ASRock Challenger Radeon RX 9060 XT 8GB GDDR6 PCI Express 5.0 x16 Graphics Card RX9060XT CL 8GO RX 9060XT,RX9060XT CL 8GO,549.99,0.0,549.99
https://c1.neweggimages.com/productimage/nb300/14-125-950-S99.jpg,4.6,18,GIGABYTE,GIGABYTE GeForce GTX 1080 Ti FE 11GB GDDR5X PCI Express 3.0 ATX Graphics Card GV-N108TD5X-B,GV-N108TD5X-B,399.0,0.0,399.0
https://c1.neweggimages.com/productimage/nb300/C4GSD2604150GKZI85A.jpg,0.0,0,Unknown,PNY Technology VCNRTX2000ADA-PB NVIDIA RTX 2000 ADA Generation 16GB GDDR6 Generation Graphic Card,342266140923,999.0,0.0,999.0
https://c1.neweggimages.com/productimage/nb300/AFYUD24092519KLYWBE.jpg,0.0,0,NVIDIA,"NVIDIA RTX A2000 12GB Graphics card Retail boxed -Board,Quick start Guide,Support Guide, LP I/O bracket attached + ATX I",900-5G192-2551-000,729.0,0.0,729.0
https://c1.neweggimages.com/productimage/nb300/14-126-606-20.jpg,0.0,0,ASUS,"REFURBISHED ASUS TUF Gaming NVIDIA GeForce RTX 4070 Ti OC Edition Gaming Graphics Card (PCIe 4.0, 12GB GDDR6X, HDMI 2.1a, DisplayPort 1.4a) TUF-RTX4070TI-O12G-GAMING",TUF-RTX4070TI-O12G-GAMING,599.99,0.0,599.99
https://c1.neweggimages.com/productimage/nb300/14-487-093-09.jpg,4.5,686,Unknown,"EVGA GeForce GTX 960 02G-P4-2962-KR 2GB SC GAMING, Only 6.8 inches, Perfect for mITX Build Graphics Card",02G-P4-2962-KR,255.0,0.0,255.0
https://c1.neweggimages.com/productimage/nb300/ADFRD230616146CFVED.jpg,0.0,0,ASUS,REFURBISHED ASUS GeForce RTX 4090 ROG STRIX OC 24GB GDDR6X ROG-STRIX-RTX4090-O24G-GAMING Video Graphic Card GPU,ROG-4090-O24G-GAM-R,2999.99,0.0,2999.99
https://c1.neweggimages.com/productimage/nb300/V2NDS200527HX8Ib.jpg,0.0,0,NVIDIA,NVIDIA Quadro P600 PCI Express 3.0 x16 2GB GDDR5 Full Height w 4 cables 5120×2880 video card,P600,89.0,0.0,89.0
https://c1.neweggimages.com/productimage/nb300/14-137-686-S06.jpg,4.6,54,MSI,MSI Ventus GeForce RTX 3080 10GB GDDR6X PCI Express 4.0 Graphics Card RTX 3080 VENTUS 3X PLUS 10G OC LHR,RTX 3080 VENTUS 3X PLUS 10G OC LHR,799.0,0.0,799.0
https://c1.neweggimages.com/productimage/nb300/BP4YS230801020PJP02.jpg,5.0,1,ASUS,"ASUS ROG Strix GeForce RTX 4080 OC Edition Gaming Graphics Card (PCIe 4.0, 16GB GDDR6X, HDMI 2.1a, DisplayPort 1.4a) ROG-STRIX-RTX4080-O16G-GAMING",ROG-STRIX-RTX4080-O16G-GAMING-12,1610.0,0.0,1610.0
https://c1.neweggimages.com/productimage/nb300/14-126-291-V01.jpg,5.0,3,ASUS,ASUS Radeon VII 16GB HBM2 PCI Express 3.0 Graphics Card RADEONVII-16G,RADEONVII-16G,985.0,0.0,985.0
https://c1.neweggimages.com/productimage/nb300/14-932-496-S01.jpg,4.7,145,GIGABYTE,"GIGABYTE GeForce RTX 3050 GAMING OC 8G Graphics Card, 3x WINDFORCE Fans, 8GB GDDR6 128-bit GDDR6, GV-N3050GAMING OC-8GD Video Card",GV-N3050GAMING OC-8GD,399.99,0.0,399.99
https://c1.neweggimages.com/productimage/nb300/AWVGS2109205A834.jpg,5.0,1,GIGABYTE,Gigabyte GeForce RTX 3080 Turbo 10GB V2,GV-N3080TURBO-10GD-REV2.0,580.0,0.0,580.0
https://c1.neweggimages.com/productimage/nb300/AWZTS210406kbfx3.jpg,5.0,2,GIGABYTE,GIGABYTE GeForce GT 1030 OC GDDR5 DirectX 12 GV-N1030OC-2GI 2GB 64-Bit PCI Express 3.0 x16 Video Card,768697041019,198.0,0.0,198.0
https://c1.neweggimages.com/productimage/nb300/BP4YS2505190I68YWAB.jpg,0.0,0,ZOTAC,ZOTAC SOLID CORE OC WHITE GeForce RTX 5070 Ti 16GB 256-Bit GDDR7 PCI Express 5.0 DLSS 4.0 Graphics Card ZOTAC GEFORCE RTX 5070 Ti 16GB SOLID CORE OC WHITE,RTX 5070 Ti 16GB SOLID CORE OC WHITE,2199.99,0.0,2199.99
https://c1.neweggimages.com/productimage/nb300/C0JHS2605290JI1MR88.jpg,0.0,0,Unknown,"SongryVGA GT 730 2GB Multi Monitors Graphics Card,4 HDMI GDDR3 64-bit,Dual Slot,for Stock Trading,Surveillance,and Projection",GT 730 2GB 4HDMI,69.95,0.0,99.94
https://c1.neweggimages.com/productimage/nb300/BP4YS2604080EZ5EH4E.jpg,0.0,0,ASUS,"ASUS TUF Gaming Radeon RX 7900 XT, 20GB GDDR6 Graphics Card (PCIe 4.0, 20GB GDDR6, HDMI 2.1a, DisplayPort 2.1), TUF-RX7900XT-20G-GAMING",TUF-RX7900XT-20G-GAMING-2,1099.99,0.0,1099.99
https://c1.neweggimages.com/productimage/nb300/14-137-401-Z01.jpg,4.6,212,MSI,MSI GeForce GTX 1660 6GB GDDR5 PCI Express 3.0 x16 Graphics Card GTX 1660 GAMING X 6G,GTX 1660 GAMING X 6G,365.0,0.0,398.0
https://c1.neweggimages.com/productimage/nb300/14-133-544-V05.jpg,0.0,0,Unknown,PNY GeForce RTX 2080 Ti 11GB Blower Graphics Card,VCG2080T11BLMPB,695.0,0.0,695.0
https://c1.neweggimages.com/productimage/nb300/14-932-359-V06.jpg,4.6,669,GIGABYTE,"GIGABYTE AORUS GeForce RTX 3070 MASTER 8GB Video Card, GV-N3070AORUS M-8GD",GV-N3070AORUS M-8GD,735.0,0.0,735.0
https://c1.neweggimages.com/productimage/nb300/BP4YS23102508TVCB71.jpg,0.0,0,GIGABYTE,GIGABYTE WINDFORCE GeForce RTX 4070 12GB GDDR6X PCI Express 4.0 x16 ATX Video Card GV-N4070WF3OC-12GD,GV-N4070WF3OC-12GD-01,799.99,0.0,799.99
https://c1.neweggimages.com/productimage/nb300/14-932-322-V01.jpg,4.2,63,GIGABYTE,GIGABYTE Radeon RX 5700 XT 8GB GDDR6 PCI Express 4.0 x16 ATX Graphics Card GV-R57XTGAMING OC-8GD (rev. 2.0),GVR57XTGAMINGOC8GDV2,675.0,0.0,675.0
https://c1.neweggimages.com/productimage/nb300/14-127-545-02.jpg,4.3,76,MSI,MSI Radeon HD 6870 1GB GDDR5 PCI Express 2.1 x16 CrossFireX Support Graphics Card R6870 Twin Frozr II,R6870 Twin Frozr II,286.0,0.0,286.0
https://c1.neweggimages.com/productimage/nb300/BDCAS22102507QY6XB7.jpg,0.0,0,ZOTAC,"ZOTAC GAMING GeForce RTX 4090 Trinity 24GB GDDR6X 384-bit 21 Gbps PCIE 4.0 Gaming Graphics Card, IceStorm 3.0 Advanced Cooling, SPECTRA 2.0 RGB Lighting, ZT-D40900D-10P",RTX 4090 Trinity 24GB,3499.0,0.0,3499.0
https://c1.neweggimages.com/productimage/nb300/ARUXS210923787C7.jpg,0.0,0,ASUS,Asus PH-GTX1050TI-4G GeForce GTX 1050 Ti 4GB Phoenix Fan Edition Graphics Card,Asus PH-GTX1050TI-4G GeForce GTX 1050 Ti,348.0,0.0,348.0
https://c1.neweggimages.com/productimage/nb300/BP4YS2604030E9KVJA8.jpg,0.0,0,ASUS,"ASUS TX Gaming GeForce RTX 5060 Ti HATSUNE MIKU Edition Gaming Graphics Card (PCIe 5.0, 8GB GDDR7, DLSS 4, HDMI 2.1b, DisplayPort 2.1b, AI performance 758TOPs), TX-RTX5060 Ti-8G-GAMING-HATSUNE MIKU",TX-RTX5060 Ti-8G-GAMING-HATSUNE MIKU-1,999.99,0.0,999.99
https://c1.neweggimages.com/productimage/nb300/14-487-050-02.jpg,4.3,99,Unknown,EVGA GeForce GT 730 1GB GDDR5 PCI Express 2.0 Graphics Card 01G-P3-3736-KR,01G-P3-3736-KR,104.99,0.0,104.99
https://c1.neweggimages.com/productimage/nb300/AVWRS2401260DG9IG74.jpg,3.0,2,Unknown,PELADN RX 550 4GB Video Card GDDR5 1183MHz 512processors PCI Express 3.0 video cards DirectX12 HDMI+DP+DVI Gaming Graphics Card,PELADN RX 550,99.0,0.0,99.0
https://c1.neweggimages.com/productimage/nb300/14-137-969-03.jpg,4.9,21,MSI,MSI Gaming GeForce RTX 5060 8GB GDDR7 PCI Express 5.0 x 16 (use x8) Graphics Card RTX 5060 8G GAMING TRIO OC WHITE,RTX 5060 8G GAMING TRIO OC WHITE,677.06,0.0,677.06
https://c1.neweggimages.com/productimage/nb300/BP4YS2605010R8S1Z70.jpg,0.0,0,NVIDIA,"NVIDIA RTX A2000 12GB Graphics card,Quick start Guide,Support Guide, LP I/O bracket attached + ATX I",NVIDIA RTX A2000 12GB,769.0,0.0,769.0
https://c1.neweggimages.com/productimage/nb300/V1DSD22050213X9CQ51.jpg,0.0,0,HP,HP NVIDIA T400 2GB GDDR6 Low-profile PCIe Graphics Card 340K8AA,340K8AA,219.0,0.0,219.0
https://c1.neweggimages.com/productimage/nb300/14-126-520-01.jpg,4.8,80,ASUS,ASUS TUF Gaming GeForce RTX 3060 Ti V2 OC Edition 8GB GDDR6 PCI Express 4.0 Video Card TUF-RTX3060TI-O8G-V2-GAMING (LHR),TUF-3060TI-O8G-V2-GA,530.0,0.0,530.0
https://c1.neweggimages.com/productimage/nb300/AZUES240422080CL024.jpg,3.8,5,Unknown,Yeston Radeon RX 7700 XT 12G GDDR6 video cards Desktop computer PC Video Graphics Cards support PCI-Express 4.0 3*DP+1*HDMI-compatible RGB light effect Fragrant graphics card RX 7700XT,RX7700XT-12G SA,569.0,0.0,579.0
https://c1.neweggimages.com/productimage/nb300/14-137-328-V01.jpg,3.5,2,MSI,MSI Radeon RX Vega 56 8GB HBM2 PCI Express x16 CrossFireX Support Graphics Card Vega 56 AIR BOOST 8G,Vega 56 AIR BOOST 8G,329.0,0.0,329.0
https://c1.neweggimages.com/productimage/nb300/BJXUS2305040HKSLP84.jpg,0.0,0,Unknown,"SRhonyra GTX 750 Ti 4GB Graphics Card, 4 HDMI Outputs, Dual-slot-width 128-bit GPU for Quad Setup. Built for stock trading, screen splicing, monitoring, etc. Powered by PCI Express 3.0 16X",SR75T4H41-1,129.0,0.0,199.99
https://c1.neweggimages.com/productimage/nb300/BJXUS2303290MVHRY41.jpg,0.0,0,Unknown,"SRhonyra Radeon R7 350 4GB Multiple Displays Graphics Card GDDR5 6HDMI Video Card GPU PCI-Express 128-Bit Placa De Video for Stock Tradking, Video Wall, Presentation Project",SR356H41,126.59,0.0,151.9
https://c1.neweggimages.com/productimage/nb300/BJXUD2508080MD4JPCC.jpg,0.0,0,Unknown,"SRhonyra GTX 1060 6GB Graphics Card 192 Bits GDDR5 PCIe 3.0 x16 Slot 6-Pin PCIe Cable Connector for Gaming Desktop PC Dual Slot Width DP,HDMI and DVI-D Display Ports",SR106D5M6G1,146.59,0.0,179.5
https://c1.neweggimages.com/productimage/nb300/BP4YS250420150M4G6B.jpg,0.0,0,ASUS,ASUS ROG Astral LC GeForce RTX 5090 32GB GDDR7 OC Edition ROG-ASTRAL-LC-RTX5090-O32G-GAMING DLSS 4.0 PCI Express 5.0 Graphics Card,ROG-ASTRAL-LC-RTX5090-O32G-GAMING OC,6999.0,0.0,6999.0
https://c1.neweggimages.com/productimage/nb300/AGBAS2512080JUDYCC2.jpg,0.0,0,GIGABYTE,Gigabyte AORUS GeForce RTX 5090 MASTER ICE 32G GV-N5090AORUSM ICE-32GD GDDR7 video card,1.GV-N5090AORUSM ICE-32GD,5899.99,0.0,5899.99
https://c1.neweggimages.com/productimage/nb300/14-126-122-V02.jpg,4.0,84,ASUS,ASUS GeForce GTX 1060 6GB GDDR5 PCI Express 3.0 Graphics Card DUAL-GTX1060-O6G,DUAL-GTX1060-O6G,399.0,0.0,399.0
https://c1.neweggimages.com/productimage/nb300/AA4T_131717391380747831GrEgkiW19l.jpg,5.0,1,NVIDIA,HP nVidia Tesla P40 GPU 24GB GDDR5 PCIE x16 870919-001 872323-001 Q0V80A,Q0V80A,425.99,0.0,425.99
https://c1.neweggimages.com/productimage/nb300/AA4TS2203011CNVDQA9.jpg,0.0,0,Unknown,PNY nVidia T600 4Gb GDDR6 128-bit PCIe16 4xminiDP 900-5G172-1721-000 RVCNT600ATX,RVCNT600ATX,219.0,0.0,219.0
https://c1.neweggimages.com/productimage/nb300/14-137-797-01.jpg,5.0,11,MSI,MSI Gaming GeForce RTX 4060 Ti 8GB GDDR6 PCI Express 4.0 x8 ATX Graphics Card RTX 4060 Ti GAMING X 8G,RTX 4060 Ti GAMING X 8G,620.79,0.0,620.79
https://c1.neweggimages.com/productimage/nb300/14-932-287-V03.jpg,4.4,12,GIGABYTE,GIGABYTE GeForce GTX 1650 4GB GDDR6 PCI Express 3.0 x16 mini-ITX Graphics Card GV-N1656OC-4GD,GV-N1656OC-4GD,340.0,0.0,340.0
https://c1.neweggimages.com/productimage/nb300/14-932-808-03.jpg,4.8,158,GIGABYTE,GIGABYTE Gaming Radeon RX 9060 XT 16GB GDDR6 PCI Express 5.0 x16 ATX Graphics Card GV-R9060XTGAMING-16GD RX 9060XT,GV-R9060XTGAMING-16GD,759.0,0.0,759.0
https://c1.neweggimages.com/productimage/nb300/14-150-861-V01.jpg,4.5,76,XFX,XFX SPEEDSTER SWFT210 Radeon RX 6600 XT 8GB GDDR6 PCI Express 4.0 Graphics Card RX-66XT8DFDQ,RX-66XT8DFDQ,599.0,0.0,599.0
https://c1.neweggimages.com/productimage/nb300/14-932-449-01.jpg,4.6,200,GIGABYTE,GIGABYTE Gaming OC GeForce RTX 3070 8GB GDDR6 PCI Express 4.0 ATX Video Card GV-N3070GAMING OC-8GD (rev. 2.0) (LHR),GV-N3070GAMING OC-8G,555.84,0.0,555.84
https://c1.neweggimages.com/productimage/nb300/14-126-446-V01.jpg,4.5,23,ASUS,ASUS Phoenix GeForce GTX 1650 4GB GDDR6 PCI Express 3.0 Graphics Card PH-GTX1650-O4GD6,PH-GTX1650-O4GD6,260.93,0.0,260.93
https://c1.neweggimages.com/productimage/nb300/14-121-710-04.jpg,4.1,18,ASUS,ASUS GeForce GTX 650 1GB GDDR5 PCI Express 3.0 x16 Graphics Card GTX650-E-1GD5,GTX650-E-1GD5,247.0,0.0,247.0
https://c1.neweggimages.com/productimage/nb300/AD7H_1_20181115434657929.jpg,0.0,0,GIGABYTE,Gigabyte GTX 1060 D5 6GB GDDR5 Graphics Card (GV-N1060D5-6GD),GV-N1060D5-6GD,299.0,0.0,299.0
https://c1.neweggimages.com/productimage/nb300/BM9SS2606120GX1P169.jpg,0.0,0,Unknown,"GUNNIR Intel Arc A580 Index 8GB GDDR6 ATX Gaming Graphics Card (PCIe 4.0, 8GB GDDR6, XeSS, HDMI 2.0*1, DisplayPort 2.0*3)",A580 Index 8GB,249.0,0.0,249.0
https://c1.neweggimages.com/productimage/nb300/ADFRD24062813MV084D.jpg,0.0,0,GIGABYTE,REFURBISHED GIGABYTE Radeon RX 6400 Eagle 4GB GDDR6 GV-R64EAGLE-4GD Video Graphic Card GPU,GV-R64EAGLE-4GD-R,188.0,0.0,188.0
https://c1.neweggimages.com/productimage/nb300/14-137-762-38.jpg,4.6,462,MSI,MSI Gaming GeForce RTX 4090 24GB GDDR6X PCI Express 4.0 Graphics Card RTX 4090 GAMING TRIO 24G,RTX 4090 GAMING TRIO 24G,3495.0,0.0,3495.0
https://c1.neweggimages.com/productimage/nb300/14-126-468-V15.jpg,4.5,27,ASUS,ASUS Dual GeForce RTX 3060 Ti 8GB GDDR6 PCI Express 4.0 Graphics Card DUAL-RTX3060TI-O8G,DUAL-RTX3060TI-O8G,569.0,0.0,569.0
https://c1.neweggimages.com/productimage/nb300/BP4YS2504070JCCQV6A.jpg,0.0,0,ASUS,"ASUS ROG Strix GeForce RTX 4070 SUPER Gaming Graphics Card (PCIe 4.0, 12GB GDDR6X, DLSS 3, HDMI 2.1a, DisplayPort 1.4a, Aura Sync) ROG-STRIX-RTX4070S-12G-GAMING",4070S ROG STRIX QX,1017.53,0.0,1017.53
https://c1.neweggimages.com/productimage/nb300/14-131-787-V08.jpg,5.0,1,PowerColor,PowerColor Hellhound Radeon RX 6600 XT 8GB GDDR6 PCI Express 4.0 ATX Graphics Card 6600XT 8GBD6-3DHL/OC,6600XT 8GBD6-3DHL/OC,479.0,0.0,479.0
https://c1.neweggimages.com/productimage/nb300/BM9SS2411070L0M2Y6B.jpg,0.0,0,Unknown,"GUNNIR Intel Arc A750 Photon 8G OC Gaming Graphics Card (PCIe 4.0, 8GB GDDR6, HDMI 2.0, DisplayPort 2.0) Black",A750 Photon 8G OC,279.0,0.0,279.0
https://c1.neweggimages.com/productimage/nb300/AZUES211020C562E.jpg,4.7,3,Unknown,Yeston Radeon RX 550 4GB GDDR5 1183MHz 512processors PCIExpress 3.0 DirectX12 video cards Double slot DP+HDMI compatible +DVI-D graphics card of Desktop,Yeston RX550 4GD5 TD,129.0,0.0,129.0
https://c1.neweggimages.com/productimage/nb300/ADFRD2408071AQ43D4F.jpg,0.0,0,AMD,REFURBISHED AMD Radeon RX 6800 XT Reference 16GB GDDR6 RX 6800 XT Video Graphic Card GPU,6800 XT-R,469.99,0.0,469.99
https://c1.neweggimages.com/productimage/nb300/14-126-793-01.png,4.8,60,ASUS,ASUS PRIME GeForce RTX 5060 Ti 8GB 128-Bit GDDR7 PCI Express 5.0 x8 DLSS 4.0 Graphics Card PRIME-RTX5060TI-O8G,PRIME-RTX5060TI-O8G,609.99,0.0,609.99
https://c1.neweggimages.com/productimage/nb300/14-202-409-02.jpg,4.6,130,Sapphire Tech,SAPPHIRE PULSE Radeon RX 6600 8GB GDDR6 PCI Express 4.0 ATX Graphics Card 11310-01-20G,11310-01-20G,490.0,0.0,490.0
https://c1.neweggimages.com/productimage/nb300/14-133-865-22.jpg,4.9,9,Unknown,PNY GeForce RTX 4070 Ti SUPER 16GB VERTO Overclocked Triple Fan DLSS 3 VCG4070TS16TFXPB1-O,VCG4070TS16TFXPB1-O,1370.0,0.0,1370.0
https://c1.neweggimages.com/productimage/nb300/A4YU_1_20200414838147091.jpg,0.0,0,GIGABYTE,GIGABYTE Radeon RX 5700 8GB GDDR6 PCI Express 4.0 x16 ATX Graphics Card GV-R57GAMING OC-8GD,GV-R57GAMING OC-8GD,675.0,0.0,675.0
https://c1.neweggimages.com/productimage/nb300/14-202-005-02.jpg,4.1,38,Sapphire Tech,USED - VERY GOOD SAPPHIRE Vapor-X Radeon HD 7970 GHz Edition 6GB GDDR5 PCI Express 3.0 x16 CrossFireX Support Graphics Card 100351-6GVXSR,100351-6GVXSR,159.99,0.0,159.99
https://c1.neweggimages.com/productimage/nb300/14-125-962-Z01.jpg,3.7,92,GIGABYTE,GIGABYTE Radeon RX 580 8GB GDDR5 PCI Express 3.0 x16 ATX Graphics Card GV-RX580GAMING-8GD,GV-RX580GAMING-8GD,495.0,0.0,495.0
https://c1.neweggimages.com/productimage/nb300/14-932-611-V01.jpg,5.0,3,GIGABYTE,REFURBISHED GIGABYTE WINDFORCE GeForce RTX 4070 12GB GDDR6X PCI Express 4.0 x16 ATX Graphics Card GV-N4070WF3OC-12GD G10-R,GV-N4070WF3OC-12GD G10-R,699.99,0.0,699.99
https://c1.neweggimages.com/productimage/nb300/14-126-353-V01.jpg,4.1,30,ASUS,USED - VERY GOOD ASUS GeForce GTX 1660 SUPER Overclocked 6GB Phoenix Fan Edition HDMI DP DVI Graphics Card (PH-GTX1660S-O6G),PH-GTX1660S-O6G,199.99,0.0,199.99
https://c1.neweggimages.com/productimage/nb300/AGY9_132098111572766797HUDwRzBfrN.jpg,0.0,0,MSI,REFURBISHED (use.d) MSI Geforce GTX 1080 Ti 11GB Duke Graphics Card Nvidia GPU,EB-VideoC74-8.9,255.0,60.0,255.0
https://c1.neweggimages.com/productimage/nb300/14-130-734-03.jpg,3.0,12,Unknown,REFURBISHED EVGA GeForce 8400 GS 1GB DDR3 PCI Express 2.0 x16 SLI Support Graphics Card 01G-P3-1302-RX,01G-P3-1302-RX,39.99,0.0,39.99
https://c1.neweggimages.com/productimage/nb300/AJEPS2607140AG4N8C1.jpg,0.0,0,ASUS,REFURBISHED ASUS PRIME Radeon RX 9060 XT 8GB GDDR6 PCI Express 5.0 x16 ATX Graphics Card PRIME-RX9060XT-O8G RX 9060XT 8GB,PRIME-RX9060XT-O8G,369.99,0.0,369.99
https://c1.neweggimages.com/productimage/nb300/14-126-465-S02.jpg,5.0,2,ASUS,ASUS TUF Gaming GeForce GTX 1660 SUPER 6GB GDDR6 PCI Express 3.0 Graphics Card TUF-GTX1660S-6G-GAMING,TUF-GTX1660S-6G-GAMI,369.0,0.0,369.0
https://c1.neweggimages.com/productimage/nb300/1FT-000M-00474-02.jpg,0.0,0,ZOTAC,ZOTAC Gaming GeForce RTX 5070 Ti Solid SFF OC 16GB GDDR7 Video Graphics Card - OEM,ZT-B50710J3-10A,1299.99,0.0,1299.99
https://c1.neweggimages.com/productimage/nb300/14-137-111-Z01.jpg,2.9,71,MSI,MSI GeForce GTX 1080 Ti 11GB GDDR5X PCI Express 3.0 x16 SLI Support Graphics Card GeForce GTX 1080 TI ARMOR 11G OC,GTX1080TiARMOR11GOC,399.0,0.0,399.0
https://c1.neweggimages.com/productimage/nb300/14-130-944-18.jpg,4.5,77,Unknown,EVGA 04G-P4-3768-KR G-SYNC Support GeForce GTX 760 FTW 4GB 256-bit GDDR5 PCI Express 3.0 SLI Support Video Card w/ EVGA ACX Cooler,04G-P4-3768-KR,454.0,0.0,454.0
https://c1.neweggimages.com/productimage/nb300/14-137-913-07.jpg,4.5,248,MSI,MSI Ventus GeForce RTX 5080 16GB GDDR7 PCI Express 5.0 Graphics Card RTX 5080 16G VENTUS 3X OC PLUS,RTX 5080 16G VENTUS 3X OC PLUS,1999.0,0.0,1999.0
https://c1.neweggimages.com/productimage/nb300/14-121-775-04.jpg,3.9,193,ASUS,ASUS GTX760-DC2OC-2GD5 G-SYNC Support GeForce GTX 760 2GB 256-Bit GDDR5 PCI Express 3.0 x16 HDCP Ready SLI Support Video Card,GTX760-DC2OC-2GD5,279.0,0.0,279.0
https://c1.neweggimages.com/productimage/nb300/14-121-724-09.jpg,4.6,47,ASUS,ASUS GeForce GTX TITAN 6GB GDDR5 PCI Express 3.0 SLI Support Graphics Card GTXTITAN-6GD5,GTXTITAN-6GD5,399.0,0.0,399.0
https://c1.neweggimages.com/productimage/nb300/14-487-130-09.jpg,4.8,59,Unknown,"EVGA GeForce GTX TITAN X 12G-P4-2992-KR 12GB SC GAMING, Play 4k with Ease Graphics Card",12G-P4-2992-KR,399.0,0.0,399.0
https://c1.neweggimages.com/productimage/nb300/BP4YS2605270KLEF46D.jpg,0.0,0,NVIDIA,"NVIDIA RTX 5000 Ada 32GB Graphic Card, Quadro 900-5G132-2240-000-01 32GB GDDR6 , RTX 5000 Ada generation 32GB Video card",RTX 5000 Ada generation 32GB,4580.0,0.0,4580.0
https://c1.neweggimages.com/productimage/nb300/14-137-140-V01.jpg,4.3,25,MSI,MSI GeForce GT 1030 2GB GDDR5 PCI Express 3.0 x16 (uses x4) Low Profile Graphics Card GT 1030 2GH LP OC,GT 1030 2GH LP OC,248.0,0.0,248.0
https://c1.neweggimages.com/productimage/nb300/14-126-215-V02.jpg,5.0,1,ASUS,ASUS GeForce GT 1030 DirectX 12 GT1030-SL-2G-BRK 2GB 64-Bit GDDR5 PCI Express 3.0 HDCP Ready Video Card,GT1030-SL-2G-BRK,95.81,0.0,95.81
https://c1.neweggimages.com/productimage/nb300/BM9SS2411070KPAAV8C.jpg,0.0,0,Unknown,"GUNNIR Intel Arc A750 Photon 8G OC W Gaming Graphics Card (PCIe 4.0, 8GB GDDR6, HDMI 2.0, DisplayPort 2.0) White",A750 Photon 8G OC W,299.0,0.0,299.0
https://c1.neweggimages.com/productimage/nb300/C3VHD2603190J17TFF3.jpg,0.0,0,MSI,REFURBISHED MSI Radeon RX 6650 XT MECH 2X 8G OC GDDR6 128bit Video Card,1975388,448.02,10.0,448.02
https://c1.neweggimages.com/productimage/nb300/C3VHD2603190IYNBYAB.jpg,0.0,0,MSI,REFURBISHED MSI Radeon RX 470 GAMING X 8G GDDR5 256bit PCI Express 3.0 16X Video Card,1159148,164.22,10.0,164.22
https://c1.neweggimages.com/productimage/nb300/14-137-936-05.jpg,4.7,210,MSI,MSI VANGUARD GeForce RTX 5070 12GB GDDR7 PCI Express 5.0 ATX Graphics Card RTX 5070 12G VANGUARD SOC,RTX 5070 12G VANGUARD SOC,1231.9,0.0,1231.9
https://c1.neweggimages.com/productimage/nb300/14-932-771-02.jpg,4.8,241,GIGABYTE,GIGABYTE WindForce GeForce RTX 5070 Ti 16GB GDDR7 PCI Express 5.0 ATX Graphics Card GV-N507TWF3-16GD,GV-N507TWF3-16GD,1238.39,0.0,1238.39
https://c1.neweggimages.com/productimage/nb300/14-126-819-06.png,0.0,0,ASUS,ASUS NOCTUA GeForce RTX 5080 16GB GDDR7 PCI Express 5.0 x16 ATX Graphics Card with Noctua NF-A12x25 G2 PWM 120mm Fans RTX5080-O16G-NOCTUA,RTX5080-O16G-NOCTUA,2199.97,0.0,2199.97
https://c1.neweggimages.com/productimage/nb300/BJXUS2607020JUN5LA0.jpg,0.0,0,Unknown,"SRhonyra GeForce GT 1030 2G GDDR5 low profile video card HDMI DP port low profile gpu lp gpu, PCIE 3.0 4X, compatible with 8x 16x, supper compact video card",SR103D5LP2G1,119.95,0.0,143.94
https://c1.neweggimages.com/productimage/nb300/C0JHS2605290K6PSP1C.jpg,0.0,0,Unknown,"SongryVGA RX 5600 XT 6GB GDDR6 Graphics Card PCIe 4.0 x16, 6 HDMI Outputs, 192-Bit, 1500 MHz, Multi Monitor Support for Stock Trading and Video Wall Display",RX 5600 XT 6G 6H,365.55,0.0,426.85
https://c1.neweggimages.com/productimage/nb300/ADFRS2211261FCT1R4E.jpg,0.0,0,ASUS,REFURBISHED ASUS GeForce GTX 1660 Super 6GB Phoenix PH-GTX1660S-O6G Video Graphics Card GPU,PH-GTX1660S-O6G,179.99,0.0,179.99
https://c1.neweggimages.com/productimage/nb300/14-137-028-09.jpg,3.6,5,MSI,USED - VERY GOOD MSI Radeon RX 460 2GB GDDR5 PCI Express 3.0 x16 CrossFireX Support Graphics Card RX 460 2G OC,RX 460 2G OC,99.99,0.0,99.99
https://c1.neweggimages.com/productimage/nb300/BTK0S2506180FMMTVF3.jpg,0.0,0,MSI,REFURBISHED MSI Ventus GeForce RTX 4070 Graphics Card RTX 4070 VENTUS 2X E1 12G OC,RTX 4070 VENTUS 2X E1 12G OC,709.99,0.0,709.99
https://c1.neweggimages.com/productimage/nb300/14-932-278-Z01.jpg,0.0,0,GIGABYTE,REFURBISHED GIGABYTE GeForce RTX 2060 SUPER 8GB GDDR6 PCI Express 3.0 x16 ATX Graphics Card GV-N206SGAMING OC-8GC,GV-N206SGAMINGOC-8GC,267.5,30.0,267.5
https://c1.neweggimages.com/productimage/nb300/14-126-588-V13.jpg,4.6,167,ASUS,ASUS TUF Gaming OC Edition GeForce RTX 3050 8GB GDDR6 PCI Express 4.0 Graphics Card TUF-RTX3050-O8G-GAMING,TUF-RTX3050-O8G-GAMING,380.0,0.0,380.0
https://c1.neweggimages.com/productimage/nb300/14-130-394-02.jpg,4.5,204,Unknown,EVGA GeForce 8600 GTS 256MB GDDR3 PCI Express x16 SLI Support Graphics Card 256-P2-N761-TR,256-P2-N761-TR,275.0,0.0,275.0
https://c1.neweggimages.com/productimage/nb300/14-126-570-V07.jpg,5.0,2,ASUS,ASUS GeForce GT 730 2GB GDDR5 PCI Express 2.0 Graphics Card GT730-4H-SL-2GD5,GT730-4H-SL-2GD5,130.95,0.0,130.95
https://c1.neweggimages.com/productimage/nb300/BKUMD2512270S0JD24A.jpg,0.0,0,ASRock,"ASRock Intel Arc A380 Challenger ITX 6GB OC, 2250MHz GPU, 6GB GDDR6 96-bit, PCIe 4.0, Single Fan, 0dB Silent, DP 2.0, HDMI 2.0b",604117975017,196.99,0.0,196.99
https://c1.neweggimages.com/productimage/nb300/14-126-795-28.png,4.8,60,ASUS,ASUS PRIME GeForce RTX 5060 Ti 16GB 128-Bit GDDR7 PCI Express 5.0 x8 DLSS 4.0 Graphics Card PRIME-RTX5060TI-O16G,PRIME-RTX5060TI-O16G,956.12,0.0,956.12
https://c1.neweggimages.com/productimage/nb300/14-125-902-S99.jpg,4.3,485,GIGABYTE,GIGABYTE GeForce GTX 1060 3GB GDDR5 PCI Express 3.0 x16 ATX Graphics Card GV-N1060G1 GAMING-3GD 2.0,GV-N1060G1GAMING-3GD,329.0,0.0,329.0
https://c1.neweggimages.com/productimage/nb300/BP4YS2504190NMECKE2.jpg,0.0,0,ASUS,ASUS PRIME GeForce RTX 5080 16GB GDDR7 OC Edition PRIME-RTX5080-O16G PCI-Express 5.0 DLSS 4.0 Graphics Card,PRIME-RTX5080-O16G OC,1694.99,0.0,1694.99
https://c1.neweggimages.com/productimage/nb300/AJEPS2408110CXYT0ED.jpg,0.0,0,GIGABYTE,"REFURBISHED GIGABYTE GeForce RTX 3050 OC Low Profile 6G Graphics Card, 2x WINDFORCE Fans, 6GB GDDR6 96-bit GDDR6, GV-N3050OC-6GL Video Card",GV-N3050OC-6GL,299.0,0.0,299.0
https://c1.neweggimages.com/productimage/nb300/14-932-791-01.jpg,4.5,114,GIGABYTE,GIGABYTE WindForce GeForce RTX 5060 Ti 16GB GDDR7 PCI Express 5.0 x8 ATX Graphics Card GV-N506TWF2-16GD,GV-N506TWF2-16GD,968.06,0.0,968.06
https://c1.neweggimages.com/productimage/nb300/BF9VS2306020J3IVD2C.jpg,0.0,0,GIGABYTE,REFURBISHED GIGABYTE Eagle Radeon RX 6500 XT 4GB GDDR6 PCI Express 4.0 ATX Video Card GV-R65XTEAGLE-4GD,GV-R65XTEAGLE-4GD,178.0,0.0,179.0
https://c1.neweggimages.com/productimage/nb300/ADFRS23012502CES84D.jpg,0.0,0,ASUS,REFURBISHED ASUS TUF Gaming GeForce RTX 3060 Ti V2 OC Edition 8GB GDDR6 PCI Express 4.0 Video Card TUF-RTX3060TI-O8G-V2-GAMING (LHR) Refurbished,TUF-RTX3060TI-O8G-V2-GAMING,349.99,0.0,349.99
https://c1.neweggimages.com/productimage/nb300/14-126-525-V01.jpg,4.7,106,ASUS,"ASUS TUF Gaming NVIDIA GeForce RTX 3080 V2 OC Edition Graphics Card (PCIe 4.0, 10GB GDDR6X, LHR, HDMI 2.1, DisplayPort 1.4a, Dual Ball Fan Bearings, Military-grade Certification, GPU Tweak II)",TUF-RTX3080-O10G-V2-,744.99,0.0,744.99
https://c1.neweggimages.com/productimage/nb300/14-133-863-13.jpg,5.0,1,Unknown,PNY GeForce RTX 4070 SUPER 12GB VERTO Overclocked Dual Fan DLSS 3 VCG4070S12DFXPB1-O,VCG4070S12DFXPB1-O,943.0,0.0,959.0
https://c1.neweggimages.com/productimage/nb300/BP4YS2605011EGYN939.jpg,0.0,0,NVIDIA,"NVIDIA RTX A5000 24G Graphics Card, GDDR6 ECC Memory, 384-bit, 4 x DisplayPort 1.4, Modeling and Rendering, Film and Television Post-Production",NVIDIA RTX A5000 24G,2849.0,0.0,2899.0
https://c1.neweggimages.com/productimage/nb300/14-125-923-Z01.jpg,4.7,3,GIGABYTE,REFURBISHED GIGABYTE GeForce GTX 1070 8GB GDDR5 PCI Express 3.0 x16 ATX Graphics Card GV-N1070G1 GAMING-8GD,GV-N1070G1 GAMING-8G,239.99,0.0,239.99
https://c1.neweggimages.com/productimage/nb300/14-127-753-08.jpg,4.6,5,MSI,MSI GeForce 210 1GB DDR3 PCI Express 2.0 x16 Low Profile Graphics Card N210-MD1GD3H/LP,N210-MD1GD3H/LP,65.0,12.0,65.0
https://c1.neweggimages.com/productimage/nb300/14-125-871-S99.jpg,4.4,473,GIGABYTE,GIGABYTE GeForce GTX 1070 DirectX 12 GV-N1070G1 GAMING-8GD R2 256-Bit GDDR5 PCI Express 3.0 x16 SLI Support ATX Video Card,GV-N1070G1 GAMING-8G,325.0,0.0,325.0
https://c1.neweggimages.com/productimage/nb300/BP4YS250401196E9K4C.jpg,0.0,0,ASUS,"ASUS ROG Strix GeForce RTX 4080 SUPER White Edition Gaming Graphics Card (PCIe 4.0, 16GB GDDR6X, DLSS 3, HDMI 2.1a, DisplayPort 1.4a, Vapor Chamber, Aura Sync) ROG-STRIX-RTX4080S-16G-WHITE",ASUS ROG-STRIX-RTX4080S-16G-WHITE NEW,1804.19,0.0,1804.19
https://c1.neweggimages.com/productimage/nb300/14-487-336-V09.jpg,4.7,514,Unknown,"EVGA GeForce GTX 1080 Ti SC Black Edition GAMING, 11G-P4-6393-KR, 11GB GDDR5X, iCX Cooler & LED",11G-P4-6393-KR,399.0,0.0,399.0
https://c1.neweggimages.com/productimage/nb300/14-500-503-02.jpg,4.5,18,ZOTAC,"ZOTAC GAMING GeForce RTX 3090 Trinity 24GB GDDR6X 384-bit 19.5 Gbps PCIE 4.0 Gaming Graphics Card, IceStorm 2.0 Advanced Cooling, SPECTRA 2.0 RGB Lighting, ZT-A30900D-10P",ZT-A30900D-10P,2099.0,0.0,2099.0
https://c1.neweggimages.com/productimage/nb300/BP4YS250530053SV3BC.jpg,0.0,0,NVIDIA,NVIDIA Tesla P40 GPU 24GB GDDR5 PCIE x16 TCSP40M-24GB-PB Content GPU Card,Tesla P40 24G,419.99,0.0,419.99
https://c1.neweggimages.com/productimage/nb300/14-500-482-V01.jpg,4.7,35,ZOTAC,"ZOTAC GAMING GeForce GTX 1660 SUPER 6GB GDDR6 192-bit Gaming Graphics Card, Super Compact, ZT-T16620F-10L",ZT-T16620F-10L,299.0,0.0,299.0
https://c1.neweggimages.com/productimage/nb300/ADFRD2602061BY7YMCA.jpg,0.0,0,ASUS,REFURBISHED ASUS TUF Gaming GeForce RTX 5080 16GB GDDR7 OC Gaming Video Graphics Card,TUF-RTX5080-O16G-GAMING,1499.99,0.0,1499.99
https://c1.neweggimages.com/productimage/nb300/14-130-586-03.jpg,3.9,79,Unknown,EVGA 200 GeForce 210 1GB DDR3 PCI Express 2.0 x16 Low Profile Graphics Card 01G-P3-1312-LR,01G-P3-1312-LR,65.0,12.0,65.0
https://c1.neweggimages.com/productimage/nb300/14-130-471-02.jpg,4.8,26,Unknown,EVGA GeForce 9400 GT 512MB DDR2 PCI Express 2.0 x16 Graphics Card 512-P3-N940-LR,512-P3-N940-LR,149.0,0.0,149.0
https://c1.neweggimages.com/productimage/nb300/14-500-654-02.jpg,0.0,0,ZOTAC,ZOTAC SOLID OC GeForce RTX 5070 12GB GDDR7 PCI Express 5.0 x16 ATX Graphics Card RTX 5070 SOLID OC,ZT-B50700J-10A,829.99,0.0,896.39
https://c1.neweggimages.com/productimage/nb300/14-500-658-01.jpg,0.0,0,ZOTAC,ZOTAC AMP GeForce RTX 5060 8GB GDDR7 PCI Express 5.0 x8 ATX Graphics Card RTX 5060 AMP,ZT-B50600F2-10A,469.99,0.0,469.99
https://c1.neweggimages.com/productimage/nb300/A7U1_1_202002151190349330.jpg,0.0,0,Unknown,"EVGA GeForce GTX 580 1536 MB GDDR5 PCI Express 2.0 2DVI/Mini HDMI SLI Ready Graphics Card, 015-P3-1580-TR",h2020PB004BA117G,295.0,0.0,295.0
https://c1.neweggimages.com/productimage/nb300/ADFRD2406141AKMGXA7.jpg,0.0,0,ASUS,REFURBISHED ASUS GeForce RTX 4070 Gaming 12GB GDDR6X ROG-STRIX-RTX4070-12G-GAMING Video Graphic Card GPU,ROG-4070-12G-GAM-R,829.99,0.0,829.99
https://c1.neweggimages.com/productimage/nb300/14-131-795-06.jpg,0.0,0,PowerColor,PowerColor Radeon RX 6400 4GB GDDR6 PCI Express 4.0 CrossFireX Support Low Profile Graphics Card AXRX 6400 LP 4GBD6-DH,AXRX 6400 LP 4GBD6-DH,389.0,0.0,389.0
https://c1.neweggimages.com/productimage/nb300/BGFDS2308110TP5YS20.jpg,0.0,0,ASUS,"ASUS ROG Strix NVIDIA GeForce RTX 4070 Ti OC Edition Gaming Graphics Card (PCIe 4.0, 12GB GDDR6X, HDMI 2.1a, DisplayPort 1.4a) ROG-STRIX-RTX4070TI-O12G-GAMING",4070ti -rog strix oc,1149.0,0.0,1149.0
https://c1.neweggimages.com/productimage/nb300/14-487-461-V01.jpg,4.5,243,Unknown,"EVGA GeForce RTX 2080 SUPER BLACK GAMING, 08G-P4-3081-KR, 8GB GDDR6",08G-P4-3081-KR,699.0,0.0,699.0
https://c1.neweggimages.com/productimage/nb300/14-126-736-04.png,5.0,5,ASUS,"ASUS Dual GeForce RTX 4070 SUPER EVO 12GB GDDR6X (PCIe 4.0, 12GB GDDR6X, DLSS 3, HDMI 2.1a, DisplayPort 1.4a, 2.5-slot design, Axial-tech fan design, 0dB technology) DUAL-RTX4070S-12G-EVO",DUAL-RTX4070S-12G-EVO,994.25,0.0,994.25
https://c1.neweggimages.com/productimage/nb300/14-932-795-01.jpg,4.5,114,GIGABYTE,GIGABYTE Eagle GeForce RTX 5060 Ti 8GB GDDR7 PCI Express 5.0 x8 ATX Graphics Card GV-N506TEAGLE OC-8GD,GV-N506TEAGLE OC-8GD,519.99,0.0,540.79
https://c1.neweggimages.com/productimage/nb300/14-932-492-01.jpg,4.4,55,GIGABYTE,GIGABYTE Eagle Radeon RX 6500 XT 4GB GDDR6 PCI Express 4.0 ATX Graphics Card GV-R65XTEAGLE-4GD,GV-R65XTEAGLE-4GD,215.34,0.0,259.99
https://c1.neweggimages.com/productimage/nb300/14-127-931-07.jpg,4.4,169,MSI,MSI GeForce GT 710 1GB DDR3 PCI Express 2.0 x16 Low Profile Graphics Card GT 710 1GD3H LP,GT 710 1GD3H LP,99.0,10.0,99.0
https://c1.neweggimages.com/productimage/nb300/A575_131691405811395306FDzLdF5xPq.jpg,0.0,0,Unknown,PNY Quadro NVS 510 Graphic Card - 2 GB DDR3 SDRAM - Low-profile - Single Slot Sp,TTIVDO70,85.0,0.0,85.0
https://c1.neweggimages.com/productimage/nb300/14-202-406-01.jpg,4.7,125,Sapphire Tech,SAPPHIRE PULSE Radeon RX 6600 XT 8GB GDDR6 PCI Express 4.0 ATX Graphics Card 11309-03-20G,11309-03-20G,559.0,0.0,559.0
https://c1.neweggimages.com/productimage/nb300/14-126-631-06.png,0.0,0,ASUS,"ASUS Dual GeForce GTX 1650 V2 4GB GDDR6 (PCIE 3.0, 4GB GDDR6 memory, HDMI 2.0b, DisplayPort 1.4a, DVI-D, IP5X Dust Resistant, Auto-Extreme) DUAL-GTX1650-4GD6-P-V2",DUAL-GTX1650-4GD6-P-V2,251.23,0.0,251.23
https://c1.neweggimages.com/productimage/nb300/14-125-470-03.jpg,4.8,37,GIGABYTE,USED - VERY GOOD GIGABYTE GeForce GTX 760 4GB GDDR5 PCI Express 3.0 Graphics Card GV-N760OC-4GD,GV-N760OC-4GD,97.0,30.0,117.0
https://c1.neweggimages.com/productimage/nb300/14-487-522-01.jpg,5.0,1,Unknown,"REFURBISHED EVGA GeForce RTX 3080 XC3 BLACK GAMING Video Card, 10G-P5-3881-KR, 10GB GDDR6X, iCX3 Cooling, ARGB LED",10G-P5-3881-KR,429.99,0.0,429.99
https://c1.neweggimages.com/productimage/nb300/14-126-457-V01.jpg,4.7,112,ASUS,ASUS ROG Strix GeForce RTX 3080 10GB GDDR6X PCI Express 4.0 Graphics Card ROG-STRIX-RTX3080-O10G-GAMING,ROG-STRIX-RTX3080-O1,849.0,0.0,949.0
https://c1.neweggimages.com/productimage/nb300/AMYMD2112300I1UZ838.jpg,0.0,0,MSI,MSI Gaming GeForce RTX 3060 12GB 15 Gbps GDRR6 192-Bit HDMI/DP PCIe 4 Torx Twin Fan Ampere OC Graphics Card (RTX 3060 Ventus 2X 12G OC),9143257899230,679.0,0.0,679.0
https://c1.neweggimages.com/productimage/nb300/ADFRD22022601ORO7DC.jpg,0.0,0,ASUS,ASUS Radeon RX 5500 XT OC 8GB GDDR6 ROG-STRIX-RX5500XT-O8G-GAMING Video Graphic Card GPU - OEM,ROG-5500XT-O8G-GAM-R,495.0,0.0,495.0
https://c1.neweggimages.com/productimage/nb300/14-137-641-01.jpg,4.3,192,MSI,MSI Mech Radeon RX 6700 XT 12GB GDDR6 PCI Express 4.0 Graphics Card RX 6700 XT MECH 2X 12G,RX 6700 XT MECH 2X 12G,789.0,0.0,789.0
https://c1.neweggimages.com/productimage/nb300/AWFGD21111407JPEVE2.jpg,0.0,0,NVIDIA,NVIDIA Tesla T4 Graphic Card - 16 GB GDDR6 - Full-height - PC,shoudong9,767.99,0.0,767.99
https://c1.neweggimages.com/productimage/nb300/ADFRD23042116MQLAE1.jpg,5.0,1,ASUS,REFURBISHED ASUS GeForce RTX 4080 TUF OC 16GB GDDR6X TUF-RTX4080-O16G-GAMING Video Graphic Card GPU,ASUS TUF-4080-O16G-GAM-R,1149.99,0.0,1149.99
https://c1.neweggimages.com/productimage/nb300/14-930-083-01.jpg,4.4,241,ASRock,ASRock Phantom Gaming Radeon RX 7900 XT 20GB GDDR6 PCI Express 4.0 ATX Graphics Card RX7900XT PG 20GO,RX7900XT PG 20GO,1215.0,0.0,1215.0
https://c1.neweggimages.com/productimage/nb300/14-932-341-02.jpg,3.5,31,GIGABYTE,"GIGABYTE AORUS GeForce RTX 3090 MASTER 24GB Video Card, GV-N3090AORUS M-24GD",GV-N3090AORUS M-24GD,2099.0,0.0,2099.0
https://c1.neweggimages.com/productimage/nb300/ADFRD25010915H8R37B.jpg,0.0,0,AMD,REFURBISHED AMD Radeon WX 7100 8GB Pro GDDR5 Pro WX 7100 8GB Video Graphics Card GPU,Pro WX 7100 8GB,139.99,0.0,139.99
https://c1.neweggimages.com/productimage/nb300/14-932-692-03.jpg,5.0,2,GIGABYTE,"GIGABYTE GeForce RTX 4070 Ti SUPER EAGLE OC ICE 16G Graphics Card, 3x WINDFORCE Fans, 16GB 256-bit GDDR6X, GV-N407TSEAGLE OC ICE-16GD Video Card",GV-N407TSEAGLE OC ICE-16GD,1357.99,0.0,1357.99
https://c1.neweggimages.com/productimage/nb300/14-932-453-V11.jpg,4.5,124,GIGABYTE,GIGABYTE Gaming OC PRO GeForce RTX 3060 Ti 8GB GDDR6 PCI Express 4.0 ATX Video Card GV-N306TGAMINGOC PRO-8GD (rev. 3.0) (LHR),GV-N306TGAMINGOCPRO8,619.99,0.0,619.99
https://c1.neweggimages.com/productimage/nb300/BP4YS2506290T0D5QE2.jpg,0.0,0,ASUS,"ASUS TUF Gaming NVIDIA GeForce RTX 4080 SUPER OC Edition Gaming Graphics Card (PCIe 4.0, 16GB GDDR6X, HDMI 2.1a, DisplayPort 1.4a) TUF-RTX4080S-O16G-GAMING",TUF-RTX4080S-O16G-GAMING OC,1595.65,0.0,1595.65
https://c1.neweggimages.com/productimage/nb300/14-137-484-V01.jpg,4.6,72,MSI,MSI Gaming GeForce GTX 1650 SUPER 4GB GDDR6 PCI Express 3.0 x16 Graphics Card GTX 1650 Super Gaming X,GTX1650SuperGamingX,420.0,0.0,435.0
https://c1.neweggimages.com/productimage/nb300/14-137-769-12.jpg,5.0,20,MSI,MSI Ventus GeForce RTX 3060 8GB GDDR6 PCI Express 4.0 ATX Graphics Card RTX 3060 VENTUS 2X 8G OC,RTX 3060 VENTUS 2X 8G OC,468.51,0.0,468.51
https://c1.neweggimages.com/productimage/nb300/AMY5S200612dl17M.jpg,0.0,0,NVIDIA,REFURBISHED NVIDIA Quadro GP100 Graphic Card - 16 GB HBM2 - Full-height - 4096 bit Bus Width - DisplayPort - DVI,Quadro GP100,499.99,0.0,499.99
https://c1.neweggimages.com/productimage/nb300/ADFRD2507211CFALK01.jpg,0.0,0,GIGABYTE,REFURBISHED GIGABYTE GeForce RTX 5070 Ti Gaming OC 16GB 16G GDDR7 Video Graphics Card,GV-N507TGAMING OC-16GD,1049.99,0.0,1099.99
https://c1.neweggimages.com/productimage/nb300/14-487-539-01.jpg,4.7,230,Unknown,"EVGA GeForce RTX 3060 XC GAMING, 12G-P5-3657-KR, 12GB GDDR6, Dual-Fan, Metal Backplate",12G-P5-3657-KR,599.99,0.0,599.99
https://c1.neweggimages.com/productimage/nb300/14-121-822-06.jpg,4.5,30,ASUS,ASUS GTX780TI-3GD5 G-SYNC Support GeForce GTX 780 Ti 3GB 384-Bit GDDR5 PCI Express 3.0 HDCP Ready SLI Support Video Card,GTX780TI-3GD5,329.0,0.0,329.0
https://c1.neweggimages.com/productimage/nb300/14-126-531-01.jpg,4.9,17,ASUS,"ASUS Dual NVIDIA GeForce RTX 3070 V2 OC Edition Gaming Graphics Card (PCIe 4.0, 8GB GDDR6, LHR, HDMI 2.1, DisplayPort 1.4a, Axial-tech Fan Design, Dual BIOS, Protective Backplate)",DUAL-RTX3070-O8G-V2,735.0,0.0,735.0
https://c1.neweggimages.com/productimage/nb300/14-487-069-12.jpg,4.3,1504,Unknown,EVGA GeForce GTX 970 4GB GDDR5 PCI Express 3.0 Graphics Card 04G-P4-1970-KR,04G-P4-1970-KR,369.0,0.0,369.0
https://c1.neweggimages.com/productimage/nb300/ADFRD2605221ETQWTD9.jpg,0.0,0,ASUS,REFURBISHED ASUS Dual GeForce RTX 5060 Ti 8GB GDDR7 Video Graphics Card,DUAL-RTX5060TI-O8G,479.99,0.0,479.99
https://c1.neweggimages.com/productimage/nb300/BR2DD2402090B4HDT03.jpg,0.0,0,ZOTAC,"ZOTAC GAMING GeForce GTX 1650 OC 4GB GDDR6 128-bit Gaming Graphics Card, Super Compact, ZT-T16520F-10L",972365753573,355.0,0.0,355.0
https://c1.neweggimages.com/productimage/nb300/14-131-785-08.jpg,1.0,1,PowerColor,"REFURBISHED PowerColor Red Devil AMD Radeon RX 6900 XT Ultimate Gaming Graphics Card with 16GB GDDR6 Memory, Powered by AMD RDNA 2, HDMI 2.1 (AXRX 6900XTU 16GBD6-3DHE/OC)",6900XTU 16GBD6-3DHE/,449.99,0.0,449.99
https://c1.neweggimages.com/productimage/nb300/14-932-115-01.jpg,4.1,114,GIGABYTE,"GIGABYTE Geforce RTX 2060 OC 6G Graphics Card, 2 x WINDFORCE Fans, 6GB 192-Bit GDDR6, GV-N2060OC-6GD Video Card",GV-N2060OC-6GD v2.0,599.0,0.0,599.0
https://c1.neweggimages.com/productimage/nb300/14-137-678-V10.jpg,4.5,28,MSI,MSI Ventus GeForce RTX 3080 10GB GDDR6X PCI Express 4.0 Graphics Card RTX 3080 VENTUS 3X 10G OC LHR,RTX308Ventus3X10GOCL,795.0,0.0,795.0
https://c1.neweggimages.com/productimage/nb300/14-130-604-10.jpg,4.5,501,Unknown,EVGA 01G-P3-1561-AR GeForce GTX 560 Ti FPB (Fermi) 1GB 256-bit GDDR5 PCI Express 2.0 x16 HDCP Ready SLI Support FPB Video Card,01G-P3-1561-AR,289.0,0.0,289.0
https://c1.neweggimages.com/productimage/nb300/14-133-867-02.jpg,4.8,15,Unknown,PNY GeForce RTX 4080 SUPER 16GB VERTO Overclocked Triple Fan DLSS 3 VCG4080S16TFXPB1-O,VCG4080S16TFXPB1-O,1650.0,0.0,1650.0
https://c1.neweggimages.com/productimage/nb300/ADFRD2205091DRGZR99.jpg,0.0,0,ASUS,REFURBISHED ASUS GeForce RTX 3070 DUAL 8GB GDDR6 DUAL-RTX3070-8G Video Graphic Card GPU,DUAL-3070-8G-R,360.0,60.0,360.0
https://c1.neweggimages.com/productimage/nb300/14-137-629-V03.jpg,4.8,259,MSI,MSI Gaming GeForce RTX 3060 12GB GDDR6 PCI Express 4.0 Graphics Card RTX 3060 Gaming X Trio 12G,RTX3060GamingXTrio12,599.0,0.0,599.0
https://c1.neweggimages.com/productimage/nb300/AXMKS22081510DYYV78.jpg,0.0,0,XFX,"XFX SPEEDSTER SWFT210 Radeon RX 6600 XT 8GB GDDR6 PCI Express 4.0 Core Gaming Graphics Card, AMD RDNA 2 RX-66XT8DFDQ",RDNA 2 RX-66XT8DFDQ-,599.0,0.0,599.0
https://c1.neweggimages.com/productimage/nb300/BF9VS2308010JRI3E2E.jpg,0.0,0,NVIDIA,REFURBISHED NVIDIA GeForce RTX 3080 Founders Edition GDDR6X RTX 3080 FE Video Card,RTX 3080 Founders Ed,499.94,0.0,499.94
https://c1.neweggimages.com/productimage/nb300/14-126-727-13.png,4.5,2,ASUS,"ASUS TUF Gaming GeForce RTX 4070 Ti SUPER BTF White OC Edition Gaming Graphics Card (Exclusive to ASUS BTF ATX Motherboards, Graphics card high-power gold finger) TUF-RTX4070TIS-O16G-BTF-WHITE",TUF-RTX4070TIS-O16G-BTF-WHITE,1000.0,0.0,1295.0
https://c1.neweggimages.com/productimage/nb300/14-126-231-Z01.jpg,4.4,85,ASUS,ASUS Cerberus GeForce GTX 1070 Ti 8GB GDDR5 PCI Express 3.0 Graphics Card CERBERUS-GTX1070TI-A8G-GAMING,CERBERUSGTX1070TIA8G,299.0,0.0,299.0
https://c1.neweggimages.com/productimage/nb300/14-133-849-24.jpg,4.5,15,Unknown,PNY GeForce RTX 4090 24GB VERTO Triple Fan DLSS 3 VCG409024TFXPB1,VCG409024TFXPB1,3565.0,0.0,3565.0
https://c1.neweggimages.com/productimage/nb300/BP4YS25040802ZBB8C7.jpg,0.0,0,ASUS,"ASUS TUF Gaming NVIDIA GeForce RTX 4070 OC Edition Gaming Graphics Card (PCIe 4.0, 12GB GDDR6X, HDMI 2.1, DisplayPort 1.4a) TUF-RTX4070-O12G-GAMING",4070 TUF QX,899.0,0.0,899.0
https://c1.neweggimages.com/productimage/nb300/BP4YS250701019OSH14.jpg,0.0,0,ASUS,ASUS ROG Strix GeForce RTX 5070 Ti Edition 16GB 256-Bit GDDR7 PCI Express 5.0 DLSS 4.0 Graphics Card ROG-STRIX-RTX5070TI-16G-GAMING,ROG-STRIX-RTX5070TI-16G-GAMING D7,1519.0,0.0,1519.0
https://c1.neweggimages.com/productimage/nb300/ADFRD2605221EUEJ921.jpg,0.0,0,ASUS,REFURBISHED ASUS Dual GeForce RTX 5070 12GB GDDR7 Video Graphics Card,DUAL-RTX5070-O12G,769.99,0.0,769.99
https://c1.neweggimages.com/productimage/nb300/AXZZS24062907BFQ851.jpg,5.0,1,Unknown,MAXSUN Geforce RTX 4070 Super iCraft Limited Edition OC 12GB GDDR6X Video Graphics Card GPU for Computer Gaming PC HDMI2.1 DLSS 3.5 PCIE 4.0 X16 RGB,MS-GeForce RTX4070S iCraft OC 12G Ltd,980.0,0.0,980.0
https://c1.neweggimages.com/productimage/nb300/AWFGD210824C66VD.jpg,5.0,1,NVIDIA,NVIDIA GeForce GTX 1070 8GB Founders Edition GDDR5 PCI Express 3.0 Graphics Card,shoudong41,269.0,0.0,269.0
https://c1.neweggimages.com/productimage/nb300/BP4YS25043005P2T966.jpg,0.0,0,ASUS,"ASUS ROG Strix GeForce RTX 4080 White Edition Gaming Graphics Card (PCIe 4.0, 16GB GDDR6X, HDMI 2.1a, DisplayPort 1.4a) ROG-STRIX-RTX4080-16G-WHITE",ROG-STRIX-RTX4080-16G-WHITE ASUS,1610.0,0.0,1610.0
https://c1.neweggimages.com/productimage/nb300/14-932-435-V06.jpg,0.0,0,GIGABYTE,REFURBISHED GIGABYTE AORUS GeForce RTX 3080 Ti 12GB GDDR6X PCI Express 4.0 ATX Graphics Card GV-N308TAORUS M-12GD,GV-N308TAORUS M-12GD,559.99,0.0,559.99
https://c1.neweggimages.com/productimage/nb300/14-932-309-S07.jpg,4.7,15,GIGABYTE,GIGABYTE GeForce GTX 1650 4GB GDDR6 PCI Express 3.0 x16 Graphics Card GV-N1656OC-4GD rev. 2.0,GV-N1656OC-4GDV2,340.0,0.0,340.0
https://c1.neweggimages.com/productimage/nb300/A6V6_1318531677521156790fPNtw7uKD.jpg,0.0,0,NVIDIA,GeForce RTX 2070 Founders Edition 8GB GDDR6 PIC Express 3.1 Graphic Card – Turing GPU Architecture/Ray Tracing DLSS/1710 MHz/14 Gbps Memory Speed/4K HDR@60fps,B07JJ112J5,495.0,0.0,495.0
https://c1.neweggimages.com/productimage/nb300/14-932-813-02.jpg,4.5,114,GIGABYTE,GIGABYTE WindForce GeForce RTX 5060 Ti 8GB GDDR7 PCI Express 5.0 x8 ATX Graphics Card GV-N506TWF2MAX OC-8GD,GV-N506TWF2MAX OC-8GD,869.0,0.0,869.0
https://c1.neweggimages.com/productimage/nb300/14-126-824-02.png,5.0,1,ASUS,ASUS ROG Astral with Detachable GC-HPWR Adapter GeForce RTX 5090 32GB GDDR7 PCI Express 5.0 ATX Graphics Card ROG-ASTRAL-RTX5090-O32G-BTF-GAMING,ROG-ASTRAL-RTX5090-O32G-BTF-GAMING,5749.99,0.0,5749.99
https://c1.neweggimages.com/productimage/nb300/14-137-318-V05.jpg,4.7,16,MSI,MSI GeForce GT 1030 2GB DDR4 PCI Express 3.0 x16 (Uses x4) Low Profile Graphics Card GT 1030 2GD4 LP OC,GT 1030 2GD4 LP OC,165.0,0.0,165.0
https://c1.neweggimages.com/productimage/nb300/A0ZXD2508140W57ZKB7.jpg,0.0,0,Unknown,PNY GeForce RTX 5070 Ti 16GB GDDR7 PCI Express 5.0 x16 ATX Video Card VCG5070T16TFXPB1,VCG5070T16TFXPB1,1382.75,0.0,1382.75
https://c1.neweggimages.com/productimage/nb300/14-133-608-01.jpg,0.0,0,Unknown,PNY Quadro NVS 510 DirectX 11 VCNVS510VGA-PB 2GB 128-Bit DDR3 PCI Express 2.0 x16 HDCP Ready Low Profile Video Card,VCNVS510VGA-PB,85.0,0.0,85.0
https://c1.neweggimages.com/productimage/nb300/14-500-373-01.jpg,4.0,1,ZOTAC,ZOTAC ZT-90401-10P GeForce GTX TITAN X 12GB 384-Bit GDDR5 PCI Express 3.0 SLI Support Video Card,ZT-90401-10P,399.0,0.0,399.0
https://c1.neweggimages.com/productimage/nb300/AKRFS211101AHblk.jpg,0.0,0,Unknown,NVIDIA RTX A4000 16GB PCI Express 4.0 x16 Video Card VCNRTXA4000-PB (NEW IN BOX),PNY VCNRTXA4000-PB,1325.0,0.0,1399.0
https://c1.neweggimages.com/productimage/nb300/14-131-863-01.png,4.9,14,PowerColor,PowerColor Hellhound Radeon RX 7900 GRE 16GB GDDR6 PCI Express 4.0 ATX Graphics Card RX7900GRE 16G-L/OC,RX7900GRE 16G-L/OC,1095.0,0.0,1095.0
https://c1.neweggimages.com/productimage/nb300/BP4YS2503090TSPZK45.jpg,0.0,0,Sapphire Tech,"SAPPHIRE Tech GPU+Motherboard Combo, AMD Radeon RX 7900 XTX NITRO+ 24GB graphics card + NiTRO+ B850M WIFI AM5 Motherboard ( WiFi 6),GPU +motherboard 2-piece set",(NITRO+ 7900XTX)+(NITRO+ B850M WIFI),1659.99,0.0,1659.99
https://c1.neweggimages.com/productimage/nb300/14-932-378-V01.jpg,4.7,12,GIGABYTE,"GIGABYTE GeForce RTX 3060 Ti EAGLE OC 8GB Video Card, GV-N306TEAGLE OC-8GD (rev. 1.0)",GV-N306TEAGLE OC-8GD,695.0,0.0,695.0
https://c1.neweggimages.com/productimage/nb300/14-137-682-13.jpg,3.8,5,MSI,REFURBISHED MSI Mech Radeon RX 6600 XT 8GB GDDR6 PCI Express 4.0 ATX Graphics Card RX 6600 XT MECH 2X 8G OC,RX 6600XT MECH2X 8G OC,449.0,0.0,449.0
https://c1.neweggimages.com/productimage/nb300/14-131-717-Z01.jpg,4.0,138,PowerColor,USED - VERY GOOD PowerColor RED DRAGON Radeon RX 570 4GB GDDR5 PCI Express 3.0 CrossFireX Support ATX Graphics Card AXRX 570 4GBD5-3DHD/OC,AXRX 570 4GBD5-3DHD/,144.99,0.0,144.99
https://c1.neweggimages.com/productimage/nb300/14-150-839-V01.jpg,4.1,76,XFX,XFX Radeon RX 5700 XT 8GB GDDR6 PCI Express 4.0 ATX Graphics Card RX-57XT83LD8,RX-57XT83LD8,499.0,0.0,499.0
https://c1.neweggimages.com/productimage/nb300/ADFRD240705158DUEEF.jpg,0.0,0,PowerColor,REFURBISHED PowerColor Radeon RX 6750 XT Red Devil 12GB GDDR6 AXRX 6750XT 12GBD6-3DHE-OC Video Graphic Card GPU,AX 6750XT 12GBD6-3DHE-OC-R,549.99,0.0,549.99
https://c1.neweggimages.com/productimage/nb300/14-932-437-V06.jpg,4.2,70,GIGABYTE,GIGABYTE VISION OC GeForce RTX 3080 Ti 12GB GDDR6X PCI Express 4.0 ATX Graphics Card GV-N308TVISION OC-12GD,GV-N308TVISION OC-12GD,1289.0,0.0,1289.0
https://c1.neweggimages.com/productimage/nb300/ADFRD2408231A5JD255.jpg,0.0,0,MSI,REFURBISHED MSI GeForce GTX 1650 OC Low Profile 4GB GDDR5 1650 4GT LP OC Video Graphic Card GPU,1650 4GT LP OC-R,249.99,0.0,249.99
https://c1.neweggimages.com/productimage/nb300/14-126-735-24.jpg,0.0,0,ASUS,"ASUS ProArt GeForce RTX 4070 Ti SUPER Graphics Card (PCIe 4.0, 16GB GDDR6X, DLSS 3, HDMI 2.1a, DisplayPort 1.4a) PROART-RTX4070TIS-16G",PROART-RTX4070TIS-16G,1222.19,0.0,1222.19
https://c1.neweggimages.com/productimage/nb300/14-131-867-04.jpg,4.8,59,PowerColor,PowerColor Hellhound Spectral White AMD Radeon RX 7800 XT 16GB GDDR6 WHITE Graphics Card,RX7800XT 16G-L/OC/WHITE,899.0,0.0,899.0
https://c1.neweggimages.com/productimage/nb300/BP4YS25072407PF9132.jpg,0.0,0,ASUS,"ASUS Dual NVIDIA GeForce RTX 3050 6GB OC Edition Gaming Graphics Card - PCIe 4.0, 6GB GDDR6 Memory, HDMI 2.1, DisplayPort 1.4a, 2-slot Design, Axial-tech Fan Design, 0dB Technology, DUAL-RTX3050-O6G",DUAL-RTX3050-O6G ASUS,389.99,0.0,389.99
https://c1.neweggimages.com/productimage/nb300/BTK0S2508070HT03G0F.jpg,0.0,0,Unknown,"MAXSUN GeForce RTX 5080 iCraft AIGA OC 16G Graphics Card, 256-bit GDDR7, PCI Express 5.0 x16, DLSS 4 Video Card",RTX 5080 iCraft AIGA OC16G,2599.0,0.0,2599.0
https://c1.neweggimages.com/productimage/nb300/1FT-000P-005T3-22.jpg,0.0,0,Unknown,REFURBISHED PNY GeForce RTX 4080 16GB VERTO Triple Fan Graphics Card DLSS 3,VCG408016TFXPB1,899.99,0.0,899.99
https://c1.neweggimages.com/productimage/nb300/14-137-854-01.jpg,0.0,0,MSI,MSI GeForce RTX 4080 SUPER 16GB GDDR6X PCI Express 4.0 Graphics Card RTX 4080 SUPER 16G GAMING X SLIM,RTX 4080 Super Gaming X Slim,1648.0,0.0,1648.0
https://c1.neweggimages.com/productimage/nb300/BJ5HD2407070SUM3FB8.jpg,0.0,0,GIGABYTE,Gigabyte Geforce GTX 1050 2GB GV-N1050OC-2GD OC Graphic Cards,9489109855468,245.0,0.0,245.0
https://c1.neweggimages.com/productimage/nb300/A85V_1_20180208845738060.jpg,0.0,0,MSI,REFURBISHED MSI Video Card RX 580 ARMOR 8G OC 8GB GDDR5 256Bit PCI Express,RX 580 ARMOR 8G OC,139.99,0.0,139.99
https://c1.neweggimages.com/productimage/nb300/14-137-631-03.jpg,4.8,262,MSI,MSI Ventus GeForce RTX 3060 12GB GDDR6 PCI Express 4.0 Graphics Card RTX 3060 Ventus 3X 12G OC,RTX3060Ventus3X12GOC,598.0,0.0,635.0
https://c1.neweggimages.com/productimage/nb300/AWFGS2306170DVCL0A1.jpg,0.0,0,ASRock,REFURBISHED ASRock AMD Radeon RX 5500 XT Challenger D 8G OC 128-bit GDDR6 241 x 127 x 42mm Video Cards,ASRock AMD Radeon RX 5500 XT Challenge1,206.0,30.0,206.0
https://c1.neweggimages.com/productimage/nb300/BP4YS26012105GOSP0F.jpg,0.0,0,Sapphire Tech,"SAPPHIRE NITRO+ AMD RADEONTM RX 9070XT GAMING OC 16GB PHANTOMLINK POLAR, GDDR6 PCI Express 5.0 x16 ATX Graphics Card,Phantomlink PE, Phantomlink Motherboard Power Supply Rear Plug System",NiTRO+ POLAR 9070 XT PhantomlinkPE 16G,1499.0,0.0,1499.0
https://c1.neweggimages.com/productimage/nb300/AXZZS2406280GZW4799.jpg,0.0,0,Unknown,"MAXSUN GeForce RTX 4060 iCraft OC ACGN Limited Edition 8GB GDDR6 (PCIe 4.0, DLSS 3.5, HDMI 2.1, DisplayPort 1.4a, RGB, Anime White GPU)",MS-GeForce RTX 4060 iCraft OC8G iCraftX2,579.0,0.0,579.0
https://c1.neweggimages.com/productimage/nb300/A6ZPD201222FQFYH.jpg,0.0,0,Unknown,PNY NVIDIA Quadro RTX 5000 Graphic Card 16 GB GDDR6 TAA Compliant 4096 bit Bus Width PCI Express 3.0 x16 DisplayPort DVI VCQRTX5000TAA,VCQRTX5000TAA,845.0,0.0,845.0
https://c1.neweggimages.com/productimage/nb300/14-932-786-01.jpg,4.5,114,GIGABYTE,GIGABYTE AERO GeForce RTX 5060 Ti 16GB GDDR7 PCI Express 5.0 x8 ATX Graphics Card GV-N506TAERO OC-16GD,GV-N506TAERO OC-16GD,968.06,0.0,968.06
https://c1.neweggimages.com/productimage/nb300/14-932-150-S04.jpg,4.4,81,GIGABYTE,"GIGABYTE GeForce GTX 1650 OC 4G Graphics Card, 2 x WINDFORCE Fans, 4GB 128-Bit GDDR5, GV-N1650OC-4GD Video Card",GV-N1650OC-4GD,259.0,0.0,329.99
https://c1.neweggimages.com/productimage/nb300/ACSJ_131468791096076311JXbacN4mc8.jpg,5.0,2,AMD,REFURBISHED HP AMD FirePro W7000 4GB 4x DisplayPort Graphics Card 703482-001,AMD-703482-001,128.99,0.0,128.99
https://c1.neweggimages.com/productimage/nb300/AA4TS210129NIeEu.jpg,0.0,0,NVIDIA,REFURBISHED NVIDIA Tesla M10 Gpu Accelerator 32GB GDDR5 PCI-E 900-22405-0000-000,900-22405-0000-000,199.99,0.0,199.99
https://c1.neweggimages.com/productimage/nb300/BP4YS2504070K9FQN71.jpg,0.0,0,ASUS,"ASUS TUF Gaming GeForce RTX 4070 SUPER OC Edition Gaming Graphics Card (PCIe 4.0, 12GB GDDR6X, DLSS 3, HDMI 2.1a, DisplayPort 1.4a) TUF-RTX4070S-O12G-GAMING",4070S TUF O12G-GAMING QX,1159.99,0.0,1159.99
https://c1.neweggimages.com/productimage/nb300/BJNDS2303290K04O21A.jpg,0.0,0,ZOTAC,REFURBISHED ZOTAC GeForce RTX 3080 Ti 12GB GDDR6X Trinity OC PCI Express 4.0 ATX Video Card ZT-A30810J-10P,ZOTAC-RTX3080TI-12G,599.99,0.0,599.99
https://c1.neweggimages.com/productimage/nb300/14-500-546-18.jpg,4.5,38,ZOTAC,"ZOTAC GAMING GeForce RTX 4070 Ti Trinity OC DLSS 3 12GB GDDR6X 192-bit 21 Gbps PCIE 4.0 Gaming Graphics Card, IceStorm 2.0 Advanced Cooling, SPECTRA 2.0 RGB Lighting, ZT-D40710J-10P",ZT-D40710J-10P,1298.0,0.0,1298.0
https://c1.neweggimages.com/productimage/nb300/AXZZS2202090H2EIDF6.jpg,5.0,1,Unknown,MAXSUN Nvidia GeForce RTX 3060 iCraft OC Edition 12G GDDR6 Computer Video Graphics Cards GPU For Gaming PC PCI Express 4.0 x16 RGB HDMI 2.1,MS-GEFORCERTX3060ICraftOC12G,489.0,0.0,489.0
https://c1.neweggimages.com/productimage/nb300/BDKWS2507281C27X046.jpg,0.0,0,NVIDIA,REFURBISHED NVIDIA Tesla P40 24GB GDDR5 PCI-E 3.0 x16 GPU for Advanced AI Processing,NVIDIA Tesla P40 24GB,343.99,0.0,343.99
https://c1.neweggimages.com/productimage/nb300/BJNDS2303290KGJ8Q27.jpg,0.0,0,ZOTAC,REFURBISHED ZOTAC GAMING GeForce RTX 3070 Ti AMP Holo 8GB GDDR6X 256-bit 19 Gbps PCIE 4.0 Gaming Graphics Card,ZOTAC-RTX3070TI-8G,389.99,0.0,389.99
https://c1.neweggimages.com/productimage/nb300/BP4YS2504181ECKRR20.jpg,0.0,0,Sapphire Tech,SAPPHIRE Tech PURE Radeon RX 9070 XT 16GB GDDR6 PCI Express 5.0 x16 ATX Graphics Card 11348-02-20G,SAPPHIRE PURE Radeon RX 9070 XT 16GB,1099.0,0.0,1099.0
https://c1.neweggimages.com/productimage/nb300/BP4YS2504190IOAO731.jpg,0.0,0,ASUS,ASUS ROG Astral GeForce RTX 5080 16GB GDDR7 OC Edition ROG-ASTRAL-RTX5080-O16G-GAMING PCI-Express 5.0 DLSS 4.0 Graphics Card,ROG-ASTRAL-RTX5080-O16G-GAMING OC,2489.99,0.0,2489.99
https://c1.neweggimages.com/productimage/nb300/BP4YS25060405XLMR6F.jpg,0.0,0,NVIDIA,"NVIDIA RTX A4500 20G Graphics Card, GDDR6 ECC Memory, 320-bit, Bandwidth 640 GB/s, PCI Express 4.0 x 16, Modeling and Rendering, Film and Video Post-Production",RTX A4500 20G Boxed,1495.0,0.0,1495.0
https://c1.neweggimages.com/productimage/nb300/14-932-561-23.jpg,4.3,270,GIGABYTE,GIGABYTE Gaming GeForce RTX 4080 16GB GDDR6X PCI Express 4.0 x16 ATX Graphics Card GV-N4080GAMING OC-16GD,GV-N4080GAMING OC-16GD,1549.0,0.0,1799.0
https://c1.neweggimages.com/productimage/nb300/BP4YS2505180GEW5G1A.jpg,0.0,0,ASUS,ASUS ATS Radeon RX 9070 12GB 192-Bit GDDR6 PCI Express 5.0 RDNA 4 Graphics Card ATS-RX9070GRE-O12G,ATS-RX9070GRE-O12G,959.99,0.0,959.99
https://c1.neweggimages.com/productimage/nb300/BP4YS2604240FCTFX52.jpg,0.0,0,Sapphire Tech,"SAPPHIRE NITRO+RX 9070 XT 16GB PhantomLink Graphics Card, GAMING OC , GDDR6 PCI Express 5.0 x16 ATX ,Phantomlink, Phantomlink Motherboard Power Supply Rear Plug System",NITRO+RX 9070 XT 16GB PhantomLink,1799.99,0.0,1799.99
https://c1.neweggimages.com/productimage/nb300/A2W0S25040400KU2P0D.jpg,0.0,0,Unknown,PNY NVIDIA GeForce RTX 5070 Graphic Card 12 GB GDDR7 Full-height,VCG507012TFXPB1,933.61,0.0,933.61
https://c1.neweggimages.com/productimage/nb300/14-126-133-07.jpg,4.2,261,ASUS,ASUS Dual GeForce GTX 1060 3GB GDDR5 PCI Express 3.0 Graphics Card DUAL-GTX1060-O3G,DUAL-GTX1060-O3G,329.0,0.0,329.0
https://c1.neweggimages.com/productimage/nb300/14-932-353-V01.jpg,0.0,0,GIGABYTE,REFURBISHED GIGABYTE Radeon RX 5700 XT 8GB GDDR6 PCI Express 4.0 x16 ATX Graphics Card GV-R57XTGAMING-8GD,GV-R57XTGAMING-8GD,269.0,0.0,269.0
https://c1.neweggimages.com/productimage/nb300/14-137-791-01.jpg,4.8,69,MSI,MSI Gaming GeForce RTX 4070 12GB GDDR6X PCI Express 4.0 ATX Graphics Card RTX 4070 GAMING X TRIO 12G,RTX 4070 GAMING X TRIO 12G,869.0,0.0,1090.0
https://c1.neweggimages.com/productimage/nb300/14-500-408-S99.jpg,4.4,60,ZOTAC,"ZOTAC GeForce GTX 1070 Mini, ZT-P10700G-10M, 8GB GDDR5",ZT-P10700G-10M,279.0,0.0,279.0
https://c1.neweggimages.com/productimage/nb300/AE8D_131818748661355347Ph6yF4PY0q.jpg,0.0,0,Lenovo,Lenovo Tesla K10 Graphic Card - 2 GPUs - 8 GB GDDR5 - PCI Express 3.0 x16,00D4192,79.0,0.0,79.0
https://c1.neweggimages.com/productimage/nb300/A4YUD210719ZXXJA.jpg,0.0,0,GIGABYTE,USED - VERY GOOD Gigabyte GeForce GTX 1650 D6 Windforce OC 4G NVIDIA GeForce GTX 1650 4GB GDDR6 Graphics Card,GV-N1656WF2OC-4GD 2.,199.0,0.0,199.0
https://c1.neweggimages.com/productimage/nb300/14-202-282-Z01.jpg,4.3,23,Sapphire Tech,"Sapphire NITRO+ Radeon RX 570 8GB GDDR5 PCI-E Dual HDMI / DVI-D / Dual DP w/ Backplate (UEFI), 100412NT+8GL",100412NT+8GL,389.0,0.0,389.0
https://c1.neweggimages.com/productimage/nb300/14-500-526-V02.jpg,0.0,0,ZOTAC,REFURBISHED ZOTAC Trinity OC GeForce RTX 3080 12GB GDDR6X PCI Express 4.0 ATX Graphics Card ZT-A30820J-10PLHR,ZT-A30820J-10PLHR,459.99,0.0,459.99
https://c1.neweggimages.com/productimage/nb300/AMYMD2112300I1V1Q63.jpg,4.0,1,MSI,REFURBISHED RTX 3060 Ventus 2X OC 12GB GDDR6 RTX 3060 VENTUS 2X 12G OC Video Graphic Card GPU,MSI 3060 VENTUS 2X 12G OC-R,435.0,0.0,435.0
https://c1.neweggimages.com/productimage/nb300/B7VES2307080XWN4WBF.jpg,0.0,0,ASUS,"ASUS TUF Gaming NVIDIA GeForce RTX 4070 Ti OC Edition Gaming Graphics Card (PCIe 4.0, 12GB GDDR6X, HDMI 2.1a, DisplayPort 1.4a)",BETUF-RTX4070TI-O12G-GAMING,1099.99,0.0,1099.99
https://c1.neweggimages.com/productimage/nb300/BP4YS26050203QZX339.jpg,0.0,0,NVIDIA,"NVIDIA Quadro RTX 5000 16G Graphics Card, 256 - bit width, 448 GB/s, Multi - Resolution Support, Modeling and rendering, Film and Television Post-Production, Active Cooling",RTX 5000 16G,849.0,0.0,849.0
https://c1.neweggimages.com/productimage/nb300/14-126-746-01.png,4.6,77,ASUS,ASUS PRIME Radeon RX 9070 XT 16GB 256-Bit GDDR6 RNDA 4 FSR 4 PCI Express 5.0 Graphics Card PRIME-RX9070XT-16G,PRIME-RX9070XT-16G,1260.99,0.0,1260.99
https://c1.neweggimages.com/productimage/nb300/14-932-697-02.jpg,4.7,7,GIGABYTE,GIGABYTE WINDFORCE GeForce RTX 3050 6GB GDDR6 PCI Express 4.0 x8 ATX Graphics Card GV-N3050WF2OC-6GD,GV-N3050WF2OC-6GD,349.0,0.0,349.0
https://c1.neweggimages.com/productimage/nb300/14-930-011-V01.jpg,3.2,22,ASRock,USED - VERY GOOD ASRock Phantom Gaming X Radeon RX 590 8GB GDDR5 PCI Express 3.0 x16 Graphics Card RX590 8G OC,Phantom X RX590 8GOC,166.0,30.0,166.0
https://c1.neweggimages.com/productimage/nb300/14-202-079-04.jpg,4.2,95,Sapphire Tech,SAPPHIRE TRI-X OC Radeon R9 290X 4GB GDDR5 PCI Express 3.0 CrossFireX Support Graphics Card 100361-2SR,100361-2SR,378.0,0.0,378.0
https://c1.neweggimages.com/productimage/nb300/14-137-792-01.png,4.7,384,MSI,MSI Ventus GeForce RTX 3060 Ti 8GB GDDR6X PCI Express 4.0 Graphics Card RTX 3060 TI VENTUS 2X 8GD6X OC,RTX 3060 TI VENTUS 2X 8GD6X OC,695.0,0.0,695.0
https://c1.neweggimages.com/productimage/nb300/ADRA_131605276756152675NsYuqJUn0p.jpg,3.0,2,NVIDIA,NVIDIA 900-1G611-2550-000 GeForce GTX 1080 Ti Founders Edition DirectX 12 11GB 352-Bit GDDR5X PCI Express 3.0 x16 HDCP Ready SLI Support Video Card,900-1G611-2550-000,399.0,0.0,399.0
