Ship_ID,Sensor_Alpha,Sensor_Beta,Zone,Last_Service_Date,Error_Log,Random_Noise,Maintenance_Needed
SHP-0000,48.3773156283704,601.8654948272846,Sector_D,2024-05-15,Error: Pressure Drop,0.4382036713504559,0
SHP-0001,51.94058223354635,5028.510375597973,Sector_A,2024-08-31,Error: Pressure Drop,0.6854276665624791,1
SHP-0002,56.73269566855413,972.3582214181638,Sector_D,2024-05-10,None,0.09005515252427143,1
SHP-0003,38.141833795801965,2087.7466863078666,Sector_B,2024-07-04,Warning: High Temp,0.9290929950571308,0
SHP-0004,47.703003190243216,1215.8070102946726,Sector_D,2024-06-20,Warning: High Temp,0.5890601064905943,1
SHP-0005,58.23148998510812,208.35840248591424,Sector_A,2024-05-04,None,0.21988228352032668,1
SHP-0006,70.14657357199343,1233.803616479175,Sector_D,2024-07-15,None,0.7341453165855225,1
SHP-0007,57.46487357552261,281.12724020393136,Sector_C,2024-02-22,None,0.14985197093953606,0
SHP-0008,52.82620510795873,520.6539123242467,Sector_C,2024-12-20,Error: Pressure Drop,0.15856357873916083,1
SHP-0009,40.418063916049796,317.21598705414226,Sector_C,2024-12-27,None,0.3908215485939499,0
SHP-0010,67.85126062259074,825.761214118332,Sector_B,2024-08-11,Warning: High Temp,0.46304056151939377,1
SHP-0011,50.195200220186926,135.03784861961717,Sector_B,2024-10-26,Warning: High Temp,0.08832083695332571,1
SHP-0012,33.66191381392167,507.07199580592055,Sector_D,2024-11-30,None,0.13221555192798196,0
SHP-0013,41.06118676693186,73.66152617529784,Sector_C,2024-05-25,None,0.7852591748783566,0
SHP-0014,33.00830426931812,29.343312818849405,Sector_C,2024-05-24,None,0.7485602133272309,1
SHP-0015,53.04084180146678,812.0182372106735,Sector_A,2024-09-16,None,0.7962025480394298,1
SHP-0016,61.65902027711096,658.2342090505377,Sector_B,2024-06-03,None,0.6348773799778075,0
SHP-0017,61.74825986993131,72.89845387595297,Sector_B,2024-09-22,None,0.8202644429404087,1
SHP-0018,61.975027822336344,942.2838883289164,Sector_B,2024-05-13,None,0.5615424748297041,1
SHP-0019,35.28866689339225,470.66645948053576,Sector_D,2024-05-11,Error: Pressure Drop,0.6341777514590139,0
SHP-0020,50.45832527864555,389.028414754311,Sector_A,2024-09-14,None,0.013552559285846644,1
SHP-0021,58.97875874483064,1089.6537809308056,Sector_A,2024-11-06,Warning: High Temp,0.849478538258696,1
SHP-0022,59.22169139006195,525.4979122567573,Sector_A,2024-03-24,Error: Pressure Drop,0.4722045863657167,1
SHP-0023,49.92063491827092,149.28219594777312,Sector_D,2024-07-20,Error: Pressure Drop,0.9340437111566888,0
SHP-0024,39.888409285960805,993.2254839594931,Sector_D,2024-12-01,None,0.8280644818436884,0
SHP-0025,48.7287820412732,492.9296175924889,Sector_A,2024-01-25,Warning: High Temp,0.9623470677397428,1
SHP-0026,55.24542009858717,296.387460109086,Sector_C,2024-07-16,None,0.7038483661149708,0
SHP-0027,57.358624247237735,214.09510788201217,Sector_A,2024-11-10,None,0.8613778105663384,0
SHP-0028,63.977932242568855,2214.5064945676127,Sector_D,2024-09-09,None,0.4250285797146117,1
SHP-0029,42.523617107945746,247.28066849674397,Sector_B,2024-10-07,None,0.9229686358836159,1
SHP-0030,49.56943532694564,1190.2096631378479,Sector_C,2024-07-08,None,0.07287199920716536,1
SHP-0031,46.42120908767799,201.03944084556116,Sector_C,2024-02-13,None,0.9921721750355216,0
SHP-0032,44.67714869986721,265.23869680953015,Sector_A,2024-12-27,Error: Pressure Drop,0.06604656412935894,0
SHP-0033,49.481799466448486,481.0352250350603,Sector_A,2024-05-31,None,0.9188253310405078,1
SHP-0034,40.87182736680918,1187.762190621866,Sector_D,2024-06-05,None,0.5706583744235783,0
SHP-0035,39.1691347545362,1035.330812017434,Sector_D,2024-09-19,None,0.6580312326509158,0
SHP-0036,56.021040353134644,445.6658245326548,Sector_D,2024-05-19,Error: Pressure Drop,0.40689437733755485,1
SHP-0037,53.49431745893743,598.0429618682896,Sector_C,2024-05-18,Error: Pressure Drop,0.47586109064483173,1
SHP-0038,45.29769751071202,17.792731679555164,Sector_B,2024-05-15,None,0.7107233700054921,1
SHP-0039,50.00888693565896,208.38440779652086,Sector_D,2024-06-29,Error: Pressure Drop,0.4850639437910621,0
SHP-0040,41.22030987315176,1065.3445834825568,Sector_C,2024-01-07,None,0.35196442104848036,0
SHP-0041,61.430765006997476,1141.8927147034874,Sector_B,2024-11-14,Warning: High Temp,0.494617792478548,1
SHP-0042,51.794000941804185,94.31443108995023,Sector_D,2024-10-09,Error: Pressure Drop,0.41538152700617004,1
SHP-0043,44.24848035035339,1904.5400815913174,Sector_A,2024-08-12,Warning: High Temp,0.25964976785155847,0
SHP-0044,55.65454124713859,693.2692038421743,Sector_C,2024-02-23,None,0.9284777769519957,0
SHP-0045,44.55082712308867,296.7950755054618,Sector_C,2024-09-27,None,0.2670871576496838,1
SHP-0046,47.337274104424694,985.420641368589,Sector_B,2024-02-18,None,0.53985430437855,0
SHP-0047,51.85392914973264,1059.7952236260937,Sector_D,2024-01-03,None,0.30809909983685235,0
SHP-0048,61.97225239910956,294.5110019483341,Sector_B,2024-01-16,Warning: High Temp,0.10135648614037729,0
SHP-0049,46.83743698815713,715.0343548170504,Sector_C,2024-05-02,Error: Pressure Drop,0.6837379715693378,0
SHP-0050,52.96998957184107,709.2718247742984,Sector_B,2024-08-12,None,0.7827352957386554,1
SHP-0051,67.1504365219977,1742.0600371989474,Sector_B,2024-02-26,Error: Pressure Drop,0.6307090865077085,0
SHP-0052,51.71242261145035,2476.984122476153,Sector_B,2024-01-30,None,0.7750557229591758,1
SHP-0053,45.243202505910816,912.3795479299955,Sector_C,2024-01-08,None,0.3617491618556635,1
SHP-0054,49.41125046918748,5052.183150241839,Sector_A,2024-11-02,None,0.07517237668347299,0
SHP-0055,51.563598086599455,421.9235955216352,Sector_D,2024-05-26,None,0.8797550868611693,0
SHP-0056,,537.8536407019517,Sector_C,2024-05-12,None,0.93493427456992,1
SHP-0057,52.03893514990742,11.821005016041461,Sector_A,2024-09-21,None,0.4435265342639241,0
SHP-0058,37.1190925985189,92.44455013572077,Sector_D,2024-10-30,None,0.04563210300770104,0
SHP-0059,54.03959134336449,2490.983468132169,Sector_C,2024-08-09,None,0.46140329557282345,0
SHP-0060,46.581714570639846,111.0489913701514,Sector_C,2024-03-25,None,0.29189270842177717,1
SHP-0061,44.90500029627968,684.0607775408566,Sector_D,2024-08-07,None,0.9265311738064496,0
SHP-0062,65.90204277411203,2112.078582877119,Sector_B,2024-12-06,None,0.5147164055594972,0
SHP-0063,37.8138477460675,1351.983462085362,Sector_C,2025-01-01,Error: Pressure Drop,0.8880443908396504,1
SHP-0064,40.61200498465027,176.28367100864978,Sector_D,2024-04-07,Error: Pressure Drop,0.5042133849354729,1
SHP-0065,53.715986959764734,1090.1847527693512,Sector_B,2024-08-18,None,0.652788116802418,0
SHP-0066,50.31545855750391,178.02294730035922,Sector_B,2024-03-24,None,0.7663307389780144,1
SHP-0067,43.83723697838759,1248.1709856360849,Sector_D,2024-09-15,None,0.8190371479169329,0
SHP-0068,34.47206601602373,3917.385437905815,Sector_A,2024-01-31,None,0.14829156672279764,1
SHP-0069,40.222453978882164,817.6812835006932,Sector_A,2024-09-16,None,0.7517991995341146,0
SHP-0070,50.61793344354277,145.9143987067033,Sector_C,2024-10-15,None,0.4727209644761837,0
SHP-0071,57.282771072358074,354.20944269151,Sector_D,2024-08-30,Warning: High Temp,0.01641846380580758,0
SHP-0072,51.95791095965202,173.3075681878911,Sector_B,2024-11-24,None,0.9496318697939459,1
SHP-0073,52.4967286017273,2962.5956635915704,Sector_C,2024-06-01,None,0.24182998962101843,1
SHP-0074,74.92093018242711,471.3286647545602,Sector_B,2024-06-25,Error: Pressure Drop,0.9233097549863025,0
SHP-0075,58.749387310802504,465.9743744552502,Sector_D,2024-09-28,None,0.35825237479845995,0
SHP-0076,58.944564425443694,91.87959130762673,Sector_A,2024-01-28,None,0.7643264016236974,0
SHP-0077,33.840872165286044,50.40341995320553,Sector_C,2024-04-21,None,0.01605602359575875,0
SHP-0078,47.282402179374515,1513.6661799444773,Sector_B,2024-05-28,Error: Pressure Drop,0.3152763440810803,0
SHP-0079,41.594018423232306,296.090940042816,Sector_D,2024-09-28,None,0.14395168709720285,0
SHP-0080,85.19748949535389,3166.1067075049414,Sector_C,2024-12-24,Error: Pressure Drop,0.007879511756519575,1
SHP-0081,35.85793769983149,3542.31095876795,Sector_D,2024-03-22,None,0.5668516418697904,0
SHP-0082,60.771672280796366,1007.1152357368243,Sector_C,2024-06-09,None,0.6218622805988211,1
SHP-0083,59.97768985335318,869.7012861354232,Sector_D,2024-06-04,None,0.9524305337060387,1
SHP-0084,54.59420901246755,552.6729634079044,Sector_B,2024-09-06,Warning: High Temp,0.7434469850443379,0
SHP-0085,52.32553023262083,1743.0356420705198,Sector_D,2024-08-10,Warning: High Temp,0.1387248675897257,1
SHP-0086,65.20232927920993,1231.9339576887814,Sector_B,2024-09-09,Warning: High Temp,0.810187803487885,1
SHP-0087,55.79051105853757,53.42758218432542,Sector_B,2024-07-28,None,0.015076831471645069,0
SHP-0088,52.39395607801399,465.2907842200871,Sector_A,2024-10-14,None,0.5934382906590223,1
SHP-0089,44.4758151208767,949.5859384611952,Sector_B,2024-12-26,Error: Pressure Drop,0.33802590971778945,1
SHP-0090,50.65721747822856,3203.3047613924846,Sector_D,2024-04-14,None,0.7290818278540954,1
SHP-0091,34.577644459865766,271.9219239977321,Sector_A,2024-04-09,Error: Pressure Drop,0.33563504397443933,1
SHP-0092,37.51012952203973,59.763982599777314,Sector_B,2024-06-27,Warning: High Temp,0.9819241683613499,1
SHP-0093,57.936408483412485,767.5783678482295,Sector_C,2024-07-03,None,0.18316255428738693,1
SHP-0094,70.93701747730152,211.6227095807404,Sector_B,2024-12-17,None,0.7312579910184812,1
SHP-0095,16.470526368410976,136.9104891682747,Sector_C,2024-05-09,None,0.612493521740732,0
SHP-0096,52.86337516633339,218.42059323175772,Sector_D,2024-07-01,None,0.7893073353050936,1
SHP-0097,51.43044476786077,948.4941574224265,Sector_A,2024-12-30,Error: Pressure Drop,0.7998488578647722,0
SHP-0098,46.00807098217457,162.9767686242246,Sector_D,2024-11-27,None,0.9312093215213437,1
SHP-0099,50.24692153517857,671.7635400054953,Sector_A,2024-06-08,None,0.8249808274980662,0
SHP-0100,46.67469650446788,2557.2298633812056,Sector_A,2024-04-09,None,0.7969389402879092,1
SHP-0101,48.43726277838823,1552.4876109113277,Sector_C,2024-04-07,None,0.6187093741626895,0
SHP-0102,57.52729860900025,1165.0522776017406,Sector_D,2024-08-04,None,0.04346833437190201,0
SHP-0103,63.535020265209475,175.57680768422415,Sector_A,2024-11-30,None,0.14920176529778073,1
SHP-0104,64.22359370289915,1255.5526046184823,Sector_B,2025-01-01,Warning: High Temp,0.26304725998603085,1
SHP-0105,70.59079412059783,330.96664776517787,Sector_B,2024-09-22,Error: Pressure Drop,0.17840163164415634,0
SHP-0106,42.39578483407843,788.5458201168409,Sector_A,2024-08-09,None,0.9667314636971784,1
SHP-0107,52.4315155548301,82.90274285567017,Sector_C,2024-02-22,None,0.3357087854191978,0
SHP-0108,55.22613806825943,922.5103291177965,Sector_B,2024-08-26,Error: Pressure Drop,0.5369226127586076,1
SHP-0109,63.373103670853844,3253.6229252459916,Sector_D,2024-03-05,None,0.8024038515525049,0
SHP-0110,43.1518050882179,3324.4539148243266,Sector_B,2024-11-22,Error: Pressure Drop,0.014742726284762475,0
SHP-0111,39.15805863125073,764.2093515267363,Sector_C,2024-10-18,None,0.6723339381636377,1
SHP-0112,46.87684640880388,638.814523601936,Sector_B,2024-05-29,None,0.16525995514002423,0
SHP-0113,35.84812737585359,3476.9839127169994,Sector_C,2024-12-25,Error: Pressure Drop,0.26139226859290743,0
SHP-0114,67.20243908070415,453.84121014319527,Sector_C,2024-12-03,Warning: High Temp,0.9519370691238799,1
SHP-0115,54.51503307319411,755.8505509163317,Sector_B,2024-07-19,Warning: High Temp,0.7059348591562538,1
SHP-0116,62.58529681824659,3993.421277091268,Sector_C,2024-03-29,Warning: High Temp,0.26232579135482226,1
SHP-0117,63.03598214902429,2659.113876952238,Sector_B,2024-07-27,None,0.8551472876363566,1
SHP-0118,35.39315028144679,125.83475019704493,Sector_C,2024-02-02,Warning: High Temp,0.19935690922645455,0
SHP-0119,39.30293938357465,120.53202688034547,Sector_B,2024-11-21,Error: Pressure Drop,0.25812973968594033,1
SHP-0120,49.33176958748181,1876.6151570928453,Sector_D,2024-10-08,None,0.7514004252023069,0
SHP-0121,54.62000298051927,1628.1603605334533,Sector_B,2024-12-15,None,0.30121309784715233,1
SHP-0122,62.89611004791301,2282.9159320711783,Sector_D,2024-06-23,None,0.4139398235141821,0
SHP-0123,46.79424557431483,2129.525391608763,Sector_D,2024-05-14,Error: Pressure Drop,0.34087469632772815,0
SHP-0124,37.30826246631874,157.24230512737006,Sector_B,2024-02-07,Warning: High Temp,0.46943634224969955,1
SHP-0125,48.385104136244344,0.287701535891455,Sector_D,2024-02-20,None,0.4683514347987826,0
SHP-0126,50.40974567840408,54.62442964729898,Sector_A,2024-12-16,None,0.30248767457898307,1
SHP-0127,34.719504056946036,695.4382539196852,Sector_B,2024-06-07,None,0.4259309538857069,1
SHP-0128,53.73188440403819,1293.8556034475657,Sector_A,2024-04-02,None,0.0799487229579744,1
SHP-0129,41.45833856862227,63.87263546836021,Sector_D,2024-12-11,None,0.24668640719120782,1
SHP-0130,47.46190259970384,129.42848193391964,Sector_D,2024-12-24,None,0.24140929555407387,0
SHP-0131,68.54770962659936,231.7325609641978,Sector_D,2024-01-28,None,0.9737656897359807,0
SHP-0132,63.991589648011235,68.26446646236288,Sector_C,2024-03-15,None,0.7373353602753377,0
SHP-0133,54.227242966876574,410.564582382609,Sector_B,2024-11-16,None,0.3282247256029882,1
SHP-0134,59.71943965509631,916.825183010003,Sector_B,2024-09-01,None,0.7245993587756142,1
SHP-0135,56.92989574565972,602.4582515655025,Sector_D,2024-12-16,Warning: High Temp,0.9228777884102084,1
SHP-0136,51.70752712766189,128.16853816152076,Sector_C,2024-09-13,None,0.2256660520801852,1
SHP-0137,75.15264765215454,61.1480870376682,Sector_D,2024-05-29,None,0.7131096129979685,0
SHP-0138,61.88706767292407,583.6434924465862,Sector_C,2024-05-25,None,0.9923366644015736,0
SHP-0139,62.50594228202565,118.43431663408442,Sector_C,2024-09-09,Warning: High Temp,0.34371479874222655,0
SHP-0140,66.22101531782019,113.70396811762649,Sector_A,2024-07-06,Warning: High Temp,0.9667485721231742,1
SHP-0141,39.92765269810462,25.623548530118374,Sector_B,2024-06-03,Warning: High Temp,0.13584105415253,0
SHP-0142,49.674706889356436,2114.252541788673,Sector_C,2024-10-11,None,0.5514917386043093,1
SHP-0143,44.1050648283516,1165.1918370875621,Sector_C,2024-03-05,None,0.9375104480826356,1
SHP-0144,44.29583004705591,1038.3383782468218,Sector_D,2024-11-20,None,0.6023574187658762,0
SHP-0145,32.82725290716701,424.2237994491072,Sector_D,2024-03-01,None,0.4754897512247108,1
SHP-0146,40.748103255758984,360.66205085710425,Sector_C,2024-03-24,None,0.4235260522398049,1
SHP-0147,44.633944838071216,1565.0687907452404,Sector_C,2024-05-27,None,0.2841984779049965,0
SHP-0148,32.05550945168561,140.4503075247257,Sector_B,2024-07-18,Error: Pressure Drop,0.32894873383664636,0
SHP-0149,39.36584311690426,292.26384763605915,Sector_B,2024-02-26,Error: Pressure Drop,0.6701100710685876,0
SHP-0150,30.303073468367813,328.162872998098,Sector_D,2024-11-02,None,0.35395227168033494,0
SHP-0151,57.2920131890976,74.27333019170757,Sector_D,2024-02-05,Warning: High Temp,0.07010346335507389,1
SHP-0152,55.89570021347617,1017.7328113193028,Sector_B,2024-01-22,None,0.16474680161739041,0
SHP-0153,37.74153927959158,151.28999345148583,Sector_B,2024-09-02,None,0.18526483861507403,0
SHP-0154,46.87351424078339,2313.1089713663973,Sector_B,2024-05-17,None,0.5027733595148735,1
SHP-0155,57.26385940701809,603.942392654147,Sector_B,2024-06-02,Warning: High Temp,0.8232025440073376,0
SHP-0156,36.77210336294672,205.56961053340143,Sector_D,2024-04-21,None,0.5773707570362197,1
SHP-0157,40.82945276384958,1120.3683699125831,Sector_B,2024-12-03,Warning: High Temp,0.015563994397819081,1
SHP-0158,64.8014457020081,68.1548962635644,Sector_C,2024-02-07,Error: Pressure Drop,0.6666336526952656,0
SHP-0159,30.995188627978397,490.45437641177836,Sector_C,2024-08-19,None,0.5020317147805449,0
SHP-0160,46.947095428278935,1812.0882766075968,Sector_A,2024-06-15,Error: Pressure Drop,0.015206148566623612,1
SHP-0161,,278.17435901270176,Sector_D,2024-06-11,Error: Pressure Drop,0.377225720726331,1
SHP-0162,58.27856172817606,1041.8639827562677,Sector_B,2024-11-30,None,0.039046931504546856,1
SHP-0163,37.66798704730369,1835.752809307438,Sector_A,2024-04-29,None,0.7392880056837892,0
SHP-0164,74.15940892826373,1809.255381680353,Sector_D,2024-05-08,None,0.09021315458652068,1
SHP-0165,56.17090049319414,1040.3769849449086,Sector_A,2024-03-25,None,0.03751258036463301,0
SHP-0166,69.1620595766386,97.34828172927988,Sector_B,2024-08-17,None,0.8788324599601962,1
SHP-0167,67.4707296253368,2082.7350529774953,Sector_B,2024-06-22,None,0.8103668867966698,0
SHP-0168,48.77210887236373,572.3065715139002,Sector_A,2024-04-28,None,0.1986978416597569,0
SHP-0169,50.56897030905345,851.3185670375124,Sector_A,2024-01-12,Warning: High Temp,0.6142337520303358,0
SHP-0170,52.072966844854946,365.7361710372335,Sector_A,2024-11-05,None,0.9304642903349959,0
SHP-0171,33.03486716426726,665.76672909279,Sector_C,2024-08-14,Warning: High Temp,0.21544444782312722,0
SHP-0172,48.101108944561375,341.99683412116497,Sector_A,2024-11-28,Warning: High Temp,0.4865166598435178,1
SHP-0173,48.09065830822184,127.52167684249157,Sector_C,2024-12-28,None,0.49540072602539864,0
SHP-0174,32.603949340818296,29.6357555296953,Sector_C,2024-09-21,Warning: High Temp,0.9352743121270113,0
SHP-0175,56.363625163809765,334.14716044923466,Sector_D,2024-10-27,None,0.8517763441010997,0
SHP-0176,33.643851658346335,140.19174913836804,Sector_D,2024-09-01,Warning: High Temp,0.460509295342736,0
SHP-0177,44.00456511532111,45.298691865261446,Sector_B,2024-08-21,None,0.721948531685044,1
SHP-0178,57.43632761930667,2128.4994914361023,Sector_D,2024-09-05,Warning: High Temp,0.47667999281566964,0
SHP-0179,54.874131196060404,1018.0270897842103,Sector_B,2024-05-24,Warning: High Temp,0.1854481284588858,0
SHP-0180,68.2993505955774,228.4810101879362,Sector_C,2024-03-18,None,0.1991684781575077,0
SHP-0181,45.18211061124004,13.990040446101412,Sector_C,2024-12-25,Warning: High Temp,0.5367705012916595,0
SHP-0182,47.006664612153834,2222.0695171326943,Sector_A,2024-05-10,Error: Pressure Drop,0.8890217721706771,0
SHP-0183,47.71058141000561,1931.8574988263274,Sector_A,2024-04-30,None,0.8759963245517505,0
SHP-0184,56.852865742952595,459.6190910287468,Sector_C,2024-10-20,Warning: High Temp,0.011784005116010854,0
SHP-0185,49.40067281986756,22.066179853889178,Sector_C,2024-01-24,None,0.26311360252853655,1
SHP-0186,47.78462637805646,374.000386995776,Sector_D,2024-03-20,None,0.8644638841465943,0
SHP-0187,58.17458248427534,349.20806562397223,Sector_B,2024-05-20,None,0.715718887865587,0
SHP-0188,64.5995051827837,338.15890083683774,Sector_C,2024-10-20,None,0.41896834634915847,0
SHP-0189,53.871417340474785,12.217635319257193,Sector_C,2024-09-12,None,0.7929326571924795,1
SHP-0190,50.735697704403314,98.0799702932639,Sector_D,2024-01-20,Warning: High Temp,0.12753326493926154,1
SHP-0191,68.32551217814108,557.5283301374668,Sector_D,2025-01-01,None,0.24432902479788787,1
SHP-0192,44.510541079885236,2344.59317869554,Sector_B,2024-06-04,None,0.7349204920068433,1
SHP-0193,55.39356485137536,53.51541411897894,Sector_A,2024-06-07,Warning: High Temp,0.9599012420774296,0
SHP-0194,44.71186196315492,270.2413573627778,Sector_B,2024-04-03,Error: Pressure Drop,0.719394548639025,0
SHP-0195,43.73073829097847,1959.1107717899333,Sector_B,2024-03-08,None,0.11841916931664986,1
SHP-0196,53.902939452076524,791.3320699639997,Sector_B,2024-07-13,Warning: High Temp,0.9277381662647165,0
SHP-0197,54.737135823334924,4680.916682294023,Sector_C,2024-09-02,Warning: High Temp,0.09757641817010598,0
SHP-0198,27.766677026775447,1725.8693229906446,Sector_D,2024-06-28,Warning: High Temp,0.6350345477317529,0
SHP-0199,35.716097527207936,880.6878114303316,Sector_A,2024-02-16,Error: Pressure Drop,0.30976439291398805,0
SHP-0200,31.198273468287514,690.8403413147023,Sector_C,2024-10-06,Warning: High Temp,0.6016431260678711,0
SHP-0201,62.51921033695528,4127.585673231279,Sector_D,2024-10-24,None,0.5202004024265866,0
SHP-0202,38.21037696901023,125.05909376199611,Sector_A,2024-10-02,None,0.6252461218111547,0
SHP-0203,28.855527952006838,1614.6058481392847,Sector_D,2024-10-26,Warning: High Temp,0.16549667563022752,0
SHP-0204,58.152618799078056,1822.9210982645948,Sector_D,2024-07-29,None,0.6907128578441919,0
SHP-0205,58.11205411891875,1368.5594321715714,Sector_A,2024-03-17,None,0.2341437175832174,0
SHP-0206,50.45527018839191,1440.2537253513601,Sector_A,2024-08-30,Warning: High Temp,0.8514914061874213,1
SHP-0207,39.76391117032879,440.1347248328874,Sector_D,2024-04-30,Error: Pressure Drop,0.6069813448706175,0
SHP-0208,30.016329410179093,1708.981046807648,Sector_D,2024-06-03,None,0.2887420254731201,1
SHP-0209,22.495543482713863,938.3167708052188,Sector_C,2024-12-15,None,0.15642927910319004,0
SHP-0210,69.36323675089517,3592.5235597183623,Sector_D,2024-04-25,Error: Pressure Drop,0.09155218351240502,1
SHP-0211,52.69258054048956,160.8128578106644,Sector_A,2024-08-19,None,0.27182099140234883,0
SHP-0212,50.99179319564969,215.99278980444234,Sector_B,2024-05-30,None,0.4751736712532496,1
SHP-0213,46.61525673752295,4519.308034951948,Sector_B,2024-11-05,Error: Pressure Drop,0.4649799165895495,1
SHP-0214,58.03052814690309,51.823050301210465,Sector_C,2024-11-05,None,0.5726538420681873,1
SHP-0215,39.99038990597595,52.87369483790146,Sector_D,2024-05-05,None,0.017578909689115685,1
SHP-0216,56.23145610925965,936.9420989635531,Sector_B,2024-04-06,None,0.5667252167160499,1
SHP-0217,65.75536300897937,24.445859302078095,Sector_A,2024-04-09,Warning: High Temp,0.5931056958554689,1
SHP-0218,51.63553511940585,1924.5575718594177,Sector_C,2024-05-15,None,0.1568265151236392,1
SHP-0219,52.555616313810425,270.02285859446977,Sector_C,2024-03-16,None,0.7603965579770082,1
SHP-0220,53.278864622751826,12.96942044661007,Sector_C,2024-06-25,None,0.9883728188064594,0
SHP-0221,55.77044559039292,981.4960872488373,Sector_D,2024-08-04,Warning: High Temp,0.5805767418552348,1
SHP-0222,61.33629186487185,307.83131899990144,Sector_D,2024-01-07,Error: Pressure Drop,0.27671278072245187,1
SHP-0223,30.235475365673686,887.6624847266905,Sector_D,2024-04-13,None,0.20191685547117888,1
SHP-0224,55.78071742130805,890.8226543620709,Sector_C,2024-09-24,Warning: High Temp,0.3359051007613606,1
SHP-0225,23.775600020772938,446.4476327174359,Sector_D,2024-08-13,Error: Pressure Drop,0.024788190791731002,0
SHP-0226,56.563483841182304,762.081661850383,Sector_A,2024-09-25,Warning: High Temp,0.11329779369985271,0
SHP-0227,29.040994473601202,1200.5717227040261,Sector_D,2024-08-07,None,0.4883520695438067,1
SHP-0228,33.48316675214845,1913.1417333398456,Sector_C,2024-06-01,None,0.04154440185132302,0
SHP-0229,50.17574576215463,1850.010307165942,Sector_A,2024-11-29,None,0.33974898987859803,1
SHP-0230,36.27965097235837,783.8795848249383,Sector_B,2024-06-09,Warning: High Temp,0.5476038911390366,0
SHP-0231,39.443073172848315,1834.1823057850133,Sector_D,2024-06-19,None,0.6521005904169398,1
SHP-0232,52.08658813755054,439.5254836885017,Sector_C,2024-01-22,Warning: High Temp,0.9874077370675163,1
SHP-0233,47.43345463478496,1574.1782394507352,Sector_C,2024-04-21,None,0.2255360504520335,0
SHP-0234,33.91104841729343,198.9821581743282,Sector_A,2024-03-06,None,0.4952085135384138,0
SHP-0235,38.642430918844624,625.4784890233378,Sector_B,2024-07-04,Warning: High Temp,0.5109463930715484,1
SHP-0236,26.95542502326966,413.07677787255204,Sector_D,2024-09-08,Error: Pressure Drop,0.48680135978899697,1
SHP-0237,51.77397514712393,59.406821178534344,Sector_A,2024-03-16,Error: Pressure Drop,0.9684655798205566,0
SHP-0238,48.875460909673606,883.5279202928075,Sector_D,2024-03-20,None,0.4677179214785967,1
SHP-0239,48.59627554496194,229.82232132325205,Sector_A,2024-01-19,None,0.34025911130327613,0
SHP-0240,57.81599857353843,176.83061458038716,Sector_C,2024-02-29,Warning: High Temp,0.10663285252494337,0
SHP-0241,47.46759366805863,1202.8991424142043,Sector_A,2024-04-21,None,0.7999409205856374,0
SHP-0242,61.81696190533203,200.2037527873815,Sector_A,2024-05-05,Error: Pressure Drop,0.39633990359406257,0
SHP-0243,48.095362327786546,145.4234981006085,Sector_A,2024-05-15,Warning: High Temp,0.8465727056838005,0
SHP-0244,58.71766228600219,13.36590800928173,Sector_B,2024-01-18,None,0.49563088002301914,1
SHP-0245,30.937909884780673,2622.8439627664116,Sector_A,2024-12-13,None,0.563587172567291,1
SHP-0246,45.78846191729359,96.26323913693903,Sector_A,2024-08-17,None,0.20882596407661647,1
SHP-0247,46.05891760097237,2915.454228120034,Sector_C,2024-01-27,None,0.9690650418406054,1
SHP-0248,63.31099494275203,407.7520272061788,Sector_A,2024-09-28,Warning: High Temp,0.45067383871166133,1
SHP-0249,45.326123290739176,894.142048094807,Sector_D,2024-07-12,None,0.31252909976737053,0
SHP-0250,30.58406535433491,1844.0312474067966,Sector_B,2024-02-10,None,0.21085545402903283,0
SHP-0251,51.06173236639253,777.2352592657427,Sector_A,2024-03-21,Error: Pressure Drop,0.6222108524236842,1
SHP-0252,26.771254935328717,558.2162182024293,Sector_D,2024-02-20,None,0.988210751891785,1
SHP-0253,47.562991094155315,212.9318940999618,Sector_A,2024-04-16,None,0.9314993714744377,1
SHP-0254,48.823002795977395,589.9486428696171,Sector_C,2024-12-21,None,0.2796558892301175,1
SHP-0255,42.967397713904134,317.9676248305075,Sector_C,2024-03-07,None,0.973114388631109,0
SHP-0256,37.839929962626776,454.80988597398004,Sector_B,2024-08-05,None,0.6392878551890286,0
SHP-0257,48.30228753482064,158.76694919438984,Sector_C,2024-11-27,Warning: High Temp,0.44642475307651996,1
SHP-0258,49.71638029448081,486.2009660527873,Sector_C,2024-09-04,Warning: High Temp,0.36796335611133923,1
SHP-0259,48.64370463024265,1448.0333307444027,Sector_C,2024-12-29,None,0.9843901074564542,0
SHP-0260,51.589405095353406,352.827818081179,Sector_B,2024-10-30,Warning: High Temp,0.6390589335533366,0
SHP-0261,58.32517786199535,801.2636910012134,Sector_A,2024-07-29,Error: Pressure Drop,0.4539990879739927,1
SHP-0262,25.340098809584568,19.741599729293174,Sector_B,2024-07-29,None,0.15384472159344786,1
SHP-0263,51.965494788127145,1263.5889495975603,Sector_D,2024-08-30,Warning: High Temp,0.6186680291455972,1
SHP-0264,54.06471931088654,618.4115973656252,Sector_D,2024-07-23,Warning: High Temp,0.604319934645308,1
SHP-0265,61.533609595729075,124.74997839952134,Sector_C,2024-10-21,Error: Pressure Drop,0.2567837291936317,0
SHP-0266,45.190812770940134,409.4512450588743,Sector_C,2024-05-24,None,0.16099175676865518,0
SHP-0267,52.898910040641454,780.5075389515457,Sector_D,2024-09-12,None,0.5675424161829293,0
SHP-0268,36.60819944594999,43.539699090326316,Sector_D,2024-08-24,None,0.3941105567197992,0
SHP-0269,57.17358897301052,75.43707966449965,Sector_D,2024-08-23,None,0.8120132794298207,0
SHP-0270,49.75727096153904,827.2892433659107,Sector_C,2024-11-23,Error: Pressure Drop,0.18257203326890692,1
SHP-0271,34.28474288658181,2061.8870135065313,Sector_D,2024-08-14,Warning: High Temp,0.29771507239232287,0
SHP-0272,55.82640131136518,1052.1083764900977,Sector_C,2024-11-18,Error: Pressure Drop,0.8941618613950929,1
SHP-0273,60.46340243478628,289.3896667014665,Sector_C,2024-10-07,Warning: High Temp,0.8004588543511071,1
SHP-0274,51.87397542063569,462.65095658703495,Sector_C,2024-04-14,Warning: High Temp,0.012663529466403145,1
SHP-0275,72.08265656715061,116.0351528116992,Sector_B,2024-05-01,Error: Pressure Drop,0.034758524308778016,1
SHP-0276,54.81196097595483,3987.405620806099,Sector_C,2024-01-04,None,0.010682773336803453,1
SHP-0277,47.08363960779104,1700.3302872609017,Sector_C,2024-08-23,None,0.6670781434466273,1
SHP-0278,51.16943073866302,298.89252737941945,Sector_D,2024-05-21,None,0.1016157263220242,0
SHP-0279,33.84817712312471,1039.929338678353,Sector_C,2024-03-07,Warning: High Temp,0.9286401034038905,0
SHP-0280,49.055241918958885,1610.3327809909595,Sector_C,2024-12-04,None,0.6360402168230403,0
SHP-0281,48.65821617423093,31.4700379352858,Sector_B,2024-03-13,None,0.6769365987274166,1
SHP-0282,46.03552541671764,725.3281777491391,Sector_C,2024-05-24,Warning: High Temp,0.2591798320015135,1
SHP-0283,53.69342883613319,2218.827283296779,Sector_A,2024-11-12,Error: Pressure Drop,0.05866619730655254,0
SHP-0284,47.55103736580616,2779.584144626784,Sector_A,2024-06-27,Warning: High Temp,0.366612412275507,0
SHP-0285,56.303064692065924,128.76998360423568,Sector_B,2024-05-25,None,0.330513378840659,0
SHP-0286,50.083897047629385,65.80502615995705,Sector_D,2024-09-20,Error: Pressure Drop,0.2609529096502968,0
SHP-0287,50.39434910033061,1122.8780800350034,Sector_B,2024-03-26,Error: Pressure Drop,0.5706898065592655,0
SHP-0288,41.75152476562753,112.27581730201874,Sector_A,2024-01-11,None,0.36745650345408487,0
SHP-0289,54.323316887138674,510.6821636897718,Sector_A,2024-04-07,Warning: High Temp,0.8782257922667037,0
SHP-0290,49.05176282028229,1237.4190639928638,Sector_D,2024-06-23,Warning: High Temp,0.6554086054492397,1
SHP-0291,57.335633609663724,5033.011372275398,Sector_C,2024-10-08,Warning: High Temp,0.613122340720954,0
SHP-0292,31.642069549077657,507.70528155712157,Sector_C,2024-08-18,Error: Pressure Drop,0.9634199923883867,0
SHP-0293,62.63997300109902,704.9225887374722,Sector_A,2024-10-08,None,0.8079534203783011,0
SHP-0294,64.15587701379661,704.3876941487531,Sector_B,2024-12-16,None,0.6623194424247818,1
SHP-0295,43.2943856321087,192.92644918059648,Sector_C,2024-09-21,None,0.4934059797709023,0
SHP-0296,34.22516373266234,527.3030790263073,Sector_C,2024-04-24,Warning: High Temp,0.563659719461585,0
SHP-0297,49.716917623124985,265.1795522973993,Sector_B,2024-12-22,Warning: High Temp,0.1448163153644796,0
SHP-0298,41.854329139648286,964.875371159205,Sector_A,2024-12-12,Error: Pressure Drop,0.2618638332977282,1
SHP-0299,43.307033244396074,1116.0337647323713,Sector_A,2024-10-19,Warning: High Temp,0.852969694817095,0
SHP-0300,53.91945432608161,221.9061233323294,Sector_D,2024-11-11,Warning: High Temp,0.6356442686550184,1
SHP-0301,50.93603157532421,487.7942595024972,Sector_A,2024-11-12,Warning: High Temp,0.3802694133398222,0
SHP-0302,48.03750158380361,132.3481480507465,Sector_C,2024-05-12,Error: Pressure Drop,0.5493597316774343,1
SHP-0303,50.18238667807214,1103.7707007525134,Sector_A,2024-03-17,None,0.20239393594813448,1
SHP-0304,37.95931014042546,133.03132727289426,Sector_A,2024-04-06,None,0.16225502758042953,1
SHP-0305,50.56490675834487,445.6351853615234,Sector_D,2024-01-30,None,0.3685412563642456,1
SHP-0306,50.31772649352056,1.022522503692101,Sector_C,2024-02-01,None,0.8569931001429363,0
SHP-0307,49.351472955803104,757.1191690372938,Sector_D,2024-11-28,Warning: High Temp,0.04202479472464071,1
SHP-0308,66.52196852164397,591.1006243411128,Sector_C,2024-12-08,Error: Pressure Drop,0.8452434986408671,0
SHP-0309,65.67765055650253,2098.97338439808,Sector_D,2024-08-05,None,0.6467523436899342,1
SHP-0310,63.30591203670559,1110.7249654993207,Sector_D,2024-07-08,Warning: High Temp,0.572418872376708,0
SHP-0311,50.378016649660104,924.2100713073853,Sector_C,2024-01-26,None,0.7926182574055739,1
SHP-0312,54.44774026202164,1004.8026631887901,Sector_C,2024-06-04,None,0.9368825930683904,0
SHP-0313,68.36987192510408,1450.5181571456335,Sector_B,2024-11-26,Error: Pressure Drop,0.10767776586477007,1
SHP-0314,50.76828001251323,299.3335516879784,Sector_A,2024-08-27,None,0.5516255368771299,1
SHP-0315,42.35273325762302,738.3639727301913,Sector_C,2024-12-28,Error: Pressure Drop,0.5773327118888449,1
SHP-0316,52.29637637293069,653.6021699597926,Sector_C,2024-09-06,Error: Pressure Drop,0.36167130067236075,1
SHP-0317,56.52990081758985,2253.7061494247214,Sector_A,2024-12-15,None,0.9238420399811922,0
SHP-0318,53.51458883203811,80.44367662520717,Sector_D,2024-03-15,None,0.05454206731494582,1
SHP-0319,54.95195364612087,347.5966121216975,Sector_D,2024-02-24,Warning: High Temp,0.05964762633365828,0
SHP-0320,63.01118298847544,400.7972936278249,Sector_B,2024-07-16,Warning: High Temp,0.5846035359479922,0
SHP-0321,73.94636544614771,229.15020223925248,Sector_D,2024-04-16,None,0.5576704786221782,1
SHP-0322,76.40766774987497,73.43477938335477,Sector_B,2024-05-31,Error: Pressure Drop,0.596849628572644,0
SHP-0323,47.89733129621121,526.4629590698737,Sector_B,2024-03-01,None,0.23075785034954888,1
SHP-0324,50.548518682906234,144.05749854871343,Sector_B,2024-12-02,Warning: High Temp,0.6773292071677153,1
SHP-0325,75.73855849519347,1054.4130931377479,Sector_A,2024-09-16,None,0.17019679084141692,1
SHP-0326,50.87561307206402,600.7335270546419,Sector_D,2024-03-29,None,0.12201841879070374,0
SHP-0327,51.00885380726159,1161.083553787177,Sector_D,2024-05-03,None,0.3956114847853779,0
SHP-0328,38.95483022899117,1591.0311873778764,Sector_C,2024-10-10,None,0.4819749363140192,0
SHP-0329,63.832102373743524,1655.5185285631321,Sector_C,2024-07-12,None,0.8435152997807657,0
SHP-0330,43.75405722761234,887.0782144864837,Sector_B,2024-11-10,Warning: High Temp,0.7192917908782955,1
SHP-0331,67.85097244032941,277.550005987879,Sector_B,2024-03-06,Warning: High Temp,0.8202311445778493,1
SHP-0332,45.12327812909674,299.80543882113403,Sector_B,2024-07-27,None,0.6014203151323911,1
SHP-0333,59.853441730759265,952.1365862518219,Sector_D,2024-01-17,None,0.35096706467232963,1
SHP-0334,44.93327304412903,878.0428382429074,Sector_A,2024-04-08,None,0.9575610192649868,1
SHP-0335,39.54397616172245,776.9491553778612,Sector_D,2024-11-04,Warning: High Temp,0.48646762947277133,1
SHP-0336,60.647551513371326,1017.4233924966087,Sector_C,2024-05-16,None,0.8451363326613182,0
SHP-0337,50.51607764418784,213.98286052034044,Sector_B,2024-10-16,None,0.876561207840705,1
SHP-0338,35.92458339312296,3134.9009716401074,Sector_A,2024-01-29,Error: Pressure Drop,0.7971616693880326,1
SHP-0339,54.51284381184361,968.9577918197622,Sector_B,2024-08-30,Error: Pressure Drop,0.6802825490336531,0
SHP-0340,36.929960704275565,590.5935805839703,Sector_D,2024-04-20,None,0.8277910426570457,0
SHP-0341,51.6446841232329,823.9610838190075,Sector_C,2024-12-01,None,0.3971583120266916,1
SHP-0342,53.543428763046684,744.3004834198267,Sector_B,2024-01-27,None,0.5247460761984084,0
SHP-0343,47.66556061917535,2322.6970992882552,Sector_C,2024-09-26,Error: Pressure Drop,0.2710372183648433,0
SHP-0344,62.129487864285736,1052.9372910235722,Sector_A,2024-07-10,None,0.3933342522163251,0
SHP-0345,56.87346329588942,1288.2547239096582,Sector_D,2024-01-24,None,0.3813072851393796,0
SHP-0346,40.36924825087287,1273.26675798542,Sector_C,2024-12-15,None,0.6588903757437742,0
SHP-0347,49.035648706085986,666.2318314779254,Sector_D,2024-10-25,Warning: High Temp,0.6365544433637202,1
SHP-0348,55.118592910918125,1230.0865882730914,Sector_C,2024-04-07,None,0.4664222770729227,1
SHP-0349,46.179832569917146,1022.9566605424886,Sector_A,2024-09-12,None,0.3045918949304691,0
SHP-0350,49.169762409467175,214.7626861757276,Sector_C,2024-02-13,None,0.9660431738449952,1
SHP-0351,51.42288223172806,847.0727234255812,Sector_A,2024-03-07,None,0.675371248319941,1
SHP-0352,54.400005645390436,33.17843161197231,Sector_B,2024-12-19,Warning: High Temp,0.5234068427326175,1
SHP-0353,67.85341830928505,326.2851038736975,Sector_B,2024-01-12,None,0.3794455864026659,1
SHP-0354,22.272060705213313,461.32684113787906,Sector_B,2024-08-17,None,0.4640749844256913,1
SHP-0355,53.640788386954554,28.28103048516366,Sector_A,2024-12-29,None,0.6006162615463432,0
SHP-0356,48.1018620888059,4561.752948154338,Sector_A,2024-07-12,None,0.8163038548771498,1
SHP-0357,48.091312882564104,608.3644984861292,Sector_B,2024-04-27,None,0.13990959556800908,0
SHP-0358,50.43556554198249,1868.368741214298,Sector_A,2024-02-21,Error: Pressure Drop,0.35315722005791694,1
SHP-0359,60.819992670960254,902.5065579145135,Sector_B,2024-03-18,None,0.3714339002245908,0
SHP-0360,41.81231729736087,850.9394353650949,Sector_A,2024-01-16,None,0.892397189864019,1
SHP-0361,72.29294484437138,39.58105148884334,Sector_D,2024-12-13,Warning: High Temp,0.32938383878018884,0
SHP-0362,44.60816920438647,394.19931880554594,Sector_D,2024-12-10,None,0.9396237213241997,0
SHP-0363,43.73844662482565,570.0359789769196,Sector_A,2024-07-08,None,0.08196525973282187,1
SHP-0364,53.01670314037598,1307.5508003868563,Sector_C,2024-11-02,None,0.051518388712594176,1
SHP-0365,52.232434595654965,231.93935006221827,Sector_C,2024-01-30,None,0.8699330637335898,1
SHP-0366,61.86914319621643,1419.1979748552592,Sector_A,2024-06-04,None,0.23944069774269638,0
SHP-0367,58.26599094731114,1166.6470695149071,Sector_B,2024-02-12,None,0.047086885481486096,1
SHP-0368,47.08032916657947,136.03020183918377,Sector_C,2024-04-15,Error: Pressure Drop,0.9241856832507784,1
SHP-0369,47.150381147313844,769.6193073974612,Sector_C,2024-08-09,None,0.6498193011001084,0
SHP-0370,38.7595102307218,622.9128552176495,Sector_D,2024-07-18,None,0.6955783841393821,0
SHP-0371,72.79927779415148,537.6220782427093,Sector_D,2024-03-26,None,0.0836283838960733,1
SHP-0372,64.25111163818548,601.9041904644823,Sector_C,2024-02-20,Error: Pressure Drop,0.015782890263570604,0
SHP-0373,44.02492623389811,308.223644567887,Sector_B,2024-06-16,None,0.29642820885412324,0
SHP-0374,40.22259821171282,1288.3851048223066,Sector_C,2024-08-10,None,0.39664615548475757,0
SHP-0375,46.729260661566485,2555.948961711663,Sector_B,2024-10-29,Warning: High Temp,0.29995777043999516,0
SHP-0376,50.735998758043515,1385.3747108505206,Sector_A,2024-01-14,None,0.5196298275486222,0
SHP-0377,55.67945193481763,655.6501043924281,Sector_A,2024-07-16,None,0.14301261146406363,0
SHP-0378,46.596182662607525,172.90817583900275,Sector_B,2024-10-28,None,0.8471062830265075,0
SHP-0379,53.048596475733845,1113.7216315506485,Sector_C,2024-06-13,Warning: High Temp,0.7067500812747517,0
SHP-0380,57.829574157814996,472.06824363426745,Sector_B,2024-08-20,Error: Pressure Drop,0.8499487117846893,1
SHP-0381,29.659644373046767,541.8434071191932,Sector_D,2024-02-13,Warning: High Temp,0.777860586088755,0
SHP-0382,74.76549130620376,552.9703442976855,Sector_A,2024-03-09,None,0.8712686454670798,1
SHP-0383,49.90323162341782,1622.8290825573783,Sector_D,2024-11-27,None,0.6626184556383589,0
SHP-0384,64.69283823492383,1020.9652618752472,Sector_C,2024-05-22,None,0.037325233759513576,1
SHP-0385,73.99163312912053,323.8496069657985,Sector_D,2024-07-21,Warning: High Temp,0.6360902970060412,1
SHP-0386,42.97697460201029,954.9744658061269,Sector_A,2024-09-03,Error: Pressure Drop,0.9432902463119498,0
SHP-0387,60.41709831308074,2359.0664628270097,Sector_D,2024-02-02,Error: Pressure Drop,0.8699360735833778,0
SHP-0388,51.59047245862146,384.59585620164546,Sector_A,2024-10-03,None,0.30267755547424613,0
SHP-0389,51.646232150061124,234.90558380888072,Sector_D,2024-03-29,Error: Pressure Drop,0.99064130597522,0
SHP-0390,45.33745641191715,689.7202742681135,Sector_A,2024-04-24,Warning: High Temp,0.8492408161194981,0
SHP-0391,57.820667839850245,1590.5869039273614,Sector_A,2024-11-02,Error: Pressure Drop,0.2608016085929754,1
SHP-0392,45.10557495449312,18.98015729208878,Sector_B,2024-04-05,None,0.907923649099984,1
SHP-0393,58.1541532615775,651.9542416277966,Sector_C,2024-03-01,None,0.21163080783409072,1
SHP-0394,40.907278154920185,234.86320085965153,Sector_C,2024-01-22,None,0.17705596543754387,0
SHP-0395,46.96465283391732,741.7179186455961,Sector_D,2024-04-03,Warning: High Temp,0.37520753503628623,0
SHP-0396,46.67323140426559,2517.525807105004,Sector_A,2024-03-07,None,0.12162610335368751,0
SHP-0397,33.338968299641785,653.2005389880735,Sector_C,2024-10-17,Error: Pressure Drop,0.9578144123566666,1
SHP-0398,59.63895984606299,872.1431377978392,Sector_D,2024-10-08,None,0.9486764573101546,1
SHP-0399,53.31468557957418,681.6920041588489,Sector_C,2024-05-15,None,0.3217446496244807,0
SHP-0400,48.79528122368142,1602.9395387717893,Sector_A,2024-03-25,None,0.5574008741091231,0
SHP-0401,51.74016340123377,204.69724368574853,Sector_A,2024-05-28,None,0.9607265569323261,0
SHP-0402,63.725999322250445,1665.7936067041187,Sector_C,2024-08-30,None,0.2985865005409275,1
SHP-0403,56.531968952425835,228.87004846363993,Sector_D,2024-10-31,None,0.015842180734896516,0
SHP-0404,43.352317048983316,974.765066409919,Sector_D,2024-10-19,None,0.2811117066655048,1
SHP-0405,63.217051945128226,98.60478649806902,Sector_C,2024-06-05,None,0.32699030551029773,1
SHP-0406,56.057324686017544,1754.4091533585968,Sector_B,2024-09-15,Warning: High Temp,0.4576867923301987,1
SHP-0407,44.187994718929616,515.0636153872626,Sector_D,2024-07-20,None,0.4783898248164774,0
SHP-0408,53.58614322703169,1911.8836345392447,Sector_C,2024-02-29,Warning: High Temp,0.09337207942037118,0
SHP-0409,57.7742128963648,386.9331000350026,Sector_D,2024-08-28,None,0.2465824764302751,1
SHP-0410,41.491530764294666,1311.725307309439,Sector_A,2024-04-30,Error: Pressure Drop,0.019869059025400038,0
SHP-0411,62.02337191818822,94.98944222494228,Sector_A,2024-07-23,None,0.6925323479863202,0
SHP-0412,37.87693332704879,4007.34354140339,Sector_B,2024-01-21,None,0.8233261791031747,1
SHP-0413,36.41009192215026,1288.1439321320966,Sector_C,2024-03-26,None,0.9031588622114813,1
SHP-0414,42.85909899322337,2270.3674230793868,Sector_A,2024-11-26,None,0.8623812289795093,0
SHP-0415,47.265822995147715,223.0299035326904,Sector_C,2024-03-10,None,0.528791746446991,1
SHP-0416,67.16272039807284,128.2330417917554,Sector_A,2024-08-01,Error: Pressure Drop,0.404909293409045,1
SHP-0417,37.020132317183204,2981.343282340454,Sector_D,2024-07-08,None,0.47953673387646467,0
SHP-0418,54.286864139396165,724.1403675634178,Sector_A,2024-10-12,None,0.4193378077052863,1
SHP-0419,43.01025689503967,1662.6737562772055,Sector_D,2024-02-05,None,0.2701624758662724,0
SHP-0420,32.883596525591884,1980.0180727512115,Sector_C,2024-06-19,None,0.2618402400284394,1
SHP-0421,50.22836456039138,124.94044844858486,Sector_C,2024-12-24,None,0.9166064698296487,1
SHP-0422,35.906832306517586,782.5620062556872,Sector_D,2024-02-17,None,0.6734693782240498,1
SHP-0423,53.84241330070423,6931.272722384408,Sector_B,2024-03-05,Warning: High Temp,0.6269369302431719,1
SHP-0424,54.32671656446384,15.014656181898433,Sector_B,2024-10-04,Warning: High Temp,0.5547360909327747,0
SHP-0425,43.9784502175542,509.1549992415573,Sector_D,2024-07-01,Error: Pressure Drop,0.31934897569055165,1
SHP-0426,69.00145027037557,29.637908637953387,Sector_B,2024-11-21,None,0.473450620389009,0
SHP-0427,42.80659420243874,1634.9735181039925,Sector_B,2024-11-05,Warning: High Temp,0.9716020138776514,1
SHP-0428,54.884209858778675,238.22539603733463,Sector_C,2024-06-20,Error: Pressure Drop,0.7875902033423966,0
SHP-0429,48.59213556605274,1323.8529489444168,Sector_B,2024-05-10,Error: Pressure Drop,0.08273603292232878,1
SHP-0430,44.36913403207904,1407.950606982495,Sector_D,2024-05-03,Warning: High Temp,0.05336965053839682,1
SHP-0431,40.326132277517516,78.11966775208674,Sector_D,2024-10-28,Warning: High Temp,0.07970862670422851,0
SHP-0432,58.83025295918172,997.2263359318915,Sector_B,2024-05-13,None,0.8218263186075659,1
SHP-0433,43.669386723547845,60.84693628251674,Sector_C,2024-07-25,Error: Pressure Drop,0.01769220741832145,0
SHP-0434,58.39445763313229,47.66342846423824,Sector_D,2024-05-08,None,0.09784127947069121,0
SHP-0435,56.1570593382901,60.8265098335427,Sector_C,2024-11-19,None,0.5398710676244713,0
SHP-0436,48.790968546418476,69.1609083337849,Sector_C,2024-05-29,None,0.23713339438074732,0
SHP-0437,43.1699355568207,286.7150305298992,Sector_A,2024-07-05,Warning: High Temp,0.7880788555477687,0
SHP-0438,55.708067014036686,1402.9354141828767,Sector_B,2024-12-25,Error: Pressure Drop,0.7867887622564869,1
SHP-0439,46.40882940600656,307.4921765156008,Sector_C,2024-07-11,Warning: High Temp,0.4221408553814794,1
SHP-0440,49.76429631094318,1018.9772834074262,Sector_D,2024-08-04,None,0.3178004644529884,1
SHP-0441,47.907579612185785,715.7408202713348,Sector_A,2024-07-19,None,0.6296637487261265,1
SHP-0442,43.161631356669496,1414.5967970320776,Sector_B,2024-10-30,None,0.5462744135784817,1
SHP-0443,39.688019067663966,504.5829503559954,Sector_B,2024-05-25,None,0.1972558241082928,1
SHP-0444,41.99498444254058,2165.4347434465085,Sector_A,2024-02-01,None,0.6782665830325176,1
SHP-0445,47.93191549826198,29.2207956456084,Sector_B,2024-04-20,None,0.4792985468227783,0
SHP-0446,60.33056998931672,330.0880419256365,Sector_C,2024-05-11,None,0.23556587924278516,1
SHP-0447,54.64343390534687,380.67165974273047,Sector_A,2024-09-01,Error: Pressure Drop,0.20165113808820123,0
SHP-0448,58.24475278192318,322.98550059353255,Sector_D,2024-01-07,Warning: High Temp,0.9943486512486852,1
SHP-0449,69.26410993285232,467.4779297671741,Sector_B,2024-10-01,Warning: High Temp,0.6890238776389439,0
SHP-0450,31.367388471874907,224.176436130155,Sector_C,2024-11-12,None,0.41632484090241006,1
SHP-0451,57.039587871492984,2595.99351740993,Sector_D,2024-06-17,None,0.5920823007721296,1
SHP-0452,54.34201230074094,363.66910726213223,Sector_D,2024-06-22,Warning: High Temp,0.7558908273868875,0
SHP-0453,54.745063457061995,2212.6990753753876,Sector_D,2024-12-08,Error: Pressure Drop,0.5644710489668835,0
SHP-0454,59.221143230243705,77.85082561022611,Sector_D,2024-01-29,Warning: High Temp,0.10681294120317752,0
SHP-0455,45.097847220023475,632.0743389389751,Sector_B,2024-02-26,None,0.1396133955444191,1
SHP-0456,53.51205935176235,373.63443623311343,Sector_D,2024-12-16,Error: Pressure Drop,0.22496661327073197,0
SHP-0457,71.33244731790016,1412.4868875916643,Sector_A,2024-09-21,Warning: High Temp,0.44398721360655546,0
SHP-0458,55.689235334621074,43.611199488629545,Sector_A,2024-09-08,None,0.6645806632498823,1
SHP-0459,55.249255692961384,1519.8967698739107,Sector_D,2024-03-08,None,0.4806612580780605,0
SHP-0460,45.992793047960426,2940.253432946816,Sector_B,2024-08-08,None,0.47899146112008184,1
SHP-0461,65.3685145409414,2044.8977958379305,Sector_D,2024-09-21,None,0.060853784927706545,1
SHP-0462,47.93147006795044,2371.851572193264,Sector_B,2024-07-07,None,0.14682426373378155,1
SHP-0463,55.12059391354711,2883.4147366880156,Sector_B,2024-12-08,Warning: High Temp,0.3110372531851757,1
SHP-0464,53.69960208222037,158.0420261323577,Sector_A,2024-11-01,None,0.8512493719703468,0
SHP-0465,47.140905138527714,1106.5518353316118,Sector_C,2024-11-21,None,0.9816324825316809,0
SHP-0466,41.30167054525776,209.10698388534124,Sector_B,2024-04-04,None,0.9235686112850928,1
SHP-0467,50.45890643782166,370.2887294898005,Sector_B,2024-06-05,None,0.1857916376049319,0
SHP-0468,51.5982981299981,220.27763827242808,Sector_C,2024-10-23,None,0.5918230404280145,0
SHP-0469,30.670528429895793,615.9005445811748,Sector_D,2024-01-16,None,0.3711187281535572,1
SHP-0470,60.54569306362715,1793.2663701936135,Sector_A,2024-05-28,None,0.5281750861459414,0
SHP-0471,48.26052011253313,3255.139149078947,Sector_D,2024-12-21,Error: Pressure Drop,0.5710607360217608,0
SHP-0472,70.18910031442577,434.53301259954094,Sector_C,2024-01-07,Error: Pressure Drop,0.08210633762609187,1
SHP-0473,74.68185961960977,27.848733654763556,Sector_C,2024-02-23,None,0.27892793732094234,0
SHP-0474,54.006996502022105,296.022779305796,Sector_C,2024-10-11,None,0.5492240895032323,1
SHP-0475,34.37023039782714,557.1985371974288,Sector_C,2024-10-08,Error: Pressure Drop,0.9268794598191425,0
SHP-0476,56.092574950344144,298.7881877848937,Sector_C,2024-01-06,Error: Pressure Drop,0.03956856819749288,1
SHP-0477,39.08256337999299,2142.985150033252,Sector_C,2024-05-25,None,0.5403354292741094,1
SHP-0478,38.031064377232155,424.69211343602876,Sector_B,2024-08-28,None,0.7361612981975965,1
SHP-0479,40.67542236805863,656.3447095207576,Sector_D,2024-08-08,Warning: High Temp,0.40090003714524836,1
SHP-0480,70.52530628073556,1607.8093174487483,Sector_B,2024-09-24,None,0.00878225111573383,0
SHP-0481,44.755680424643764,603.2181376144697,Sector_C,2024-08-30,None,0.2767014666555302,0
SHP-0482,47.48156870468174,950.3922260357931,Sector_A,2024-12-27,None,0.04784861085425074,1
SHP-0483,56.691655171520715,2143.735715263277,Sector_B,2024-04-27,None,0.05010237437845144,0
SHP-0484,40.48744654432268,1395.2507305431188,Sector_B,2024-06-16,None,0.4595894361300954,1
SHP-0485,50.02789380354731,1689.866798541959,Sector_B,2024-06-06,None,0.5134384464284272,0
SHP-0486,65.31720497856774,41.79673683199948,Sector_D,2024-02-11,Error: Pressure Drop,0.19022792167039249,0
SHP-0487,46.50375886858461,586.6266005634704,Sector_A,2024-08-02,None,0.09943044392165423,0
SHP-0488,45.81947004641029,359.51291032823707,Sector_A,2024-02-24,None,0.09318992314726715,0
SHP-0489,59.831835981112135,42.39752160605216,Sector_D,2024-05-22,Error: Pressure Drop,0.3892809504204925,0
SHP-0490,50.928016739072056,147.86507461477055,Sector_A,2024-04-21,Warning: High Temp,0.5392627346055027,1
SHP-0491,51.52902650705477,315.4446326319801,Sector_C,2024-04-06,None,0.8326931493657287,1
SHP-0492,58.13764529587296,357.42614818174354,Sector_C,2024-11-15,Error: Pressure Drop,0.9989107426227637,1
SHP-0493,50.14458821666536,647.1468801138054,Sector_A,2024-08-12,None,0.34200672488927064,0
SHP-0494,42.85188277201015,3385.213074077049,Sector_B,2024-06-03,Error: Pressure Drop,0.07200199215469838,0
SHP-0495,43.017522269902486,672.5181857970624,Sector_B,2024-08-24,None,0.5960769023169237,0
SHP-0496,27.903861003559914,1506.1890996111952,Sector_B,2024-01-04,None,0.8214119351058258,0
SHP-0497,64.00623528092169,339.49921284552306,Sector_A,2024-12-18,None,0.5195374936037254,0
SHP-0498,36.500829140996736,468.75973519130235,Sector_C,2024-01-28,None,0.9202978727842228,1
SHP-0499,61.00112973820166,2303.414074285015,Sector_C,2024-12-01,None,0.051246907789918916,0
SHP-0500,50.24853635680027,1663.2007895195572,Sector_B,2024-02-16,None,0.8041271844071796,1
SHP-0501,50.195242126022876,166.65813070618253,Sector_B,2024-07-30,Error: Pressure Drop,0.020015500580004786,0
SHP-0502,70.43741261429678,241.3671908541121,Sector_C,2024-09-30,Warning: High Temp,0.622851631721253,1
SHP-0503,52.04824260947969,971.6385861960896,Sector_C,2024-01-20,Error: Pressure Drop,0.2789448304161929,0
SHP-0504,47.94329003822329,24.70656123846353,Sector_C,2024-01-31,None,0.46105345950567256,1
SHP-0505,59.49695376444492,1125.0226225482584,Sector_B,2024-09-27,None,0.9213769975283624,0
SHP-0506,39.68779280647479,174.6367036290935,Sector_A,2024-06-18,Error: Pressure Drop,0.4099385359860702,0
SHP-0507,50.18720934168935,157.28787039208646,Sector_C,2024-04-02,None,0.19887747617697216,1
SHP-0508,50.17904211969628,99.16503195640723,Sector_A,2024-08-18,None,0.24759075036729228,0
SHP-0509,57.513972906120415,57.55771394929992,Sector_A,2024-04-29,None,0.6537509697811444,0
SHP-0510,58.13532681940838,154.12181012790242,Sector_A,2024-08-21,Error: Pressure Drop,0.7299328840851452,1
SHP-0511,46.78580355503656,1868.6235641710566,Sector_C,2024-12-19,None,0.25848507792635844,1
SHP-0512,44.79721396481105,814.0020255615069,Sector_D,2024-09-11,None,0.586797969700641,0
SHP-0513,56.13855714031679,1706.2433347830463,Sector_D,2024-02-27,Warning: High Temp,0.24548182655194206,0
SHP-0514,50.513865912627445,1260.0930287456163,Sector_A,2024-12-22,None,0.6808318520949711,1
SHP-0515,58.136864815336956,530.7468806347832,Sector_B,2024-06-22,None,0.5815365996766885,0
SHP-0516,69.01599604268347,1627.0771888372244,Sector_C,2024-12-20,None,0.1614535213164766,1
SHP-0517,20.943547487475968,1096.1446569051834,Sector_D,2024-05-13,Warning: High Temp,0.718898383610156,1
SHP-0518,51.10100330854957,2418.680932328692,Sector_D,2024-08-17,Error: Pressure Drop,0.05100329070302856,1
SHP-0519,43.66820460218245,366.2592385717673,Sector_C,2024-12-17,Error: Pressure Drop,0.9090518466657392,0
SHP-0520,51.81048712830737,1154.6313537343722,Sector_C,2024-08-17,Warning: High Temp,0.34324842430050373,1
SHP-0521,42.95316741600483,378.08980536682685,Sector_B,2024-11-15,Warning: High Temp,0.1936370541216922,1
SHP-0522,46.47679130001305,604.8660258975958,Sector_D,2024-12-13,Error: Pressure Drop,0.3332323346171595,0
SHP-0523,53.012992461237495,2561.562420632707,Sector_A,2024-10-10,None,0.12595787661770286,1
SHP-0524,40.59490574382744,922.7832396903746,Sector_D,2024-03-15,Error: Pressure Drop,0.9074169835254124,1
SHP-0525,61.30669321570147,207.24242713249987,Sector_B,2024-10-19,None,0.722432747518572,0
SHP-0526,53.59968446583431,263.9088767655134,Sector_A,2024-08-20,None,0.3374947692331567,1
SHP-0527,42.59686556291617,395.6340064307301,Sector_D,2024-05-30,None,0.8309246888737977,0
SHP-0528,57.290614334821946,160.9117921257427,Sector_D,2024-09-27,Warning: High Temp,0.035358642773353544,0
SHP-0529,51.59295428143126,261.4061515185083,Sector_D,2024-02-22,None,0.023192759123369155,1
SHP-0530,62.97297579601008,1083.4769057977796,Sector_D,2024-05-15,Error: Pressure Drop,0.9072319586189065,0
SHP-0531,41.77463479925519,40.241865776883586,Sector_A,2024-03-13,None,0.874899810151186,0
SHP-0532,43.673097093122244,2.3836917938781705,Sector_D,2024-03-18,None,0.3671954666282512,0
SHP-0533,53.506003696788135,2630.050639524878,Sector_B,2024-09-27,None,0.8167959429990823,0
SHP-0534,62.34780174721709,3018.9541553603117,Sector_C,2024-04-07,Error: Pressure Drop,0.09049224916443133,0
SHP-0535,53.5779361665814,198.40649858509823,Sector_C,2024-11-03,Warning: High Temp,0.1417177679892384,1
SHP-0536,31.595499718543106,1039.6901810059112,Sector_C,2024-03-17,None,0.3076658948813258,1
SHP-0537,60.06619782663943,1101.0890258057868,Sector_B,2024-10-14,None,0.8331484934944187,0
SHP-0538,42.547701246626865,3638.171753857878,Sector_B,2024-02-02,None,0.7238198663389008,1
SHP-0539,44.48059405637747,2354.961942253851,Sector_C,2024-10-07,None,0.7927956763354562,0
SHP-0540,54.04313729781982,1332.518568043023,Sector_A,2024-02-16,Error: Pressure Drop,0.31202471930330944,0
SHP-0541,37.99274920411764,488.4014307256428,Sector_D,2024-06-07,Warning: High Temp,0.10554267700581033,0
SHP-0542,32.404809208088224,1377.4428364297023,Sector_C,2024-11-15,None,0.7405592175551098,0
SHP-0543,62.3357323479675,393.8498712355843,Sector_B,2024-11-27,Error: Pressure Drop,0.07771958041322291,1
SHP-0544,44.893992936360576,829.5268713376324,Sector_B,2024-12-26,None,0.5576668424800025,1
SHP-0545,48.183110794830604,1474.927146287092,Sector_D,2024-03-11,None,0.7010386610060665,0
SHP-0546,47.5003390121197,587.9696446466804,Sector_D,2024-05-08,None,0.3942186957359771,1
SHP-0547,52.607170457383894,249.68104248777414,Sector_A,2024-05-10,Warning: High Temp,0.5987461211984109,1
SHP-0548,42.00778276253504,76.06503133876402,Sector_B,2024-12-13,Error: Pressure Drop,0.71339078255302,0
SHP-0549,58.98298122984495,26.474895780187662,Sector_C,2024-06-07,Error: Pressure Drop,0.03639751693040738,1
SHP-0550,31.007823252209008,173.1696047010526,Sector_C,2024-02-16,Error: Pressure Drop,0.6765427870524748,0
SHP-0551,56.72490516878958,674.1208032811231,Sector_A,2024-03-23,None,0.3747629323838667,1
SHP-0552,50.60423682307859,314.12020514811434,Sector_D,2024-04-03,Warning: High Temp,0.9522144764827313,1
SHP-0553,46.63898908815755,496.62806822357294,Sector_B,2024-04-05,None,0.1883029797483562,1
SHP-0554,55.62290494834577,304.814123240428,Sector_D,2024-03-11,None,0.41769292375176126,1
SHP-0555,55.17852161251374,1828.5144015968663,Sector_B,2024-04-26,Error: Pressure Drop,0.9312881970325777,0
SHP-0556,14.697302331771382,765.2174863757606,Sector_B,2024-05-10,Warning: High Temp,0.692176331946518,0
SHP-0557,36.844483141194004,648.05470780308,Sector_A,2024-08-14,None,0.841468822339296,1
SHP-0558,44.62300321924401,482.87523887981496,Sector_C,2024-10-05,Warning: High Temp,0.9556353776974266,0
SHP-0559,50.460621461715306,542.6649602680862,Sector_D,2024-08-02,None,0.1482180977265628,0
SHP-0560,47.277523180192496,1508.571564111738,Sector_B,2024-01-18,Warning: High Temp,0.024847485153340676,1
SHP-0561,58.917971655650135,2031.9963853256265,Sector_C,2024-07-06,Warning: High Temp,0.8927512153249154,0
SHP-0562,64.04445853192875,1699.500277659458,Sector_B,2024-04-05,None,0.8914616641663239,0
SHP-0563,61.50407237185079,1114.9240173656158,Sector_A,2024-05-05,None,0.013629047883884526,1
SHP-0564,35.445913365206124,1509.6511248642842,Sector_A,2024-06-27,None,0.9619931859338702,0
SHP-0565,53.37406305042254,694.8095594613453,Sector_D,2024-10-15,None,0.6527630123462008,1
SHP-0566,46.05007807573311,313.56304717032486,Sector_C,2024-11-09,None,0.14408107745475118,0
SHP-0567,56.44537371231996,344.7200642516297,Sector_B,2024-04-13,None,0.49692454765239746,0
SHP-0568,41.72978333910676,4728.750314891935,Sector_A,2024-03-12,None,0.6688388741148118,0
SHP-0569,35.55925622916083,779.7608957398193,Sector_D,2024-05-26,Error: Pressure Drop,0.5698820156589522,0
SHP-0570,45.44879487495984,2165.8538904517236,Sector_B,2024-01-11,None,0.12889852884457242,1
SHP-0571,82.89956349268911,1489.5321954019525,Sector_D,2024-01-22,None,0.09769011684523243,1
SHP-0572,66.14505155380058,1091.048661694615,Sector_B,2024-05-04,None,0.8590544902654371,0
SHP-0573,56.01596578203703,39.56855006817587,Sector_D,2024-06-01,Warning: High Temp,0.894194569920079,0
SHP-0574,48.80245940761931,413.7391046063394,Sector_C,2024-07-18,None,0.736894233526137,0
SHP-0575,42.33147506525621,225.0275249646144,Sector_A,2024-05-31,None,0.3057184776049624,0
SHP-0576,33.36194084272519,99.30837065740323,Sector_B,2024-06-21,None,0.05219924557825362,1
SHP-0577,39.91785867644262,239.3303372037761,Sector_A,2024-09-15,None,0.6353923996021685,1
SHP-0578,47.48585097603165,60.594975747140545,Sector_D,2024-11-30,None,0.162664404547753,1
SHP-0579,63.32756501308722,188.25073810382423,Sector_B,2024-11-21,Warning: High Temp,0.6792549170194289,0
SHP-0580,52.115482614772425,108.54683975111095,Sector_A,2024-03-06,None,0.35837666635080667,0
SHP-0581,44.34225502173412,1091.5350880204032,Sector_B,2024-02-28,None,0.9192722533541244,0
SHP-0582,47.487681104583515,234.04887190163947,Sector_C,2024-11-02,None,0.09066831778971729,0
SHP-0583,60.51410226991642,569.5282843414914,Sector_C,2024-10-11,None,0.8253186062287601,0
SHP-0584,51.66006331772588,1302.3198772434005,Sector_D,2024-10-10,Warning: High Temp,0.4949562531097146,0
SHP-0585,49.18254884351585,1222.5154793298632,Sector_D,2024-04-15,None,0.6068583053560092,1
SHP-0586,59.026748031293046,1087.3138418625072,Sector_D,2024-07-16,None,0.5188680354528593,0
SHP-0587,56.83280848497091,76.92260085098576,Sector_A,2024-12-20,None,0.08190684940128845,1
SHP-0588,45.437437473323136,4318.441651763635,Sector_C,2024-07-18,Error: Pressure Drop,0.8340814655800763,1
SHP-0589,51.91984269494833,942.5068867610391,Sector_C,2024-05-05,None,0.007760044846183423,1
SHP-0590,50.743121817678066,1384.340398965695,Sector_D,2024-11-22,None,0.4089947399544527,1
SHP-0591,49.33359753168368,711.349124834227,Sector_C,2024-09-21,None,0.47987506083221354,0
SHP-0592,37.32840205802011,1333.7708706440255,Sector_B,2024-01-28,Warning: High Temp,0.47681191389772226,1
SHP-0593,62.2868341813353,1123.951358852042,Sector_A,2024-11-25,None,0.025651139392312228,0
SHP-0594,57.264805501420916,705.3639495217752,Sector_B,2024-06-21,None,0.9521847713843186,1
SHP-0595,49.45943021792299,156.1048818068474,Sector_A,2024-07-18,Error: Pressure Drop,0.336491158259174,1
SHP-0596,31.91408703638698,715.4425705145338,Sector_C,2024-05-18,None,0.711579425687961,0
SHP-0597,62.42541953879363,67.94590064624502,Sector_A,2024-04-06,None,0.7316228249508103,1
SHP-0598,35.816344717602234,570.6787630086313,Sector_C,2024-05-17,None,0.88801044694039,1
SHP-0599,45.984468028955796,145.3354583169693,Sector_C,2024-07-25,None,0.29588346761683637,0
SHP-0600,47.38696806763688,73.86684799438754,Sector_C,2024-12-15,None,0.8547787864277353,1
SHP-0601,48.964282953136056,275.63285602750295,Sector_C,2024-03-14,Error: Pressure Drop,0.8704451677721422,1
SHP-0602,44.25354647910563,958.0246251179001,Sector_B,2024-09-29,None,0.1810570123210321,1
SHP-0603,50.355904630210645,319.9872273662714,Sector_D,2024-05-26,None,0.19886032243896423,1
SHP-0604,60.36256480342748,1437.3396438245657,Sector_C,2024-08-28,None,0.9951994420882431,1
SHP-0605,47.14731803772919,1005.7982574260662,Sector_B,2024-11-15,None,0.48238261823536943,0
SHP-0606,51.78999927501171,202.32616120346412,Sector_D,2024-03-02,Error: Pressure Drop,0.9741376306713487,0
SHP-0607,52.23126522571124,35.718484784223364,Sector_D,2024-10-30,None,0.4923560666423187,0
SHP-0608,56.207308612019,1782.8028928741683,Sector_D,2024-06-16,None,0.1883202253188303,1
SHP-0609,53.58825651050161,148.84262729862772,Sector_D,2024-06-01,None,0.64944923529437,1
SHP-0610,52.42339591371634,1062.3865326593334,Sector_B,2024-03-04,None,0.5112957902874469,0
SHP-0611,43.14284315726239,395.66755327499214,Sector_C,2024-02-17,None,0.027863739220502448,0
SHP-0612,47.686956368618596,106.11686475863677,Sector_C,2024-04-24,None,0.778318336682213,1
SHP-0613,49.0520052259706,418.66078755986695,Sector_C,2024-12-06,Warning: High Temp,0.9102658474028402,1
SHP-0614,53.986821339712826,289.74243450252106,Sector_A,2024-01-24,Error: Pressure Drop,0.9877021781777199,1
SHP-0615,45.126937839802146,243.70613133334024,Sector_B,2024-09-10,None,0.6691955349374868,1
SHP-0616,36.65892811284514,1781.062102342153,Sector_B,2024-01-12,Warning: High Temp,0.41612369149516726,1
SHP-0617,59.21036083275503,3740.1728348039856,Sector_D,2024-08-16,None,0.5588997103475745,0
SHP-0618,45.08964087598223,29.838607667091633,Sector_B,2024-09-08,None,0.8837421443168716,1
SHP-0619,51.83102915637045,790.9092106306651,Sector_C,2024-10-18,Warning: High Temp,0.07165810159645658,0
SHP-0620,60.05265756859312,1529.9631591461984,Sector_A,2024-09-03,None,0.8372190931304008,1
SHP-0621,65.36602379006814,43.87407191426274,Sector_C,2024-12-10,None,0.5005546915729735,1
SHP-0622,49.82089455708259,878.324916309006,Sector_D,2024-05-08,None,0.7359092254772647,0
SHP-0623,46.57015557139726,177.1234972654089,Sector_A,2024-01-10,None,0.49839365768421084,1
SHP-0624,36.009517270317346,858.7977046794961,Sector_C,2024-09-27,None,0.45188114865456486,0
SHP-0625,45.64199604464298,1266.4460328102916,Sector_B,2024-05-19,Warning: High Temp,0.9530007058885325,1
SHP-0626,68.16369686795841,1567.0604697743497,Sector_B,2024-01-13,None,0.7574577109518865,1
SHP-0627,43.21343614772724,1654.4605526567002,Sector_A,2024-11-23,None,0.6751053746451037,1
SHP-0628,53.551698037861094,123.39984349401306,Sector_B,2024-01-22,Warning: High Temp,0.8743811344443387,1
SHP-0629,56.84201368077019,362.8319452659678,Sector_D,2024-02-09,None,0.21725210706695097,0
SHP-0630,40.66615178302489,3857.9993876826534,Sector_B,2024-03-09,Error: Pressure Drop,0.349172081444432,0
SHP-0631,36.2382237474355,1943.0009705930265,Sector_B,2024-09-19,Warning: High Temp,0.38091798593359505,0
SHP-0632,,1291.9474412600907,Sector_A,2024-03-01,None,0.5874088227684954,1
SHP-0633,54.710390599703324,811.7023387601272,Sector_D,2024-10-30,None,0.9682566343959741,1
SHP-0634,48.12383452284295,317.36804458944346,Sector_B,2024-04-24,Warning: High Temp,0.40801347700805324,1
SHP-0635,46.87196065162192,1487.878486253727,Sector_B,2024-11-13,None,0.7192602596159638,0
SHP-0636,49.01774039123552,92.11979443940157,Sector_A,2024-01-16,None,0.18994125634365733,0
SHP-0637,58.95047963210651,1223.8179894774228,Sector_A,2024-09-28,Warning: High Temp,0.34137094429194936,1
SHP-0638,38.29884337218141,1846.6681891312019,Sector_D,2024-06-01,Error: Pressure Drop,0.8805460355272529,0
SHP-0639,66.48859656424803,807.3126922388075,Sector_B,2024-06-22,Warning: High Temp,0.680287920650825,1
SHP-0640,49.824496547344246,1963.0287124467304,Sector_C,2024-01-21,None,0.7709198785096852,0
SHP-0641,65.10324973683682,135.28089156147686,Sector_B,2024-04-22,Warning: High Temp,0.6846103532528723,0
SHP-0642,41.975656965376906,188.24807086919026,Sector_B,2024-01-19,None,0.5960152621188338,1
SHP-0643,48.04776508658991,113.25372030438089,Sector_C,2024-04-21,None,0.39516697009776336,0
SHP-0644,63.47874362523251,306.71193894729674,Sector_C,2024-06-16,None,0.44287023871347375,0
SHP-0645,45.709420108881176,3432.7287041195073,Sector_C,2024-03-22,Error: Pressure Drop,0.46568236896480797,1
SHP-0646,58.19357685968246,776.6326653291842,Sector_C,2024-10-27,Warning: High Temp,0.7912058889141219,0
SHP-0647,56.25545087836244,413.29052439374834,Sector_B,2024-07-03,Error: Pressure Drop,0.6590729735138521,1
SHP-0648,61.43401540674324,4160.843934002329,Sector_C,2024-12-05,Warning: High Temp,0.033593441950103164,1
SHP-0649,58.81176604517539,899.586138377488,Sector_A,2024-10-29,None,0.8351771133389236,0
SHP-0650,34.85594122594674,198.08312172683475,Sector_C,2024-12-02,Error: Pressure Drop,0.0586261640873218,0
SHP-0651,56.589706000228865,947.1808621585322,Sector_A,2024-10-13,None,0.41187493850454815,0
SHP-0652,60.203499794708044,3603.981231440844,Sector_C,2024-08-29,Error: Pressure Drop,0.28026015295563667,0
SHP-0653,58.10241157397151,1193.4174712848665,Sector_D,2024-12-19,None,0.9999130424403727,0
SHP-0654,44.29299560585802,893.30593801373,Sector_D,2024-03-15,Warning: High Temp,0.8102760329898808,0
SHP-0655,38.05627876259702,2030.2019439187898,Sector_D,2024-06-19,None,0.9809456625970743,1
SHP-0656,61.23240935065234,36.73352627120404,Sector_D,2024-06-04,None,0.9534424182524867,0
SHP-0657,29.650337763781348,2136.1288146152256,Sector_B,2024-03-22,None,0.2537311066797835,0
SHP-0658,58.60548362776171,95.82381172378471,Sector_B,2024-11-20,None,0.22721402194209228,1
SHP-0659,68.88158963145521,17.388006602999322,Sector_C,2024-06-16,None,0.4971595648214395,1
SHP-0660,43.274811152499346,86.04886051730881,Sector_B,2024-10-23,None,0.13209813062917797,0
SHP-0661,40.9485432049722,1071.0265398727363,Sector_B,2024-11-16,Warning: High Temp,0.6481737770872075,0
SHP-0662,42.70669943559448,793.0148391138041,Sector_A,2024-01-31,Error: Pressure Drop,0.46776353211054134,0
SHP-0663,64.09928779676136,1364.7595007802786,Sector_A,2024-08-13,None,0.9538420174091162,1
SHP-0664,47.385723619201165,1361.8127525429347,Sector_A,2024-06-21,None,0.6479243235111226,0
SHP-0665,45.299316442731204,404.41936765432763,Sector_B,2024-02-19,Warning: High Temp,0.7983077530067345,0
SHP-0666,54.00491483438014,2741.673392412097,Sector_A,2024-06-03,Error: Pressure Drop,0.12184455106918246,1
SHP-0667,60.207978864013384,1702.6742348145317,Sector_A,2024-09-25,None,0.6103413854009732,0
SHP-0668,58.92423793691667,1300.6211309417986,Sector_C,2024-11-16,None,0.7973954288058969,1
SHP-0669,57.12928923540025,420.24304178607656,Sector_A,2024-03-18,Error: Pressure Drop,0.038566486727384275,1
SHP-0670,63.49455980687134,112.96106826757445,Sector_C,2024-07-11,None,0.134754016556621,0
SHP-0671,52.75062648852489,922.3380993368432,Sector_D,2024-06-16,Error: Pressure Drop,0.782333198863962,1
SHP-0672,60.901450641337064,770.5668531291408,Sector_A,2024-05-25,Error: Pressure Drop,0.06009733045099164,1
SHP-0673,34.50722074836423,13.635833515654024,Sector_A,2024-07-05,None,0.17775356200910375,1
SHP-0674,35.47945046452825,31.27878916017858,Sector_D,2024-08-14,None,0.47300294068473847,1
SHP-0675,53.03214535143121,1454.7047108981708,Sector_B,2024-07-26,Warning: High Temp,0.19327661386134887,0
SHP-0676,46.874826699643116,486.9307680365287,Sector_C,2024-09-19,None,0.6625729085945133,0
SHP-0677,52.632043206111554,226.33373670242503,Sector_C,2024-09-17,None,0.2046248039119538,1
SHP-0678,51.9860002703789,182.19534513689405,Sector_C,2024-06-30,None,0.9668978788033477,0
SHP-0679,30.520223025033406,1134.6601897553394,Sector_C,2024-09-18,Warning: High Temp,0.01105989908163918,1
SHP-0680,65.33687013043412,337.96505795682174,Sector_A,2024-10-11,None,0.3000216643973428,0
SHP-0681,53.172811431797584,392.8979267505245,Sector_D,2024-10-28,None,0.3422991658703125,1
SHP-0682,52.07744157375533,658.5890237612625,Sector_D,2024-12-12,Warning: High Temp,0.4000214411055907,0
SHP-0683,44.828730756681715,582.4933052782934,Sector_C,2024-07-02,None,0.5217173599470469,0
SHP-0684,32.92490249109778,1830.7244326626314,Sector_A,2024-02-02,None,0.49660396189499645,1
SHP-0685,54.572461367900225,824.3014168302169,Sector_A,2024-09-05,Error: Pressure Drop,0.2335017993182278,1
SHP-0686,49.47134951634349,2857.802014516077,Sector_A,2024-01-06,None,0.6535192672900397,0
SHP-0687,71.77971391551336,475.69113459345266,Sector_B,2024-02-05,None,0.3175834938254113,1
SHP-0688,49.963906112345484,1794.1487290618538,Sector_D,2024-03-14,Error: Pressure Drop,0.7985096224312811,0
SHP-0689,55.49403828112731,1105.755366763786,Sector_A,2024-06-23,None,0.39335694717371394,1
SHP-0690,39.75309352892103,4109.327107090907,Sector_D,2024-07-31,None,0.14205745902601385,0
SHP-0691,35.03614166359695,401.1499476157201,Sector_B,2024-08-06,None,0.8898420172399593,0
SHP-0692,43.844587001514284,1330.6571462965476,Sector_B,2024-02-07,None,0.20161563692677076,1
SHP-0693,44.12997115502263,1054.6023931766538,Sector_C,2024-11-10,Error: Pressure Drop,0.21046150979290457,0
SHP-0694,44.42483414646065,1118.3811339858155,Sector_B,2024-11-19,Error: Pressure Drop,0.7239793163313167,0
SHP-0695,54.75668755912888,1146.9658790365472,Sector_A,2024-01-26,None,0.043042087063589474,0
SHP-0696,39.68868073996431,282.2459838201115,Sector_B,2024-01-26,None,0.5399001545438581,0
SHP-0697,43.87201046910917,268.5832042192909,Sector_B,2024-04-16,Error: Pressure Drop,0.46506234223662,0
SHP-0698,60.908473301608254,570.404662040561,Sector_D,2024-02-12,Error: Pressure Drop,0.20749574782302138,0
SHP-0699,37.85301993182957,334.87712084405587,Sector_D,2024-02-09,Error: Pressure Drop,0.6107749818634248,0
SHP-0700,20.933878834779208,176.05996105720163,Sector_D,2024-04-30,None,0.2573642295195162,1
SHP-0701,,2834.3923778133335,Sector_A,2024-08-27,None,0.32980212888362315,1
SHP-0702,48.23318531508451,474.9732010962555,Sector_C,2024-02-21,None,0.023532952036320665,0
SHP-0703,44.09756696497639,155.74812831236636,Sector_A,2024-09-07,None,0.38762153440500824,1
SHP-0704,65.00017720189632,216.1901844659438,Sector_A,2024-09-03,Error: Pressure Drop,0.28801124312525417,0
SHP-0705,73.47036995598133,721.502639426979,Sector_A,2024-10-22,Warning: High Temp,0.7643549485444365,0
SHP-0706,43.04297333810189,331.9909989276656,Sector_B,2024-06-22,None,0.14838365511463036,0
SHP-0707,52.79793040130587,1806.0976740023436,Sector_A,2024-03-31,Error: Pressure Drop,0.7357919257566391,1
SHP-0708,43.93313739305023,499.97901057681344,Sector_D,2024-09-16,Error: Pressure Drop,0.8665254279403342,0
SHP-0709,47.10813506554398,1339.720249792229,Sector_D,2024-02-16,Warning: High Temp,0.3273554694843186,0
SHP-0710,67.89629646272182,378.1410452804905,Sector_A,2024-03-03,None,0.20715513879858627,0
SHP-0711,56.075169933960936,7.197639654961655,Sector_A,2024-02-27,None,0.48337601556671717,1
SHP-0712,30.187825660508132,772.291125546394,Sector_B,2024-03-03,None,0.16025903010366727,0
SHP-0713,37.870076149792006,214.6594486916435,Sector_D,2024-09-22,None,0.448461185949244,1
SHP-0714,62.23584794610126,161.38739331607684,Sector_B,2024-10-24,Warning: High Temp,0.7215762547255725,0
SHP-0715,47.98244832320659,91.94783604710554,Sector_C,2024-04-23,Warning: High Temp,0.5709441935932025,0
SHP-0716,56.28192997230199,1771.542200088265,Sector_B,2024-07-23,None,0.12581776516383825,1
SHP-0717,52.26980374953095,858.8546898828382,Sector_A,2024-09-16,Warning: High Temp,0.9429156113611321,0
SHP-0718,50.22406202782383,1129.869273284801,Sector_C,2024-02-05,Warning: High Temp,0.48335418477950776,1
SHP-0719,51.79949517863179,861.0383442362877,Sector_D,2024-10-21,Warning: High Temp,0.8750192270917404,0
SHP-0720,41.25606302983458,825.3053137215278,Sector_D,2024-07-15,None,0.1777062792792553,0
SHP-0721,56.7985583414889,1398.5870593331383,Sector_C,2024-06-30,None,0.4441543816782224,0
SHP-0722,49.351717029468894,2887.6901857527614,Sector_A,2024-07-28,None,0.9532776355244647,1
SHP-0723,52.559885086983826,294.53986807661244,Sector_D,2024-02-15,None,0.4706633800113862,1
SHP-0724,50.4068684690692,1003.3622138617093,Sector_D,2024-11-08,Warning: High Temp,0.8341644066537848,0
SHP-0725,68.15045823885625,1453.0509129414606,Sector_B,2024-07-09,None,0.8025170818594886,1
SHP-0726,,1260.7300753205443,Sector_C,2024-10-06,Warning: High Temp,0.7561530564238081,0
SHP-0727,44.67018496102544,1375.333703279219,Sector_A,2024-05-13,None,0.7160148757061073,1
SHP-0728,38.51755950580156,1971.356050993807,Sector_A,2024-07-23,Warning: High Temp,0.15960835198298595,0
SHP-0729,41.9378497283613,858.5141754222544,Sector_D,2024-10-19,None,0.9243818784411635,1
SHP-0730,67.4428078135002,291.799650529348,Sector_D,2024-02-16,Error: Pressure Drop,0.9375117780736847,1
SHP-0731,48.874601782176015,260.0722040725234,Sector_B,2024-01-10,None,0.8488925158569689,1
SHP-0732,27.363005627475655,2066.7661429624827,Sector_D,2024-05-05,None,0.08955660724786274,1
SHP-0733,52.58205615606073,3020.9254671485305,Sector_A,2024-03-17,None,0.26758789067026356,1
SHP-0734,53.991621291188935,476.5459079157886,Sector_D,2024-04-17,Warning: High Temp,0.2823865703588586,1
SHP-0735,53.36961160685999,288.4819649710991,Sector_D,2024-06-22,Warning: High Temp,0.03834594647432621,1
SHP-0736,51.174294352509946,106.1728504813438,Sector_C,2024-08-28,None,0.12924901798907495,1
SHP-0737,40.990907346573266,15.136451614953376,Sector_D,2024-06-26,None,0.8722787437859713,1
SHP-0738,42.46221509504166,108.07746762106883,Sector_B,2024-06-21,None,0.05774055235045861,0
SHP-0739,44.72592489953396,7716.924362257818,Sector_D,2024-08-08,None,0.006656169954298741,0
SHP-0740,47.1962014756962,40.36939579314184,Sector_A,2024-11-22,None,0.8523978494138306,1
SHP-0741,59.896895595551996,1995.7412613009117,Sector_B,2024-10-16,Error: Pressure Drop,0.5894494449508025,0
SHP-0742,48.98092821054456,658.7158951528281,Sector_C,2024-07-04,Warning: High Temp,0.6208301707437871,1
SHP-0743,47.12858534776903,1912.905295065752,Sector_C,2024-11-28,Error: Pressure Drop,0.8254284805082897,1
SHP-0744,48.00658444983207,547.0540481804372,Sector_C,2024-04-04,None,0.4500361409929664,1
SHP-0745,40.55574704235553,670.0102915585529,Sector_B,2024-11-05,Warning: High Temp,0.982902990084384,0
SHP-0746,45.957917358562256,1083.4662605087026,Sector_A,2024-03-11,None,0.9691639950083828,0
SHP-0747,50.5582426134542,2350.6906244494817,Sector_C,2024-10-12,Warning: High Temp,0.43544931886634297,1
SHP-0748,43.46884855788961,1490.4137228046911,Sector_B,2024-10-17,None,0.5370822122652141,0
SHP-0749,50.34718319596531,180.88711775422868,Sector_B,2024-11-16,Warning: High Temp,0.26779648668459843,0
SHP-0750,42.19402228535625,1433.1364677639758,Sector_C,2024-04-05,Error: Pressure Drop,0.734779523067013,0
SHP-0751,,2103.9999121025453,Sector_D,2024-05-01,Warning: High Temp,0.1802053775420912,1
SHP-0752,62.80344423699664,283.3349937721331,Sector_D,2024-12-16,Error: Pressure Drop,0.06973711489757739,1
SHP-0753,68.8272189569124,217.7265267904868,Sector_D,2024-05-31,Error: Pressure Drop,0.025381628664580824,0
SHP-0754,57.42543189889066,229.45977608908763,Sector_C,2024-05-07,None,0.9745119729630805,0
SHP-0755,50.23437368072242,787.0896567667431,Sector_B,2024-02-11,None,0.741625947282783,1
SHP-0756,49.34993555851276,80.2269477148962,Sector_B,2024-07-03,Error: Pressure Drop,0.752093926218399,1
SHP-0757,45.62473951613695,5305.691295372434,Sector_A,2024-07-08,None,0.7933136416326159,1
SHP-0758,72.99419652438428,2700.3748174686143,Sector_D,2024-12-20,None,0.4186925720682143,1
SHP-0759,54.71925321597653,3565.949472730279,Sector_A,2024-04-22,None,0.5729051585183488,1
SHP-0760,39.187995448776384,659.0208229587992,Sector_B,2024-11-11,Warning: High Temp,0.6925858934098547,0
SHP-0761,57.258716458868385,204.00545777899762,Sector_C,2024-02-13,None,0.9516492375357642,1
SHP-0762,51.927509514626344,1828.9911815766288,Sector_C,2024-10-18,None,0.6634943191357869,0
SHP-0763,64.20596989778929,2073.25287633043,Sector_A,2024-06-13,None,0.5704637962902178,0
SHP-0764,41.0650973308332,506.46325207547795,Sector_B,2024-05-09,Error: Pressure Drop,0.14241193641803362,1
SHP-0765,72.80106021398043,1307.013232148931,Sector_C,2024-08-02,None,0.8561318183639671,0
SHP-0766,47.58384184234052,1511.9031002297857,Sector_D,2024-05-07,None,0.7984810898627467,1
SHP-0767,54.82048729176093,1016.4120095263461,Sector_D,2024-08-15,None,0.06393515269766481,0
SHP-0768,52.10268059020606,2084.2263696136138,Sector_D,2024-03-23,Error: Pressure Drop,0.6397798215942272,0
SHP-0769,54.513995949499005,221.44735707407565,Sector_D,2024-07-12,None,0.14787934134137393,0
SHP-0770,54.57787903145188,547.5156995781413,Sector_B,2024-08-11,None,0.297209773856443,0
SHP-0771,61.45811580511488,1576.0883718330963,Sector_B,2024-09-10,Warning: High Temp,0.3930032180587184,1
SHP-0772,60.48368768541973,1331.177653841737,Sector_B,2024-03-06,Error: Pressure Drop,0.3146587471330792,0
SHP-0773,42.08381585097167,1960.1501724927557,Sector_A,2024-04-11,Warning: High Temp,0.5185626761620606,0
SHP-0774,69.21545284779313,2067.710801053545,Sector_A,2024-08-01,Warning: High Temp,0.29151969524132515,0
SHP-0775,46.71948851434537,1123.4217542014092,Sector_A,2024-11-11,None,0.9501870258165798,0
SHP-0776,59.01418986459914,2287.7444577196366,Sector_A,2024-07-05,None,0.8600274929689117,1
SHP-0777,53.23092577423302,266.0029941567599,Sector_B,2024-09-03,Error: Pressure Drop,0.002551426705095561,1
SHP-0778,55.338859015304365,76.68873261013788,Sector_C,2024-08-01,None,0.6145178875004513,1
SHP-0779,53.883989156153824,3733.0810608083607,Sector_B,2024-12-26,Error: Pressure Drop,0.293720810007413,1
SHP-0780,41.76814045585186,920.0968733476708,Sector_B,2024-08-24,None,0.38911873398303953,0
SHP-0781,47.31260151981494,877.2240581530214,Sector_A,2024-10-23,Warning: High Temp,0.7484381707685088,0
SHP-0782,55.06313112185297,1873.9165167111262,Sector_C,2024-04-25,None,0.44754560453856995,0
SHP-0783,64.56348560691285,43.95493459479173,Sector_D,2024-08-19,Warning: High Temp,0.26207715544893717,0
SHP-0784,56.62863233973782,463.0900591506685,Sector_D,2024-07-20,None,0.1545691556165737,0
SHP-0785,46.737150339091,223.14629512152248,Sector_A,2024-08-31,None,0.16875471656723307,1
SHP-0786,51.4795874357783,2771.7550602267884,Sector_A,2024-03-03,None,0.9390989723001268,0
SHP-0787,58.92887716603031,159.52512350692982,Sector_D,2024-12-19,Error: Pressure Drop,0.6230865451276558,1
SHP-0788,56.434478674394114,3893.738880588574,Sector_B,2024-11-08,None,0.7196289532701892,0
SHP-0789,40.57364073048611,804.6682620835354,Sector_A,2024-08-14,None,0.47455795162842906,1
SHP-0790,55.46805891194932,5426.162603963009,Sector_C,2024-10-16,None,0.9033062028021975,1
SHP-0791,44.36783768572517,303.3536924527238,Sector_C,2024-09-10,None,0.9356429235092366,0
SHP-0792,58.295393182786604,1653.8640425654742,Sector_D,2024-08-24,Error: Pressure Drop,0.9514603032488973,1
SHP-0793,41.15462202130595,43.24861584188698,Sector_B,2024-08-06,Error: Pressure Drop,0.3157552186150131,0
SHP-0794,52.60645825507445,30.269645879117704,Sector_B,2024-07-02,None,0.06326533535998013,1
SHP-0795,52.959794073311585,417.6965689061037,Sector_A,2024-09-04,None,0.8959774289694504,1
SHP-0796,53.99851747687459,1640.6589037147119,Sector_B,2024-05-04,None,0.7920141930154045,1
SHP-0797,44.51149202918234,3772.018732802613,Sector_C,2024-03-17,None,0.3931425927863703,0
SHP-0798,46.694392499745064,3788.9696761728387,Sector_B,2024-03-10,None,0.22862472194514805,0
SHP-0799,57.341894025397934,474.7647573898363,Sector_C,2024-02-03,None,0.028071770555516573,0
SHP-0800,52.7742758854394,409.24311390178264,Sector_C,2024-09-01,Warning: High Temp,0.48314969651039585,0
SHP-0801,49.773841309940366,1168.3890658517864,Sector_B,2024-05-20,None,0.70721049031624,1
SHP-0802,60.61622510240566,802.0312888744268,Sector_C,2024-02-08,Error: Pressure Drop,0.42807713839508554,1
SHP-0803,47.4039429191253,648.3013280846018,Sector_C,2024-05-02,Error: Pressure Drop,0.5392071642710974,1
SHP-0804,47.32554726683078,808.2983127462882,Sector_C,2024-02-29,None,0.5418423417420234,1
SHP-0805,58.7528593444215,551.0582090696643,Sector_C,2024-05-06,None,0.10531975577893404,1
SHP-0806,65.98017890796265,34.48209354056207,Sector_B,2024-09-19,None,0.2343031946378209,1
SHP-0807,32.101342518319406,1193.5921808729786,Sector_A,2024-04-15,Error: Pressure Drop,0.6461968890469308,1
SHP-0808,55.68350458594812,174.12014708346803,Sector_D,2024-12-14,Warning: High Temp,0.12445605224426859,0
SHP-0809,64.29557369710143,123.42310468947906,Sector_C,2024-03-03,Error: Pressure Drop,0.8657310094547146,1
SHP-0810,48.00194997746471,23.541800942913465,Sector_A,2024-08-28,None,0.3557126527922776,1
SHP-0811,48.792827966225474,5013.70827911626,Sector_B,2024-03-26,Error: Pressure Drop,0.4418766508084794,1
SHP-0812,49.848272760704276,512.9514102746415,Sector_D,2024-05-17,Error: Pressure Drop,0.06095229611424047,1
SHP-0813,55.45429021375232,2103.442365117959,Sector_B,2024-04-25,None,0.34229572055191404,1
SHP-0814,38.173673574096306,2255.0596198661515,Sector_C,2024-03-20,Warning: High Temp,0.7317656945054586,1
SHP-0815,46.820536946788,1833.8563512145429,Sector_B,2024-12-13,None,0.21977323558695483,0
SHP-0816,35.52356485380323,1216.3491599870567,Sector_D,2024-08-07,None,0.37661410210712787,1
SHP-0817,37.03467830657146,1247.771585946358,Sector_B,2024-05-24,None,0.7497451171276861,0
SHP-0818,67.08437510636287,810.0609842904363,Sector_C,2024-11-01,Warning: High Temp,0.2377470367604485,1
SHP-0819,41.02494139391794,546.396472281381,Sector_A,2024-05-23,Error: Pressure Drop,0.8659010900507187,0
SHP-0820,49.18401507683572,2231.359686464,Sector_A,2024-01-26,None,0.3491536817609804,1
SHP-0821,46.45939165849763,97.04560958081359,Sector_C,2024-06-06,None,0.7853829365634987,0
SHP-0822,56.97208621082897,859.3044188969951,Sector_B,2024-02-01,None,0.38239229749465176,0
SHP-0823,51.79662874522144,1115.4168421356342,Sector_C,2024-04-19,Warning: High Temp,0.5802003585457284,1
SHP-0824,46.38400468223843,500.16982887189596,Sector_C,2024-03-07,None,0.2818058499581554,0
SHP-0825,27.19853387937302,40.641748653904884,Sector_B,2024-03-26,None,0.09407046204112701,1
SHP-0826,48.69083931677048,349.3804665330702,Sector_B,2024-07-31,None,0.7654091242022324,0
SHP-0827,54.858882229030925,1114.8663044320247,Sector_D,2024-11-28,None,0.9426832673120089,1
SHP-0828,44.96108233873713,1630.4201836113114,Sector_C,2024-03-19,Error: Pressure Drop,0.8152737512871253,1
SHP-0829,52.372976768032665,6111.721534409627,Sector_A,2024-12-13,None,0.4291767193077404,1
SHP-0830,36.13676546055049,355.97633179553895,Sector_C,2024-11-04,None,0.26866568313875716,0
SHP-0831,43.84218932955888,390.0763657405205,Sector_A,2024-02-12,Error: Pressure Drop,0.30970981482901416,0
SHP-0832,58.14734732211471,152.53618580392663,Sector_B,2024-06-15,Error: Pressure Drop,0.9913974614169757,0
SHP-0833,41.182292561166,1494.3839016058396,Sector_C,2024-04-24,Warning: High Temp,0.9568583344017975,1
SHP-0834,40.94452751725474,2266.519397060268,Sector_A,2024-06-27,Warning: High Temp,0.40217368779581397,0
SHP-0835,46.103158664089655,588.6921734843195,Sector_D,2024-12-15,None,0.14518614418373854,1
SHP-0836,53.59063053311842,291.5738882418513,Sector_A,2024-07-06,None,0.7030748827248894,1
SHP-0837,39.2882888633623,13.464834153264015,Sector_B,2024-03-06,None,0.03808085594123933,0
SHP-0838,61.5989448353525,1448.8671315813413,Sector_C,2024-05-26,None,0.5512068294566695,1
SHP-0839,34.232816779667374,1772.4008371889809,Sector_D,2024-09-19,Error: Pressure Drop,0.14585248066295775,1
SHP-0840,61.1362495155504,1106.1413225788351,Sector_A,2024-03-04,None,0.26840456638373833,1
SHP-0841,41.83055402044458,920.1937120991196,Sector_D,2024-03-11,None,0.7752411326822432,1
SHP-0842,52.26654963686147,127.70223687989804,Sector_A,2024-12-31,Error: Pressure Drop,0.8380694900233678,0
SHP-0843,28.950670566872844,888.6915871875775,Sector_B,2024-09-27,None,0.2479073302576601,1
SHP-0844,64.2922800597076,2855.856453624406,Sector_C,2024-02-15,None,0.4538539391586087,1
SHP-0845,52.67378161486224,1523.2642248411175,Sector_C,2024-06-30,None,0.624078026898926,0
SHP-0846,51.33241371043156,517.9354040732903,Sector_D,2024-12-27,None,0.7221667555556508,1
SHP-0847,51.275954081480265,128.97987358169115,Sector_D,2024-08-16,None,0.8487259700368393,1
SHP-0848,45.00526767813593,330.6996344486119,Sector_B,2024-08-11,None,0.5624218852085457,1
SHP-0849,65.5663038323527,1045.3690762905433,Sector_A,2024-04-07,Error: Pressure Drop,0.20196459640757103,0
SHP-0850,49.439468151818424,1779.481350610589,Sector_A,2024-08-08,Error: Pressure Drop,0.38122991622342106,0
SHP-0851,63.69591298684264,459.03526504407836,Sector_D,2024-09-14,None,0.5335916870368341,1
SHP-0852,46.63220551059087,748.8931101917741,Sector_A,2024-05-19,None,0.8315414001038582,0
SHP-0853,44.307740159952644,573.5106922162262,Sector_D,2024-11-13,None,0.806009132096601,0
SHP-0854,38.445663852040326,1100.003995494466,Sector_A,2024-02-06,None,0.6381335888472965,1
SHP-0855,49.68456020871741,49.928604243058416,Sector_B,2024-11-20,None,0.3313205374623992,0
SHP-0856,75.28855443542062,897.8725379089171,Sector_A,2024-09-10,Warning: High Temp,0.5797633340789083,0
SHP-0857,59.600033445031855,294.12137491810716,Sector_B,2024-09-18,None,0.4521545846406475,0
SHP-0858,46.79961081443833,436.2820589488261,Sector_D,2024-11-07,Warning: High Temp,0.4207960356110899,1
SHP-0859,55.03710295848319,1391.18931898693,Sector_D,2024-08-08,None,0.4102798617109825,0
SHP-0860,54.97384283258244,733.7204158347997,Sector_C,2024-07-15,Warning: High Temp,0.5650519283826122,1
SHP-0861,60.91733595072168,98.52615241853624,Sector_B,2024-01-07,Error: Pressure Drop,0.8254883519349803,0
SHP-0862,61.71863481206807,1048.9163880574831,Sector_A,2024-10-31,Warning: High Temp,0.874731192612107,1
SHP-0863,55.39141894247045,1780.502213129492,Sector_B,2024-01-05,None,0.5744784206812888,1
SHP-0864,76.16860559245151,552.9639525056997,Sector_C,2024-10-03,None,0.5070242363571985,0
SHP-0865,43.475284179042994,646.0178182940657,Sector_A,2024-07-06,Error: Pressure Drop,0.7113346254962385,0
SHP-0866,36.092953461121425,277.78922740861384,Sector_C,2024-02-13,None,0.18122551328544323,1
SHP-0867,65.63344049717522,203.66438825202258,Sector_C,2024-12-19,Warning: High Temp,0.5674280970062149,0
SHP-0868,49.80040941016601,531.4992704334796,Sector_B,2024-09-05,Error: Pressure Drop,0.37983173286172534,1
SHP-0869,48.66230607433526,129.85473058656902,Sector_B,2024-10-10,None,0.5208207385126679,0
SHP-0870,38.112377020327095,1663.3223950173044,Sector_A,2024-04-08,Error: Pressure Drop,0.7949858662204194,0
SHP-0871,45.81547433302699,105.57676416799373,Sector_A,2024-01-16,None,0.5605029510921058,0
SHP-0872,34.02419159137208,175.8584957202914,Sector_B,2024-04-08,None,0.9092823350076424,0
SHP-0873,57.24807339764716,534.0097638472108,Sector_A,2024-05-24,None,0.4640653234413955,0
SHP-0874,48.4041187104146,1184.3418179008402,Sector_C,2024-01-22,None,0.9720577215299174,0
SHP-0875,67.74455503380975,433.0889850267757,Sector_C,2024-06-13,Warning: High Temp,0.7834311675542616,1
SHP-0876,68.29038557450598,645.5893395668797,Sector_D,2024-11-14,Error: Pressure Drop,0.46670087172107244,0
SHP-0877,49.31717881807978,1147.4273408962067,Sector_C,2024-06-02,Error: Pressure Drop,0.9573445230866856,1
SHP-0878,65.70310897880901,629.2557741350237,Sector_C,2024-01-25,None,0.7074662591501047,0
SHP-0879,38.26568640992246,2310.113723324534,Sector_C,2024-10-04,None,0.2971711272484635,0
SHP-0880,53.63203557484549,748.9212743755784,Sector_B,2024-02-03,None,0.35401304759495467,1
SHP-0881,57.25601145021055,659.3284166260746,Sector_A,2024-12-10,None,0.021252626238744687,1
SHP-0882,36.63599813146083,416.57579305526065,Sector_D,2024-11-17,Error: Pressure Drop,0.32010660636301136,0
SHP-0883,49.784539369486325,59.102763814992514,Sector_B,2024-09-07,None,0.48414145535418995,0
SHP-0884,53.9844447235745,344.5815693346176,Sector_D,2024-08-30,None,0.22459578060090246,1
SHP-0885,43.68057917748227,2375.5598493725292,Sector_B,2024-06-30,None,0.6486093613698107,1
SHP-0886,43.26278771637623,139.6744932393457,Sector_A,2024-12-08,None,0.36690687495444096,0
SHP-0887,52.8548973288196,507.4421918896126,Sector_C,2024-07-16,None,0.5751067481395218,0
SHP-0888,56.61193616897374,158.81677056088185,Sector_A,2024-12-10,Warning: High Temp,0.034540858481776016,0
SHP-0889,43.08988587277713,862.8386900760186,Sector_A,2024-09-06,Warning: High Temp,0.14720452633064263,1
SHP-0890,72.92431875534466,2241.416834937683,Sector_B,2024-03-26,Warning: High Temp,0.5225175943403807,1
SHP-0891,48.78866976015377,459.1814101546289,Sector_A,2024-03-31,None,0.6722541899917525,0
SHP-0892,38.876390616762386,77.808853453891,Sector_A,2024-02-09,Warning: High Temp,0.5195794591839623,0
SHP-0893,44.83805421474956,1649.6032312299542,Sector_D,2024-11-25,None,0.7447818325269273,1
SHP-0894,68.22130831733055,717.7030479775691,Sector_C,2024-02-02,None,0.3447170983106912,0
SHP-0895,56.379598866612035,369.6065223428705,Sector_D,2024-07-27,Error: Pressure Drop,0.6285842869488029,0
SHP-0896,60.16262224854152,1499.5015624859002,Sector_D,2024-04-25,None,0.2973227935261664,1
SHP-0897,48.32826488662689,1883.8465710017365,Sector_D,2024-04-10,None,0.9383609185263553,1
SHP-0898,44.952084141149214,280.40841657724997,Sector_C,2024-04-20,Warning: High Temp,0.07357646263994089,1
SHP-0899,51.64188264401686,2425.898905040696,Sector_D,2024-01-28,Warning: High Temp,0.3532570075186211,1
SHP-0900,45.22529349861213,182.16548353675662,Sector_A,2024-12-02,None,0.6548210194799411,1
SHP-0901,73.04700665607517,183.79826912054395,Sector_B,2024-11-24,None,0.2489618997576556,0
SHP-0902,43.62542407568437,169.5907868087701,Sector_C,2024-07-21,None,0.5590541024684421,0
SHP-0903,52.41910877655568,2497.9248378102125,Sector_B,2024-09-23,None,0.1527163548899959,1
SHP-0904,57.33452827656563,32.38881030694812,Sector_D,2024-03-04,None,0.44416716287381797,0
SHP-0905,31.251955291022078,1762.5936048842748,Sector_A,2024-05-17,None,0.6834867361802062,0
SHP-0906,52.68711616819657,6.2918506688398965,Sector_B,2024-07-28,Error: Pressure Drop,0.9023062531924828,0
SHP-0907,59.57762209890482,2065.9443686205072,Sector_D,2024-02-15,Error: Pressure Drop,0.07156702486769795,0
SHP-0908,45.544599415611216,224.6154934101088,Sector_D,2024-01-17,Warning: High Temp,0.45868327883988136,0
SHP-0909,39.538203796159735,1366.8948755664255,Sector_C,2024-08-25,Warning: High Temp,0.9901171656577746,0
SHP-0910,50.89423773634619,659.7185515509696,Sector_B,2024-07-04,None,0.7721519469402763,0
SHP-0911,44.16222556601351,858.1541415364675,Sector_B,2024-08-04,Warning: High Temp,0.32166339255474774,0
SHP-0912,54.91810943414271,549.883094552146,Sector_C,2024-01-18,None,0.37428315693496095,1
SHP-0913,40.098481132153,1069.4055479936385,Sector_D,2024-04-01,Warning: High Temp,0.8600882754398006,0
SHP-0914,51.36423133057903,608.6238985646007,Sector_D,2024-06-02,Error: Pressure Drop,0.8326521329382535,1
SHP-0915,45.980611296342786,915.8127031491629,Sector_D,2024-05-12,None,0.9758347393740647,1
SHP-0916,63.716829363241374,1743.7236827233091,Sector_D,2024-01-10,None,0.4811638907441925,1
SHP-0917,60.90974813153957,798.5032632114501,Sector_A,2024-05-03,None,0.8287874780441784,1
SHP-0918,48.07216325277079,426.2253334813569,Sector_D,2024-07-08,None,0.9142995426191066,0
SHP-0919,43.49334707719535,352.3932545295028,Sector_B,2024-12-04,Warning: High Temp,0.9656900080390126,1
SHP-0920,34.55865027499176,1288.736659634301,Sector_B,2024-11-29,None,0.04845649037955724,1
SHP-0921,59.28107131551466,60.14703001803794,Sector_C,2024-01-26,None,0.2905256485953487,0
SHP-0922,35.04119965097211,557.5941551681651,Sector_D,2024-08-19,Warning: High Temp,0.7010991097178714,0
SHP-0923,52.745611783139076,1413.7620047257524,Sector_A,2024-08-18,Error: Pressure Drop,0.849633932120863,1
SHP-0924,39.01010021487047,1956.6052476493064,Sector_A,2024-09-15,None,0.6302059061634475,1
SHP-0925,55.0967933275613,16.01441112961228,Sector_B,2024-07-29,None,0.08331417910218997,0
SHP-0926,57.74334971732074,598.8819414255508,Sector_D,2024-01-13,None,0.9215110978681618,0
SHP-0927,40.990945039533585,2029.4475100730024,Sector_B,2024-10-07,None,0.3417569641728564,1
SHP-0928,50.16907273364249,4994.744670681856,Sector_B,2024-08-25,Warning: High Temp,0.6035041405176548,1
SHP-0929,39.23667048199074,1281.6376771188302,Sector_A,2024-12-21,Error: Pressure Drop,0.752571401732945,1
SHP-0930,57.285396929031236,4012.846291093553,Sector_C,2024-03-03,Error: Pressure Drop,0.7532320854702251,0
SHP-0931,57.7827812839,581.2606980211091,Sector_C,2024-07-11,None,0.04140077404032916,0
SHP-0932,64.54416117634524,201.95039981368325,Sector_D,2024-09-29,Warning: High Temp,0.6085579415956237,0
SHP-0933,50.716869729100274,326.7078457658295,Sector_D,2024-01-13,Warning: High Temp,0.446745464685011,0
SHP-0934,54.98071336327138,840.9231391101657,Sector_C,2024-06-17,Warning: High Temp,0.11355541093621102,0
SHP-0935,48.901855349605405,75.2567701543037,Sector_D,2024-06-13,None,0.6745407817841186,1
SHP-0936,54.232766985535264,1394.7655122240476,Sector_B,2024-10-24,None,0.6835062628041207,0
SHP-0937,49.693734463391976,1021.5920908350604,Sector_C,2024-06-16,Error: Pressure Drop,0.7820418961880816,0
SHP-0938,39.09812670376762,1563.6078685699772,Sector_A,2024-05-29,None,0.8277722107230342,0
SHP-0939,38.8181964225316,312.5094308987684,Sector_C,2024-07-11,None,0.12777170758597822,0
SHP-0940,44.35306154571543,516.5788311723885,Sector_B,2024-11-07,Warning: High Temp,0.03730259318965057,1
SHP-0941,40.85618318269707,65.1741292099564,Sector_C,2024-09-16,Warning: High Temp,0.2942289178182631,0
SHP-0942,63.617594321823375,1399.4950707450555,Sector_C,2024-04-21,Warning: High Temp,0.563680720121599,0
SHP-0943,43.85977724106821,2366.6177563243386,Sector_B,2024-09-29,Warning: High Temp,0.03679906271689981,1
SHP-0944,51.04913942962284,170.13789690919356,Sector_B,2024-04-13,None,0.7160176749778959,0
SHP-0945,56.94184513433219,346.09859213347056,Sector_D,2024-03-29,None,0.6900244942976329,1
SHP-0946,51.68072492498761,80.6448301494021,Sector_A,2024-12-11,None,0.17007595805708065,0
SHP-0947,53.006591616267485,346.80954431073724,Sector_B,2024-08-21,Error: Pressure Drop,0.12671529726577413,1
SHP-0948,37.49344623089559,438.511435440975,Sector_C,2024-09-13,Warning: High Temp,0.1270263821253983,1
SHP-0949,39.90816315654482,770.8287834310795,Sector_A,2024-03-05,Error: Pressure Drop,0.9099156601616557,1
SHP-0950,39.982853325520466,491.1672396175149,Sector_B,2024-12-01,None,0.7243443604475153,0
SHP-0951,59.71687769852307,147.18200303863782,Sector_A,2024-11-21,Error: Pressure Drop,0.2369963920473992,1
SHP-0952,29.811520992192193,756.8665141936763,Sector_A,2024-09-10,None,0.18747437675663958,1
SHP-0953,51.53461206046967,2550.546254956913,Sector_A,2024-12-06,Warning: High Temp,0.3626769705451557,0
SHP-0954,40.647081124860634,1485.0972147092289,Sector_C,2024-07-21,Warning: High Temp,0.9719271130060134,1
SHP-0955,38.34250209738653,84.09457379562957,Sector_D,2024-03-10,None,0.05353537660835195,0
SHP-0956,38.661770990373654,464.4740292380719,Sector_D,2024-02-07,Warning: High Temp,0.3332879612794758,1
SHP-0957,56.586458451498906,245.0415230405282,Sector_A,2024-05-04,Warning: High Temp,0.8435588157595977,0
SHP-0958,53.65442618614647,4535.9244373729225,Sector_C,2024-09-15,None,0.8474101347357499,1
SHP-0959,48.29109164554927,1979.5363576650866,Sector_D,2024-12-05,None,0.5762471596372962,0
SHP-0960,43.074455500055016,1440.217983284141,Sector_B,2024-07-14,Warning: High Temp,0.6137936947203093,0
SHP-0961,50.31390581462223,1800.8158606364752,Sector_C,2024-08-20,Warning: High Temp,0.7442078716742565,1
SHP-0962,41.36547513330067,183.17837064271865,Sector_B,2024-12-24,Warning: High Temp,0.872074639068896,1
SHP-0963,59.57137715440775,630.7976708096847,Sector_C,2024-01-30,Warning: High Temp,0.043989370872764666,0
SHP-0964,53.902385193237,969.744852590925,Sector_B,2024-01-24,None,0.8150851346872979,1
SHP-0965,43.80678387234361,1273.274816090171,Sector_B,2024-03-05,Error: Pressure Drop,0.3417925016112342,1
SHP-0966,55.37914720340686,535.1479772076098,Sector_A,2024-02-05,None,0.37869694185718994,1
SHP-0967,45.564094667663134,436.02614656296,Sector_A,2024-02-29,None,0.7852863560009183,0
SHP-0968,42.546975669205345,56.453171705288476,Sector_B,2024-05-27,Error: Pressure Drop,0.28965534522175107,1
SHP-0969,63.22464154311519,1276.6096023242535,Sector_A,2024-08-28,Warning: High Temp,0.729911168892593,0
SHP-0970,45.721122583943576,666.2560092473802,Sector_A,2024-04-10,None,0.7212312211467532,0
SHP-0971,59.64070489159389,404.9657541575857,Sector_D,2024-08-05,None,0.9390014617796583,0
SHP-0972,33.232828543473175,2688.294120290242,Sector_B,2024-07-11,None,0.6723321365305467,0
SHP-0973,31.920652747264228,130.9334669810108,Sector_A,2024-04-03,Warning: High Temp,0.41185266347513805,0
SHP-0974,40.665163005852065,39.88054014517835,Sector_B,2024-11-07,None,0.026315147648632076,0
SHP-0975,37.92112852995914,547.9657102143799,Sector_A,2024-05-28,None,0.5631197309932352,0
SHP-0976,61.42407118391111,99.36363164974384,Sector_D,2024-05-30,Error: Pressure Drop,0.2053657930587066,0
SHP-0977,44.209770311120934,878.4831193817674,Sector_B,2024-01-13,Warning: High Temp,0.0558281041656189,0
SHP-0978,55.351206579156624,508.37876735555034,Sector_C,2024-09-17,None,0.2812541942058414,1
SHP-0979,52.7273261979615,438.2124980682692,Sector_A,2024-07-15,Error: Pressure Drop,0.019810038005170116,0
SHP-0980,67.09397076053405,1049.8866535963596,Sector_D,2024-01-31,None,0.2558784196363145,1
SHP-0981,36.9955372526014,1654.1562855788748,Sector_B,2024-01-21,Warning: High Temp,0.9066001298917382,1
SHP-0982,40.13928554508731,35.57126167228626,Sector_D,2024-07-24,None,0.13680731899621956,1
SHP-0983,59.12736825279112,1328.0051648995304,Sector_D,2024-10-21,Error: Pressure Drop,0.7368462260586018,1
SHP-0984,59.76504066926573,538.3481739597648,Sector_A,2024-01-30,None,0.3835014766106546,0
SHP-0985,55.65407564096102,1575.1825303224446,Sector_B,2024-01-22,None,0.1333806162152571,1
SHP-0986,61.039272887982904,609.8877160406851,Sector_D,2024-04-01,Error: Pressure Drop,0.37802489210493173,1
SHP-0987,53.25619959080218,3013.026874241379,Sector_D,2024-08-28,Error: Pressure Drop,0.31554635665077135,1
SHP-0988,61.593430310698544,997.4475649245448,Sector_C,2024-02-09,None,0.0931375912368505,0
SHP-0989,35.0474268010754,233.4521509461739,Sector_B,2024-12-28,None,0.7084912670651058,0
SHP-0990,46.13628548653763,467.2921349591487,Sector_A,2024-09-13,Warning: High Temp,0.34406486773482203,1
SHP-0991,44.2302175551389,83.07934143886006,Sector_B,2024-03-10,None,0.3179975793607571,0
SHP-0992,46.5879571228028,1206.952741420784,Sector_B,2024-05-24,None,0.277846577469958,1
SHP-0993,55.971358505594104,88.06244233597499,Sector_D,2024-05-12,None,0.1499702902032296,1
SHP-0994,46.64614500856808,261.67926642831986,Sector_A,2024-08-12,None,0.6735507578722697,1
SHP-0995,59.394112374865834,2678.6709198472613,Sector_D,2024-10-10,None,0.24246916588128298,0
SHP-0996,49.92105063406375,391.6969552231147,Sector_A,2024-01-09,None,0.0543116609193216,1
SHP-0997,63.421270825556256,1232.827594436964,,2024-02-19,None,0.22807706927578197,1
SHP-0998,45.137714257469796,1071.3795175340515,Sector_C,2024-10-07,Warning: High Temp,0.6423589941652953,0
SHP-0999,50.33768753458904,98.26394310131192,Sector_D,2024-04-25,None,0.7250799256953008,0
SHP-1000,45.25146411322507,163.98601087745973,Sector_D,2024-05-25,None,0.6050357553805427,0
SHP-1001,56.205227446984736,333.7608348339568,Sector_C,2024-06-22,None,0.15612748719795244,1
SHP-1002,56.01999301816625,472.6018019641275,Sector_A,2024-01-29,None,0.8190439375536156,0
SHP-1003,58.39481561866732,1438.3913242090557,Sector_B,2024-11-27,None,0.7988794509347629,1
SHP-1004,58.27978769457447,117.98458589826154,Sector_B,2024-08-05,Error: Pressure Drop,0.41392975964915646,0
SHP-1005,47.573661547659576,2976.8667430720507,Sector_D,2024-10-15,None,0.5767404723094103,0
SHP-1006,43.665850097024254,711.6010108152786,Sector_A,2024-03-28,Warning: High Temp,0.8875948599060732,1
SHP-1007,40.69661795518147,189.44809620703242,Sector_C,2024-10-02,Error: Pressure Drop,0.44969664395768916,0
SHP-1008,53.96559318005948,117.33146268026361,Sector_B,2024-10-16,None,0.457853819448376,0
SHP-1009,49.10433154988891,1848.177299933053,Sector_C,2024-05-24,None,0.5049008334532588,1
SHP-1010,37.48458301969341,3053.465251090385,Sector_C,2024-05-03,Error: Pressure Drop,0.6898580736107564,1
SHP-1011,68.0825958553823,2557.7836183245126,Sector_D,2024-03-05,None,0.23936875903850274,0
SHP-1012,49.0678043036246,998.3963270405941,Sector_A,2024-06-27,None,0.19766427332931547,1
SHP-1013,57.45435439530886,62.60385297294743,Sector_C,2024-04-27,None,0.21106722083181206,1
SHP-1014,36.5154384908127,785.2267723206639,Sector_D,2024-10-18,None,0.7801806023423626,0
SHP-1015,76.46368329798678,1365.47616535793,Sector_C,2024-04-18,Error: Pressure Drop,0.5396568531351188,1
SHP-1016,51.16089974522814,502.0934810781221,Sector_B,2024-05-27,Warning: High Temp,0.7103505695084923,0
SHP-1017,49.22119746955589,1522.876449153485,Sector_B,2024-04-17,None,0.24102895653475276,1
SHP-1018,58.97004874219325,245.4190859219405,Sector_C,2024-08-21,Error: Pressure Drop,0.7289922525222864,0
SHP-1019,58.351145100833705,440.6434270632373,Sector_A,2024-10-12,Warning: High Temp,0.17532259564822106,1
SHP-1020,45.31129999951479,231.1802952972765,Sector_C,2024-12-22,Error: Pressure Drop,0.5467677647664474,0
SHP-1021,44.2166855593003,913.7529760781541,Sector_C,2024-01-04,None,0.8887995039335694,1
SHP-1022,54.28665044920306,557.5171228169023,Sector_A,2024-12-24,None,0.9656892579028247,0
SHP-1023,54.737174297575336,776.2616270282416,Sector_C,2024-12-28,None,0.12173414319952669,0
SHP-1024,24.855835611656932,59.93701966994741,Sector_D,2024-08-06,None,0.7267622463062392,1
SHP-1025,45.05883811972998,3282.4054150979023,Sector_A,2024-09-25,None,0.34130356958931574,1
SHP-1026,39.56742890743839,2570.5707816179843,Sector_A,2024-03-27,None,0.8174096713630528,0
SHP-1027,53.858283594041346,2834.8520162437667,,2024-12-21,None,0.27132947347628544,0
SHP-1028,49.0314399577313,145.4329729610334,Sector_D,2024-09-14,Error: Pressure Drop,0.1369241563123521,1
SHP-1029,42.188312013352615,1056.55881920381,Sector_D,2024-11-17,Error: Pressure Drop,0.5566592930754978,1
SHP-1030,53.73476437055774,652.0048497784232,Sector_A,2024-04-06,None,0.42958800058941626,1
SHP-1031,32.41006186482018,1575.0025308646914,Sector_B,2024-10-15,None,0.30029097314560993,0
SHP-1032,49.366498872545044,190.73150460714857,Sector_C,2024-06-14,None,0.1381147840296384,1
SHP-1033,41.09264266222803,18.420675267865366,Sector_D,2024-12-18,Warning: High Temp,0.7224828620256684,0
SHP-1034,34.58879970556723,82.99939917117113,Sector_A,2024-11-14,None,0.5150802162664919,1
SHP-1035,48.4451584268657,741.2001778901107,Sector_A,2024-05-14,Error: Pressure Drop,0.6479614219894869,0
SHP-1036,41.71346490245812,172.35177955308225,Sector_D,2024-03-25,Error: Pressure Drop,0.31664549307969236,1
SHP-1037,50.60710001045774,2897.252924190401,Sector_D,2024-10-31,None,0.997201347142433,0
SHP-1038,68.94340866543544,145.55412511706504,Sector_D,2024-05-07,None,0.6356968952146658,1
SHP-1039,44.79503957889504,1803.0549508627994,Sector_B,2024-09-06,Warning: High Temp,0.6763873151325674,0
SHP-1040,53.56266653654064,425.93404483410404,Sector_D,2024-11-20,Warning: High Temp,0.4737604961549031,0
SHP-1041,52.33701046365038,82.40741605474902,Sector_C,2024-02-25,None,0.9831051531205076,1
SHP-1042,49.11528856397817,1013.8966072301812,Sector_C,2024-06-17,None,0.11239378431051772,0
SHP-1043,36.009876885459576,530.1057416059365,Sector_C,2024-06-27,None,0.8379254561930339,1
SHP-1044,46.681724404269026,6357.6950363145315,Sector_C,2024-06-07,Warning: High Temp,0.8970931173566397,0
SHP-1045,67.70887454250477,1556.186862018003,Sector_D,2024-04-14,None,0.6258507668750621,1
SHP-1046,38.443518056679245,717.9204507530291,Sector_C,2024-02-22,None,0.8089387403584445,1
SHP-1047,52.67268695113793,3672.2844702973835,Sector_D,2024-09-06,Warning: High Temp,0.5878340344122321,0
SHP-1048,62.730910084889,533.2443556291723,Sector_B,2024-07-20,Error: Pressure Drop,0.14056821500423744,1
SHP-1049,54.212308827619125,3850.7658969628706,Sector_C,2024-02-04,None,0.6996547897289962,1
SHP-1050,48.703113711721976,826.7824754789327,Sector_B,2024-05-24,None,0.24911990343936385,1
SHP-1051,64.77494452038717,941.4108578761336,Sector_D,2024-06-24,Error: Pressure Drop,0.7929867986614153,1
SHP-1052,47.20697700844244,2810.588708145868,Sector_C,2024-12-23,None,0.4493118813057734,0
SHP-1053,57.28011368929506,68.84326677044152,Sector_C,2024-03-13,None,0.7965698231234689,0
SHP-1054,38.68950889533187,1024.3224951699224,Sector_C,2024-10-22,None,0.19126768079791545,1
SHP-1055,48.13896431839896,138.35443696201983,Sector_A,2024-02-19,Error: Pressure Drop,0.8471987638442937,0
SHP-1056,60.24456739016492,449.2058942171571,Sector_A,2024-04-03,None,0.5815581762383444,1
SHP-1057,67.5964470699528,1009.2806121353109,Sector_A,2024-01-16,Error: Pressure Drop,0.5945999676695304,0
SHP-1058,53.862643766259914,36.10068586785753,Sector_B,2024-05-22,None,0.55863924870373,1
SHP-1059,49.473170422882205,1517.433510137333,Sector_B,2024-04-01,None,0.25548546740846423,1
SHP-1060,29.588958331065665,390.13038303547756,Sector_B,2024-10-31,Warning: High Temp,0.810264853654953,1
SHP-1061,41.03597306519891,3212.5459631758163,Sector_B,2024-11-27,None,0.1501573104860533,0
SHP-1062,,76.0797954094004,Sector_D,2024-01-28,None,0.04791862140023884,1
SHP-1063,42.00999126246503,722.975686506315,Sector_C,2024-01-12,Warning: High Temp,0.5947946168001067,0
SHP-1064,49.23301913452514,215.59804989785687,Sector_C,2024-02-14,None,0.1268509318149098,0
SHP-1065,50.053474054692586,904.2056001455906,Sector_A,2024-12-23,None,0.9363642519268708,0
SHP-1066,43.31184875380378,513.4742552133729,Sector_C,2024-07-11,Error: Pressure Drop,0.66390119611829,1
SHP-1067,41.81239909971802,44.34008203445332,Sector_A,2024-07-28,Warning: High Temp,0.4275629924465386,0
SHP-1068,62.69780981908911,84.73696243108057,Sector_A,2024-11-25,None,0.8017184701496799,0
SHP-1069,50.623330414496756,332.0400829883709,Sector_C,2024-04-24,Error: Pressure Drop,0.11382411845506357,0
SHP-1070,48.94181344436325,440.3172335008841,Sector_A,2024-06-23,Error: Pressure Drop,0.1322840259455076,1
SHP-1071,48.70530750709754,24.314889613376955,Sector_A,2024-09-15,None,0.40680190439238206,1
SHP-1072,35.30766084206849,4219.154084212979,Sector_A,2024-03-28,Warning: High Temp,0.4301191453363792,0
SHP-1073,58.16150415401619,20.224825552986655,Sector_C,2024-11-14,None,0.130338294325121,0
SHP-1074,58.59422576310769,923.0391161351004,Sector_B,2024-04-19,None,0.30918896030338316,1
SHP-1075,50.38524863682894,414.89626900317353,Sector_D,2024-06-12,Warning: High Temp,0.8398533145309666,1
SHP-1076,62.77190999890882,711.4593383634935,Sector_C,2024-01-11,None,0.5637793475145523,0
SHP-1077,57.1231200393488,1155.196653942469,Sector_B,2024-11-26,Warning: High Temp,0.6400747752111586,1
SHP-1078,58.497408067566354,22.522657533063274,Sector_D,2024-01-22,None,0.18658751293662657,1
SHP-1079,57.89962244841004,2134.0581636643637,Sector_A,2024-11-15,None,0.7362579871488352,1
SHP-1080,36.237390548551765,179.51908723595193,Sector_C,2024-11-28,None,0.40931261099546046,1
SHP-1081,46.52958258829277,4329.844007777853,Sector_C,2024-08-22,None,0.2488081606407473,1
SHP-1082,44.67281035479651,54.51190318817435,Sector_C,2024-11-11,None,0.20956062885810156,0
SHP-1083,57.80788831557987,424.6696807839946,Sector_C,2024-04-05,None,0.5008515822853956,1
SHP-1084,41.13032782599111,434.0005800323089,Sector_B,2024-05-09,None,0.5845002100964616,1
SHP-1085,55.928370967272855,680.405373277669,Sector_B,2024-09-18,Error: Pressure Drop,0.27178634715748995,0
SHP-1086,43.21243335439228,1260.2129088255654,Sector_A,2024-03-12,None,0.8605606575291274,0
SHP-1087,69.04432337980835,883.3961739676647,Sector_A,2024-07-16,None,0.5506132875191199,1
SHP-1088,58.451811597236514,61.24598581364434,Sector_D,2024-09-06,None,0.5531233113313724,1
SHP-1089,52.132869335082674,769.1813621454115,Sector_A,2024-10-29,Warning: High Temp,0.28759698856280747,1
SHP-1090,57.80701363833735,1020.145809020831,Sector_D,2024-06-23,Warning: High Temp,0.4125545102862158,1
SHP-1091,63.58503335294916,2715.565114765667,Sector_B,2024-12-01,None,0.1858496044947623,0
SHP-1092,68.49930894661217,293.3625856842841,Sector_D,2024-04-30,None,0.2781869599972172,1
SHP-1093,23.98056856490607,701.4224512184908,Sector_D,2024-02-19,None,0.9685820942742467,1
SHP-1094,50.69216120253415,1080.605323501619,Sector_A,2024-04-05,Warning: High Temp,0.5424456714159595,1
SHP-1095,44.31011710674753,907.1450336646346,Sector_A,2024-03-21,None,0.9008742431577218,1
SHP-1096,42.599110860524945,32.83935351299728,Sector_A,2024-04-21,None,0.5427205861017009,0
SHP-1097,29.21146541250041,345.9275057296118,Sector_A,2024-10-12,Error: Pressure Drop,0.06637947335417094,0
SHP-1098,49.44848055953076,548.5088027804543,Sector_D,2024-09-05,None,0.28974217044203443,0
SHP-1099,63.619409868089036,1058.7828661572103,Sector_A,2024-03-21,None,0.7369222810504005,1
SHP-1100,41.05991702363617,721.3090189387864,Sector_B,2024-04-08,None,0.9660313135339796,1
SHP-1101,45.78243930368095,411.63424948993037,Sector_C,2024-09-26,None,0.8842660153524935,1
SHP-1102,55.97594276001781,238.66730885353212,Sector_C,2024-06-26,None,0.6873914969221974,1
SHP-1103,50.924730215480196,1570.4063013541831,Sector_B,2024-06-12,Warning: High Temp,0.0548214282933388,0
SHP-1104,40.21321171797686,1667.3282418467525,Sector_C,2024-05-12,None,0.9287214387041418,1
SHP-1105,57.03207853442151,894.0744507218103,Sector_D,2024-09-12,None,0.43328542999007424,0
SHP-1106,35.663031162434045,709.9445448318211,Sector_C,2024-09-06,None,0.7962363486104131,0
SHP-1107,57.9000426429603,651.3594776365792,Sector_D,2024-07-27,Error: Pressure Drop,0.4028812403962647,1
SHP-1108,60.512922007911385,2125.3972467259564,Sector_C,2024-08-22,Error: Pressure Drop,0.689419314585364,0
SHP-1109,51.687777666586506,1510.720496819673,Sector_D,2024-11-07,None,0.0885196346080237,1
SHP-1110,36.563350665390516,2595.835469263994,Sector_B,2024-03-30,None,0.593465500030766,0
SHP-1111,47.99194094540716,432.4030462892556,Sector_A,2024-09-29,Warning: High Temp,0.3311480593582198,0
SHP-1112,45.95398819366501,3298.324097533789,Sector_D,2024-06-11,Error: Pressure Drop,0.10507638705872657,0
SHP-1113,45.106546512916616,3115.41076322546,Sector_A,2024-09-13,None,0.22323381553074106,0
SHP-1114,26.619528121479497,629.1823244051607,Sector_B,2024-07-31,None,0.48205753961109254,1
SHP-1115,29.79608471826975,756.2271199638025,Sector_A,2024-10-30,Warning: High Temp,0.49082754183483346,0
SHP-1116,58.29148798258239,4120.430918452984,Sector_C,2024-06-19,None,0.6240105273561272,0
SHP-1117,48.76833154501595,1290.0373056052622,Sector_B,2024-06-12,Error: Pressure Drop,0.15579971876735887,0
SHP-1118,37.353023755577105,440.51854358557426,Sector_B,2024-10-07,None,0.5671350147507112,1
SHP-1119,47.255608518731094,636.7307797754551,Sector_C,2024-09-13,None,0.6406776911435534,1
SHP-1120,54.362784145713306,356.16652901615436,Sector_A,2024-12-05,Error: Pressure Drop,0.9887740406763255,0
SHP-1121,65.43194878462157,1275.6599641429225,Sector_D,2024-06-05,None,0.5353079914042206,0
SHP-1122,52.774368068227155,2118.3542451084622,Sector_B,2024-07-23,Error: Pressure Drop,0.6475071226281665,0
SHP-1123,37.069961385159864,2321.1724303801275,Sector_D,2024-12-28,None,0.7661740981784289,1
SHP-1124,39.63825320962635,3158.5493349205076,Sector_A,2024-12-19,Warning: High Temp,0.04740035177680657,0
SHP-1125,34.79608508556795,1.7726959124441213,Sector_D,2024-12-29,None,0.9708595885603916,0
SHP-1126,60.91879748886286,1444.8278789891363,Sector_D,2024-03-28,None,0.7166409708583661,0
SHP-1127,46.30487211352918,710.4406846762201,Sector_C,2024-12-08,None,0.39930827132515556,0
SHP-1128,64.08298873085366,2215.4704873926235,Sector_B,2024-08-06,None,0.6051562120283609,1
SHP-1129,51.094821708773665,440.1842464087519,Sector_B,2024-07-11,Warning: High Temp,0.3323206970198769,1
SHP-1130,40.97473136281663,1809.560471739948,Sector_D,2024-10-15,None,0.9601650316223815,0
SHP-1131,57.98361428406382,951.9152913227516,Sector_C,2024-06-06,None,0.37761904927515644,0
SHP-1132,51.100316943176864,988.4742963062957,Sector_B,2024-01-12,Error: Pressure Drop,0.3687717224166658,0
SHP-1133,47.224307307232465,24.37523312305439,Sector_C,2024-08-09,Error: Pressure Drop,0.03345574060505041,1
SHP-1134,43.11850732622724,451.3682054562822,Sector_B,2024-11-27,None,0.8232350119046683,1
SHP-1135,51.51046865289002,370.2929397561289,Sector_C,2024-02-16,None,0.556567324494244,0
SHP-1136,60.770088142704694,1720.1549741230908,Sector_B,2024-08-16,None,0.48997545332967984,0
SHP-1137,51.12918686031537,1926.1573882543066,Sector_C,2024-02-28,None,0.6207597866420116,0
SHP-1138,55.79213605475411,1094.8025019434288,Sector_D,2024-04-24,None,0.9903001158304117,1
SHP-1139,49.324308354489155,3521.5012352928493,Sector_B,2024-09-05,Warning: High Temp,0.9279732580846772,1
SHP-1140,52.622961373099976,397.0286253453021,Sector_B,2024-06-10,None,0.5734415341309985,1
SHP-1141,67.90798887851786,1455.7687773125183,Sector_C,2024-11-05,Error: Pressure Drop,0.8485797859011143,1
SHP-1142,48.15482230090378,1031.182283308361,Sector_B,2024-11-03,None,0.9181241577787235,1
SHP-1143,46.54327104173446,37.773508923406006,Sector_A,2024-08-01,Error: Pressure Drop,0.006261780858302535,1
SHP-1144,50.667265429522416,934.3048083173824,Sector_A,2024-04-09,None,0.615741358050052,1
SHP-1145,53.27766690067575,252.77031647713582,Sector_D,2024-05-22,Warning: High Temp,0.12967720805368133,1
SHP-1146,66.86441838779982,367.28842158448384,Sector_D,2024-12-17,Error: Pressure Drop,0.7701613235134411,1
SHP-1147,60.62878850807567,410.1989599378198,Sector_A,2024-06-16,None,0.2992845508961667,1
SHP-1148,43.697552247430295,1113.2738772223097,Sector_C,2024-07-12,Error: Pressure Drop,0.23097569706213816,0
SHP-1149,48.02129012964653,1376.0252432655916,Sector_A,2024-11-07,Error: Pressure Drop,0.6277077520413646,0
SHP-1150,55.50462178725276,910.6003360755917,Sector_B,2024-12-18,None,0.9868633096744627,0
SHP-1151,53.79789135058917,1580.0929822071605,Sector_A,2024-02-16,None,0.13174155167505686,0
SHP-1152,48.80359446453239,474.8784753653509,Sector_B,2024-05-13,None,0.8072903559736084,0
SHP-1153,63.06393933465383,1392.7124663807913,Sector_B,2024-12-15,None,0.5655286053139643,1
SHP-1154,50.763904921231855,124.08655738896151,Sector_D,2024-08-26,Warning: High Temp,0.038791036320476424,1
SHP-1155,37.948781263324655,522.454046836443,Sector_D,2024-11-01,None,0.22545929178342483,0
SHP-1156,40.52736683274937,1006.9523132903942,Sector_A,2024-10-14,None,0.6255020443881704,0
SHP-1157,66.31448296019742,218.21823953776882,Sector_A,2024-08-17,Warning: High Temp,0.4092712926878179,0
SHP-1158,43.31156109394971,1144.4433963609722,Sector_B,2024-03-12,None,0.28233758904254513,0
SHP-1159,58.030234434618116,21.02639418284765,Sector_A,2024-06-27,Warning: High Temp,0.2776201861530816,0
SHP-1160,46.51106815917824,188.92006728786757,Sector_C,2024-10-03,None,0.2679052723477606,1
SHP-1161,38.542621688291995,64.65086163767195,,2024-03-23,None,0.6060994257869942,1
SHP-1162,55.51021196905409,1441.7435078379008,Sector_B,2024-02-04,Warning: High Temp,0.7363867742514861,1
SHP-1163,51.33355423857618,181.16554748800354,Sector_D,2024-09-03,None,0.4472780206973873,1
SHP-1164,53.48160846559652,1679.9565667822503,Sector_B,2024-07-13,None,0.5773906291188102,0
SHP-1165,39.88158584964026,994.4927701977094,Sector_D,2024-04-26,Warning: High Temp,0.8457560480596565,1
SHP-1166,44.18697884419791,443.30437607676134,Sector_D,2024-12-03,None,0.9583712615081086,1
SHP-1167,42.25079117011388,1173.0624609453916,Sector_B,2024-12-15,Error: Pressure Drop,0.10263383010021554,1
SHP-1168,28.4777823179705,1738.8030719871178,Sector_A,2024-02-20,Warning: High Temp,0.05879640812739906,0
SHP-1169,60.836131267920834,900.0611665191337,Sector_A,2024-07-02,Warning: High Temp,0.05469026472294447,0
SHP-1170,59.10060950793378,1077.4827776918005,Sector_B,2024-08-31,None,0.5868815638781179,0
SHP-1171,52.11278275752195,52.7774077765216,Sector_D,2024-11-22,None,0.03574641573558324,1
SHP-1172,39.47281928057763,1760.0704769955662,Sector_D,2024-08-03,None,0.34330038588734946,0
SHP-1173,51.725358048076096,742.3572300382444,Sector_C,2024-07-30,None,0.8485925151599101,0
SHP-1174,28.692978667028196,70.48957422141598,Sector_B,2024-07-26,None,0.11089691584445305,0
SHP-1175,51.195858693358545,149.83927286335063,Sector_B,2024-03-20,None,0.9142255882731892,0
SHP-1176,50.702543414934496,996.5089207783769,Sector_D,2024-05-22,None,0.4583539633638337,0
SHP-1177,61.45592734029436,1254.5596242664521,Sector_B,2024-06-19,None,0.6146866030368185,1
SHP-1178,41.85999542498191,1278.8807446799738,Sector_D,2024-12-27,Error: Pressure Drop,0.929624418511669,0
SHP-1179,64.28520038743224,815.5085260898564,Sector_A,2024-06-30,None,0.2781192249705631,0
SHP-1180,50.24388322020107,5940.406514345071,Sector_B,2024-09-25,None,0.9526552062210298,1
SHP-1181,59.284897298672675,926.8278413308524,Sector_D,2024-02-07,None,0.8913858534573386,1
SHP-1182,40.84382906540024,2242.7858936607927,Sector_D,2024-06-14,None,0.8072612218660532,1
SHP-1183,54.18751372250195,3174.531311051593,Sector_C,2024-09-18,None,0.006332805163415278,1
SHP-1184,43.50902513400449,252.9021335272343,Sector_D,2024-08-24,Warning: High Temp,0.6789657392375951,1
SHP-1185,50.10637280377668,1795.1015116999047,Sector_A,2024-08-26,Error: Pressure Drop,0.8064419510047702,0
SHP-1186,52.136864261254495,209.1274690907247,Sector_A,2024-01-11,None,0.39270578191737304,1
SHP-1187,42.623620274864095,24.657084106178388,Sector_C,2024-02-18,None,0.9944818896582335,0
SHP-1188,62.493347233747244,1291.9525972125282,Sector_B,2024-01-30,None,0.19931100651114542,0
SHP-1189,54.210385582007866,5.531528058247112,Sector_D,2024-11-30,Error: Pressure Drop,0.8194251122595358,0
SHP-1190,59.72422252841315,108.59702789945369,Sector_A,2024-01-09,None,0.5684214515749529,1
SHP-1191,53.24888305508486,750.5970523030982,Sector_D,2024-09-28,Error: Pressure Drop,0.4544378073493319,1
SHP-1192,40.402217647481585,408.95474777997117,Sector_A,2024-02-11,Warning: High Temp,0.7757212253301572,0
SHP-1193,37.17553755151589,166.16855019091145,Sector_D,2024-09-04,None,0.20074476162498545,1
SHP-1194,70.63934845608564,2463.209651529989,Sector_C,2024-03-13,None,0.19370472967180574,1
SHP-1195,37.948508598613536,173.3415795063461,Sector_C,2024-01-08,Error: Pressure Drop,0.4378113611652258,0
SHP-1196,38.44598430425129,58.65015219766573,Sector_B,2024-04-01,Error: Pressure Drop,0.6803721790667434,0
SHP-1197,29.75943600404143,1187.7096356710695,Sector_D,2024-11-24,Error: Pressure Drop,0.6879922803744787,0
SHP-1198,58.37592823831548,1158.4270100657313,Sector_A,2024-02-05,None,0.0831253180772189,0
SHP-1199,52.28544269184027,280.8811409327828,Sector_B,2024-12-30,Error: Pressure Drop,0.3790800950385984,1
SHP-1200,57.42076993927818,669.9455956320317,Sector_B,2024-06-14,None,0.019622441322686424,1
SHP-1201,53.40142404599761,663.43859075754,Sector_A,2024-05-27,None,0.6244684708702887,1
SHP-1202,42.93727225394766,52.46068446527689,Sector_C,2024-02-01,None,0.38746804271973023,1
SHP-1203,80.26990525816431,577.2926536768412,Sector_C,2024-04-09,Warning: High Temp,0.6231822380833802,1
SHP-1204,57.07809340024947,294.8250663498848,Sector_A,2024-03-12,None,0.13388251313492439,0
SHP-1205,63.1817450078128,377.2857817680527,Sector_D,2024-08-08,None,0.6709936608226009,0
SHP-1206,44.716628957179275,827.3342248787941,Sector_A,2024-03-15,None,0.4887969319597205,1
SHP-1207,54.366425195780025,250.90596100576147,Sector_D,2024-07-15,Error: Pressure Drop,0.8392689318632942,1
SHP-1208,46.76856058960582,14.867745964235183,Sector_D,2024-06-28,Error: Pressure Drop,0.7721628493874356,1
SHP-1209,73.04789376778625,4298.37195285455,Sector_A,2024-05-10,None,0.9621219158542891,0
SHP-1210,42.62173391645966,897.818086611357,Sector_A,2024-06-22,Warning: High Temp,0.31115186479745427,1
SHP-1211,46.71046303523527,655.8444045138605,Sector_D,2024-02-03,Warning: High Temp,0.859257821354798,1
SHP-1212,39.816631847451724,126.48502379817636,Sector_C,2024-04-06,None,0.8124192118443541,1
SHP-1213,54.568661304831714,1611.9141760102596,Sector_B,2024-12-08,None,0.07757287951073111,0
SHP-1214,49.72102899922384,613.5983207716579,Sector_B,2024-11-03,None,0.6472335702030318,0
SHP-1215,50.6913867014261,86.33996628052718,Sector_C,2024-07-20,None,0.15103306648286396,0
SHP-1216,46.65627442913061,652.4571961671124,Sector_C,2024-01-24,None,0.6787282453031155,0
SHP-1217,41.72065525710856,1472.4210103413545,Sector_D,2024-03-15,None,0.92728437722744,0
SHP-1218,46.6600482871233,324.6914893563228,Sector_D,2024-03-25,None,0.1693051251259372,0
SHP-1219,50.55373296894914,2200.618153468662,Sector_C,2024-12-04,None,0.1938348473120487,1
SHP-1220,42.98477151218661,989.469427403201,Sector_C,2024-08-11,None,0.5125879772867682,0
SHP-1221,63.17655117021142,798.2845308523257,Sector_C,2024-05-17,None,0.1968084610996258,0
SHP-1222,56.98327459431461,2403.270728718526,Sector_C,2024-08-21,None,0.6295219232062685,0
SHP-1223,44.98393433917515,992.421668351272,Sector_C,2024-12-22,None,0.27820198974823995,0
SHP-1224,48.661161588824136,218.84953757607087,Sector_C,2024-07-02,None,0.7655253204430615,0
SHP-1225,50.07384784364204,388.91529286100376,Sector_B,2024-07-28,Error: Pressure Drop,0.7288642801273173,0
SHP-1226,63.22365832986743,531.3011184293152,Sector_C,2024-03-11,None,0.5954208003169985,1
SHP-1227,34.913591832588516,772.8624410586689,Sector_B,2024-08-07,Warning: High Temp,0.4841955624465082,0
SHP-1228,44.00140926985159,674.7010865620085,Sector_B,2024-04-26,Warning: High Temp,0.7913135231448232,0
SHP-1229,56.331235334687705,2835.287471543416,Sector_B,2024-05-10,None,0.037810658399045405,1
SHP-1230,54.73463916578416,1972.43445436893,Sector_D,2024-11-17,None,0.5423094830903411,0
SHP-1231,58.38880981154547,27.329585598052304,Sector_A,2024-03-10,Error: Pressure Drop,0.9878509394883154,1
SHP-1232,61.98692609536014,1281.8296113639956,Sector_C,2024-06-21,None,0.6671842230146107,0
SHP-1233,44.50560127862055,914.9832215380441,Sector_B,2024-04-23,Warning: High Temp,0.06919644430088767,0
SHP-1234,40.202200561895914,172.3737307376541,Sector_D,2024-04-22,Warning: High Temp,0.5334090937316309,1
SHP-1235,59.88965869996473,2264.801378330157,Sector_C,2024-04-23,Error: Pressure Drop,0.23990385776650236,0
SHP-1236,47.909560383405754,435.1253775042251,Sector_C,2024-11-29,None,0.8027909393847671,0
SHP-1237,57.430820205303164,1418.8477351888175,Sector_A,2024-05-05,Error: Pressure Drop,0.4077062726168651,0
SHP-1238,43.794894378828545,1331.0288860481903,Sector_D,2024-05-22,Warning: High Temp,0.8296808456542919,0
SHP-1239,37.74200584566463,635.8804063692669,Sector_C,2024-09-10,None,0.12249989125544125,1
SHP-1240,36.117392022786476,245.90179120715732,Sector_A,2024-06-19,Warning: High Temp,0.25441901131530464,0
SHP-1241,53.54495594911078,82.76235278619767,Sector_C,2024-09-02,Warning: High Temp,0.7845958758024457,0
SHP-1242,58.150941438515154,2061.416151699789,Sector_D,2024-05-30,None,0.21934205871410062,1
SHP-1243,68.78330228205719,61.388773175902585,Sector_C,2024-04-12,Error: Pressure Drop,0.4976583895049407,0
SHP-1244,36.35100735591332,64.27449903252035,Sector_A,2024-12-05,Error: Pressure Drop,0.7612975827582992,1
SHP-1245,49.671650873454794,260.87232877150427,Sector_A,2024-02-26,Warning: High Temp,0.13717641804235614,0
SHP-1246,54.19591685403199,866.1156353012469,Sector_D,2024-01-21,None,0.1601158533225392,0
SHP-1247,71.28427693782739,2811.0909422559334,Sector_A,2024-08-12,None,0.4637583157510624,1
SHP-1248,48.71389305807823,342.04533093451215,Sector_A,2024-07-10,Error: Pressure Drop,0.557631069712594,0
SHP-1249,47.83118079617902,1427.6671214160365,Sector_A,2024-05-25,None,0.19711648163796702,1
SHP-1250,65.70261704669774,930.7258329201358,Sector_D,2024-08-17,None,0.7766023076588209,1
SHP-1251,60.25713116611934,3203.650054288908,Sector_A,2024-05-12,None,0.6278695859747672,0
SHP-1252,59.87731042019024,704.3923459076548,Sector_D,2024-12-03,None,0.6549900881491365,0
SHP-1253,58.48322574503319,18.427049197894355,Sector_A,2024-01-14,None,0.4925839380927125,0
SHP-1254,50.25003851174641,706.860950921599,Sector_A,2024-08-21,Error: Pressure Drop,0.8404543266014084,1
SHP-1255,50.58299401581536,67.53445913449339,Sector_A,2024-05-24,Warning: High Temp,0.12329391135851953,1
SHP-1256,51.871610830549066,1347.6167832357776,Sector_B,2024-05-14,None,0.44795922045617076,0
SHP-1257,58.28741871346246,116.27894028565939,Sector_B,2024-11-19,None,0.20101568821024185,1
SHP-1258,63.45063617398957,55.85005009524218,Sector_C,2024-01-22,None,0.8289486335675335,0
SHP-1259,55.53709973220014,1893.8534956320334,Sector_D,2024-04-07,Error: Pressure Drop,0.8610913820833063,1
SHP-1260,55.29872614136296,1815.3479957550417,Sector_D,2024-09-18,None,0.13981344647839133,0
SHP-1261,45.10409091740296,435.12498835425697,Sector_A,2024-03-01,Error: Pressure Drop,0.351461700937305,0
SHP-1262,47.20679474464573,81.01386953414479,Sector_A,2024-01-29,None,0.34968139981985036,1
SHP-1263,52.34941185187088,2401.079913362303,Sector_A,2024-12-13,None,0.3185262275481464,1
SHP-1264,59.14137369149373,400.4165589799341,Sector_D,2024-06-08,Error: Pressure Drop,0.5346397542659667,0
SHP-1265,42.697285576351014,1344.4085782639054,Sector_A,2024-10-25,None,0.5019393357814657,0
SHP-1266,54.30117243505763,62.54510082368739,Sector_C,2024-08-02,Warning: High Temp,0.9290279824050365,1
SHP-1267,48.535199668939796,801.8459036054626,Sector_A,2024-02-23,None,0.27642307026902335,1
SHP-1268,64.13006036535819,1000.3557099484177,Sector_B,2024-07-07,None,0.9404892742885013,0
SHP-1269,49.65256428113754,83.92046991907347,Sector_D,2024-07-16,None,0.3276184452779253,1
SHP-1270,57.01815422832264,943.2160061306897,Sector_A,2024-09-23,None,0.4126240701532402,0
SHP-1271,62.564736103157735,174.87318210859598,Sector_D,2024-08-12,None,0.38004263716579445,0
SHP-1272,63.972310133272615,1062.4473853696722,Sector_A,2024-04-22,None,0.6828047985074194,1
SHP-1273,43.22043478644246,490.2088162997079,Sector_B,2024-02-16,None,0.3376230060073614,0
SHP-1274,50.12582012929804,434.46461467131394,Sector_B,2024-10-19,None,0.5224942503274906,0
SHP-1275,55.89897305712723,4311.427383707487,Sector_D,2024-11-08,Error: Pressure Drop,0.07748471440206628,1
SHP-1276,50.059731052391164,242.71616198957113,Sector_C,2024-10-03,None,0.748967057589283,1
SHP-1277,62.18301246170162,454.48294679267997,Sector_C,2024-08-09,Error: Pressure Drop,0.399376669381459,1
SHP-1278,46.45120950617398,1517.322363391158,Sector_D,2024-09-12,None,0.6920492136780363,1
SHP-1279,52.23753123407563,1371.724845997174,Sector_A,2024-06-01,None,0.7601451436436556,1
SHP-1280,,1459.1064524780982,Sector_C,2024-06-28,Warning: High Temp,0.6568146610254744,1
SHP-1281,54.77529277990995,1306.42048154691,Sector_A,2024-09-30,Warning: High Temp,0.8059979945641741,1
SHP-1282,36.92219916309837,139.4654429958246,Sector_B,2024-06-07,None,0.9094876220457259,1
SHP-1283,46.42596363804131,386.69857458089837,Sector_D,2024-11-16,None,0.3303267407935594,1
SHP-1284,56.94275122744938,376.1985320348287,Sector_D,2024-10-06,Warning: High Temp,0.36674464724061684,1
SHP-1285,54.02896707693327,1767.0927473704728,Sector_D,2024-09-19,None,0.5035963338195051,1
SHP-1286,60.13830195881909,375.03998007717405,Sector_D,2024-09-21,None,0.746101310013208,1
SHP-1287,43.74668600517948,1608.0347739379665,Sector_C,2024-01-23,Error: Pressure Drop,0.8395620974072846,0
SHP-1288,46.614675297930205,77.9854288865538,Sector_A,2024-12-22,Warning: High Temp,0.4697457469930336,1
SHP-1289,58.12299258774955,552.4824559200663,Sector_A,2024-09-08,None,0.8171848230430898,0
SHP-1290,53.20637101181434,80.93049710965802,Sector_C,2024-06-10,None,0.720384795568092,1
SHP-1291,46.60000686631389,466.1192951867108,Sector_D,2024-09-21,None,0.21470653807775175,0
SHP-1292,45.48348520653551,2822.353650443424,Sector_B,2024-02-10,None,0.8233315211217034,1
SHP-1293,37.97332189654123,1137.8513785150885,Sector_C,2024-04-23,None,0.6603420402123774,0
SHP-1294,65.77134020707099,1078.7077991395781,Sector_B,2024-02-11,None,0.8204666767936005,0
SHP-1295,35.246616074903265,693.1187667582191,Sector_A,2024-05-25,None,0.07582843121876148,0
SHP-1296,35.47405253159428,236.91951607041054,Sector_A,2024-10-24,None,0.2924773870305295,0
SHP-1297,61.20287009704994,1621.9218601640905,Sector_A,2024-08-04,None,0.8734531396598624,0
SHP-1298,69.98801159998821,812.1071553632166,Sector_A,2024-10-13,None,0.4168484682347119,0
SHP-1299,66.28460142714876,592.5176229119911,Sector_A,2024-09-04,None,0.9765763132305181,0
SHP-1300,54.20171425443325,339.8767408711797,Sector_C,2024-04-09,None,0.6333616283962262,0
SHP-1301,55.08115830538468,263.74482989188886,Sector_D,2024-10-23,Warning: High Temp,0.26238877891687595,0
SHP-1302,56.94365852490871,34.985254487024,Sector_C,2024-09-01,None,0.08498368644054644,0
SHP-1303,44.75854781414654,200.47619890122945,Sector_C,2024-11-13,Error: Pressure Drop,0.7907343177430688,0
SHP-1304,48.78343504565319,42.23746505759059,Sector_D,2024-11-10,None,0.607450231195575,1
SHP-1305,52.518584928693,212.04249353702397,Sector_C,2024-04-02,None,0.033635764010785274,1
SHP-1306,52.59788367931208,400.03532083804845,Sector_C,2024-03-10,None,0.18697069067797423,0
SHP-1307,63.626804293216175,2739.5417634455307,Sector_B,2024-10-25,Warning: High Temp,0.17415556371898566,1
SHP-1308,25.02638268129096,358.58637835454795,Sector_A,2024-02-20,Warning: High Temp,0.9564919214264032,1
SHP-1309,61.697660901451016,300.48335296476904,Sector_C,2024-11-12,None,0.9206229914727633,0
SHP-1310,55.621886172635975,198.92118435593105,Sector_C,2024-10-10,None,0.06770168553762146,1
SHP-1311,41.02660193097556,50.06838083404577,Sector_D,2024-06-28,None,0.7484414514574594,1
SHP-1312,52.42157532587027,650.5084120580535,Sector_B,2024-12-24,None,0.6417080418498342,0
SHP-1313,51.981876666912804,367.01387543585304,Sector_D,2024-11-15,None,0.46347798120960104,0
SHP-1314,49.95667713917479,244.46637816628575,Sector_D,2024-10-04,Warning: High Temp,0.7878194890530137,0
SHP-1315,43.65962583046228,2339.0058099144453,Sector_B,2024-05-01,None,0.4397322498593509,1
SHP-1316,29.364134015706064,325.3885229012661,Sector_D,2024-11-03,Error: Pressure Drop,0.9062366580162614,0
SHP-1317,65.20473862427895,96.32562190987368,Sector_D,2024-12-31,Error: Pressure Drop,0.03813619206035157,0
SHP-1318,52.13000028005093,298.27041947044444,Sector_D,2024-04-30,Warning: High Temp,0.8070799628779868,1
SHP-1319,63.43840943415006,1647.2060902136102,Sector_A,2024-07-02,None,0.11088819593797983,1
SHP-1320,59.357676503716945,675.2035234010856,Sector_D,2024-05-07,None,0.9054786263653981,1
SHP-1321,41.434256909119156,885.1534625597557,Sector_D,2024-08-03,None,0.40135253172519414,0
SHP-1322,49.8076934589699,663.4952222752877,Sector_D,2024-02-22,Error: Pressure Drop,0.5323449945195963,0
SHP-1323,40.82310102209851,342.3434314746378,Sector_D,2024-07-07,Error: Pressure Drop,0.13902180056532876,1
SHP-1324,54.331075984690195,863.7573037721617,Sector_B,2024-06-28,None,0.544093275288033,1
SHP-1325,62.91476588999839,415.93289117706047,Sector_B,2024-12-05,Warning: High Temp,0.8625441104924491,0
SHP-1326,46.690235656978295,690.9246355038764,Sector_B,2024-05-19,None,0.5429368958852099,1
SHP-1327,22.739876306502417,757.5223023264821,Sector_A,2024-02-24,None,0.39671562679740324,0
SHP-1328,55.89901974298132,773.0604065089136,Sector_C,2024-10-05,Warning: High Temp,0.3768201566139625,0
SHP-1329,51.34839610904269,808.1365616559627,Sector_A,2024-02-14,None,0.24714024425127157,0
SHP-1330,57.30811118388823,115.93462705760678,Sector_D,2024-07-24,Error: Pressure Drop,0.7957235832701954,1
SHP-1331,56.76878318716022,1617.3763945640549,Sector_C,2024-12-04,Warning: High Temp,0.38226675856585834,1
SHP-1332,44.621494147350916,684.7211690386861,Sector_D,2024-12-31,Error: Pressure Drop,0.4147483531899586,1
SHP-1333,37.71214550050094,188.3093590460075,Sector_B,2024-09-25,None,0.6061014437898777,1
SHP-1334,55.64915933312705,1723.7876509439564,Sector_C,2024-11-28,None,0.8182167495031585,1
SHP-1335,31.70616293120823,1418.8719225022865,Sector_C,2024-06-09,None,0.7899014838937592,0
SHP-1336,62.325368230792954,1761.1226767526068,Sector_C,2024-04-07,None,0.37115817158283315,1
SHP-1337,42.82946793192454,2534.9180395166823,Sector_A,2024-08-12,None,0.7257667445481217,0
SHP-1338,31.19847757845263,299.5268609410976,Sector_C,2024-02-02,None,0.8986577508133188,1
SHP-1339,38.97111266315154,1018.1905360156865,Sector_C,2024-09-19,None,0.9901020673363606,0
SHP-1340,40.63762242114407,371.84099724968513,Sector_D,2024-12-20,None,0.5812166924450491,0
SHP-1341,74.65431155272395,2203.4628751928844,Sector_C,2024-10-20,None,0.47446171522467684,0
SHP-1342,43.37194316067897,96.16320875784817,Sector_A,2024-12-05,None,0.1614392500505698,1
SHP-1343,57.74153244376831,991.3076325281685,Sector_A,2024-01-11,None,0.9753185229766561,0
SHP-1344,51.80398649634599,2445.134181578772,Sector_D,2024-10-21,None,0.20435923016962765,1
SHP-1345,46.4770605754224,889.9508442682485,Sector_B,2024-11-28,None,0.05579747831760973,0
SHP-1346,61.04746781169324,1121.395558659713,Sector_D,2024-03-05,None,0.7423052820754227,1
SHP-1347,40.969160188133834,265.9328590209946,Sector_C,2024-09-18,None,0.7768353458693709,1
SHP-1348,31.484153727556883,1024.419453486619,Sector_C,2024-09-15,None,0.9452329433424542,1
SHP-1349,44.27298987926671,970.3019416447164,Sector_A,2024-10-13,None,0.9518175497857011,0
SHP-1350,59.003536586980594,349.9439281128027,Sector_C,2024-07-04,None,0.7833408259519072,1
SHP-1351,54.768955466914484,473.8318056667136,Sector_A,2024-12-21,Error: Pressure Drop,0.5070163672225017,0
SHP-1352,53.44435688738139,1358.292344640742,Sector_B,2024-10-15,None,0.36227392096407207,0
SHP-1353,63.556574578625636,548.8005407462144,Sector_A,2024-04-16,None,0.011872960539774824,0
SHP-1354,57.02927042199947,1356.5473357492351,Sector_C,2025-01-01,Warning: High Temp,0.41654776580116115,1
SHP-1355,34.86298469442039,315.86657515745264,Sector_D,2024-10-12,None,0.6758665455738442,1
SHP-1356,46.20211179731765,306.8991820732583,Sector_B,2024-10-14,None,0.8206820982261175,0
SHP-1357,43.94560661611371,482.7980830013437,Sector_D,2024-05-26,None,0.43386245468321594,1
SHP-1358,,2280.3065157524115,Sector_C,2024-03-21,Warning: High Temp,0.8985831385491068,0
SHP-1359,45.75719013040132,679.6613544439263,Sector_B,2024-11-07,None,0.11610213456866658,1
SHP-1360,63.898423021385135,1796.6775020214873,Sector_D,2024-08-17,None,0.19740893910113655,0
SHP-1361,42.179565677074315,3271.5707421662637,Sector_C,2024-10-27,None,0.07213959360106659,0
SHP-1362,65.16310816874405,313.20062420923364,Sector_C,2024-04-15,None,0.7382607726514979,1
SHP-1363,40.998687638073925,958.3044661969294,Sector_C,2024-07-11,None,0.11496658112158809,1
SHP-1364,48.0618713404856,3162.6014196129095,Sector_A,2024-07-03,None,0.7157986283269021,0
SHP-1365,61.491196268352525,1857.7963544328322,Sector_A,2024-04-12,Warning: High Temp,0.8044349043545572,1
SHP-1366,65.89128003603463,663.6640036176753,Sector_A,2024-12-20,Warning: High Temp,0.9931665427100218,1
SHP-1367,48.46315749369492,889.6879038192269,Sector_A,2024-11-14,Error: Pressure Drop,0.9292444038915763,1
SHP-1368,58.88632421983217,6016.185028526355,Sector_C,2024-03-28,None,0.6660558333066008,1
SHP-1369,54.89827174761704,809.7260421207307,Sector_C,2024-03-27,Warning: High Temp,0.0561459031639473,1
SHP-1370,50.823812914125135,8.720329844490328,Sector_A,2024-08-24,Warning: High Temp,0.08985074399966408,0
SHP-1371,53.28641072896992,166.8141795766099,Sector_C,2024-03-30,None,0.5632781524499597,0
SHP-1372,56.09222770871617,136.49546553652567,Sector_D,2024-06-09,Error: Pressure Drop,0.5712614332347544,1
SHP-1373,33.65765753226147,483.6322391126653,Sector_C,2024-03-05,None,0.2571070001551805,0
SHP-1374,34.171174302596334,591.7770439151515,Sector_C,2024-06-12,None,0.1098983785120734,0
SHP-1375,46.776502083501285,417.70313818379293,Sector_A,2024-03-27,None,0.0936535067953953,1
SHP-1376,42.07810703104596,1037.8719595052444,Sector_D,2024-03-15,None,0.3875584413848513,0
SHP-1377,38.405642739013814,741.5754906004543,Sector_B,2024-12-17,Error: Pressure Drop,0.6034998291881882,0
SHP-1378,52.00878807888543,504.1083009845122,Sector_B,2024-02-15,None,0.03550899547153907,1
SHP-1379,60.483535537905496,1373.9268847145495,Sector_D,2024-05-01,Error: Pressure Drop,0.5577869270175003,0
SHP-1380,29.408735739017104,7929.976224540493,Sector_A,2024-04-25,None,0.5299622351986433,0
SHP-1381,47.83093567157887,237.9031792030961,Sector_D,2024-01-30,None,0.9057742552249851,0
SHP-1382,45.14728549852007,1620.6249301722287,Sector_B,2024-01-24,None,0.032471548839307474,1
SHP-1383,59.624207332910224,795.5148336469053,Sector_C,2024-04-26,None,0.4417010247910428,1
SHP-1384,,29.472027986605482,Sector_A,2024-09-15,Error: Pressure Drop,0.48570326185755497,1
SHP-1385,49.23956733749305,2011.2772033231251,Sector_D,2024-11-12,None,0.8070950567671187,1
SHP-1386,45.50506897402755,328.0481210764724,Sector_A,2024-01-17,None,0.11740702247736201,1
SHP-1387,68.11372354755909,723.8552528227378,Sector_A,2024-07-22,Warning: High Temp,0.04326242387236379,1
SHP-1388,44.19922084159564,2304.9438210041694,Sector_D,2024-10-18,None,0.8934250045066472,1
SHP-1389,54.29659230148074,1230.4081376237164,Sector_D,2024-02-14,None,0.7104418581801114,1
SHP-1390,55.93360155047279,408.1325106443397,Sector_D,2024-08-10,Error: Pressure Drop,0.10775902527086056,1
SHP-1391,43.047447526490025,7992.154429366817,Sector_A,2024-06-11,Warning: High Temp,0.37538534476020025,1
SHP-1392,61.85499229957554,956.9690151715481,Sector_A,2024-01-13,Error: Pressure Drop,0.09940455266070058,1
SHP-1393,46.66918823524026,2806.9559060867487,Sector_B,2024-05-23,Warning: High Temp,0.6769560262385046,1
SHP-1394,53.954344601136114,1489.236883746449,Sector_C,2024-11-10,None,0.9518310797548641,0
SHP-1395,48.68985318055894,338.674462606174,Sector_C,2024-10-10,Error: Pressure Drop,0.9499690823613794,0
SHP-1396,36.52545185656627,132.16535827305455,Sector_B,2024-02-29,None,0.15690240280569823,0
SHP-1397,28.084664621977375,1537.344712321783,Sector_A,2024-06-09,Warning: High Temp,0.44422743303510615,1
SHP-1398,54.395419682868685,266.24318403994823,Sector_B,2024-04-23,None,0.15673258265993928,0
SHP-1399,73.80991005195848,763.7474202531318,Sector_C,2024-03-20,None,0.791942992524451,0
SHP-1400,34.16201014316425,211.6191313248989,Sector_A,2024-05-13,Warning: High Temp,0.30506356042934557,1
SHP-1401,37.041933891257344,891.2831622195093,Sector_C,2024-11-20,None,0.669018692832321,0
SHP-1402,54.56946934282032,2688.549747024362,Sector_A,2024-04-05,Error: Pressure Drop,0.5958508332212538,1
SHP-1403,45.463509580312014,463.32183555200345,Sector_D,2024-04-28,Error: Pressure Drop,0.7774133337713783,1
SHP-1404,45.92972403024279,425.763026525507,Sector_C,2024-01-22,None,0.10412303665392841,1
SHP-1405,54.07757124692117,7.993053604789158,Sector_A,2024-10-31,None,0.7495818988008752,0
SHP-1406,46.64961494850338,1674.9712117272575,Sector_B,2024-01-19,Warning: High Temp,0.553873197568239,1
SHP-1407,58.14779023707299,376.39978316324374,Sector_A,2024-11-07,None,0.9956978409350261,0
SHP-1408,32.37297292690908,1494.0234749887481,Sector_A,2024-06-19,None,0.5659291658940111,1
SHP-1409,45.2533201393946,1445.0706324860118,Sector_C,2024-06-21,Error: Pressure Drop,0.41991020654672706,0
SHP-1410,27.441741067830307,632.4161287705693,Sector_B,2024-03-10,Warning: High Temp,0.7384992727290203,0
SHP-1411,54.31700486416703,551.375019668796,Sector_A,2024-12-25,Warning: High Temp,0.4355565821039036,0
SHP-1412,31.771351202190385,67.62407747189326,Sector_A,2024-04-21,None,0.477576735087365,1
SHP-1413,33.28605790261414,177.52043855601096,Sector_C,2024-02-29,Error: Pressure Drop,0.950537398302069,0
SHP-1414,42.37139413828168,214.87602114139827,Sector_A,2024-06-06,None,0.6351981719817403,0
SHP-1415,34.04728427198393,105.16755949886459,Sector_B,2024-12-01,None,0.18667497394342558,0
SHP-1416,46.42622551188899,53.545900317466504,Sector_B,2024-02-22,None,0.27844173225051594,1
SHP-1417,40.99607698797545,323.052585926734,Sector_D,2024-02-13,None,0.20183056661682375,1
SHP-1418,56.16139963068202,1564.4304773582573,Sector_A,2024-12-22,Error: Pressure Drop,0.9207010511685481,1
SHP-1419,45.45412552280381,39.11412047782231,Sector_B,2024-12-25,None,0.41757989790295824,0
SHP-1420,26.233157424859087,497.25365147252546,Sector_A,2024-09-18,Error: Pressure Drop,0.7717900796195581,0
SHP-1421,47.44029831451758,622.426658964885,Sector_C,2024-12-22,None,0.8476236457639379,0
SHP-1422,44.78429561413644,352.33288263524497,Sector_A,2024-03-25,Error: Pressure Drop,0.5150434199728893,1
SHP-1423,43.74721064392221,3381.8671238678035,Sector_B,2024-10-19,None,0.539363010448058,1
SHP-1424,45.2825256320832,675.670324631666,Sector_D,2024-02-23,None,0.44854357820766044,0
SHP-1425,45.13154238779581,1216.2185794924335,Sector_A,2024-10-31,Error: Pressure Drop,0.24909913165977604,0
SHP-1426,52.12689103253419,499.02858436098296,Sector_D,2024-10-07,Error: Pressure Drop,0.2563585862703883,0
SHP-1427,46.313673598211615,265.69903759302207,Sector_B,2024-06-07,Error: Pressure Drop,0.844551955679878,1
SHP-1428,46.376852106767686,2332.4653770231153,Sector_D,2024-03-02,None,0.415455001301406,1
SHP-1429,57.4711820176373,3093.800701432263,Sector_B,2024-05-16,Error: Pressure Drop,0.6886125760713536,0
SHP-1430,43.184353616001786,1391.770784830114,Sector_A,2024-07-29,Warning: High Temp,0.8597504353895656,0
SHP-1431,38.147528465045134,1541.3662376451298,Sector_A,2024-04-18,Error: Pressure Drop,0.13396904093522588,0
SHP-1432,52.21755064000341,2247.6531216700255,Sector_C,2024-09-07,None,0.9238473550205346,1
SHP-1433,31.14438982550839,437.24673619195397,Sector_A,2024-03-03,Warning: High Temp,0.8251038949826379,1
SHP-1434,25.618075666169894,247.40170528058837,Sector_C,2024-02-23,None,0.38723026980033415,1
SHP-1435,76.52951875717964,91.77405371184474,Sector_A,2024-09-05,Error: Pressure Drop,0.6407858167511921,0
SHP-1436,57.794235188484066,2000.3614463388365,Sector_A,2024-03-16,Warning: High Temp,0.4410020030355254,1
SHP-1437,29.654214958784813,2558.968252818098,Sector_A,2024-06-08,Warning: High Temp,0.6353638166605405,1
SHP-1438,53.7283203479718,328.60830405394194,Sector_C,2024-10-25,None,0.8266314248503535,1
SHP-1439,40.03737046655249,502.0675626171838,Sector_C,2024-01-03,Warning: High Temp,0.4564242474038753,0
SHP-1440,45.74991788795363,690.0391116308616,Sector_B,2024-09-05,None,0.22693013778733906,0
SHP-1441,52.60906818912263,77.80360979872958,Sector_C,2024-03-08,None,0.6196097915393125,1
SHP-1442,62.80562076609152,513.0077649584164,Sector_C,2024-12-20,Warning: High Temp,0.8854120202714314,0
SHP-1443,44.31474252516566,84.52934632465579,Sector_A,2024-12-09,Warning: High Temp,0.6322550844525823,0
SHP-1444,51.45636099013147,118.47769240989376,Sector_B,2024-06-15,None,0.995319352678426,1
SHP-1445,61.80224617610232,432.5563923007002,Sector_B,2024-05-25,Warning: High Temp,0.5827820871948372,1
SHP-1446,54.18989446357775,2086.7119434877354,Sector_D,2024-02-23,Warning: High Temp,0.7634288594539691,0
SHP-1447,67.6875266549327,1170.194352285575,Sector_D,2024-09-22,Warning: High Temp,0.30430625065006156,1
SHP-1448,55.10250893961057,64.88952552506508,Sector_B,2024-01-16,None,0.035477823079638315,0
SHP-1449,48.66132389304448,987.7778516775801,Sector_B,2024-10-21,None,0.09088269017055217,1
SHP-1450,54.30685384613337,301.5311534309434,Sector_A,2024-04-03,None,0.283130991260238,0
SHP-1451,37.206315197628456,159.92948025640376,Sector_C,2024-12-26,None,0.9651996517085437,1
SHP-1452,43.83645765688497,1283.8458144012493,Sector_C,2024-06-02,Error: Pressure Drop,0.837335945223776,1
SHP-1453,53.958943020591995,1033.9362146291608,Sector_D,2024-06-11,None,0.10645854539006339,0
SHP-1454,41.873771200645955,1087.1711737452665,Sector_D,2024-01-19,None,0.11069776653162544,0
SHP-1455,43.83003933292929,949.347288596111,Sector_B,2024-07-02,None,0.9088143591574892,0
SHP-1456,48.307482536719746,493.5941474063142,Sector_D,2024-03-05,Warning: High Temp,0.13445064450010724,1
SHP-1457,50.31625893197071,795.6359402048242,Sector_C,2024-04-04,None,0.7132971268263169,0
SHP-1458,63.829288690201935,201.70553215699522,Sector_C,2024-12-21,None,0.7724821296158729,1
SHP-1459,29.742818520928026,141.0903831226073,,2024-06-22,Warning: High Temp,0.43763385277961175,1
SHP-1460,46.50015728797673,49.352140168883544,Sector_B,2024-10-12,None,0.5082643001711903,0
SHP-1461,52.202687295429584,2896.025263219801,Sector_A,2024-12-14,Warning: High Temp,0.17237458385567195,0
SHP-1462,68.01785469864954,1186.912856314723,Sector_A,2024-11-02,None,0.7150622366928475,1
SHP-1463,46.268252680001595,748.2414026742659,Sector_B,2024-10-22,None,0.18166516734210636,1
SHP-1464,37.138225314283076,2260.8943459006077,Sector_D,2024-08-20,Error: Pressure Drop,0.4081724921584571,1
SHP-1465,47.08941326979335,2341.8472198340123,Sector_B,2024-10-03,Warning: High Temp,0.4596617241691565,1
SHP-1466,43.64048931656594,901.4185497196753,Sector_C,2024-04-05,None,0.768336348283955,1
SHP-1467,40.07107518823202,672.9049320522494,Sector_B,2024-12-09,None,0.8547152967059434,1
SHP-1468,42.718265844621094,1901.7209568883018,Sector_D,2024-11-01,Warning: High Temp,0.7258359411575196,0
SHP-1469,33.044182785844335,1282.009105635939,Sector_D,2024-10-07,None,0.1406552448054973,0
SHP-1470,47.7334169173287,139.74474198159888,Sector_D,2024-02-18,None,0.3255391042562692,1
SHP-1471,59.862210144546076,145.645198212094,Sector_A,2024-11-30,None,0.7749757593327783,1
SHP-1472,43.57603381248044,1251.9408435350592,Sector_C,2024-02-14,Error: Pressure Drop,0.099419476732862,1
SHP-1473,55.90771454988014,380.821865271274,Sector_C,2024-02-29,Error: Pressure Drop,0.41720001714653887,0
SHP-1474,53.51842713086,355.01414945021895,Sector_A,2024-07-20,None,0.8178395697765717,1
SHP-1475,56.960091950548374,193.50030549213048,Sector_A,2024-07-15,None,0.3482123559959004,1
SHP-1476,27.342132392722313,2152.37657155503,Sector_C,2024-01-05,None,0.07706988869479003,1
SHP-1477,50.96027820382614,313.10239074440386,Sector_B,2024-05-18,Error: Pressure Drop,0.28227178294818545,1
SHP-1478,55.626522300738124,244.25129484834034,Sector_A,2024-10-25,Warning: High Temp,0.854637947365855,0
SHP-1479,32.64773785531029,2559.782085932795,Sector_A,2024-12-31,Warning: High Temp,0.08598734561180954,0
SHP-1480,50.02625851033349,1463.7694315389672,Sector_D,2024-09-15,None,0.4893104125686225,1
SHP-1481,45.30984231122135,3079.5143739166424,Sector_D,2024-10-14,None,0.06375035956363262,1
SHP-1482,49.4807791626918,2012.601456411733,Sector_D,2024-12-26,None,0.3638859959307231,0
SHP-1483,46.26510330271282,1739.0836574340906,Sector_A,2024-02-10,Warning: High Temp,0.638845306095767,1
SHP-1484,46.39715279921453,552.8823492984228,Sector_D,2024-12-07,Error: Pressure Drop,0.9790572120345052,1
SHP-1485,60.53648912705246,50.39160862828797,Sector_D,2024-07-03,None,0.7247158208344908,0
SHP-1486,38.13467208385715,1236.3213923052879,Sector_C,2024-02-13,None,0.9804175189064527,1
SHP-1487,48.68324486882016,247.81558845376864,Sector_A,2024-01-17,None,0.454694204256474,0
SHP-1488,53.246232642565545,357.23062415084814,Sector_D,2024-09-15,None,0.6376158776609298,0
SHP-1489,47.13863840295313,239.3097542087933,Sector_B,2024-05-31,None,0.5429098755210866,1
SHP-1490,43.801034612851794,114.7042265172305,Sector_B,2024-05-12,None,0.29191274308505555,0
SHP-1491,31.42421309474306,333.4205703575569,Sector_D,2024-04-06,None,0.6725705396249433,0
SHP-1492,47.35271472578216,1990.9270270562401,Sector_B,2024-04-01,Error: Pressure Drop,0.914068750160705,1
SHP-1493,47.98215990678815,57.92710708696903,Sector_A,2024-07-05,Warning: High Temp,0.7269525553287108,1
SHP-1494,63.965899191527214,2261.5014704115433,Sector_C,2024-05-07,Warning: High Temp,0.5258916334649285,0
SHP-1495,54.64055137513043,840.3688456773654,Sector_D,2024-07-02,Error: Pressure Drop,0.8988510909177904,1
SHP-1496,57.12954019049176,2639.529849323818,Sector_D,2024-12-27,Error: Pressure Drop,0.8760841878411688,0
SHP-1497,46.38860939945857,1716.2398832459999,Sector_A,2024-05-20,Error: Pressure Drop,0.7643453027305884,0
SHP-1498,32.323025637286165,513.3348285817256,Sector_A,2024-10-11,Error: Pressure Drop,0.6707899473093407,0
SHP-1499,62.18826679241482,109.82646456920457,Sector_C,2024-10-21,Error: Pressure Drop,0.8751436425664261,0
SHP-1500,44.801858223332516,754.5808679340105,Sector_A,2024-04-02,None,0.41761784512439204,1
SHP-1501,54.65550929631367,1855.1620026332328,Sector_D,2024-01-05,Error: Pressure Drop,0.0677365511057999,0
SHP-1502,75.05949155971962,13.63209702675133,Sector_B,2024-11-20,None,0.216553024304443,1
SHP-1503,53.5131853308124,50.04238268640607,Sector_B,2024-01-29,Error: Pressure Drop,0.8342046521620132,1
SHP-1504,44.10162704015276,530.4289321301238,Sector_D,2024-05-14,Error: Pressure Drop,0.31024367398000474,0
SHP-1505,48.528405295183774,1547.2119694256482,Sector_B,2024-11-10,None,0.8234103005469033,1
SHP-1506,46.16121897474867,1729.9197476645177,Sector_A,2024-01-22,None,0.5098021927018889,0
SHP-1507,63.41310010313038,554.8000405940569,Sector_B,2024-03-18,None,0.4591928539488944,0
SHP-1508,51.44960520791559,151.1441058414023,Sector_B,2024-07-21,None,0.06023464230048059,0
SHP-1509,42.735285865384554,2536.344651538525,Sector_D,2024-02-23,Warning: High Temp,0.4841757007728701,1
SHP-1510,28.777144079200134,19.862928966584462,Sector_C,2024-10-16,None,0.1478808840569653,1
SHP-1511,41.917584280998206,288.953858706354,Sector_D,2024-10-06,None,0.8697318518783785,0
SHP-1512,47.338847949472026,210.2746415749685,Sector_A,2024-05-03,Error: Pressure Drop,0.29791347221148345,1
SHP-1513,36.53466628417898,379.43924724468417,Sector_A,2024-02-15,Warning: High Temp,0.29022977668223715,1
SHP-1514,55.00525806104322,2162.0439434866607,Sector_A,2024-04-26,None,0.38671643766514885,0
SHP-1515,50.093907211692695,16.175936172254392,Sector_D,2024-12-05,Warning: High Temp,0.14354027851277384,1
SHP-1516,56.732466572340364,1948.6526762342403,Sector_A,2024-06-15,None,0.20330625712073935,0
SHP-1517,55.46245198074209,443.5574907879046,Sector_B,2024-10-11,None,0.6342004246508611,1
SHP-1518,59.550105821896935,331.220489397767,Sector_D,2024-05-15,Error: Pressure Drop,0.9649925859818007,0
SHP-1519,36.40038013578393,2137.420055110564,Sector_B,2024-07-03,None,0.8701067515186149,1
SHP-1520,47.90251211380121,79.98320480264759,Sector_A,2024-10-16,None,0.2953048158699575,1
SHP-1521,39.16831008022102,929.2340771621214,Sector_D,2024-01-05,Warning: High Temp,0.8126735818221003,1
SHP-1522,55.387412174244325,578.6926053375694,Sector_C,2024-04-22,None,0.43054504455096354,0
SHP-1523,54.647860134462846,2.8961687109160343,Sector_A,2024-08-16,None,0.8387253496481003,1
SHP-1524,44.29993534872138,2245.358023022784,Sector_A,2024-05-07,None,0.7818590224782869,1
SHP-1525,32.80418428466227,60.05607683816491,Sector_C,2024-11-07,Error: Pressure Drop,0.9909957917943558,0
SHP-1526,48.594109300345856,571.8899520166976,Sector_D,2024-04-17,Warning: High Temp,0.36504830305457514,1
SHP-1527,65.75417690397413,2046.746817884069,Sector_A,2024-09-05,None,0.4893485382626419,0
SHP-1528,52.934359260065136,1685.3186682983637,Sector_A,2024-04-28,Error: Pressure Drop,0.9455704882598378,1
SHP-1529,57.83115463061021,438.7741341756125,Sector_D,2024-02-04,Warning: High Temp,0.8000476103054642,0
SHP-1530,33.89891232782553,1281.6025676518182,Sector_C,2024-04-23,Warning: High Temp,0.9013038987943437,1
SHP-1531,44.08736406080978,1204.6027973230273,Sector_D,2024-08-07,Error: Pressure Drop,0.6229371896035958,0
SHP-1532,56.088371173898835,2705.8363422167035,Sector_A,2024-12-09,None,0.17153195432578128,1
SHP-1533,65.4747898251879,929.3946563695945,Sector_C,2024-01-08,None,0.4128829310098461,1
SHP-1534,53.653158865963924,378.5857316277976,Sector_A,2024-10-07,None,0.04566964814699348,0
SHP-1535,30.031174177758114,846.1332273467505,Sector_D,2024-01-23,Error: Pressure Drop,0.4347315731033714,0
SHP-1536,51.099400661792345,51.379106119880575,Sector_B,2024-03-01,Error: Pressure Drop,0.04152139802335797,0
SHP-1537,48.2698647372974,1.191579487611182,Sector_C,2024-08-01,None,0.9496528835508995,1
SHP-1538,39.13558252002448,51.242574903412894,Sector_D,2024-11-30,None,0.24575647751559937,0
SHP-1539,48.68582207816534,313.9315771340994,Sector_D,2024-02-27,None,0.5601248535834682,1
SHP-1540,57.042426842833386,136.7940842401916,Sector_C,2024-02-07,Warning: High Temp,0.005373090504138811,1
SHP-1541,44.95486740741879,763.8548421322762,Sector_B,2024-12-04,None,0.38577347337268997,1
SHP-1542,55.050473381978584,2194.3474147483466,Sector_B,2024-06-28,Warning: High Temp,0.9599908052549124,0
SHP-1543,46.37182297542084,106.40660804104897,Sector_B,2024-11-17,Warning: High Temp,0.861982261590642,0
SHP-1544,67.82171330060136,125.12966085835855,Sector_D,2024-10-07,None,0.6645822616292361,0
SHP-1545,48.609801829191504,2127.0356534032358,Sector_A,2024-11-09,Warning: High Temp,0.7921349689973515,1
SHP-1546,36.21958707053827,266.2662736467757,Sector_D,2024-03-06,None,0.579024778729914,0
SHP-1547,41.645335132407304,2056.642454202666,Sector_D,2024-04-13,None,0.05051872541387026,0
SHP-1548,65.03705281756137,232.9173015816319,Sector_A,2024-08-31,None,0.6253951072419531,0
SHP-1549,53.257255391078075,352.5815675993247,Sector_B,2024-12-02,Warning: High Temp,0.41933297646972556,1
SHP-1550,41.13436258273268,52.49033115570813,Sector_D,2024-08-28,None,0.750874639132208,0
SHP-1551,38.81071671705227,1040.3644320410235,Sector_C,2024-10-07,Error: Pressure Drop,0.2532549245977411,1
SHP-1552,68.8056050520424,2424.0832006010464,Sector_A,2024-07-09,None,0.3801408088468682,1
SHP-1553,39.420484186264595,686.7257345463655,Sector_B,2024-06-11,None,0.020735804682216585,1
SHP-1554,56.3282033240797,997.9986919306426,Sector_A,2024-08-10,None,0.8705334905024873,0
SHP-1555,42.8955094162962,717.6042660433881,Sector_C,2024-02-01,Error: Pressure Drop,0.465667876163919,1
SHP-1556,56.545526563321125,499.12261042028666,Sector_C,2024-06-08,Warning: High Temp,0.5041202681466443,0
SHP-1557,49.85919069121149,482.2542424729078,Sector_D,2024-08-07,Warning: High Temp,0.7164871401674193,1
SHP-1558,20.7748594218554,990.2193697622185,Sector_D,2024-09-14,None,0.3970386151552969,1
SHP-1559,53.36201836843505,601.427526149643,Sector_B,2024-04-14,None,0.47640954577693995,1
SHP-1560,44.46992875705784,884.7173757010679,Sector_B,2024-04-12,Warning: High Temp,0.012077144443112586,0
SHP-1561,61.21179280723299,2267.7437093730036,Sector_A,2024-06-10,None,0.5687081623884827,1
SHP-1562,49.467275325301614,819.7262012057889,Sector_B,2024-01-14,None,0.9889949951522831,0
SHP-1563,75.74211208829652,840.8764171868003,Sector_B,2024-02-08,None,0.004249911480853963,0
SHP-1564,59.36491451806279,215.70827054960316,Sector_B,2024-03-14,Error: Pressure Drop,0.47235219909695936,1
SHP-1565,50.3974051371266,1909.3186958612323,Sector_C,2024-08-05,None,0.9833433574827289,1
SHP-1566,74.43553493916063,559.9208741656314,Sector_B,2024-04-21,None,0.49394012393219944,0
SHP-1567,56.648593389153014,94.05285429325237,Sector_B,2024-07-17,Warning: High Temp,0.5912777128986739,0
SHP-1568,51.655253636823,142.2267282899568,Sector_C,2024-10-26,Warning: High Temp,0.3649342701947538,1
SHP-1569,46.9281695965277,152.5913815677948,Sector_C,2024-05-20,Error: Pressure Drop,0.6866903505601734,0
SHP-1570,44.00666301130845,548.7955105574554,Sector_C,2024-05-07,Error: Pressure Drop,0.6334713566682103,0
SHP-1571,56.50677384979164,1348.7641010453026,Sector_A,2024-03-31,None,0.1954006235820196,0
SHP-1572,23.322086424266175,194.75731476523984,Sector_C,2024-03-25,Warning: High Temp,0.7163207344958015,1
SHP-1573,59.94876813683961,208.61596468304612,Sector_A,2024-05-22,Error: Pressure Drop,0.8331276636715497,1
SHP-1574,58.908175436050016,470.9465701154047,Sector_B,2024-02-05,None,0.8823976199791499,0
SHP-1575,55.01716690569419,259.0544082936524,Sector_B,2024-02-07,None,0.09552606915865491,1
SHP-1576,50.53072882936993,283.86770760378755,Sector_C,2024-08-25,None,0.8223879513561636,1
SHP-1577,39.52018279306299,1709.6192899728992,Sector_B,2024-09-06,Error: Pressure Drop,0.8883552561504152,1
SHP-1578,47.20004845271383,529.9487158992488,Sector_A,2024-01-25,None,0.7841114945599347,1
SHP-1579,63.3361352403159,1737.6362724701303,Sector_B,2024-03-29,None,0.5893974772496027,1
SHP-1580,43.41407123932507,121.51124360310709,Sector_D,2024-08-05,None,0.16437236956577472,0
SHP-1581,50.461938598805816,1413.1204018878025,Sector_A,2024-06-17,Error: Pressure Drop,0.9017417014808673,0
SHP-1582,43.09276312945692,1843.7324554562013,Sector_B,2024-05-15,Warning: High Temp,0.4185882175204917,1
SHP-1583,40.37758049164845,229.6125385236998,Sector_D,2024-05-26,Warning: High Temp,0.11866671244122962,1
SHP-1584,31.01081903353085,175.41336774270812,Sector_D,2024-02-11,Warning: High Temp,0.962280203208541,1
SHP-1585,53.503197821389,835.8938985241225,Sector_B,2024-01-04,Warning: High Temp,0.82679448262774,1
SHP-1586,28.311425067017474,661.3325176146212,Sector_D,2024-04-06,Error: Pressure Drop,0.9974154389894683,1
SHP-1587,54.78966717849564,635.9636499917169,Sector_C,2024-12-23,None,0.1098320905801543,0
SHP-1588,56.094446403769204,696.0191425993122,Sector_C,2024-03-17,None,0.6995459630074764,1
SHP-1589,62.9826835475282,1255.4722589717453,Sector_A,2024-05-24,Warning: High Temp,0.9962034048713289,0
SHP-1590,35.75541258662527,362.3411808339985,Sector_A,2024-04-08,Warning: High Temp,0.5332635525412587,1
SHP-1591,51.85007464483078,1045.4351809365878,Sector_D,2024-10-30,None,0.7620463115762872,0
SHP-1592,57.24928828446228,788.3575588925098,Sector_D,2024-02-28,Error: Pressure Drop,0.7499344930454186,0
SHP-1593,58.043312045544866,885.5881306400079,Sector_C,2024-11-01,None,0.03686730997941101,1
SHP-1594,53.31890136917377,415.8420884074443,Sector_B,2024-07-20,Error: Pressure Drop,0.8837956146547769,1
SHP-1595,37.42633545036898,654.4300334454612,Sector_D,2024-04-14,None,0.7826196582948908,0
SHP-1596,49.19656136432241,315.4606997805071,Sector_D,2024-10-28,Error: Pressure Drop,0.2881019653589795,0
SHP-1597,47.97320958405496,532.2093754234646,Sector_B,2024-08-21,None,0.5015362246256282,0
SHP-1598,44.350127692975924,30.956589801610487,Sector_C,2024-03-13,None,0.6879859721031767,1
SHP-1599,60.13109940435611,1730.4300682304624,Sector_D,2024-09-29,None,0.4277187848749342,1
SHP-1600,57.61242305301103,62.445411163532135,Sector_B,2024-03-11,None,0.3652455085973858,0
SHP-1601,46.856727441399705,508.2660015126632,Sector_C,2024-01-16,Warning: High Temp,0.16768774001080455,1
SHP-1602,42.064325407637426,510.95957500493137,Sector_C,2024-06-13,None,0.9370396325908473,0
SHP-1603,45.59236778309488,514.8394337017578,Sector_C,2024-03-15,None,0.8556653439484516,1
SHP-1604,50.26266369589088,483.53277351298755,Sector_C,2024-08-20,Warning: High Temp,0.5761492612262902,1
SHP-1605,57.63256569057141,530.4890845154689,Sector_C,2024-04-09,None,0.8517654403801278,0
SHP-1606,37.49356859000913,1089.7390876012764,Sector_D,2024-12-02,Warning: High Temp,0.8169555582417757,0
SHP-1607,54.94995344835531,1549.0580708432865,Sector_D,2024-03-16,None,0.13357153532981847,1
SHP-1608,34.90745158404391,104.46942215554506,Sector_C,2024-12-22,None,0.5770875585915991,1
SHP-1609,55.54018025634807,945.2718993382048,Sector_C,2024-09-02,Warning: High Temp,0.9863698174858072,0
SHP-1610,63.190517039900975,1582.4638994586026,Sector_C,2024-06-11,None,0.7771801560242161,0
SHP-1611,42.75449294361853,1203.8425522676716,Sector_C,2024-10-09,Warning: High Temp,0.11764723705288804,1
SHP-1612,52.823792146587,326.5951824857395,Sector_A,2024-03-28,None,0.6498296271624723,0
SHP-1613,54.29739304220082,140.54330250655553,Sector_D,2024-09-23,Error: Pressure Drop,0.4495138355844803,1
SHP-1614,62.236403946595,16.05351606244892,Sector_A,2024-07-12,None,0.7851538020837385,1
SHP-1615,53.0639952924579,1806.0130251523576,Sector_B,2024-10-01,None,0.23543627331143302,1
SHP-1616,66.59231800760097,494.47150677793485,Sector_B,2024-06-28,None,0.8292809971189075,1
SHP-1617,53.59177723665912,822.6332638081275,Sector_A,2024-08-28,Warning: High Temp,0.9186375452846228,1
SHP-1618,54.53416011044225,1698.545573051305,Sector_D,2024-08-02,None,0.5757017102335479,0
SHP-1619,44.98036715146331,384.37301559790234,Sector_D,2024-04-22,Warning: High Temp,0.3233847038903882,0
SHP-1620,69.4145170185338,1538.618062037681,Sector_D,2024-07-19,None,0.7598790147748913,1
SHP-1621,75.64272117591855,457.69999770147354,Sector_C,2024-04-30,None,0.9666041510139869,1
SHP-1622,55.661904745100884,1341.0544346679064,Sector_B,2024-05-07,Warning: High Temp,0.5743338055692745,0
SHP-1623,60.247210506928184,571.2106054057028,Sector_A,2024-08-20,None,0.7863579251381457,1
SHP-1624,29.222331513729742,354.1559616296369,Sector_A,2024-09-17,None,0.3835031301507351,0
SHP-1625,67.63565658998296,342.0948749661053,Sector_A,2024-07-05,None,0.5472938445455098,0
SHP-1626,53.95084729619994,483.3774828548756,Sector_B,2024-01-28,None,0.04877374330631434,1
SHP-1627,37.537029343308035,881.450229610111,Sector_D,2024-02-11,Error: Pressure Drop,0.09480579921763987,1
SHP-1628,40.084681005277275,2198.629542833768,Sector_C,2024-07-23,None,0.9697349422219963,1
SHP-1629,72.62440294144301,3309.8282021824693,Sector_A,2024-11-14,None,0.9716296129599987,0
SHP-1630,57.7422731784216,591.5436178257102,Sector_C,2024-07-01,Warning: High Temp,0.9506113730873738,1
SHP-1631,51.98173412914316,236.26030322811283,Sector_D,2024-01-07,Error: Pressure Drop,0.8691304646586095,1
SHP-1632,49.100419378761686,1023.4719172835189,Sector_A,2024-01-25,None,0.4666166333935613,1
SHP-1633,37.8589289109908,1959.6993932652172,Sector_D,2024-06-13,None,0.3734168735827339,1
SHP-1634,59.63712188907114,74.97626874907654,Sector_C,2024-05-31,None,0.654367276554108,0
SHP-1635,60.47595490996434,469.23143655670367,Sector_D,2024-10-10,Warning: High Temp,0.013512603466661721,1
SHP-1636,65.15896903108106,2269.355493631653,Sector_C,2024-01-22,None,0.9141539404754393,1
SHP-1637,51.69290031327054,924.1305219193479,Sector_D,2024-03-22,None,0.20205107827295588,0
SHP-1638,44.53852649343371,1424.113583224182,Sector_B,2024-03-05,None,0.9670484089817228,1
SHP-1639,43.25681507508055,2085.2969069053966,Sector_A,2024-05-02,Warning: High Temp,0.14126616372325695,0
SHP-1640,62.16232814147115,133.082392452394,Sector_B,2024-08-03,None,0.7826608932197807,1
SHP-1641,48.58650050000266,445.864000890549,Sector_A,2024-12-15,None,0.5496613609312435,0
SHP-1642,49.76011074374882,1825.471526490682,Sector_D,2024-05-28,Error: Pressure Drop,0.6741971993488661,1
SHP-1643,36.482416801417,1413.307941975917,Sector_B,2024-10-28,Error: Pressure Drop,0.45904556686715814,1
SHP-1644,51.96169937011983,578.1777416802819,Sector_D,2024-05-09,None,0.012573151004908523,1
SHP-1645,63.257565558087215,2426.8091989690483,Sector_D,2024-01-28,None,0.640041360476481,1
SHP-1646,55.61760942090341,39.241519098424206,Sector_A,2024-05-16,None,0.754330217467955,0
SHP-1647,59.97388972852035,44.74300821419707,Sector_A,2024-05-30,None,0.552127883258146,0
SHP-1648,54.9702014589152,2129.4240418978357,Sector_A,2024-06-20,None,0.15807729113409297,1
SHP-1649,63.9868008111456,500.47801358541165,Sector_B,2024-11-23,Warning: High Temp,0.15163311922705736,0
SHP-1650,61.21722680527262,144.4805652026453,Sector_B,2024-02-20,Warning: High Temp,0.0017072646648625955,0
SHP-1651,80.02509057775212,79.13432585731242,Sector_B,2024-08-18,Warning: High Temp,0.29729258873798925,0
SHP-1652,53.64131681355954,1667.0953448274634,Sector_C,2024-05-03,Error: Pressure Drop,0.01696763692386627,1
SHP-1653,51.31577248567115,474.9833986178445,Sector_C,2024-10-24,Error: Pressure Drop,0.030131402681198294,0
SHP-1654,37.77636987969782,1161.010763001151,Sector_D,2024-02-23,Warning: High Temp,0.225910466605312,1
SHP-1655,33.92540159694204,2356.6099414430896,Sector_D,2024-02-01,None,0.9697682049433185,1
SHP-1656,43.97639698272208,2153.076493568739,Sector_C,2024-02-28,None,0.8712582104797341,1
SHP-1657,67.59711743437092,440.0642675209953,Sector_A,2024-09-21,Warning: High Temp,0.5832079091893075,0
SHP-1658,60.765485633792515,611.7635625862995,Sector_B,2024-07-13,Warning: High Temp,0.9932408276911873,0
SHP-1659,50.80459365722959,949.4511068491718,Sector_D,2024-06-15,None,0.5592075998256271,1
SHP-1660,59.533230274365785,2218.3444399781033,Sector_A,2025-01-01,None,0.15917296436167583,0
SHP-1661,53.081018337678536,210.36059532261714,Sector_D,2024-04-22,None,0.6705653440693146,1
SHP-1662,59.53778592858398,768.6328689150321,Sector_C,2024-03-23,None,0.0435998907812446,0
SHP-1663,69.14097323062566,36.62372015452182,Sector_A,2024-02-11,None,0.36537296940951025,1
SHP-1664,44.34141575756039,976.3659715234595,Sector_B,2024-07-16,Error: Pressure Drop,0.8378260696024289,1
SHP-1665,25.324236060216244,1065.273303016969,Sector_D,2024-08-13,None,0.3565982119829476,1
SHP-1666,35.853876626965835,142.24702067652166,Sector_A,2024-08-11,None,0.8416711229285948,1
SHP-1667,38.526726565868245,639.285485920434,Sector_C,2024-12-08,None,0.8463949505897599,0
SHP-1668,55.282637057400166,947.1767924030315,Sector_D,2024-08-24,Error: Pressure Drop,0.060088144745853556,0
SHP-1669,34.09518758168013,4.364465965274313,Sector_D,2024-08-02,Error: Pressure Drop,0.8891901831669806,0
SHP-1670,59.65698922000435,842.2649147847895,Sector_C,2024-09-01,Error: Pressure Drop,0.49385191265893347,0
SHP-1671,36.36838027787962,1293.2724893058373,Sector_D,2024-12-08,None,0.9449914151490355,0
SHP-1672,48.03883621463121,801.1422555692875,Sector_C,2024-07-18,None,0.4838467088015592,0
SHP-1673,57.18922364296737,4302.789846365356,Sector_C,2024-08-20,None,0.40965214664496685,0
SHP-1674,59.24054436263467,2653.632818094611,Sector_A,2024-05-14,None,0.47966827551567803,1
SHP-1675,53.63245816210963,606.6617486344052,Sector_A,2024-10-11,None,0.7233833255791298,1
SHP-1676,38.64405259889181,3172.1819696066464,Sector_B,2024-12-01,None,0.023478452419732454,0
SHP-1677,32.459935419218795,939.2681614463971,Sector_A,2024-05-23,Warning: High Temp,0.6183786684732612,1
SHP-1678,41.74751647666521,706.331721840401,Sector_A,2024-07-17,None,0.9171155903956841,0
SHP-1679,69.81148349963858,541.014881142108,Sector_B,2024-12-18,None,0.6183868205420543,0
SHP-1680,39.068680675110755,1742.1543420066014,Sector_C,2024-05-05,None,0.3284897063139358,0
SHP-1681,32.350493707011424,401.22311597579676,Sector_A,2024-11-27,None,0.029809550225021852,1
SHP-1682,52.24831004172631,1274.4707856457132,Sector_D,2025-01-01,None,0.011518619364560667,0
SHP-1683,68.95161529897675,834.1128505945699,Sector_C,2024-04-12,None,0.4148208614314822,0
SHP-1684,59.44377669503509,660.8430309977283,Sector_B,2024-07-24,Warning: High Temp,0.0005184716769274234,0
SHP-1685,42.51060312179038,567.9128269323246,Sector_A,2024-06-10,None,0.16433339310883732,1
SHP-1686,51.09567895215483,395.6852701804951,Sector_B,2024-11-02,None,0.9765417807413025,1
SHP-1687,54.611309166911404,183.96438045595016,Sector_A,2024-03-25,None,0.06846507842827776,0
SHP-1688,47.88171363559734,2743.8530074274404,Sector_B,2024-03-24,None,0.7410652312502085,1
SHP-1689,42.84571699830015,305.15509272176166,Sector_D,2024-07-16,Warning: High Temp,0.8915597751359202,0
SHP-1690,41.55271778239492,807.3157187358851,Sector_D,2024-09-13,None,0.03753139235152103,1
SHP-1691,48.40375139825908,602.7252190815444,Sector_D,2024-12-30,Warning: High Temp,0.9582414303327061,0
SHP-1692,42.0578849811425,1496.1390478092542,Sector_A,2024-02-21,Error: Pressure Drop,0.5398544211645818,1
SHP-1693,50.37596960865903,2313.1689762216356,Sector_A,2024-07-29,Error: Pressure Drop,0.20917985044043985,0
SHP-1694,48.1261338369335,521.3586895640791,Sector_D,2024-04-20,Error: Pressure Drop,0.3151770826943179,0
SHP-1695,44.09966978022919,1826.1986254254105,Sector_A,2024-04-20,None,0.9806699830065337,0
SHP-1696,37.238017447394874,1586.731550600321,Sector_D,2024-03-19,None,0.3176615243184395,0
SHP-1697,40.967061183459215,978.8852807976766,Sector_B,2024-07-15,None,0.7281024675188963,1
SHP-1698,35.776904891986995,2155.968181799489,Sector_B,2024-03-20,None,0.26856780147717485,0
SHP-1699,60.19295254253287,1064.2615451903218,Sector_C,2024-10-06,None,0.522045168442117,1
SHP-1700,68.69323886822512,3645.2112708751165,Sector_B,2024-01-08,Error: Pressure Drop,0.3435044914210025,1
SHP-1701,64.13862795259352,489.3333518205012,Sector_B,2024-08-03,Error: Pressure Drop,0.6896889743043708,0
SHP-1702,62.32322738854,461.9381852434003,Sector_A,2024-12-06,Warning: High Temp,0.25941710165510645,1
SHP-1703,43.37269319063622,304.7236151028665,Sector_A,2024-04-21,None,0.2483700768184457,0
SHP-1704,54.081703334198096,3523.0793410805363,Sector_D,2024-02-04,Error: Pressure Drop,0.35049105748043197,0
SHP-1705,39.39505080820199,3774.71207129318,Sector_C,2024-02-08,None,0.5192550892086845,1
SHP-1706,48.29698255994285,1440.7056507910024,Sector_A,2024-07-20,Warning: High Temp,0.44256427431647793,0
SHP-1707,36.271244366758935,656.4010711427884,Sector_B,2024-12-06,None,0.5372190163650878,0
SHP-1708,52.95851685844407,892.9096262052161,Sector_D,2024-03-10,Warning: High Temp,0.29933589946584815,1
SHP-1709,51.113389894442385,938.5905729200642,Sector_B,2024-07-08,None,0.22628113157337337,0
SHP-1710,48.730602159209404,398.4174747027024,Sector_B,2024-01-04,None,0.5060379580687605,1
SHP-1711,36.18934063741477,333.56478228000157,Sector_B,2024-12-19,Warning: High Temp,0.29063837386187874,1
SHP-1712,39.26605387157423,636.7375458282676,Sector_C,2024-08-28,Warning: High Temp,0.9923481274919247,1
SHP-1713,56.550825807333766,572.1411023591586,Sector_C,2024-04-04,None,0.4238740144192791,1
SHP-1714,55.06927983264386,3698.1062809364716,Sector_A,2024-03-07,None,0.5484355290812135,0
SHP-1715,43.14327979720451,35.509608832236246,Sector_A,2024-03-26,None,0.5076535489674908,1
SHP-1716,58.233480860537995,348.3897135220753,Sector_B,2024-05-22,None,0.8083197713469121,1
SHP-1717,45.93316981970748,144.12108836106262,Sector_A,2024-05-17,Error: Pressure Drop,0.0841591942771982,0
SHP-1718,57.01672004288591,72.41409561063102,Sector_D,2024-06-01,Error: Pressure Drop,0.4066777546069771,1
SHP-1719,60.04725862631631,278.1025981483024,Sector_B,2024-10-01,None,0.35207651775536164,1
SHP-1720,64.29408657544687,603.0944174323123,Sector_D,2024-08-07,None,0.4138246415738993,1
SHP-1721,54.80393627486208,1530.7949965034234,Sector_D,2024-06-27,None,0.022183444519122242,0
SHP-1722,39.069107974777694,599.7175789122682,Sector_B,2024-12-18,None,0.5094525579765405,0
SHP-1723,69.05615762182255,874.089567709279,Sector_A,2024-01-06,None,0.735019338229417,1
SHP-1724,57.217767817499485,2563.5229140218694,Sector_D,2024-02-26,None,0.8949954535437884,0
SHP-1725,53.05421085014983,499.9145264734005,Sector_D,2024-03-02,Warning: High Temp,0.5843015321520175,1
SHP-1726,56.234075461512575,406.22917479823,Sector_C,2024-01-04,Error: Pressure Drop,0.8873954684739785,1
SHP-1727,39.79701667248486,58.74634285820136,Sector_C,2024-12-21,Error: Pressure Drop,0.6982438283985377,0
SHP-1728,44.1444688811899,1199.2882572595965,Sector_B,2024-10-13,None,0.8184087858672329,1
SHP-1729,32.947265979558054,164.65883736115433,Sector_B,2024-05-24,None,0.27718921383741113,0
SHP-1730,47.29714104178982,136.2153500320105,Sector_D,2024-07-13,None,0.6621991682499798,1
SHP-1731,51.473221621651675,120.56386412391413,Sector_A,2024-05-26,None,0.289357127363306,1
SHP-1732,50.92672932406886,2995.3655337540285,Sector_A,2024-04-06,None,0.5393466608854557,0
SHP-1733,59.3352888252511,491.34137816210574,Sector_B,2024-04-21,None,0.06942474872079574,0
SHP-1734,51.51641197270413,21.164112610133625,Sector_D,2024-09-30,None,0.7445877721643119,1
SHP-1735,60.80669397775931,92.2896272179932,Sector_A,2024-11-30,Error: Pressure Drop,0.2852489368506609,0
SHP-1736,49.22048991184537,658.7534893120502,Sector_B,2024-10-18,Error: Pressure Drop,0.14969804251728036,1
SHP-1737,51.1811768939509,349.6095493118398,Sector_A,2024-07-21,None,0.6901011460160437,0
SHP-1738,63.651206409117,40.55988471030632,Sector_B,2024-08-15,None,0.2866046337760426,0
SHP-1739,49.89182989690941,187.42313578932726,Sector_B,2024-12-10,None,0.189339364926557,1
SHP-1740,42.748822014356975,852.7745020787074,Sector_B,2024-09-13,None,0.9944203140949113,0
SHP-1741,43.23929206541577,2681.005692943641,Sector_C,2024-09-22,Warning: High Temp,0.7443022551919651,1
SHP-1742,52.465696450794255,737.5094495722763,Sector_C,2024-10-29,None,0.5128705709422807,1
SHP-1743,55.70267782082436,87.56186280563044,Sector_A,2024-05-26,None,0.6501695352775846,1
SHP-1744,57.725389785834935,373.98359756265336,Sector_C,2024-02-21,Error: Pressure Drop,0.9657342147555104,0
SHP-1745,35.38057947241021,26.91266227950824,Sector_B,2024-03-16,None,0.3546748991309999,0
SHP-1746,47.83494293870953,243.07394824675697,Sector_C,2024-04-10,None,0.1828730264386208,0
SHP-1747,54.18447980206239,1035.315560474751,Sector_B,2024-02-05,None,0.8911657422709348,0
SHP-1748,31.60137609867993,447.90494820830077,Sector_A,2024-08-05,None,0.8147532155840533,1
SHP-1749,56.67108969314762,1444.4606326520397,Sector_B,2024-01-16,None,0.4996887718467199,1
SHP-1750,60.3564920500484,1224.3105245066922,Sector_C,2024-10-09,None,0.24937209078927813,1
SHP-1751,42.310738056894515,1101.6685681971353,Sector_A,2024-05-11,Error: Pressure Drop,0.6797599977008841,1
SHP-1752,46.040989668961316,1803.4349053664369,Sector_A,2024-05-06,Warning: High Temp,0.9314232566241137,1
SHP-1753,30.476518215940434,2111.20329643593,Sector_C,2024-05-03,None,0.07168000860432233,1
SHP-1754,61.3234444828231,880.0866406212685,Sector_D,2024-09-14,Warning: High Temp,0.9821844739087779,1
SHP-1755,46.14155754687558,2046.0789398681602,Sector_D,2024-09-15,Error: Pressure Drop,0.2975261437498654,1
SHP-1756,49.6823741626948,187.67002627882255,Sector_B,2024-02-05,None,0.45019436098627963,1
SHP-1757,45.59798298255927,140.7619164351051,Sector_C,2024-07-26,None,0.7266610617402791,0
SHP-1758,61.5436709647769,781.0290254255149,Sector_B,2024-11-07,None,0.08318183915443345,1
SHP-1759,39.18097762688576,4534.847278538939,Sector_B,2024-10-10,Warning: High Temp,0.5757746839618793,0
SHP-1760,49.16992202316453,1959.9223827571311,Sector_D,2024-08-23,Warning: High Temp,0.8937155341520812,0
SHP-1761,62.23868434154206,8.747470330794808,Sector_A,2024-09-27,None,0.22365258412619615,1
SHP-1762,49.09804482130101,55.42942738644944,Sector_B,2024-06-17,None,0.27937959604449025,0
SHP-1763,45.586850436076965,350.06815363022184,Sector_A,2024-04-25,None,0.9815492559171505,0
SHP-1764,40.29759948759753,1801.6754652308769,Sector_A,2024-11-24,Error: Pressure Drop,0.30131897594130186,0
SHP-1765,59.368117921403446,2980.347111262654,Sector_B,2024-09-28,None,0.012843724341908724,0
SHP-1766,53.82761182138735,3005.1778003533987,Sector_B,2024-11-03,None,0.175829951535024,1
SHP-1767,48.702457703821004,1565.8814643952974,Sector_B,2024-08-04,None,0.771072480381285,0
SHP-1768,49.06833974399748,417.35427922170845,Sector_C,2024-05-10,None,0.8133904424610106,0
SHP-1769,34.940889710988536,335.2399404924237,Sector_B,2024-01-11,None,0.8631358436980855,0
SHP-1770,46.43564827657103,407.9412855802276,Sector_D,2024-10-16,None,0.25629607986946923,1
SHP-1771,48.87767099649844,371.3200466884413,Sector_A,2024-12-02,Warning: High Temp,0.3828947180074468,0
SHP-1772,46.81636060240596,1136.8577677340668,Sector_B,2024-08-29,Warning: High Temp,0.1329824403870028,0
SHP-1773,32.36286623793247,219.80274226277277,Sector_A,2024-08-11,None,0.23915645220343273,1
SHP-1774,57.43364408648813,505.4679461648268,Sector_C,2024-05-18,Error: Pressure Drop,0.2638848830982604,0
SHP-1775,56.70255648678855,2695.2824464083656,Sector_A,2024-05-17,None,0.4036596869028106,1
SHP-1776,55.25110370916071,1695.769540622303,Sector_C,2024-07-04,Warning: High Temp,0.9381881584801318,0
SHP-1777,56.246420583799136,570.7813255075326,Sector_D,2024-02-27,Warning: High Temp,0.8871582078402734,1
SHP-1778,50.68946046531416,225.01383243398877,Sector_B,2024-04-07,None,0.13576000289117396,0
SHP-1779,52.56340101474091,1590.0364407902066,Sector_C,2024-03-17,None,0.5666413210067279,1
SHP-1780,64.75686391718901,443.6797951332151,Sector_B,2024-12-16,Error: Pressure Drop,0.8158157123273696,1
SHP-1781,45.50946044040448,9.230412355793078,Sector_C,2024-04-10,None,0.16000943501330234,1
SHP-1782,56.01935858402863,1559.2771574820495,Sector_A,2024-12-08,None,0.6467580121079025,1
SHP-1783,56.8861477464752,1916.3219135919676,Sector_C,2024-01-31,None,0.748997823042508,0
SHP-1784,34.844769404476295,515.9806607122672,Sector_B,2024-01-24,Error: Pressure Drop,0.8292000786373226,1
SHP-1785,60.308902040296346,3615.753342137713,Sector_A,2024-06-05,Error: Pressure Drop,0.6375788452209231,0
SHP-1786,52.40877146602542,3012.066861779085,Sector_D,2024-03-19,None,0.6928695985915789,1
SHP-1787,60.916932878350615,394.70666197011735,Sector_B,2024-04-24,None,0.9628637006416247,1
SHP-1788,57.64421008295647,1418.3578861580938,Sector_C,2024-08-21,Error: Pressure Drop,0.557202234755107,0
SHP-1789,51.145424146187956,1032.123085605797,Sector_D,2024-12-26,Warning: High Temp,0.8005903533313816,1
SHP-1790,52.59619682028096,910.2532141313495,Sector_D,2024-09-08,Error: Pressure Drop,0.6202577034405213,0
SHP-1791,50.025130888581906,3125.0242153159447,Sector_C,2024-10-08,Warning: High Temp,0.34969358909985837,1
SHP-1792,60.10919173563541,1576.3184856830399,Sector_C,2024-06-03,Error: Pressure Drop,0.6019537891019243,0
SHP-1793,34.853222618807294,1159.7452546428003,Sector_C,2024-12-04,None,0.9858031581398085,1
SHP-1794,48.58721726821479,276.92225487135096,Sector_D,2024-06-07,None,0.33242388140155366,0
SHP-1795,57.08874918299408,367.9642280120462,Sector_D,2024-05-06,None,0.3320303107996554,1
SHP-1796,36.50421764668949,418.14669249638644,Sector_A,2024-04-02,None,0.7237202978338412,1
SHP-1797,54.718650660092884,1148.546514879677,Sector_A,2024-10-04,Error: Pressure Drop,0.3346733118700562,0
SHP-1798,61.39903224248844,816.6273309470743,Sector_C,2024-02-14,None,0.45545896649000994,1
SHP-1799,42.32935510963999,1485.7941176388024,Sector_A,2024-11-16,None,0.5548613557393259,0
SHP-1800,58.32229881170999,2232.706624928392,Sector_A,2024-11-05,None,0.7066053125098575,1
SHP-1801,44.73248017290695,105.50061208806157,Sector_D,2024-07-26,None,0.7656044997097853,1
SHP-1802,37.43912946855366,8245.42399841881,Sector_B,2024-02-29,None,0.2195713034690896,0
SHP-1803,53.985432943518134,311.0243266360245,Sector_B,2024-08-29,Warning: High Temp,0.7316760227416291,0
SHP-1804,36.43104097137779,2651.609992951774,Sector_B,2024-06-14,Warning: High Temp,0.9084317053733879,0
SHP-1805,52.39298053318023,525.2193448675911,Sector_D,2024-10-24,Warning: High Temp,0.9792780583987559,0
SHP-1806,49.60492168793663,228.5865461371202,Sector_A,2024-07-18,None,0.08852321189773338,1
SHP-1807,59.8333256062842,354.02550622018435,Sector_A,2024-06-29,None,0.7005204368309133,1
SHP-1808,66.14213426862415,766.0801849909083,Sector_C,2024-07-04,Warning: High Temp,0.14550576708893337,1
SHP-1809,42.45559889710045,1185.8727603317052,Sector_A,2024-12-24,None,0.6824321929858854,1
SHP-1810,27.77672260252292,487.6512587905429,Sector_A,2024-12-01,None,0.1309806229509014,0
SHP-1811,46.69880702994406,914.2761152156755,Sector_D,2024-11-03,Warning: High Temp,0.20956573960475688,1
SHP-1812,59.55733677866085,2144.3913106208065,Sector_A,2024-08-19,None,0.1914941498078736,0
SHP-1813,30.16355332914736,112.41866390602756,Sector_A,2024-03-13,Warning: High Temp,0.3554401843022684,1
SHP-1814,60.9158278492899,627.4734426513176,Sector_A,2024-06-26,None,0.685089383940451,1
SHP-1815,42.80611193806998,597.788859846721,Sector_D,2024-11-04,Error: Pressure Drop,0.7927149225836106,1
SHP-1816,46.136518960971,775.6969514455895,Sector_D,2024-02-05,None,0.048719314298903416,0
SHP-1817,,437.3040874502549,Sector_D,2024-05-03,None,0.8670214055793786,1
SHP-1818,52.00961295004855,1924.3400157903357,Sector_B,2024-04-23,None,0.5010625359840367,0
SHP-1819,51.007432898817974,232.0489642583812,Sector_D,2024-09-26,None,0.801953230739399,1
SHP-1820,54.52450525870009,492.5412578890525,Sector_A,2024-07-18,None,0.6857646568292322,1
SHP-1821,72.05544716691956,3648.251626548876,Sector_C,2024-07-16,None,0.2560827812561166,1
SHP-1822,36.90878151786207,950.2742118573289,Sector_C,2024-12-27,None,0.1541586964139201,1
SHP-1823,43.43091128788337,326.15150954654183,Sector_D,2024-08-10,None,0.934212457607253,1
SHP-1824,59.72666897224379,268.1987151038105,Sector_A,2024-08-23,Error: Pressure Drop,0.3936170303234172,1
SHP-1825,58.385247813330466,1130.5611989322545,Sector_D,2024-11-17,None,0.6785822792003255,1
SHP-1826,56.16603708395475,1284.6832252203617,Sector_D,2024-04-16,Error: Pressure Drop,0.5284765852663773,1
SHP-1827,35.958417216234295,188.54382739612288,Sector_A,2024-03-10,None,0.9134833177050671,0
SHP-1828,29.61460720420808,2402.081082892338,Sector_B,2024-04-05,Error: Pressure Drop,0.3385521654602739,0
SHP-1829,47.20873859093187,328.90709230616204,Sector_B,2024-01-13,None,0.30455125095304636,0
SHP-1830,61.20631273578506,1664.5389674886924,Sector_C,2024-10-13,Error: Pressure Drop,0.9514526280488061,1
SHP-1831,28.646063895217747,387.1985184148817,Sector_D,2024-03-17,None,0.6942145024599666,0
SHP-1832,58.42215670180563,410.3163903455863,Sector_B,2024-02-24,Warning: High Temp,0.78739816435532,1
SHP-1833,55.428426999181106,215.27858548672214,Sector_D,2024-08-18,None,0.897553078934755,1
SHP-1834,45.82182626810649,63.06724501248966,Sector_A,2024-04-24,None,0.6492327799707128,0
SHP-1835,42.94607439884144,105.12006833553805,Sector_B,2024-08-19,None,0.2707610912839279,0
SHP-1836,57.58000846324869,3403.5770915893845,Sector_C,2024-11-19,None,0.5749520328270487,0
SHP-1837,63.220436277724914,17.290045102637944,Sector_B,2024-09-26,Warning: High Temp,0.9020245719094421,1
SHP-1838,60.369200432963545,3330.549954883598,Sector_B,2024-06-10,None,0.27089156541645476,1
SHP-1839,59.57678418052017,1910.637801339827,Sector_A,2024-06-02,None,0.2712177360136865,1
SHP-1840,44.55000616697378,55.8186724711387,Sector_D,2024-01-13,Warning: High Temp,0.1446947288114756,0
SHP-1841,29.11063397528376,11.155458456710374,Sector_D,2024-04-10,Error: Pressure Drop,0.905680535113831,0
SHP-1842,46.176061005698315,705.8785206652011,Sector_A,2024-04-20,Warning: High Temp,0.8249319588502069,1
SHP-1843,55.36613318186808,732.0447968526792,Sector_D,2024-06-03,Error: Pressure Drop,0.12480588704304452,1
SHP-1844,53.038551816593184,144.083141224759,Sector_D,2024-06-25,None,0.2739408891207066,1
SHP-1845,41.3424899078031,478.35816196034295,Sector_D,2024-06-09,Error: Pressure Drop,0.29110758458474684,1
SHP-1846,42.76926357361881,2047.6526505191948,Sector_B,2024-07-15,Error: Pressure Drop,0.9211653564125742,1
SHP-1847,69.05811254185642,172.67812073802403,Sector_B,2024-10-10,Warning: High Temp,0.09462791905124479,1
SHP-1848,63.976630071817844,1038.1607159885195,Sector_B,2024-07-28,None,0.36522845209518984,1
SHP-1849,58.23440155196452,63.97940748826281,Sector_A,2024-10-05,None,0.44788234836203067,0
SHP-1850,51.80466690312911,1290.2766988460528,Sector_B,2024-10-09,Warning: High Temp,0.3651765533672612,1
SHP-1851,500.0,360.90037167236414,Sector_A,2024-02-15,None,0.7216427459922283,0
SHP-1852,51.57929371114749,281.72702001474016,Sector_D,2024-05-08,Error: Pressure Drop,0.5866170107404206,0
SHP-1853,66.47646862989816,3395.2372417630727,Sector_A,2024-09-22,None,0.6141006198456997,1
SHP-1854,47.87962480196183,2291.7979594516496,Sector_C,2024-09-06,None,0.7983088045244363,1
SHP-1855,47.47333213942567,2783.3324174863214,Sector_A,2024-11-16,Error: Pressure Drop,0.5654323804823796,1
SHP-1856,67.42096508370126,43.760980112927946,Sector_B,2024-06-28,None,0.5254825543575652,0
SHP-1857,59.935663340264064,314.003000348136,Sector_D,2024-06-20,None,0.5983549148358035,0
SHP-1858,56.86724725398647,126.60055806270815,Sector_A,2024-08-13,Error: Pressure Drop,0.9995312209697027,0
SHP-1859,46.52999458450605,777.1991491797472,Sector_C,2024-01-17,Error: Pressure Drop,0.9032131598104437,1
SHP-1860,53.953592073291155,412.3001359742639,Sector_B,2024-11-30,None,0.19273675788526412,0
SHP-1861,43.32870223443935,347.9851670897142,Sector_C,2024-07-25,None,0.33994406145552414,1
SHP-1862,47.825563281061044,1341.4830499153002,Sector_A,2024-10-07,Error: Pressure Drop,0.014020687366638418,0
SHP-1863,66.24140905624401,111.1551377245641,Sector_D,2024-12-24,Error: Pressure Drop,0.14976063355758085,0
SHP-1864,60.11515375130997,582.2531351993673,Sector_B,2024-04-08,None,0.7423549903409885,1
SHP-1865,51.44006521678074,1398.4467546473943,Sector_D,2024-06-17,Warning: High Temp,0.6382797171224904,0
SHP-1866,62.35034646328071,576.4606891464832,Sector_C,2024-12-22,Warning: High Temp,0.5223238692076254,1
SHP-1867,45.07983776105692,131.38609510135194,Sector_A,2024-02-24,None,0.693937659746633,0
SHP-1868,65.16358162939433,1102.8957861578388,Sector_B,2024-07-16,Warning: High Temp,0.11981360576461075,0
SHP-1869,55.04322138255713,655.9140513493644,Sector_A,2024-06-05,None,0.7223506507511669,0
SHP-1870,55.637735410721035,1165.0086041864854,Sector_A,2024-04-26,None,0.09873044862534441,1
SHP-1871,41.491648322789324,554.4370580902167,Sector_A,2024-06-01,Error: Pressure Drop,0.6124602906211438,0
SHP-1872,36.032870176612235,353.83459311950185,Sector_A,2024-08-23,Warning: High Temp,0.7077374998236622,1
SHP-1873,36.28916114878403,314.08946712361535,Sector_D,2024-11-11,None,0.7219138759778317,1
SHP-1874,32.298530250940914,1473.5203717181116,Sector_A,2024-12-24,Error: Pressure Drop,0.5828439350158899,1
SHP-1875,18.384375055559225,498.87302501375706,Sector_B,2024-06-14,None,0.7988725977800842,0
SHP-1876,38.97211041507074,3439.0766845668027,Sector_C,2024-07-08,None,0.15146340952407789,0
SHP-1877,51.10271694669024,541.6161060107202,Sector_C,2024-08-05,Warning: High Temp,0.9213539251535425,0
SHP-1878,68.23294294350495,2581.917239092704,Sector_D,2024-07-31,None,0.8389263659719757,0
SHP-1879,54.53026272736666,215.14940254002846,Sector_C,2024-04-20,None,0.16040705855890613,1
SHP-1880,61.54292893897062,1613.141808862659,Sector_D,2024-01-19,Warning: High Temp,0.7710982830495547,0
SHP-1881,54.11670983349021,516.40891298157,Sector_C,2024-01-16,None,0.5560357371625015,1
SHP-1882,50.55156030978398,247.0797524847167,Sector_B,2024-04-27,Warning: High Temp,0.05529425883192163,0
SHP-1883,47.46546665981743,220.9724970239444,Sector_C,2024-03-09,Warning: High Temp,0.7836300888521663,1
SHP-1884,62.182447135595226,45.54273131040215,Sector_D,2024-07-29,Warning: High Temp,0.8080749527781304,0
SHP-1885,57.16453722287377,1853.3161632684928,Sector_A,2024-05-10,None,0.9638478272645321,0
SHP-1886,46.9039451658183,112.16329741391831,Sector_B,2024-09-26,Error: Pressure Drop,0.5692152181890208,1
SHP-1887,60.329684423320565,295.11674822966387,Sector_C,2024-11-27,Error: Pressure Drop,0.6146106999337697,0
SHP-1888,45.782313921203546,1136.8443152698774,Sector_A,2024-05-24,Warning: High Temp,0.09075201674061228,1
SHP-1889,49.95612902155641,542.0725029961183,Sector_B,2024-11-15,None,0.397067486082325,1
SHP-1890,47.382952459689626,42.17172425016437,Sector_D,2024-12-17,None,0.7314465534806072,0
SHP-1891,47.913306270829125,175.40972253884382,Sector_D,2024-05-21,None,0.49643483461350757,1
SHP-1892,47.72456797321413,1457.7643194490927,Sector_C,2024-01-20,None,0.11105301507515775,0
SHP-1893,58.67344923564434,769.2428742978449,Sector_C,2024-12-21,None,0.6338444604022198,1
SHP-1894,47.382725553329244,877.128231007501,Sector_A,2024-10-30,None,0.6122669132601878,1
SHP-1895,64.54749638281444,328.0542137356439,Sector_B,2024-05-30,None,0.010957766755441356,0
SHP-1896,39.03775942033184,923.5037251470931,Sector_C,2024-10-29,Error: Pressure Drop,0.8627618357727886,0
SHP-1897,63.156904887952294,757.2026942455022,Sector_D,2024-10-27,None,0.1079873742488009,1
SHP-1898,59.405918446722076,631.7786293325339,Sector_D,2024-05-07,None,0.9930834582084085,1
SHP-1899,49.17713924211354,255.28970688436482,Sector_A,2024-10-16,None,0.005316737350422707,0
SHP-1900,61.24515583406209,1234.333424581042,Sector_C,2024-10-11,None,0.5744846611909625,1
SHP-1901,57.69465420182407,785.988257343082,Sector_D,2024-12-29,Warning: High Temp,0.4047935593902835,0
SHP-1902,42.64399013599792,588.2745963163799,Sector_D,2024-01-24,None,0.3205832080900055,0
SHP-1903,55.653713587425635,953.6142511962199,Sector_A,2024-09-29,None,0.6003394625393755,0
SHP-1904,54.69001919068215,444.21214512726516,Sector_A,2024-01-04,None,0.3138809713132773,1
SHP-1905,36.19842472566545,1281.0064063258112,Sector_C,2024-10-05,None,0.4410382302519531,0
SHP-1906,31.25235265260303,1799.4500050872607,Sector_B,2024-10-20,None,0.7407535961857635,1
SHP-1907,45.8429262420327,2755.7958060368837,Sector_B,2024-11-01,Warning: High Temp,0.11976754627120445,0
SHP-1908,65.92646498652245,413.59596598795065,Sector_B,2024-04-04,None,0.954659867698751,1
SHP-1909,46.732769990832395,667.4207951962808,Sector_C,2024-04-15,None,0.8625947597240659,0
SHP-1910,42.78958990928709,570.4387647531263,Sector_D,2024-04-19,None,0.6383089084835958,0
SHP-1911,48.19250384293515,120.42134834736154,Sector_B,2024-03-25,None,0.8334135720157452,1
SHP-1912,55.996890744595916,431.58306190395933,Sector_C,2024-04-08,None,0.5092993978678555,0
SHP-1913,42.79339605944717,1574.7879616614616,Sector_B,2024-10-20,None,0.33143639389257507,0
SHP-1914,66.11623563896671,349.05170746315446,Sector_D,2024-02-14,None,0.650814215889787,0
SHP-1915,59.40762832786685,379.18332582050294,Sector_C,2024-03-20,Warning: High Temp,0.981240098370968,0
SHP-1916,60.08954570281647,265.4946746082914,Sector_D,2024-02-20,None,0.6446231119272537,0
SHP-1917,73.37307611996461,1130.3183317180676,Sector_B,2024-11-01,None,0.3882592234897999,1
SHP-1918,44.124976500618175,526.6565398614697,Sector_D,2024-02-25,None,0.8218587897390623,0
SHP-1919,50.530471388596965,224.56185688683098,Sector_D,2024-12-21,Error: Pressure Drop,0.00458360915199163,0
SHP-1920,40.93798094284707,2883.9578451594543,Sector_A,2024-05-30,None,0.10595521514867312,0
SHP-1921,51.87103519701763,1341.2618271938675,Sector_D,2024-09-28,None,0.2112979678763235,0
SHP-1922,41.58917000923096,450.1640281350812,Sector_D,2024-02-04,None,0.7534605656285562,1
SHP-1923,48.56317384308088,392.19104435030084,Sector_B,2024-09-30,Error: Pressure Drop,0.9522526350872266,0
SHP-1924,45.045794353477135,1648.4236369300372,Sector_D,2024-06-10,None,0.11577114884592632,0
SHP-1925,36.40316395235307,275.6972701050374,Sector_D,2024-08-12,None,0.9192617349616696,0
SHP-1926,56.11277222312223,73.18268994505772,Sector_C,2024-03-20,Warning: High Temp,0.8859588473467261,0
SHP-1927,32.93017799795462,1039.9432249867073,Sector_A,2024-01-25,Warning: High Temp,0.6228471875627638,0
SHP-1928,41.10742929679611,333.44978961506024,Sector_B,2024-03-02,None,0.48418082364132153,0
SHP-1929,49.94055467568026,144.81276445580048,Sector_B,2024-11-09,Warning: High Temp,0.21519827883570153,1
SHP-1930,45.859378104669695,2010.2342621529115,Sector_A,2024-07-04,Warning: High Temp,0.20634694961163658,0
SHP-1931,66.15726057042879,1645.6073974085784,Sector_D,2024-09-25,None,0.9757624256358024,0
SHP-1932,60.07972080655375,935.5096565745542,Sector_C,2024-10-08,Error: Pressure Drop,0.1449768008743625,0
SHP-1933,49.985339840127025,356.58535592914495,Sector_B,2024-10-29,Error: Pressure Drop,0.45140864907778777,1
SHP-1934,45.21078829196602,464.5013242435863,Sector_A,2024-09-15,None,0.49737128823267496,1
SHP-1935,41.61033415097746,73.95330271027709,Sector_B,2024-07-24,None,0.20121338624202056,1
SHP-1936,,2492.1484885554796,Sector_D,2024-11-26,None,0.7878938147828409,0
SHP-1937,66.12494385409687,419.52492359255297,Sector_A,2024-07-15,None,0.44441905799626935,1
SHP-1938,500.0,115.30381066677627,Sector_C,2024-08-23,None,0.45166133109325357,1
SHP-1939,49.996398259613336,1733.269107067186,Sector_B,2024-01-03,None,0.27111336256902074,0
SHP-1940,42.436538802024586,2557.9974905841736,Sector_A,2024-01-08,None,0.8832345467993767,0
SHP-1941,58.86636791624605,698.6191480684773,Sector_C,2024-02-13,None,0.08819687522838837,0
SHP-1942,50.99109877103966,297.4639031694673,Sector_D,2024-03-26,None,0.9437039145789702,0
SHP-1943,52.0931946460884,781.809179267156,Sector_C,2024-01-04,None,0.5341419422850497,0
SHP-1944,46.2942971871419,675.8852496281053,Sector_D,2024-06-15,Warning: High Temp,0.5276841735723996,0
SHP-1945,24.580261332746947,119.18289285937163,Sector_C,2024-09-17,None,0.3719672800106567,1
SHP-1946,49.77447507708284,1035.0548837129297,Sector_C,2024-04-30,None,0.4167609202375512,1
SHP-1947,45.79435265192647,652.0159099342857,Sector_A,2024-08-23,None,0.017635423018103724,0
SHP-1948,54.9308510091457,1096.0287881493139,Sector_D,2024-05-31,Warning: High Temp,0.15585534524521882,1
SHP-1949,50.61018046678207,335.62619402999223,Sector_A,2024-09-29,Warning: High Temp,0.2560949270123588,0
SHP-1950,48.07584853610759,2494.1349302795647,Sector_D,2024-06-12,None,0.7810019382389494,0
SHP-1951,45.36950431446969,890.9842255345736,Sector_D,2024-04-21,None,0.47389669321481087,0
SHP-1952,50.5141553187078,996.3282254424133,Sector_B,2024-08-19,Error: Pressure Drop,0.06360404181909929,0
SHP-1953,49.98457633024186,1889.3835125084167,Sector_D,2024-01-23,None,0.8976537403684686,0
SHP-1954,47.376105481896516,184.43288123797097,Sector_D,2024-06-21,None,0.15745096200214037,0
SHP-1955,52.105515416704336,1671.1533320290034,Sector_D,2024-08-21,None,0.2659295749171271,0
SHP-1956,49.98353815052078,2756.8788491148434,Sector_A,2024-07-23,None,0.9952802704430644,0
SHP-1957,48.70207928073059,559.3659042451594,Sector_B,2024-06-02,None,0.45289516586242506,0
SHP-1958,47.751831435864055,137.69512399869475,Sector_A,2024-06-17,None,0.4813262339682267,0
SHP-1959,47.78755528720778,839.0230957742185,Sector_C,2024-05-22,Error: Pressure Drop,0.925732566988421,0
SHP-1960,55.57627292034538,1050.819778380932,Sector_C,2024-07-27,None,0.010614944741081156,0
SHP-1961,68.90067075347642,1191.3382948767212,Sector_B,2024-12-07,None,0.06442620070219429,1
SHP-1962,45.725731515366434,3562.4167700208964,Sector_B,2024-03-15,Error: Pressure Drop,0.5316883076302713,1
SHP-1963,56.75619273248872,149.79329525001862,,2024-06-06,Error: Pressure Drop,0.2756414750698415,0
SHP-1964,56.74831983676893,1483.357460344082,Sector_B,2024-10-19,Warning: High Temp,0.33689928181865325,0
SHP-1965,45.18950812778442,338.0176966999257,Sector_C,2024-11-27,Warning: High Temp,0.7791840887140432,0
SHP-1966,41.717111524512234,2186.726750578253,Sector_A,2024-09-26,Warning: High Temp,0.025464045641353295,0
SHP-1967,28.41777342022518,1584.6692423384068,Sector_C,2024-11-04,Warning: High Temp,0.03907180099568908,1
SHP-1968,49.50266299417822,361.22208616019435,Sector_C,2024-08-27,Warning: High Temp,0.9047261611090918,1
SHP-1969,67.50539511816099,600.8101291866703,Sector_B,2024-01-09,None,0.24909788133431354,1
SHP-1970,61.10273854176934,75.57613302116869,Sector_C,2024-11-18,None,0.8692925457916669,0
SHP-1971,56.42562800685859,3506.836008247404,Sector_A,2024-03-23,None,0.9439987107349485,0
SHP-1972,48.90240309770159,2624.853112059849,Sector_D,2024-08-03,Error: Pressure Drop,0.1601512180111211,0
SHP-1973,45.6530696454916,4592.524381088946,Sector_B,2024-08-23,Warning: High Temp,0.08848254843342018,1
SHP-1974,39.45347697901687,2413.6837593875584,Sector_A,2024-08-01,None,0.7377335973507069,1
SHP-1975,53.049594089015606,57.67585821877061,Sector_B,2024-04-15,None,0.929249234133814,1
SHP-1976,56.59399504450124,1764.206290784411,Sector_A,2024-09-19,None,0.7743364116262188,0
SHP-1977,49.73610183949983,3611.0895694881365,Sector_C,2024-03-17,None,0.4599172166268114,1
SHP-1978,47.634600879642626,41.56335745066109,Sector_C,2024-01-04,Error: Pressure Drop,0.06403368111332663,0
SHP-1979,39.79245207942293,5243.877218098421,Sector_A,2024-08-27,None,0.1388358433021316,1
SHP-1980,31.905149904312097,1136.9692260809272,Sector_C,2024-12-15,None,0.8661347239637425,0
SHP-1981,54.402952682305525,207.86471471400205,Sector_B,2024-07-02,None,0.10271291632554636,0
SHP-1982,49.77536094721824,230.8839803361438,Sector_C,2024-01-22,None,0.08346304356088263,1
SHP-1983,73.24448926208296,1921.3241949222916,Sector_B,2024-03-21,None,0.024043348537031495,0
SHP-1984,47.16529876324162,19.300071511449556,Sector_B,2024-11-07,Warning: High Temp,0.33287398744011354,1
SHP-1985,46.72263373865041,315.1792682865029,Sector_D,2024-10-05,None,0.48256365410264956,0
SHP-1986,36.69323704185799,576.792519704705,Sector_B,2024-12-27,Warning: High Temp,0.2775592535811643,1
SHP-1987,54.51239771712326,550.2542997328438,Sector_B,2024-10-30,Warning: High Temp,0.510248642761235,0
SHP-1988,44.78346104060375,31.158739090350167,Sector_B,2024-12-26,Error: Pressure Drop,0.8886212922907959,0
SHP-1989,52.839759529079046,102.15803070508778,Sector_C,2024-12-21,None,0.4312349284823931,0
SHP-1990,57.70934406878638,892.9359921316537,Sector_A,2024-05-02,Error: Pressure Drop,0.27702136813576395,1
SHP-1991,42.47946286323183,84.41049567915765,Sector_A,2024-09-07,Warning: High Temp,0.6171592481651348,1
SHP-1992,59.763594671153456,785.0424775606183,Sector_B,2024-10-18,Error: Pressure Drop,0.005482323375728071,0
SHP-1993,43.01098492487268,186.93678167084167,Sector_A,2024-03-25,None,0.39678938437612754,0
SHP-1994,60.59251993840412,1576.2210431049125,Sector_C,2024-11-02,None,0.3514345194145224,0
SHP-1995,53.8871077826839,690.1632081256977,Sector_D,2024-08-31,Error: Pressure Drop,0.2267530226741017,1
SHP-1996,62.02806301511651,1187.304699115945,Sector_B,2024-11-16,None,0.5044835434729422,0
SHP-1997,48.58829605087669,1394.1261237318213,Sector_A,2024-10-09,None,0.10169616268220527,0
SHP-1998,55.263625738741794,212.22738614771868,Sector_A,2024-04-21,None,0.5224638322200361,1
SHP-1999,55.54990730085457,1071.2239681857611,Sector_D,2024-05-12,None,0.7175759161003465,1
SHP-2000,49.10583924588517,1100.7427645393248,Sector_D,2024-09-17,None,0.9963619315136735,0
SHP-2001,58.131442120300726,437.59903470159765,Sector_D,2024-07-27,None,0.15539088001381596,0
SHP-2002,51.79450344635576,631.4497932584358,Sector_C,2024-11-13,Error: Pressure Drop,0.09966942529826406,1
SHP-2003,39.4258271472885,1206.238711824022,Sector_B,2024-01-30,Warning: High Temp,0.8791152723795246,0
SHP-2004,56.44888526840033,210.5811124756021,Sector_B,2024-11-25,Error: Pressure Drop,0.4415057836972892,0
SHP-2005,42.05955092551565,741.1448579102326,Sector_D,2024-07-07,None,0.31319390675380687,1
SHP-2006,48.58287011774316,542.9693541787663,Sector_A,2024-02-22,None,0.9219740479736598,0
SHP-2007,72.08259106423442,462.0457307814502,Sector_C,2024-02-21,Error: Pressure Drop,0.22247941798812976,0
SHP-2008,51.12934819754058,1815.7109557787724,Sector_A,2024-04-05,None,0.8907269835746607,0
SHP-2009,37.375177378614254,1007.9676021332151,Sector_C,2024-04-29,None,0.8206932369512503,1
SHP-2010,62.262590797990704,2511.1971582171527,Sector_C,2024-09-14,Error: Pressure Drop,0.4735026863323669,1
SHP-2011,41.158390202852885,624.7091772863652,Sector_D,2024-10-30,None,0.12779908260817008,0
SHP-2012,47.15379358373452,2415.307443859342,Sector_A,2024-11-27,None,0.5127664855171135,1
SHP-2013,52.00046382060639,644.1886899771135,Sector_D,2024-07-10,Error: Pressure Drop,0.5386533377877454,0
SHP-2014,58.77718942041685,938.6713595385488,Sector_A,2024-03-25,None,0.2263237701710895,0
SHP-2015,44.494590291608084,138.74917773326277,Sector_D,2024-11-01,Warning: High Temp,0.3057495608125502,1
SHP-2016,55.66883833257847,597.877138813421,Sector_B,2024-05-02,Error: Pressure Drop,0.23255043587021262,1
SHP-2017,55.59597046365022,43.23907092137872,Sector_C,2024-02-23,None,0.7356903393455978,1
SHP-2018,46.131542737982144,455.14924258057306,Sector_C,2024-12-01,None,0.9440154837280873,1
SHP-2019,48.86224149382117,1939.9288926453714,Sector_D,2024-12-01,Error: Pressure Drop,0.5963072705970437,1
SHP-2020,39.72247459728673,111.43232218918808,Sector_C,2024-03-30,Error: Pressure Drop,0.8969606382127654,1
SHP-2021,40.64521457686609,2611.6999026886324,Sector_B,2024-11-07,Error: Pressure Drop,0.7116279265610997,1
SHP-2022,60.32885906182108,318.65706997725795,Sector_C,2024-01-22,None,0.10808661182553525,0
SHP-2023,43.696838483081855,129.94087506551227,Sector_B,2024-01-21,Error: Pressure Drop,0.5415892136259091,0
SHP-2024,48.41016943230622,1567.3660548968373,Sector_C,2024-05-02,None,0.4797224903864168,0
SHP-2025,52.73072622871236,1626.0052650494827,Sector_B,2024-07-07,None,0.3250849542701669,1
SHP-2026,50.125298524544924,592.2092543559637,Sector_D,2024-07-17,Error: Pressure Drop,0.2350831897298845,1
SHP-2027,41.48270681303631,22.829016469838567,Sector_A,2024-02-27,None,0.7879209424577563,1
SHP-2028,25.073147556984168,191.06306568827398,Sector_B,2024-03-02,Error: Pressure Drop,0.9296620479004231,0
SHP-2029,45.95362305213298,192.42059884437782,Sector_B,2024-06-14,Error: Pressure Drop,0.9035318696591027,0
SHP-2030,46.043067457128295,482.0930279930066,Sector_D,2024-07-16,Error: Pressure Drop,0.014842252480702478,0
SHP-2031,38.53833001701419,269.46628101521367,Sector_A,2024-03-21,Error: Pressure Drop,0.8657500580253593,1
SHP-2032,48.071393655294145,2586.8410722216818,Sector_C,2024-06-18,Error: Pressure Drop,0.6365652638722658,1
SHP-2033,53.230607064237134,315.225557787279,Sector_A,2024-02-21,None,0.5416620895249713,0
SHP-2034,45.399299140088274,812.7225211484085,Sector_D,2024-04-16,None,0.13626153236859573,1
SHP-2035,59.562737718077145,418.06077021844237,Sector_B,2024-03-13,None,0.8752209995273602,1
SHP-2036,41.65172821625892,388.0678173969138,Sector_A,2024-05-27,None,0.00514008222429041,0
SHP-2037,59.91047446462219,1100.2542421899047,Sector_B,2024-08-03,Error: Pressure Drop,0.24416656774060486,0
SHP-2038,83.8302436555645,1596.8828279879283,Sector_C,2024-08-05,Error: Pressure Drop,0.41607225337438947,1
SHP-2039,46.02938741101746,1000.5764868313233,Sector_C,2024-05-09,None,0.06906424006493539,1
SHP-2040,51.66724330708914,839.1825647394198,Sector_A,2024-03-23,Error: Pressure Drop,0.870354263981079,0
SHP-2041,61.11653226021406,535.3248628297571,Sector_D,2024-02-14,Error: Pressure Drop,0.31738645749642136,1
SHP-2042,68.76155230039248,427.26128219322385,Sector_C,2024-03-25,None,0.18296185917268448,1
SHP-2043,63.63369912808879,1919.4663710328534,Sector_D,2024-01-31,None,0.04828831755015839,0
SHP-2044,71.1888417920732,1802.191050204539,Sector_B,2024-07-17,Warning: High Temp,0.577787406932604,1
SHP-2045,48.446369534280485,1220.231135562806,Sector_D,2024-09-13,Error: Pressure Drop,0.1935945084192573,1
SHP-2046,39.27135565404117,806.9349785303333,Sector_A,2024-12-30,None,0.4269029701468865,0
SHP-2047,53.405318934880526,2572.8447689700665,Sector_B,2024-06-13,None,0.2042173240892592,0
SHP-2048,60.7824904327859,261.5842884184951,Sector_C,2024-04-13,None,0.4756065701723162,1
SHP-2049,36.503982787358595,896.1146100244005,Sector_B,2024-12-22,Error: Pressure Drop,0.7213044663078251,0
SHP-2050,41.99413104275613,1099.1846045492732,Sector_C,2024-04-24,Warning: High Temp,0.7776328207490598,1
SHP-2051,19.031188271054617,729.7036310330394,Sector_B,2024-05-18,None,0.6118314801214262,1
SHP-2052,44.989376859297735,87.5324132891457,Sector_D,2024-10-01,None,0.4816361007417779,0
SHP-2053,30.729536718239167,2968.0440600365732,Sector_C,2024-07-25,Warning: High Temp,0.8720666546663309,0
SHP-2054,56.446436277465224,422.3957043652906,Sector_B,2024-08-06,Warning: High Temp,0.4653059170611279,0
SHP-2055,44.62441469296473,950.298380514445,Sector_A,2024-02-10,None,0.4830094844167746,0
SHP-2056,55.932741060664725,511.7837516966699,Sector_B,2024-08-26,Error: Pressure Drop,0.8237454512784307,0
SHP-2057,26.832391917426776,663.8771472310325,Sector_A,2024-03-11,None,0.44435054008959385,0
SHP-2058,57.204560981058094,1003.3865305240113,Sector_A,2024-03-12,None,0.1490103609594261,1
SHP-2059,49.67770199084324,934.5081885536043,Sector_C,2024-01-25,Warning: High Temp,0.7705006867006444,1
SHP-2060,44.20995149528752,286.1119381235172,Sector_B,2024-03-18,None,0.17843223277039666,1
SHP-2061,30.59485451734805,24.101628919987256,Sector_B,2024-08-11,None,0.9361925623021868,0
SHP-2062,59.224465545447,1426.358170565064,Sector_D,2024-09-27,None,0.08597212618933592,0
SHP-2063,45.022011148289614,1271.9398664194075,Sector_D,2024-08-12,Warning: High Temp,0.05739525763869546,1
SHP-2064,46.63832585301719,919.7339408641226,Sector_D,2024-10-24,None,0.5419761496121515,1
SHP-2065,40.05420948705498,2627.1592119027146,Sector_C,2024-01-04,None,0.6756786809424713,0
SHP-2066,56.27376630791141,1535.416706527595,Sector_C,2024-01-13,None,0.696146813233506,0
SHP-2067,56.13281882019942,503.1518658998581,Sector_A,2024-09-25,Error: Pressure Drop,0.13906795857025955,1
SHP-2068,37.87905272868275,1405.4859792050413,Sector_A,2024-12-28,None,0.2601941010239379,1
SHP-2069,30.938935524916324,25.842894050095058,Sector_C,2024-01-04,None,0.3394776721548567,0
SHP-2070,81.60269063984305,296.545234089179,Sector_B,2024-01-13,None,0.2200595354547501,0
SHP-2071,35.758530085533344,3251.9719775457424,Sector_B,2024-07-31,None,0.4237885448602796,0
SHP-2072,46.00845301868619,626.4179580007711,Sector_D,2024-08-27,None,0.07800802444366017,0
SHP-2073,51.71399422929016,1389.11592295712,Sector_A,2024-09-16,Warning: High Temp,0.41543631238744483,1
SHP-2074,50.00730993838514,2657.134743131513,Sector_D,2024-09-06,None,0.3192070294523114,0
SHP-2075,64.36706380656048,748.8082562493418,Sector_C,2024-12-11,None,0.5689066181147463,0
SHP-2076,39.30388790617789,301.34326765448037,Sector_D,2024-05-13,None,0.24493948377687502,1
SHP-2077,54.243734219322924,937.3168668059776,Sector_A,2024-07-27,Warning: High Temp,0.8297636248070566,1
SHP-2078,58.48824675331391,56.9707080183361,Sector_B,2024-10-09,None,0.750794143553214,1
SHP-2079,51.07143731460573,605.3044817162752,Sector_A,2024-11-23,Warning: High Temp,0.009176341287946976,0
SHP-2080,54.16150043346175,1261.99956352773,Sector_A,2024-11-15,None,0.087332892797236,0
SHP-2081,53.27393113249244,114.07970467007098,Sector_D,2024-05-19,Warning: High Temp,0.16048972598292754,1
SHP-2082,46.676691047613346,1013.8245567555965,Sector_B,2024-11-30,None,0.7557990676691593,0
SHP-2083,61.107622946211414,19.74300606351055,Sector_D,2024-11-26,None,0.765811450319464,0
SHP-2084,57.41413339191857,326.18421335574766,Sector_B,2024-09-03,None,0.18438027226891862,0
SHP-2085,51.34091368788095,67.48544873114159,Sector_B,2024-09-17,Error: Pressure Drop,0.5488138645100918,1
SHP-2086,55.87166370512157,1296.1241108608456,Sector_A,2024-08-16,None,0.30363028875071474,0
SHP-2087,36.00830319114676,1835.8566088297355,Sector_A,2024-04-24,None,0.9319640688349609,0
SHP-2088,55.573685782848536,1359.9842439797712,Sector_D,2024-06-09,None,0.6651108172760865,1
SHP-2089,36.459738577590485,363.1419913281342,Sector_D,2024-01-29,None,0.44704755569552246,0
SHP-2090,42.794537207803046,638.7320950808459,Sector_B,2024-03-20,None,0.22904340080400631,0
SHP-2091,54.06139804028048,523.2129701924208,Sector_B,2024-12-14,Error: Pressure Drop,0.6858286688537878,1
SHP-2092,50.69600360874539,150.21226603978275,Sector_D,2024-04-20,None,0.27041662564493063,1
SHP-2093,41.180359985027565,856.8398671567849,Sector_D,2024-12-17,Error: Pressure Drop,0.9933812903946487,1
SHP-2094,51.85782017418747,482.1398314161077,Sector_A,2024-06-05,None,0.8480201003330019,0
SHP-2095,45.58503111418672,601.9995412040007,Sector_C,2024-03-23,None,0.49178599955787894,1
SHP-2096,49.63613342392691,275.45772236815606,Sector_B,2024-03-07,Error: Pressure Drop,0.8084033324779203,1
SHP-2097,41.950242721184765,559.606976243767,Sector_B,2024-04-02,Warning: High Temp,0.47518565962706105,0
SHP-2098,50.11088239737693,385.1653266463416,Sector_C,2024-05-20,None,0.5736990614830049,0
SHP-2099,50.19249480303563,21.930666141490544,Sector_B,2024-03-29,None,0.7730397570069094,0
SHP-2100,50.82131096142532,1778.6989647471044,Sector_A,2024-03-29,None,0.8952709311192678,1
SHP-2101,62.07529283484038,516.584945125593,Sector_D,2024-12-26,None,0.03230835583631797,1
SHP-2102,37.71935656211823,807.9880686840354,Sector_C,2024-11-15,None,0.430706299147964,1
SHP-2103,61.92240690448083,10.84037864704725,Sector_D,2024-03-29,None,0.856001314024312,1
SHP-2104,55.035051311703356,1358.633564576486,Sector_B,2024-10-27,None,0.3380678719917609,1
SHP-2105,65.191206370934,1124.8413851392509,Sector_B,2024-06-19,None,0.34548079851395896,1
SHP-2106,43.90508584195779,811.1201625688785,Sector_C,2024-03-13,Error: Pressure Drop,0.4795061321505776,0
SHP-2107,55.84522778361685,154.74791191768074,Sector_B,2024-02-23,Warning: High Temp,0.7399812443263999,1
SHP-2108,63.7104346251475,2108.6497597743705,Sector_D,2024-07-26,Warning: High Temp,0.6557075549604078,0
SHP-2109,51.893402633050464,1728.3538345872246,Sector_C,2024-03-20,Error: Pressure Drop,0.9673118902149705,1
SHP-2110,60.227510588606485,1095.6117004495632,Sector_A,2024-11-02,Error: Pressure Drop,0.05825700534763212,0
SHP-2111,44.18034326887805,1048.0446932087839,Sector_C,2024-01-30,None,0.5386339491119747,0
SHP-2112,53.34579487071677,1395.465202368423,Sector_D,2024-09-23,None,0.34923737960370205,1
SHP-2113,45.78134290529601,1948.3848254643551,Sector_B,2024-09-03,None,0.40119232373806624,0
SHP-2114,41.33556799459514,1165.2908796400725,Sector_B,2024-03-07,Error: Pressure Drop,0.8629576557124355,1
SHP-2115,51.09785225376903,1953.7041909453803,Sector_C,2024-11-11,Warning: High Temp,0.8433832386610423,1
SHP-2116,49.823254931778045,385.8665768704479,Sector_D,2024-03-17,Error: Pressure Drop,0.9597533655822925,1
SHP-2117,71.00756778538178,1331.3781990044795,Sector_D,2024-11-20,None,0.8678275081660108,0
SHP-2118,43.68352987871362,856.7542543228349,Sector_C,2024-04-26,None,0.044175681186945925,1
SHP-2119,64.05147550312292,1031.233519503945,Sector_A,2024-02-06,Warning: High Temp,0.4201911970971497,1
SHP-2120,42.732100085068446,1863.3326255041977,Sector_A,2024-10-08,Warning: High Temp,0.3108599986490077,0
SHP-2121,47.9019403030442,98.24762245496575,Sector_B,2024-06-05,None,0.12782824865799713,0
SHP-2122,67.2558912015341,1092.622842269935,Sector_D,2024-09-17,None,0.7810992016429913,1
SHP-2123,500.0,294.3408825352412,Sector_C,2024-10-02,Error: Pressure Drop,0.37531711660990075,0
SHP-2124,64.42219267973594,200.57636908349187,Sector_B,2024-06-06,None,0.6386246471265327,0
SHP-2125,57.383245398155196,2311.5146609553244,Sector_B,2024-05-30,None,0.9072372603909619,0
SHP-2126,57.2038406354573,1503.2468148499106,Sector_A,2024-09-16,None,0.047491428527246304,0
SHP-2127,48.93334411405562,388.45814170685986,Sector_D,2024-12-02,None,0.12461168634007813,1
SHP-2128,60.25783430393305,847.4010843733856,Sector_C,2024-07-09,Warning: High Temp,0.4848028235056776,0
SHP-2129,73.97255184757192,1633.3124424575021,Sector_D,2024-01-14,Error: Pressure Drop,0.08641033698545608,1
SHP-2130,41.45648342053976,835.50526086534,Sector_B,2024-12-06,Warning: High Temp,0.6987368681851691,0
SHP-2131,30.40793590600701,250.28479835993068,Sector_A,2024-05-14,Warning: High Temp,0.6799091716931372,0
SHP-2132,55.683298795266154,1313.9709239142337,Sector_A,2024-08-27,None,0.6965789050744953,0
SHP-2133,57.18545589781624,1432.3648820805213,,2024-01-26,None,0.4286350174983662,1
SHP-2134,48.846242195410305,1187.076544976996,Sector_D,2024-06-26,Warning: High Temp,0.733136302128496,0
SHP-2135,30.421261055633572,114.6583826870415,Sector_C,2024-07-18,Error: Pressure Drop,0.17815700997430806,1
SHP-2136,47.335190552003155,3242.280838762527,Sector_D,2024-02-04,None,0.6591197016097646,1
SHP-2137,56.845039579215076,791.1762054536027,Sector_A,2024-06-05,Error: Pressure Drop,0.5887339679878575,1
SHP-2138,43.11393680248549,945.2769955451878,Sector_B,2024-03-17,Warning: High Temp,0.0034822516720213192,0
SHP-2139,46.839477838294926,282.25786442141936,Sector_D,2024-08-06,Error: Pressure Drop,0.2792430003812909,0
SHP-2140,34.126130215633566,788.1142593410948,Sector_B,2024-07-01,Warning: High Temp,0.7841686599519085,1
SHP-2141,56.79188228151443,629.4151296807296,Sector_C,2024-02-15,Warning: High Temp,0.8475869477586577,0
SHP-2142,38.39110521046214,782.2025117374624,Sector_C,2024-08-11,None,0.41641144315441747,1
SHP-2143,56.102737658190755,1560.4384843485636,Sector_D,2024-12-12,None,0.1077153935090448,0
SHP-2144,29.630979169017703,1309.1509923853753,Sector_C,2024-10-11,Warning: High Temp,0.9619258947559725,0
SHP-2145,,1776.0027677110497,Sector_D,2024-10-08,None,0.03016145440566287,0
SHP-2146,49.6050126332446,319.30258360681546,Sector_C,2024-08-25,Warning: High Temp,0.5842236728899247,0
SHP-2147,57.936533539692626,191.70626522327785,Sector_C,2024-09-04,Error: Pressure Drop,0.7657720255675861,0
SHP-2148,65.23444893978197,165.21785278722743,Sector_B,2024-08-30,None,0.5030104471245285,0
SHP-2149,50.014460640042614,1381.4611052075745,Sector_C,2024-01-25,Error: Pressure Drop,0.3622108649543867,1
SHP-2150,55.50882776289666,653.6540903927175,Sector_B,2024-01-28,Error: Pressure Drop,0.5165697519231122,1
SHP-2151,38.033126500104174,5.634547141570718,Sector_D,2024-01-24,None,0.25354149974288565,1
SHP-2152,53.93283925301528,1157.122523577956,Sector_B,2024-07-31,None,0.02841806199233421,0
SHP-2153,57.232444403310424,39.11913748532569,Sector_C,2024-04-04,None,0.8754702369371308,1
SHP-2154,41.80493172565262,102.90723468134817,Sector_A,2024-02-15,Warning: High Temp,0.40402500550018405,1
SHP-2155,43.45068778366438,393.74745252333634,Sector_C,2024-01-17,None,0.8831298497183417,1
SHP-2156,21.59279393370641,75.55169447289934,Sector_D,2024-07-21,Error: Pressure Drop,0.2919851753428342,1
SHP-2157,64.13009357457187,443.4802672797692,Sector_D,2024-12-03,None,0.19468284028420246,0
SHP-2158,60.424560968045334,971.6431890990106,Sector_C,2024-06-27,None,0.9938990056737305,1
SHP-2159,52.95281163663632,792.7700759849628,Sector_D,2024-04-04,None,0.7906304666389868,1
SHP-2160,42.826190154226495,1709.9629823255586,Sector_B,2024-03-15,None,0.781100264940106,0
SHP-2161,63.780916208879525,738.18677641749,Sector_B,2024-04-02,None,0.5257058862631134,1
SHP-2162,67.32620905569199,606.8396797809272,Sector_D,2024-05-31,Error: Pressure Drop,0.21953191841752973,1
SHP-2163,43.824520410400936,920.489925113923,Sector_D,2024-04-22,None,0.061387827840480025,1
SHP-2164,54.52462146275194,158.18043233624513,Sector_D,2024-12-15,None,0.21036520293837568,1
SHP-2165,44.98122424773539,4317.337846142901,Sector_A,2024-04-11,None,0.9036272922257167,1
SHP-2166,50.05254796456514,1432.8092820931424,Sector_B,2024-09-05,None,0.9545925269509009,0
SHP-2167,57.53630343116186,604.3364903251696,Sector_B,2024-04-18,Error: Pressure Drop,0.5026687999402449,0
SHP-2168,41.18587220773177,708.9951106715848,Sector_D,2024-07-04,None,0.6182427374076496,1
SHP-2169,54.1235353406855,214.88572518766244,Sector_D,2024-08-07,None,0.9150909783748571,1
SHP-2170,54.982454905008275,3161.0088634814665,Sector_C,2024-04-04,Warning: High Temp,0.18106258554349142,0
SHP-2171,63.21662876141446,238.335911069667,Sector_C,2024-08-10,None,0.8124730004724435,0
SHP-2172,61.20175632328713,267.2399181105896,Sector_B,2024-07-14,None,0.9841046988178186,1
SHP-2173,57.44356066998254,817.1327407771648,Sector_B,2024-12-28,None,0.9872848528955449,0
SHP-2174,29.15689758807575,636.0549717544847,Sector_C,2024-05-08,None,0.8994966026820627,1
SHP-2175,53.225197407490114,1879.6387190869439,Sector_A,2024-04-29,None,0.6220929796782623,1
SHP-2176,46.40447892746662,668.2985202413456,Sector_D,2024-07-08,Warning: High Temp,0.6098006750773405,1
SHP-2177,58.57891279720259,4866.942001738309,Sector_C,2024-02-20,None,0.7130620897337181,1
SHP-2178,52.95588140822562,772.6197714607775,Sector_A,2024-04-05,None,0.9677341827416871,1
SHP-2179,61.571018898617254,1200.2858882898097,Sector_C,2024-06-23,Error: Pressure Drop,0.7624192508501683,1
SHP-2180,69.82188287499038,6792.724653833611,Sector_D,2024-01-08,Error: Pressure Drop,0.430719989204448,0
SHP-2181,53.41964009583703,964.49673613206,Sector_C,2024-07-18,None,0.275408432344878,1
SHP-2182,49.70094422579007,12.158224602757839,Sector_A,2024-04-01,None,0.03690894309618564,0
SHP-2183,40.239674239023294,867.9055488492053,Sector_D,2024-06-22,None,0.7748859249762414,0
SHP-2184,55.076953343540005,1658.4528308684428,Sector_A,2024-08-23,None,0.8212156807375796,0
SHP-2185,67.19776376701894,1175.993416163664,Sector_B,2024-01-12,None,0.46715308177469306,1
SHP-2186,57.104296429054955,446.9973170558674,Sector_A,2024-07-27,Error: Pressure Drop,0.012219391726049467,1
SHP-2187,48.22813108659572,957.6081511485772,Sector_C,2024-07-21,Warning: High Temp,0.3026143982193603,0
SHP-2188,45.834321716430665,677.6858172478501,Sector_B,2024-11-02,None,0.5885142539092845,0
SHP-2189,37.951216599456416,894.3829332125713,Sector_C,2024-08-17,None,0.94431442411486,0
SHP-2190,65.06612447682195,941.3355522141431,Sector_A,2024-10-07,None,0.8599988935189864,1
SHP-2191,57.928352403026224,1405.978098947329,Sector_B,2024-11-16,Error: Pressure Drop,0.4279450519955158,1
SHP-2192,54.023747140686474,118.55466324325155,Sector_B,2024-07-18,None,0.6514583206991976,1
SHP-2193,41.13830147271051,68.56338497951862,Sector_B,2024-08-13,Error: Pressure Drop,0.6070014330964996,0
SHP-2194,58.04267664759219,538.3371851447465,Sector_A,2024-02-12,None,0.6035048779882126,0
SHP-2195,49.42290337211634,636.6546688558634,Sector_B,2024-03-26,None,0.7003829855714584,0
SHP-2196,56.8083284591823,1750.999295828002,Sector_D,2024-10-06,None,0.33533620784401763,0
SHP-2197,29.07101114544726,243.44543992230246,Sector_C,2024-04-12,None,0.24795410637447002,0
SHP-2198,50.24632743303352,830.8991320036027,Sector_C,2024-03-02,None,0.6742656191056255,1
SHP-2199,52.52068369430687,656.9833176643274,Sector_D,2024-03-05,Error: Pressure Drop,0.9974558464799814,0
SHP-2200,57.77019029805649,249.60084893893273,Sector_C,2024-11-04,Warning: High Temp,0.43825536664356357,0
SHP-2201,39.92070826166335,2367.3718295188223,Sector_A,2024-07-11,None,0.5569224146786995,1
SHP-2202,23.72712276589601,499.4875473049916,Sector_C,2024-11-30,None,0.8062726749267417,1
SHP-2203,49.92081217946268,36.72516942090961,Sector_C,2024-11-16,Warning: High Temp,0.8194838924439133,1
SHP-2204,54.49110827398031,302.34121665683114,Sector_A,2024-05-22,None,0.6863423896427604,1
SHP-2205,50.253954750410365,4339.375482181082,Sector_B,2024-03-31,None,0.7665864347590393,0
SHP-2206,38.075457588569364,94.8232040654989,Sector_D,2024-05-12,None,0.16888898116881235,0
SHP-2207,67.54338483687832,1600.9058490287684,Sector_A,2024-07-04,None,0.06575098345501484,1
SHP-2208,59.416563484691785,567.3983568632735,Sector_C,2024-06-12,Error: Pressure Drop,0.2697998426937741,0
SHP-2209,68.0515924570735,932.6310757350595,Sector_A,2024-01-29,Warning: High Temp,0.28394570972513544,1
SHP-2210,46.40924823192449,348.4118592067832,Sector_D,2024-05-04,Warning: High Temp,0.9310022275107015,1
SHP-2211,33.694321529972,385.4500700322799,Sector_D,2024-08-29,Error: Pressure Drop,0.043317970259165395,0
SHP-2212,50.22119838774902,479.71223047354624,Sector_C,2024-06-09,None,0.12140036326617343,1
SHP-2213,46.77912133337892,300.6719529350134,Sector_B,2024-07-27,Warning: High Temp,0.344985383526376,1
SHP-2214,42.666890630936024,1184.7819968061672,Sector_A,2024-04-13,None,0.8977916665557278,0
SHP-2215,61.27098159896338,594.2492304165394,Sector_B,2024-03-13,None,0.08888560315796101,1
SHP-2216,46.62729915222939,237.57574139969338,Sector_B,2024-09-12,Warning: High Temp,0.30623874913050875,0
SHP-2217,38.6483575807029,130.12016546597826,Sector_A,2024-01-22,None,0.6552339024786384,1
SHP-2218,33.06178128840257,2100.8494070883544,Sector_C,2024-02-16,None,0.3729514804473343,0
SHP-2219,40.80288556766232,869.3756810450996,Sector_D,2024-11-22,None,0.6372740931385342,1
SHP-2220,46.8831529587201,1677.873904527509,Sector_D,2024-06-14,Error: Pressure Drop,0.5233635006500842,1
SHP-2221,34.35367558337659,848.5531246410237,Sector_A,2024-04-06,None,0.8032923245053162,0
SHP-2222,60.25207356504557,847.2529590160814,Sector_A,2024-02-16,None,0.056019953630235486,1
SHP-2223,55.14529709650362,169.3344733524887,Sector_B,2024-03-18,None,0.7932199995910418,0
SHP-2224,43.260841515462324,1932.7268964791222,Sector_B,2024-03-25,Warning: High Temp,0.9838344068981213,1
SHP-2225,50.41748955068336,496.4995577480252,Sector_B,2024-11-26,None,0.19370512880584345,1
SHP-2226,38.059668919542126,999.3381707636578,Sector_B,2024-05-28,Warning: High Temp,0.6120292482934894,0
SHP-2227,57.680519956162115,681.6023138245971,Sector_B,2024-10-05,None,0.5029434323951012,0
SHP-2228,58.21260006607888,1663.9159143884922,Sector_B,2024-06-21,Warning: High Temp,0.9426231688303541,1
SHP-2229,54.052725704053245,126.29897991499541,Sector_C,2024-04-02,Warning: High Temp,0.25373554636939255,1
SHP-2230,43.49360477869933,1088.5582880655256,Sector_D,2024-11-05,Warning: High Temp,0.7886887325915787,1
SHP-2231,51.81776970447319,194.66937060145062,Sector_C,2024-07-16,None,0.6004315656012315,1
SHP-2232,54.54009624417522,476.7369615051345,Sector_C,2024-11-15,None,0.1665399450849412,1
SHP-2233,41.29603455190946,34.949967870327654,Sector_B,2024-07-23,Error: Pressure Drop,0.2896740010760406,0
SHP-2234,53.52178329061124,1573.593126972572,Sector_A,2024-06-19,Warning: High Temp,0.29147641956035586,0
SHP-2235,62.04749606235855,11.214134949251733,Sector_D,2024-04-16,None,0.10419929117387272,0
SHP-2236,42.585845681104885,1446.7631188820308,Sector_B,2024-12-12,Warning: High Temp,0.8026221863841254,0
SHP-2237,49.92913263746426,727.4046062945534,Sector_A,2024-03-02,Error: Pressure Drop,0.9634660087566553,1
SHP-2238,46.30143494387276,651.5608848710564,Sector_C,2024-09-13,Error: Pressure Drop,0.5773427924149049,1
SHP-2239,34.00587894912809,566.6869220264869,Sector_B,2024-05-14,Warning: High Temp,0.003130096074513644,1
SHP-2240,49.81257572840077,1731.273227477746,Sector_C,2024-04-04,None,0.009352558918328091,1
SHP-2241,45.14849540891227,617.3775299413483,Sector_A,2024-05-11,Error: Pressure Drop,0.1319393437583628,1
SHP-2242,44.56765627945225,1109.7114271986684,Sector_C,2024-11-21,None,0.39342620519087346,1
SHP-2243,66.34925384395461,605.1637833909418,Sector_A,2024-02-17,None,0.8367059219742913,0
SHP-2244,33.555790477978704,2871.2425803873457,Sector_D,2024-10-03,None,0.10259257260875887,1
SHP-2245,42.493545529051524,2642.4627069439252,Sector_B,2024-09-03,None,0.4265467477388407,0
SHP-2246,57.78642775097625,388.77475421612917,Sector_B,2024-11-28,None,0.6459223429407818,0
SHP-2247,55.92919563527379,224.20220635579045,Sector_D,2024-02-04,Warning: High Temp,0.40304303844717015,0
SHP-2248,65.27533948911834,300.286765258832,Sector_B,2024-09-11,None,0.5530844237220877,0
SHP-2249,44.66415082648346,258.1371025911198,Sector_C,2024-08-04,Warning: High Temp,0.10521383019514297,0
SHP-2250,50.63682149920883,181.2507713666083,Sector_D,2024-07-14,None,0.5814516904693469,0
SHP-2251,50.87876762041568,1202.4165131638592,Sector_A,2024-05-08,None,0.07959318357541623,0
SHP-2252,59.709358112639904,172.19130798375613,Sector_D,2024-09-02,None,0.08740551933694218,0
SHP-2253,41.20063486690017,936.3143270097166,Sector_A,2024-02-12,Warning: High Temp,0.49053104387144875,1
SHP-2254,43.06905407293817,1397.5775199744478,Sector_C,2024-02-07,Error: Pressure Drop,0.04083312285892704,1
SHP-2255,52.64768472809406,764.8198214864108,Sector_A,2024-04-10,Error: Pressure Drop,0.6332137763881611,1
SHP-2256,59.395571935825174,200.03605539711066,Sector_D,2024-06-29,Error: Pressure Drop,0.8490232459355936,0
SHP-2257,49.87384877687967,1218.0463930855103,Sector_D,2024-07-07,None,0.7787049002786206,1
SHP-2258,39.34308425416102,341.1104049441164,Sector_C,2024-10-08,None,0.3022933033644536,1
SHP-2259,38.53354725594599,750.9957470175771,Sector_D,2024-09-22,None,0.6471421106016436,0
SHP-2260,56.678435346193424,1033.952209219639,Sector_B,2024-07-10,None,0.5065875409759989,1
SHP-2261,67.86140360263404,376.0092756481628,Sector_C,2024-01-26,None,0.8154167509777753,1
SHP-2262,59.20317898454464,302.8374882152982,Sector_C,2024-10-01,None,0.9327157440816456,1
SHP-2263,62.86781272552669,1411.5526702000893,Sector_A,2024-03-08,None,0.2035676381674587,1
SHP-2264,60.87642420641172,176.28943553314818,Sector_C,2024-03-21,None,0.020944564400582455,1
SHP-2265,44.02143414063549,212.1813427763134,Sector_B,2024-10-09,None,0.5990577538942655,0
SHP-2266,42.2330893082083,190.9437438049697,Sector_B,2024-07-24,None,0.8590175228970328,1
SHP-2267,52.24217168713481,262.25728816746823,Sector_B,2024-03-13,Warning: High Temp,0.8706190346065331,0
SHP-2268,50.826271696351014,2.7178938984813783,Sector_C,2024-11-10,Error: Pressure Drop,0.6036600951176126,1
SHP-2269,54.18347598036968,1456.4533550360468,Sector_C,2024-05-06,Error: Pressure Drop,0.8972106195024662,0
SHP-2270,30.59109877611129,762.6508291818374,Sector_B,2024-06-20,Error: Pressure Drop,0.024635934766487844,1
SHP-2271,54.949209147069446,119.67800111911902,Sector_D,2024-08-10,None,0.805824685644244,1
SHP-2272,48.05616525016491,47.93926317972968,Sector_B,2024-11-02,Error: Pressure Drop,0.36046212298481517,1
SHP-2273,52.57948836921283,737.4523260554976,Sector_D,2024-12-22,None,0.1484022938136721,0
SHP-2274,65.63208487913347,3687.1070848684194,Sector_A,2024-06-13,None,0.050133793797524584,0
SHP-2275,43.01408102616598,1691.2133740052493,Sector_B,2024-11-14,None,0.9311562671882765,0
SHP-2276,80.90275239197454,1043.2895840134906,Sector_C,2024-02-27,None,0.09324920888746546,0
SHP-2277,43.65588571624665,262.8585555698313,Sector_A,2024-01-19,None,0.10180795801555975,1
SHP-2278,71.74231799577376,1549.0636214074123,Sector_B,2024-09-13,None,0.3381189438522748,0
SHP-2279,48.2156252975225,1532.4240365416374,Sector_D,2024-12-05,None,0.18619384616219192,1
SHP-2280,47.59244282313154,2569.9163131048067,Sector_A,2024-10-13,None,0.3000562840451112,0
SHP-2281,56.85885005565495,3076.7786249551623,Sector_A,2024-12-01,None,0.5212092638238637,1
SHP-2282,59.549273411774564,1859.540124330526,Sector_A,2024-06-14,None,0.21620568630843584,1
SHP-2283,61.11242988034695,3216.7242179546015,Sector_A,2024-10-03,None,0.7069901259731366,1
SHP-2284,60.51063302346524,42.59323483500158,Sector_B,2024-04-14,None,0.3721389213984342,1
SHP-2285,41.0680052030378,293.71270924313325,Sector_D,2024-11-18,None,0.1313785659714829,1
SHP-2286,61.17151088397614,429.84222393091125,Sector_D,2024-06-14,None,0.8842444964270975,1
SHP-2287,51.713036429790805,314.9209666569296,Sector_B,2024-07-24,Warning: High Temp,0.44573678257005644,0
SHP-2288,45.08492650532505,2145.454952703508,Sector_A,2024-11-01,Error: Pressure Drop,0.2162889413241027,1
SHP-2289,31.90524644199846,1460.7477184245959,Sector_A,2024-04-26,Error: Pressure Drop,0.6184508958092154,1
SHP-2290,52.826614400990685,803.618128306314,Sector_D,2024-12-18,Warning: High Temp,0.6029246511508907,1
SHP-2291,61.84710909552998,1625.3951164527268,Sector_C,2024-04-30,Warning: High Temp,0.5690627029959802,0
SHP-2292,44.627796667532465,83.68847215633875,Sector_D,2024-07-22,None,0.3759478457807879,1
SHP-2293,72.5100503412553,1574.302305261572,Sector_B,2024-01-28,Warning: High Temp,0.3999565800951872,0
SHP-2294,61.02950472298377,52.523001840806266,Sector_D,2024-01-06,None,0.13928405347766193,1
SHP-2295,54.62855952523995,516.1471380877081,Sector_B,2024-07-06,None,0.4872937303247503,0
SHP-2296,53.14673313000535,138.89726358385272,Sector_A,2024-09-06,None,0.7926030113534913,1
SHP-2297,35.74621616397517,3686.8000455628685,Sector_B,2024-01-20,Warning: High Temp,0.2227611820679969,0
SHP-2298,65.75818559648151,75.5468099782269,Sector_A,2024-06-21,Warning: High Temp,0.6593075792036212,0
SHP-2299,55.86992673590374,1024.3622470803832,Sector_B,2024-03-04,None,0.4413864171805124,0
SHP-2300,39.37963720884195,219.8788569916568,Sector_C,2024-04-21,Error: Pressure Drop,0.2361156814005535,0
SHP-2301,56.53059852631921,725.7687248851213,Sector_D,2024-08-10,Error: Pressure Drop,3.459430576424616e-05,1
SHP-2302,45.22905859090884,705.5273111721667,Sector_C,2024-10-27,None,0.5986198687858216,1
SHP-2303,26.425575583158487,457.8543538276643,Sector_D,2024-07-02,None,0.13053706604154502,1
SHP-2304,52.55769955079054,2769.718437298153,Sector_A,2024-06-23,Warning: High Temp,0.27604623300326114,0
SHP-2305,52.13610772308457,43.698174206684996,Sector_D,2024-10-14,Error: Pressure Drop,0.7596385165435516,1
SHP-2306,47.69214850125162,1303.8598361743818,Sector_C,2024-12-24,Error: Pressure Drop,0.46148007166921945,1
SHP-2307,44.70120515123241,2828.201991492482,Sector_D,2024-06-26,Error: Pressure Drop,0.4403572444305265,1
SHP-2308,49.76895094294222,634.4903231103427,Sector_A,2024-12-14,Error: Pressure Drop,0.45985408278887385,0
SHP-2309,49.492017343107754,1157.6138950955901,Sector_A,2024-04-24,None,0.670225459880033,0
SHP-2310,49.37138479085717,1067.3565478777477,Sector_A,2024-06-07,Error: Pressure Drop,0.8351328981387788,0
SHP-2311,39.20553260890189,2886.0863330320317,Sector_C,2024-09-11,None,0.425449424903668,0
SHP-2312,52.70937679287666,477.0054294817497,Sector_A,2024-11-14,None,0.5658650379544052,0
SHP-2313,46.1869268391875,1345.314308997947,Sector_B,2024-03-05,None,0.9654679111210838,1
SHP-2314,50.97862168505287,285.7973514815666,Sector_A,2024-05-09,None,0.35813162033624224,1
SHP-2315,55.615976275575576,2098.1964417968225,Sector_D,2024-02-28,Error: Pressure Drop,0.8410915939166181,0
SHP-2316,63.084073698925884,1925.0783462177612,Sector_B,2024-01-31,None,0.6974481801516641,1
SHP-2317,49.13618996516441,521.4915565394965,Sector_A,2024-10-29,Error: Pressure Drop,0.508249341620048,1
SHP-2318,29.628402294130996,383.19607009735154,Sector_C,2024-08-08,Warning: High Temp,0.22372486836760097,1
SHP-2319,51.1857837051881,880.2781334991593,Sector_A,2024-04-02,Error: Pressure Drop,0.8949312875431533,0
SHP-2320,53.89358818273137,874.6620399455657,Sector_B,2024-06-29,Warning: High Temp,0.3966317272535437,0
SHP-2321,44.281159183108834,913.481891960045,Sector_D,2024-07-31,Error: Pressure Drop,0.8336555953854946,0
SHP-2322,59.16227161682839,47.56792390640882,Sector_C,2024-10-01,Error: Pressure Drop,0.3919530578368655,1
SHP-2323,33.536310467875595,39.13876444511207,Sector_D,2024-03-24,Warning: High Temp,0.6081646709347248,1
SHP-2324,,5172.0468339438385,Sector_D,2024-02-09,None,0.32129801255016044,1
SHP-2325,57.57647782284399,2786.3289757511125,Sector_D,2024-07-15,None,0.7069303891047156,0
SHP-2326,52.03208473538508,970.0478458319955,Sector_B,2024-05-07,None,0.25380129497210924,0
SHP-2327,49.19372621174728,1197.4573769388207,Sector_D,2024-10-02,None,0.04550746371498171,0
SHP-2328,53.940974025610636,24.642292104444387,Sector_C,2024-07-16,None,0.27533963175040066,1
SHP-2329,58.21151105608902,1173.5010838092294,Sector_B,2024-12-12,None,0.5793386409536024,1
SHP-2330,60.36973467537517,1029.8318726156451,Sector_A,2024-11-21,None,0.1375821836812512,0
SHP-2331,33.28394972779751,1228.125763210354,Sector_A,2024-05-26,None,0.06269610276316151,0
SHP-2332,61.226733602031814,319.7820687314129,Sector_D,2024-10-12,None,0.29401846863278513,1
SHP-2333,52.01492097995447,874.7759970417509,Sector_A,2024-10-27,None,0.11927544772878707,0
SHP-2334,44.89393535733003,214.82506709606338,Sector_C,2024-03-27,Warning: High Temp,0.8654546994361142,0
SHP-2335,52.356449251583534,440.8240469954725,Sector_B,2024-06-07,None,0.898517658539426,1
SHP-2336,62.93391826444775,377.9727013986856,Sector_C,2024-08-13,Warning: High Temp,0.4343180255477781,0
SHP-2337,41.032994838675776,391.94968951824546,Sector_C,2024-01-22,None,0.021918114532278876,1
SHP-2338,49.139056039381565,195.79819151810378,Sector_D,2024-11-20,None,0.7838149454459321,1
SHP-2339,56.929018492986685,2622.8251445408537,Sector_D,2024-03-18,None,0.6178356341449254,1
SHP-2340,42.22449668775921,315.686893362415,Sector_A,2024-05-30,None,0.19316192851364378,1
SHP-2341,50.562930863351575,1940.4955388261149,Sector_D,2024-06-17,None,0.9232613201918481,0
SHP-2342,40.918701076686474,1547.7844925160657,Sector_D,2024-05-10,None,0.3563642421629777,0
SHP-2343,57.687593315420216,1242.906554980796,Sector_D,2024-11-15,None,0.5210135201755883,1
SHP-2344,50.70813319307389,75.32468377610839,Sector_A,2024-05-13,None,0.0657559172802008,0
SHP-2345,46.86436150477426,131.18799579105976,Sector_C,2024-09-06,None,0.536342377603788,1
SHP-2346,46.96906313064585,251.34921329928844,Sector_A,2024-05-09,Warning: High Temp,0.583864188507875,0
SHP-2347,50.98068828936999,716.3225944561812,Sector_C,2024-10-22,None,0.2733125988753823,1
SHP-2348,29.87468604032159,628.9915684361058,Sector_C,2024-07-16,None,0.7217951614140834,1
SHP-2349,50.396794626261304,72.30232329008207,Sector_B,2024-12-28,None,0.654819880565895,0
SHP-2350,51.96112535962849,439.12846477393845,Sector_A,2024-12-01,None,0.38089799099089494,1
SHP-2351,52.17417094376098,29.241689873895723,Sector_C,2024-01-27,None,0.4366501850793827,0
SHP-2352,30.21218839946845,50.81211015774843,Sector_C,2024-05-05,None,0.48011777479912876,1
SHP-2353,55.97804036725887,1102.271502131313,Sector_D,2024-09-17,Error: Pressure Drop,0.11697035949076373,1
SHP-2354,41.13633707541381,625.2210911079688,Sector_A,2024-10-02,Warning: High Temp,0.7160936435430222,0
SHP-2355,57.386156160218846,127.62984590511641,Sector_B,2024-02-17,Error: Pressure Drop,0.05761231137200118,0
SHP-2356,58.98044902147801,143.33726042918954,Sector_A,2024-04-07,Warning: High Temp,0.3745804988723158,0
SHP-2357,69.61651818984407,524.8268284463034,Sector_B,2024-02-17,Warning: High Temp,0.4141520391136052,1
SHP-2358,33.51697948906128,118.62250774401443,Sector_A,2024-01-23,Error: Pressure Drop,0.29753493158927613,1
SHP-2359,52.461046717382224,108.94466665595543,Sector_D,2024-03-04,Warning: High Temp,0.14032623790838517,0
SHP-2360,45.99586169878103,1706.3794030561273,Sector_B,2024-09-14,None,0.7818180785919249,1
SHP-2361,43.01658182074067,1054.186795166349,Sector_B,2024-04-17,None,0.5798822175831293,1
SHP-2362,50.11118857183135,2708.278139292652,Sector_D,2024-12-05,None,0.08141437527061601,1
SHP-2363,51.90864983644764,2243.4660566131433,Sector_C,2024-06-13,None,0.9723947309422211,1
SHP-2364,62.5373390413914,191.80091946754084,Sector_B,2024-04-27,Error: Pressure Drop,0.515157884344225,0
SHP-2365,57.756117049672966,589.1818014004284,Sector_C,2024-01-31,Error: Pressure Drop,0.859258242030238,1
SHP-2366,36.06413610825823,48.98051206132794,Sector_C,2024-11-20,None,0.2678191573820856,1
SHP-2367,56.39704762014911,245.06140348681342,Sector_D,2024-10-21,Warning: High Temp,0.7867972413319888,0
SHP-2368,69.9294394604282,570.5260485302322,Sector_D,2024-09-17,None,0.7534716147751999,1
SHP-2369,60.5555765042634,761.347944422326,Sector_B,2024-09-18,Error: Pressure Drop,0.2111905989303805,0
SHP-2370,36.80577457471795,4160.2185617265895,Sector_C,2024-07-06,None,0.07663238379454351,1
SHP-2371,53.12645905743112,64.53192518451438,Sector_C,2024-03-20,None,0.05214869624107488,1
SHP-2372,65.55329619009106,109.5478517455349,Sector_D,2024-06-24,None,0.5923444503704952,1
SHP-2373,53.488527255107016,381.16505237755615,Sector_D,2024-12-24,Error: Pressure Drop,0.024332752085999942,1
SHP-2374,61.48149320622086,1305.1825991840353,Sector_B,2024-07-18,None,0.5155187645136775,1
SHP-2375,46.790584495259935,15.668740144061035,Sector_C,2024-03-03,None,0.051941800524694104,1
SHP-2376,52.3816701513318,185.16380156881124,Sector_A,2024-12-25,None,0.2764163589881251,1
SHP-2377,24.612917382365822,58.2264095105971,Sector_A,2024-09-08,None,0.9683253142732912,0
SHP-2378,68.2258114120589,1293.3836738355265,Sector_B,2024-07-24,None,0.6761489691439715,1
SHP-2379,57.0244200833325,468.95419548799094,Sector_D,2024-07-29,None,0.482586769326933,1
SHP-2380,43.548159359119545,349.7109592487921,Sector_D,2024-01-09,None,0.02053359093207019,1
SHP-2381,68.71296746629308,409.11745815583356,Sector_A,2024-11-11,None,0.3620903562721651,1
SHP-2382,45.27090227389581,3051.2264923424505,Sector_B,2024-06-09,Warning: High Temp,0.08831977091549426,1
SHP-2383,53.43130271136282,263.13448176433616,Sector_A,2024-03-08,None,0.7596173044680689,1
SHP-2384,50.03482577563195,1.6791680721001279,Sector_A,2024-11-12,Error: Pressure Drop,0.5462648818934711,0
SHP-2385,35.31709985230913,276.5832437654882,Sector_D,2024-01-15,None,0.4774030999580401,1
SHP-2386,50.7066898821905,278.030150012445,Sector_A,2024-07-20,Error: Pressure Drop,0.9858161780658645,1
SHP-2387,48.196720705093504,2329.1373963676074,Sector_B,2024-11-25,None,0.7199513082191794,0
SHP-2388,49.2172950771476,1357.5542803824476,Sector_C,2024-07-27,None,0.7954148589190095,1
SHP-2389,55.487543056521034,444.3997118087038,Sector_C,2024-08-24,Error: Pressure Drop,0.7185828615255713,0
SHP-2390,27.952156081493314,3024.690154476267,Sector_D,2024-09-20,None,0.6233324345696293,0
SHP-2391,35.02687990995873,195.89301024778675,Sector_C,2024-09-19,None,0.7122211253414207,0
SHP-2392,41.257517523132165,654.4030718824274,Sector_A,2024-03-12,None,0.006675405207904994,1
SHP-2393,60.081027445300066,765.6238803430972,Sector_B,2024-07-24,Warning: High Temp,0.9576836507599501,0
SHP-2394,51.49092965689082,116.56175681423784,Sector_C,2024-02-18,None,0.3522354962256856,1
SHP-2395,38.87741067630031,120.83518762167586,Sector_D,2024-11-17,None,0.9202682072470528,0
SHP-2396,48.196157142192796,723.463481896009,Sector_D,2024-07-12,Error: Pressure Drop,0.2216311647785565,0
SHP-2397,48.764995584992434,31.939528120177016,Sector_D,2024-05-04,None,0.08565521053454184,0
SHP-2398,23.258773524910797,1307.5069846982715,Sector_B,2024-12-29,None,0.9037356139265542,1
SHP-2399,57.72899089252213,680.835483878805,Sector_C,2024-02-14,Error: Pressure Drop,0.8015761807724637,1
SHP-2400,46.089194132790546,3117.3182071221645,Sector_B,2024-02-09,None,0.7126710743578168,0
SHP-2401,49.61296176254173,534.9216306169484,Sector_A,2024-03-26,Warning: High Temp,0.44702325335603654,1
SHP-2402,60.994143811822134,762.2106489496614,Sector_D,2024-01-10,None,0.35078480213531327,0
SHP-2403,60.6363344290665,689.3806476471435,Sector_D,2024-05-19,Warning: High Temp,0.9659483110457285,1
SHP-2404,55.17919269062993,118.81280685271796,Sector_A,2024-05-05,Warning: High Temp,0.16800472533775745,0
SHP-2405,51.53414472141976,1867.2891158494986,Sector_A,2024-02-27,Warning: High Temp,0.619888989926827,0
SHP-2406,46.56925937522309,1106.889688718344,Sector_C,2024-08-04,Warning: High Temp,0.6503095248497894,0
SHP-2407,47.333246232498546,950.6832144317275,Sector_A,2024-06-18,None,0.06346058643330066,1
SHP-2408,53.3096643084853,1122.8407496577458,Sector_A,2024-04-01,None,0.26589536541753955,1
SHP-2409,42.69563350348865,437.55640507726577,Sector_D,2024-07-02,None,0.16311184851686222,1
SHP-2410,51.29212410753341,503.66566969947246,Sector_D,2024-03-02,None,0.05410431384071979,0
SHP-2411,55.60265214691272,241.50515645709623,Sector_B,2024-11-23,None,0.5892842476146536,0
SHP-2412,52.56807854081731,700.9595115217788,Sector_B,2024-08-21,None,0.6060091422554147,0
SHP-2413,49.904182736147284,1852.2498543839604,Sector_C,2024-08-20,Error: Pressure Drop,0.18010402606662856,1
SHP-2414,,637.2141510877015,Sector_C,2024-08-15,Warning: High Temp,0.6633368844528535,1
SHP-2415,34.427155115472225,971.9011410954928,Sector_C,2024-09-02,None,0.2794156705429014,0
SHP-2416,37.91762344799511,966.5964242994721,Sector_C,2024-10-04,None,0.9230976888770628,1
SHP-2417,82.8183035952165,2813.1304737764845,Sector_D,2024-07-22,None,0.3747358758309778,0
SHP-2418,55.24558229723226,354.4822000361635,Sector_B,2024-06-03,Error: Pressure Drop,0.13711157685714603,0
SHP-2419,50.76968162536411,277.1844972532547,Sector_A,2024-12-06,Warning: High Temp,0.7880900077716788,1
SHP-2420,49.966175867565575,68.26804919759,Sector_B,2024-07-08,None,0.5436878932175794,1
SHP-2421,33.438965941195335,2386.700889979127,Sector_C,2024-11-23,Warning: High Temp,0.8792829086471952,0
SHP-2422,46.05894753853787,1006.7806565407762,Sector_D,2024-01-23,Error: Pressure Drop,0.6465584497373387,0
SHP-2423,55.25703644821764,3722.0010646965184,Sector_C,2024-01-10,None,0.9295152408728278,0
SHP-2424,43.78980567341718,1976.3948204749795,Sector_B,2024-04-02,None,0.6576602057960618,1
SHP-2425,57.08734177868755,49.30008728581576,Sector_D,2024-03-01,None,0.9927866903591678,0
SHP-2426,44.65489621060161,1554.5283999568887,Sector_B,2024-06-12,None,0.48900470860092016,1
SHP-2427,50.62469204591577,34.68184787558414,Sector_C,2024-04-02,Error: Pressure Drop,0.9750217062710993,0
SHP-2428,61.29615149633719,414.722616861457,Sector_C,2024-04-04,None,0.13368504561263927,0
SHP-2429,41.19465327899455,88.70907166895317,Sector_C,2024-10-27,Warning: High Temp,0.44995597267208465,1
SHP-2430,46.57957431382394,650.6777248775456,Sector_D,2024-10-05,Warning: High Temp,0.09264531426023093,0
SHP-2431,70.00456979562085,512.3100869927023,Sector_B,2024-02-09,None,0.2213084458064083,0
SHP-2432,49.433717874742726,1045.6848519021394,Sector_A,2024-05-07,Warning: High Temp,0.06321901566326937,1
SHP-2433,60.02939567160862,801.5063225250462,Sector_C,2024-02-18,None,0.8653145665768949,0
SHP-2434,46.76480098615826,2371.164363490906,Sector_D,2024-10-23,Error: Pressure Drop,0.9828031193636635,1
SHP-2435,44.18793273925162,316.4521624278463,Sector_B,2024-09-12,Warning: High Temp,0.6873210920918796,1
SHP-2436,50.07152120323826,1304.3108341274626,Sector_C,2024-06-30,None,0.2565765162862116,0
SHP-2437,50.58191870406918,377.3002667433764,Sector_B,2024-12-09,None,0.6527822291735045,1
SHP-2438,50.92111466476199,538.2496728772265,Sector_C,2024-12-08,None,0.8479283690622978,1
SHP-2439,49.54183613162314,67.18187916176205,Sector_C,2024-08-11,None,0.4231184745827826,1
SHP-2440,55.11047261056988,1045.0262188099684,Sector_D,2024-04-15,None,0.055057473016674185,1
SHP-2441,49.049291814688125,1407.0384553119768,Sector_B,2024-09-18,None,0.8623176525912776,0
SHP-2442,44.82418167986709,1052.3927135564056,Sector_D,2024-04-19,Warning: High Temp,0.023159944570595337,1
SHP-2443,56.188556030733984,602.2968538800543,Sector_A,2024-01-10,None,0.5409058067582301,1
SHP-2444,58.36511398916243,141.70326027065076,Sector_C,2024-02-01,None,0.5722552558085183,0
SHP-2445,46.17957587530512,329.81493246935764,Sector_B,2024-12-02,None,0.05346436556593137,1
SHP-2446,40.89361773282371,264.21952575829107,Sector_B,2024-09-18,Error: Pressure Drop,0.44319764173561327,0
SHP-2447,59.41384737302999,2876.426559012665,Sector_D,2024-11-30,None,0.842338472311672,1
SHP-2448,60.69273172130705,42.90999907321773,Sector_C,2024-10-01,None,0.8572261679524047,1
SHP-2449,50.460671833712624,1035.4600946618039,Sector_D,2024-07-22,None,0.40392442598447453,0
SHP-2450,73.17714885208815,979.6276828443508,Sector_D,2024-03-09,None,0.2607399238872836,1
SHP-2451,73.51147346336195,879.1043946241692,Sector_D,2024-04-29,Warning: High Temp,0.3292755956504597,1
SHP-2452,54.07507450404709,171.35235902032036,Sector_B,2024-06-02,Error: Pressure Drop,0.032363773108445404,1
SHP-2453,51.715882646530346,2347.8905989820682,Sector_A,2024-02-19,None,0.10537129741967244,1
SHP-2454,34.927477901050516,63.69467056323598,Sector_C,2024-11-28,None,0.08914299314786378,0
SHP-2455,41.93778098068709,1.7345613442148917,Sector_A,2024-04-03,Warning: High Temp,0.31246306032352655,0
SHP-2456,47.71191053159331,1158.7394615658795,Sector_D,2024-11-28,Error: Pressure Drop,0.6794928715791638,0
SHP-2457,53.20031746120438,1238.9438066010803,Sector_B,2024-11-22,None,0.8395016142175294,1
SHP-2458,47.21800780069788,48.60954257263855,Sector_B,2024-06-01,None,0.213019491311897,1
SHP-2459,73.3755947342321,94.38190108941046,Sector_B,2024-06-05,None,0.7508838588588249,1
SHP-2460,45.197221072108114,5591.197374561858,Sector_A,2024-12-31,Warning: High Temp,0.7421752186255356,0
SHP-2461,36.78261873327359,101.01887448590357,Sector_C,2024-09-27,None,0.6427730749194276,0
SHP-2462,55.27903490353901,2118.2468570683063,Sector_B,2024-04-24,Error: Pressure Drop,0.20928886344230868,0
SHP-2463,47.792920804898074,68.74714532924601,Sector_D,2024-04-13,None,0.9663020926505628,1
SHP-2464,67.34585246436376,1865.4290192795224,Sector_C,2024-12-04,None,0.37935194626000956,1
SHP-2465,48.6923023747924,3438.787014157801,Sector_B,2024-02-28,Warning: High Temp,0.2619125373534753,1
SHP-2466,28.503902034802874,31.309804061046062,Sector_B,2024-02-01,None,0.5656255177648899,0
SHP-2467,55.35013457736052,540.7599448833007,Sector_A,2024-04-19,None,0.041340781115981495,0
SHP-2468,73.94924190105637,290.24622314690635,Sector_B,2024-08-04,None,0.02945057280544805,0
SHP-2469,40.84289689678526,336.72048313480286,Sector_A,2024-12-14,Warning: High Temp,0.07530731930830614,1
SHP-2470,53.38006494252143,2165.152492806013,Sector_D,2024-07-20,None,0.462185492141687,0
SHP-2471,59.34829672541709,620.4158307894683,Sector_A,2024-10-31,None,0.16905494607146154,1
SHP-2472,47.51748423479169,862.9372027409132,Sector_B,2024-07-30,Warning: High Temp,0.7437599397162434,1
SHP-2473,50.02171443820161,13.474605668201296,Sector_A,2024-10-19,None,0.931278065398207,0
SHP-2474,62.28523050400878,1886.6897770265616,Sector_B,2024-04-10,None,0.9426814750751376,1
SHP-2475,37.399193583874,147.90622562843572,Sector_B,2024-11-22,None,0.015817646795325713,1
SHP-2476,52.90432194580058,3428.762044928689,Sector_C,2024-07-10,Warning: High Temp,0.2025564881983798,0
SHP-2477,47.765892441924144,993.8375013060221,Sector_D,2024-01-05,None,0.36005428758021985,0
SHP-2478,54.12469837603754,1156.2026247363033,Sector_B,2024-09-09,None,0.6509096441324775,0
SHP-2479,57.930296992847545,342.4710792516882,Sector_A,2024-12-08,None,0.8749245957149623,1
SHP-2480,58.077254184542205,312.54682778938843,Sector_B,2024-06-04,None,0.9640108573280847,0
SHP-2481,57.58422014474911,984.6620432838632,Sector_B,2024-07-09,Error: Pressure Drop,0.13133282928127965,1
SHP-2482,63.56011020695038,723.0641293787488,Sector_C,2024-03-15,None,0.1654901533269616,0
SHP-2483,44.08251729158065,1129.4289830828604,Sector_B,2024-05-28,Warning: High Temp,0.00573704692289112,1
SHP-2484,38.39893146519264,20.721302771415697,Sector_A,2024-05-16,None,0.8251506988365304,0
SHP-2485,56.44700089918903,161.8109356073253,Sector_A,2024-08-06,Warning: High Temp,0.8510899287503251,0
SHP-2486,42.02641442839594,2817.677669927831,Sector_D,2024-04-09,None,0.9426759668029463,0
SHP-2487,51.73059920347633,806.7026639036964,Sector_D,2024-03-26,Error: Pressure Drop,0.26253740273103987,0
SHP-2488,29.586041575621103,3404.287647787469,Sector_C,2024-11-23,Warning: High Temp,0.5403273643325729,0
SHP-2489,45.52385501746972,854.8959208931637,Sector_C,2024-03-28,None,0.5735957792169751,1
SHP-2490,48.169482901271344,1558.5163091690752,Sector_D,2024-11-30,Error: Pressure Drop,0.8504114834065807,0
SHP-2491,,829.0995409316693,Sector_A,2024-08-23,None,0.509611193154263,1
SHP-2492,63.41016386324533,556.4394511269844,Sector_A,2024-08-29,None,0.42841895092274496,0
SHP-2493,48.7855031865314,184.5780276937746,Sector_C,2024-06-08,None,0.3193040015484826,0
SHP-2494,53.25100186360222,381.27966178121216,Sector_D,2024-06-05,None,0.8620054971658935,1
SHP-2495,37.21618738683916,1694.493547104018,Sector_C,2024-03-03,None,0.08262778222120981,0
SHP-2496,54.064721847580394,102.26693795121884,Sector_A,2024-02-02,None,0.09389004352960717,0
SHP-2497,66.68169831959213,337.6775487635376,Sector_A,2024-05-26,Error: Pressure Drop,0.7770832211625958,0
SHP-2498,47.56587912208036,1555.779336320159,Sector_A,2024-12-31,None,0.9497058228469187,0
SHP-2499,47.960454761751144,1791.6132719893683,Sector_A,2024-09-11,Error: Pressure Drop,0.708997096834382,1
SHP-2500,34.8618161978384,456.3423180265279,Sector_A,2024-07-17,None,0.2676936938195974,1
SHP-2501,62.93078230779357,355.81624783791716,Sector_C,2024-01-23,None,0.25586221150401933,1
SHP-2502,58.253308630242785,1230.1353122771359,Sector_B,2024-09-28,None,0.5054939290683623,0
SHP-2503,54.31036664774183,1327.6559189402994,Sector_D,2024-12-14,Error: Pressure Drop,0.5849146962304838,0
SHP-2504,52.25627246736516,666.0021935518743,Sector_B,2024-06-07,None,0.17479766605549085,1
SHP-2505,59.42202956944762,353.8752996234883,Sector_A,2024-06-04,Warning: High Temp,0.7474928767353873,0
SHP-2506,39.66218161149903,401.757615083211,Sector_C,2024-12-16,None,0.16750804766424243,0
SHP-2507,36.7373819313873,725.7821981339279,Sector_B,2024-06-23,Error: Pressure Drop,0.7396744194300711,0
SHP-2508,49.55692873498606,320.0240870467672,Sector_D,2024-09-28,Warning: High Temp,0.6613620317300134,0
SHP-2509,52.62204782378096,824.5256008886885,Sector_A,2024-12-16,None,0.7024288366211934,1
SHP-2510,60.558669758832686,7.255920366536822,Sector_C,2024-12-28,Warning: High Temp,0.9618496960530755,1
SHP-2511,58.81367603531977,398.5643931941952,Sector_A,2024-11-16,None,0.9563134388911263,0
SHP-2512,62.91907231754016,220.874637100764,Sector_C,2024-08-11,Warning: High Temp,0.9536076103868484,1
SHP-2513,50.60019437742546,1745.0815390707864,Sector_D,2024-12-17,None,0.5196159297885252,0
SHP-2514,63.056870125477225,186.92323554257638,Sector_A,2024-07-23,None,0.17608286959582664,0
SHP-2515,52.29078669978598,2024.6137447212425,Sector_B,2024-01-23,Error: Pressure Drop,0.9888630405707419,0
SHP-2516,47.00776487634893,3.3984814372098486,Sector_A,2024-07-14,Error: Pressure Drop,0.2185611539194232,0
SHP-2517,49.2990576113396,520.4037385920428,Sector_A,2024-03-15,Warning: High Temp,0.060936980422701015,0
SHP-2518,52.29808964111183,220.9890204590634,Sector_A,2024-05-11,Warning: High Temp,0.3248578853545798,0
SHP-2519,52.18644756288189,691.7211755598491,Sector_D,2024-10-12,None,0.4594184880479666,1
SHP-2520,74.00255432479496,507.7910407727099,Sector_A,2024-08-20,None,0.6411232841409555,1
SHP-2521,51.71318109528617,256.41766481592543,Sector_C,2024-09-25,Warning: High Temp,0.1816429534525542,0
SHP-2522,44.28047383011532,1845.3508274415162,Sector_A,2024-11-01,Error: Pressure Drop,0.19597665365913408,1
SHP-2523,51.984213343105814,981.2590954069659,Sector_B,2024-04-08,None,0.7065250165230311,0
SHP-2524,40.74572175650044,957.1034329620571,Sector_D,2024-09-13,None,0.19498614973608197,0
SHP-2525,54.10089082671671,605.0720755571812,Sector_D,2024-10-08,None,0.493765331822709,0
SHP-2526,50.57289304965145,738.0344459801897,Sector_A,2024-07-26,Error: Pressure Drop,0.7504794760580278,0
SHP-2527,49.649594953755916,208.35300456765273,Sector_A,2024-02-10,None,0.50707763939992,0
SHP-2528,40.367366310122975,1890.6305555584222,Sector_C,2025-01-01,Error: Pressure Drop,0.3008148507742483,0
SHP-2529,55.910414534256574,1357.9163778896016,Sector_B,2024-02-17,Warning: High Temp,0.38558643259614944,1
SHP-2530,34.97146899900828,3437.8548249286887,Sector_C,2024-11-22,None,0.46535030097084285,1
SHP-2531,44.34859638129392,120.73590733962601,Sector_C,2024-05-23,None,0.6459608166467979,1
SHP-2532,51.46697361147221,1033.9783557150815,Sector_D,2024-07-10,Error: Pressure Drop,0.46138436114014103,0
SHP-2533,38.262602868058956,638.7815862739266,Sector_D,2024-03-16,Error: Pressure Drop,0.39631812911899444,0
SHP-2534,52.60888890478637,3201.679191643048,Sector_A,2024-12-19,Error: Pressure Drop,0.7861754178209034,1
SHP-2535,57.54641128241057,1575.4744909732437,Sector_D,2024-10-07,Error: Pressure Drop,0.2925364182928275,0
SHP-2536,62.55350131148323,609.7287707219689,Sector_D,2024-03-24,Error: Pressure Drop,0.035084842426507334,0
SHP-2537,49.31628429979953,1142.237823159671,Sector_C,2024-12-14,Error: Pressure Drop,0.9336954676358469,0
SHP-2538,50.61747680995448,407.5705631589287,Sector_C,2024-01-14,Error: Pressure Drop,0.758824578902256,1
SHP-2539,58.88947147473157,3397.4037665559886,Sector_C,2024-11-17,None,0.899532689431869,0
SHP-2540,40.69815488608538,628.6694068311027,Sector_A,2024-02-24,None,0.6956076149085295,0
SHP-2541,48.7598210762823,262.5677343437795,Sector_A,2024-12-20,None,0.16902584238236662,0
SHP-2542,47.966896262498146,1428.7971773146717,Sector_B,2024-01-14,Warning: High Temp,0.5342692688163498,1
SHP-2543,48.30839323150468,528.4925548330416,Sector_A,2024-04-15,None,0.08845894163019863,1
SHP-2544,46.37635513799588,418.4274554694089,Sector_C,2024-06-14,None,0.8665968377558625,0
SHP-2545,48.18798454516628,498.17900344989755,Sector_D,2024-10-26,Error: Pressure Drop,0.5911799051079049,1
SHP-2546,51.56783034580493,6.767272360589987,Sector_D,2024-04-21,None,0.9901625265873573,0
SHP-2547,46.57331062155998,48.62679346018512,Sector_D,2024-01-08,None,0.5158357426405759,1
SHP-2548,37.267732321929486,295.06710347979043,Sector_B,2024-09-09,None,0.3051893632358933,1
SHP-2549,54.024312005467884,495.9169778613378,Sector_A,2024-10-30,None,0.7465278958092897,0
SHP-2550,49.17438227033693,172.88929433392198,Sector_D,2024-11-19,Warning: High Temp,0.7420084099978795,0
SHP-2551,45.50623336358387,4.399190172447722,Sector_C,2024-06-29,Warning: High Temp,0.2492576425525881,0
SHP-2552,52.427417754717645,35.55259909855258,Sector_D,2024-01-13,None,0.8631498136207039,0
SHP-2553,43.73883970421218,1441.3983461785142,Sector_D,2024-10-06,None,0.46344913488363204,1
SHP-2554,48.58055318749775,25.692550828664263,Sector_C,2024-07-10,None,0.41885414057663717,1
SHP-2555,46.64163581458969,1624.2801835971397,Sector_B,2024-01-21,None,0.051527848066181714,0
SHP-2556,61.38225271981567,190.60391107169335,Sector_C,2024-01-11,Error: Pressure Drop,0.13124852089159356,0
SHP-2557,53.87379951122454,2168.9101202955703,Sector_D,2024-09-03,None,0.8499273856341035,0
SHP-2558,43.39959297238178,1329.2291220547988,Sector_D,2024-11-18,None,0.30974091723166153,0
SHP-2559,72.80045198415482,256.2327100428915,Sector_D,2024-03-11,None,0.15507304975855085,0
SHP-2560,63.539132941211356,19.39882963200013,Sector_A,2024-10-18,None,0.21451745248854892,0
SHP-2561,58.21998795288369,1290.0578025691927,Sector_D,2024-02-28,None,0.22897511742219112,1
SHP-2562,59.02598672022833,79.12084358787169,Sector_C,2024-12-04,Warning: High Temp,0.8282687855264544,0
SHP-2563,48.06133864401968,2404.1860103686254,Sector_B,2024-08-25,Error: Pressure Drop,0.24589590505607295,0
SHP-2564,50.1721302116506,117.96698020994536,Sector_A,2024-01-03,Warning: High Temp,0.45355040244649514,1
SHP-2565,67.06636182196837,2083.2977406908344,Sector_B,2024-06-17,Error: Pressure Drop,0.7973541594640371,1
SHP-2566,66.03338836939308,778.1599037925806,Sector_B,2024-03-12,None,0.9465571737398095,1
SHP-2567,62.18435942930767,635.6145927967073,Sector_A,2024-06-20,Warning: High Temp,0.48310878413200986,0
SHP-2568,52.51357378187371,1353.2412135549068,Sector_C,2024-11-29,None,0.08113416121845185,1
SHP-2569,49.73387671906389,912.4985838416444,Sector_A,2024-12-23,Warning: High Temp,0.038781902063309226,0
SHP-2570,57.35495571294722,854.4910727245117,Sector_A,2024-09-12,None,0.9783611204422111,1
SHP-2571,56.56525961990953,1400.330514059431,Sector_D,2024-11-17,None,0.43338364039747956,0
SHP-2572,56.88736432505265,1738.9398617259624,Sector_C,2024-06-10,None,0.8120556403087805,1
SHP-2573,45.582555025430814,44.29278297186375,Sector_C,2024-06-02,None,0.08090245312733368,0
SHP-2574,61.69968945580774,697.4386452589418,Sector_D,2024-09-16,None,0.269184567953747,0
SHP-2575,48.37725722578067,1699.3922161384212,Sector_C,2024-07-17,None,0.13553892151188485,0
SHP-2576,57.13870627710584,1432.0397380667662,Sector_B,2024-03-29,Warning: High Temp,0.8349329545030647,1
SHP-2577,44.68501478920517,52.30980683768365,Sector_B,2024-03-19,None,0.7724006631644046,0
SHP-2578,43.012207175487305,661.167100855174,Sector_D,2024-01-28,Error: Pressure Drop,0.3545679835179879,0
SHP-2579,49.59574954289929,1169.8869918005787,Sector_D,2024-11-09,Error: Pressure Drop,0.9145159654170756,1
SHP-2580,32.06801759450573,1314.8367602597784,Sector_A,2024-10-08,None,0.09734632008350264,0
SHP-2581,61.81304357668568,71.84482497373159,Sector_B,2024-09-12,Error: Pressure Drop,0.9914992111556635,0
SHP-2582,50.627699939728025,2034.5108850016027,Sector_A,2024-08-20,Warning: High Temp,0.5173949747205269,1
SHP-2583,55.18239338359117,265.9030426000429,Sector_B,2025-01-01,None,0.8530276696215199,0
SHP-2584,45.80496592851439,206.82885339445096,Sector_B,2024-03-13,None,0.5058470491734227,0
SHP-2585,60.986341945695855,66.78430297092642,Sector_A,2024-10-14,None,0.7307082851688274,0
SHP-2586,38.63129156974435,797.8628748043992,Sector_C,2024-11-04,None,0.18754476209995985,0
SHP-2587,58.78930165681936,431.4094539767851,Sector_C,2024-10-04,None,0.7611029605861431,0
SHP-2588,49.49412274901865,2591.921805378568,Sector_A,2024-10-31,None,0.6277556896647246,1
SHP-2589,60.16798553404488,97.58637339704005,Sector_D,2024-07-29,Warning: High Temp,0.31071063417511824,1
SHP-2590,64.49244956952253,2261.7293580111887,Sector_D,2024-10-07,Warning: High Temp,0.9011915521732455,0
SHP-2591,49.24798729225172,742.0745835725585,Sector_C,2024-12-14,None,0.5800457072432266,1
SHP-2592,45.56675689552752,707.0600568408221,Sector_A,2024-04-19,None,0.6724280732012824,0
SHP-2593,65.07291289268272,571.8616487163683,Sector_C,2024-02-06,Warning: High Temp,0.6098519971518386,1
SHP-2594,57.33255712048236,3304.924980238118,Sector_D,2024-09-02,None,0.68963583435617,1
SHP-2595,49.79868787786814,2275.1221226130842,Sector_A,2024-11-24,None,0.86489783350433,1
SHP-2596,54.53397278319345,3564.7733962411726,Sector_D,2024-10-13,None,0.22316234717780192,0
SHP-2597,36.411396999182294,1784.8756715610048,Sector_B,2024-03-02,None,0.20674507044063362,0
SHP-2598,58.79714445284179,378.2893456409593,Sector_A,2024-06-25,Error: Pressure Drop,0.16603911243712888,0
SHP-2599,57.053347066520175,942.0696449679064,Sector_C,2024-06-06,None,0.3459777774325997,0
SHP-2600,37.449808367756034,536.5601348584171,Sector_D,2024-05-24,None,0.34516439791428455,1
SHP-2601,53.93508375284145,607.1645115368309,Sector_C,2024-12-05,Warning: High Temp,0.7146057670795513,1
SHP-2602,57.81700616717481,759.5539679163699,Sector_A,2024-03-10,None,0.6252338167799638,1
SHP-2603,51.943745263282764,671.5768214557528,Sector_B,2024-09-01,Error: Pressure Drop,0.8596270407397564,0
SHP-2604,51.151677276857036,880.0862551230886,Sector_C,2024-04-04,None,0.5299245578853788,0
SHP-2605,35.929152598643526,119.0277366329016,Sector_C,2024-03-20,None,0.23428796446322042,1
SHP-2606,52.01074221262001,4156.096335559675,Sector_D,2024-05-17,None,0.19579990685290394,1
SHP-2607,60.909916237956686,2121.4683978809844,Sector_D,2024-04-28,None,0.4542228899523687,1
SHP-2608,47.28235429046216,1046.1025490291845,Sector_A,2024-01-25,None,0.7994165583082491,0
SHP-2609,51.365423158084766,166.22278102382043,Sector_D,2024-05-26,None,0.6143328415959413,1
SHP-2610,55.28959527026061,421.108097290343,Sector_B,2024-11-25,None,0.5814392563767233,0
SHP-2611,72.98364112012143,937.3813928592602,Sector_A,2024-10-26,None,0.1882826621819902,1
SHP-2612,48.42721419645594,317.03316243806717,Sector_D,2024-09-03,Warning: High Temp,0.8281010208842289,0
SHP-2613,61.857538188789945,1012.5447564758712,Sector_B,2024-07-04,Error: Pressure Drop,0.7821130390279878,0
SHP-2614,48.94159063717246,1694.0289325063823,Sector_D,2024-08-29,None,0.9383804315847873,1
SHP-2615,56.75184116690313,590.0366710716614,Sector_D,2024-03-23,Error: Pressure Drop,0.10013421695881641,1
SHP-2616,33.45610718399145,348.103351258343,Sector_D,2024-02-15,None,0.7824815426503708,0
SHP-2617,44.93276377554976,853.7191565665016,Sector_B,2024-12-13,None,0.6674630194624039,1
SHP-2618,29.78797241715811,1206.478164430636,Sector_C,2024-02-06,Error: Pressure Drop,0.6901833620181784,1
SHP-2619,38.82462168622917,244.29331565284193,Sector_B,2024-06-29,None,0.7325804769288033,0
SHP-2620,49.58379115750348,323.1226050657308,Sector_A,2024-08-01,None,0.8083532176416383,1
SHP-2621,65.83909595625849,977.6543857784319,Sector_B,2024-08-15,None,0.6186855136376586,0
SHP-2622,58.02226557830495,59.74086240099502,Sector_C,2024-08-01,None,0.465249188195235,0
SHP-2623,63.97161468484472,129.50416378808723,Sector_C,2024-10-20,Warning: High Temp,0.6493808562388697,0
SHP-2624,34.44451628342252,2405.407018916535,Sector_B,2024-09-17,None,0.9528869490071142,1
SHP-2625,60.11891846073993,1958.0659084684592,Sector_A,2024-11-06,Error: Pressure Drop,0.43563289980812314,1
SHP-2626,53.65665193046003,96.43372511272334,Sector_D,2024-04-18,None,0.9103233232651146,0
SHP-2627,55.11356711199069,2270.6587259114563,Sector_C,2024-04-05,Error: Pressure Drop,0.9866674573258951,0
SHP-2628,47.976674178617294,1119.5642092592782,Sector_C,2024-08-08,None,0.3762941245586663,1
SHP-2629,48.17648851101805,2105.0619109921504,Sector_B,2024-08-14,Warning: High Temp,0.1880692895435433,0
SHP-2630,54.57523064006673,1554.6080545206241,Sector_C,2024-07-11,None,0.6764737077578866,0
SHP-2631,57.74703962191497,161.73622018232157,Sector_B,2024-06-15,None,0.24194652765521674,0
SHP-2632,40.21253093799551,1993.0485011739943,Sector_C,2024-10-25,Warning: High Temp,0.2992600943333258,1
SHP-2633,36.22041109987381,3800.232116542924,Sector_A,2024-12-01,Error: Pressure Drop,0.5531947241278355,1
SHP-2634,64.19617388299945,2113.036091142379,Sector_B,2024-10-23,None,0.5128833539583058,0
SHP-2635,70.48439265919501,214.06777904905533,Sector_B,2024-02-07,None,0.6948229084841977,0
SHP-2636,62.920478682243306,43.425726641226,Sector_D,2024-08-19,None,0.8467637389208315,1
SHP-2637,63.06909240022467,1703.4848248996032,Sector_A,2024-12-16,Error: Pressure Drop,0.9336303967821186,1
SHP-2638,55.91810148307245,1439.6128359966006,Sector_B,2024-03-24,Error: Pressure Drop,0.004723279378091028,1
SHP-2639,38.59525585156203,5825.503519399542,Sector_C,2024-01-15,None,0.37432620677683937,1
SHP-2640,51.240619659030095,2596.426650927593,Sector_A,2024-07-03,None,0.6390710694732815,0
SHP-2641,50.42366374248744,212.3573160749065,Sector_D,2024-11-28,None,0.9501624628323477,1
SHP-2642,59.44089359892371,170.71008100736253,Sector_C,2024-03-04,None,0.386428497669573,1
SHP-2643,44.0526806400014,576.2368495908577,Sector_C,2024-02-05,None,0.323667035659589,0
SHP-2644,61.331746168713174,1051.9284102105496,Sector_D,2024-11-30,Warning: High Temp,0.770109003043308,0
SHP-2645,52.10486411380193,431.02174494958706,Sector_D,2024-08-07,None,0.6767726907645552,0
SHP-2646,45.94712210224108,574.3129911164538,Sector_A,2024-02-05,Warning: High Temp,0.04934782048782804,1
SHP-2647,41.90325826920158,670.5178200258579,Sector_C,2024-02-04,Error: Pressure Drop,0.5279033758991174,0
SHP-2648,36.89351368965702,489.2668641641142,Sector_B,2024-05-25,Warning: High Temp,0.6802531697048653,1
SHP-2649,75.69096667771994,30.92691538158264,Sector_D,2024-11-29,Error: Pressure Drop,0.16553452578413808,1
SHP-2650,35.541088555116346,448.567692495817,Sector_C,2024-12-01,None,0.5792722645443918,1
SHP-2651,44.03385756448274,221.0834496182202,Sector_C,2024-12-18,Error: Pressure Drop,0.05490966639338779,0
SHP-2652,,101.84742664699269,Sector_D,2024-03-17,None,0.3381169835956871,1
SHP-2653,40.5165523119007,323.05559347355614,Sector_B,2024-01-07,None,0.0003891565780141937,1
SHP-2654,40.937557281867015,482.2416768179892,Sector_B,2024-10-28,None,0.61259031206821,0
SHP-2655,65.60099409323105,20.479716150133893,Sector_D,2024-04-07,Error: Pressure Drop,0.2530494653671882,0
SHP-2656,38.050981854184414,2712.3232620846875,Sector_C,2024-07-01,None,0.9317002013560453,1
SHP-2657,52.537256502298895,72.42131382396921,Sector_B,2024-11-18,Error: Pressure Drop,0.005520580868422664,1
SHP-2658,57.53185691993589,275.8985990716655,Sector_C,2024-09-27,Warning: High Temp,0.887902910330495,0
SHP-2659,62.007547751996796,1183.780405479937,Sector_D,2024-12-14,None,0.9418948958114289,0
SHP-2660,56.76270258178966,4028.108263441623,Sector_D,2024-05-17,None,0.02312223702214411,1
SHP-2661,60.3131258594426,2116.6315747068165,Sector_C,2024-03-31,None,0.4265086349537479,1
SHP-2662,40.618095491729584,112.95548601625174,Sector_B,2024-06-20,Error: Pressure Drop,0.9034501201405228,0
SHP-2663,42.12279617363003,333.17804663079096,Sector_B,2024-03-31,None,0.7834662733849311,0
SHP-2664,54.64682361081386,65.14907213699222,Sector_D,2024-03-11,None,0.06686152511839505,1
SHP-2665,46.07650018603073,970.6025567149982,Sector_D,2024-02-03,None,0.9269483186497628,1
SHP-2666,46.90760656432428,1655.667260911703,Sector_B,2024-02-25,None,0.13830228752806395,0
SHP-2667,47.62730504930724,279.4802251883335,Sector_D,2024-11-05,Error: Pressure Drop,0.9440649965681275,0
SHP-2668,42.786501585731955,391.3978187637137,Sector_D,2024-12-03,None,0.6789721698697754,1
SHP-2669,62.92282969118107,1327.0976045454406,Sector_C,2024-07-28,Error: Pressure Drop,0.1341153116646583,0
SHP-2670,53.569005917913884,387.7760556060637,Sector_C,2024-08-16,None,0.6884262295914955,1
SHP-2671,50.81434811460245,370.28970054668366,Sector_C,2024-08-24,Error: Pressure Drop,0.9314732827813974,0
SHP-2672,52.78657593010324,1048.6394247583987,Sector_A,2024-03-30,Warning: High Temp,0.6190701292668253,0
SHP-2673,48.91778209643313,58.90544041348595,Sector_A,2024-08-08,Warning: High Temp,0.07547883768224795,0
SHP-2674,41.709439376418196,1542.8981414343805,Sector_B,2024-01-20,None,0.2154831867537197,0
SHP-2675,36.256500125579464,114.31367153187648,Sector_A,2024-03-03,None,0.4844698930195809,0
SHP-2676,57.17579498141717,83.16745596765375,Sector_B,2024-11-01,Warning: High Temp,0.4081991063563106,0
SHP-2677,70.69915092993541,772.4025266776182,Sector_D,2024-08-24,None,0.4916052864812219,1
SHP-2678,65.15258638429661,1506.0871905251156,Sector_A,2024-07-25,None,0.49177722679460223,0
SHP-2679,43.7196390459827,606.1083658123143,Sector_B,2024-06-24,None,0.589739318619616,0
SHP-2680,30.991993060110843,111.67716782986253,Sector_B,2024-07-20,None,0.8847199630679583,0
SHP-2681,62.193096295737554,649.9472461689768,Sector_A,2024-09-09,None,0.8475775182588662,1
SHP-2682,55.37623066832566,2895.375237376273,Sector_A,2024-05-19,None,0.639828603977035,1
SHP-2683,67.0172603128592,903.8285754360136,Sector_B,2024-02-21,None,0.8014148378737864,0
SHP-2684,43.81533564559526,691.671847590445,Sector_C,2024-11-29,Error: Pressure Drop,0.17591751988521975,0
SHP-2685,,151.89575652903983,Sector_B,2024-06-24,Error: Pressure Drop,0.11130134396305014,1
SHP-2686,45.95793886362867,108.9119697480771,Sector_D,2024-06-13,None,0.52324639476065,1
SHP-2687,30.15571604216942,1468.8319273131706,Sector_A,2024-04-20,None,0.6515438822188686,0
SHP-2688,51.81216559333143,1702.5167790901698,Sector_D,2024-09-29,None,0.3047857494565346,0
SHP-2689,58.6178275458407,80.07199020566814,Sector_D,2024-12-24,None,0.9247048624380195,1
SHP-2690,53.344167805253385,2384.8391856618405,Sector_A,2024-12-05,Warning: High Temp,0.1072657017265971,1
SHP-2691,66.35641817872818,796.5334387435142,Sector_B,2024-08-12,None,0.26462150640357984,0
SHP-2692,55.31358554653185,740.6003486953074,Sector_B,2024-07-11,Warning: High Temp,0.9633866826258218,1
SHP-2693,37.930811149174374,1136.3112968776093,Sector_C,2024-11-17,None,0.7718532616184468,0
SHP-2694,53.88528940852426,451.4150480813839,Sector_C,2024-09-13,None,0.20053902603576845,1
SHP-2695,59.57621046115756,1526.0059370878703,Sector_D,2024-04-30,Warning: High Temp,0.36893648635334375,1
SHP-2696,55.4179303375469,2081.197356707753,Sector_C,2024-07-28,None,0.7263176874370509,1
SHP-2697,38.934322726451924,367.7920475355196,Sector_D,2024-11-18,None,0.9179882688888901,1
SHP-2698,55.85934952371277,555.1685913687429,Sector_D,2024-12-10,None,0.25319322103884956,1
SHP-2699,32.85938732571333,153.71763022598046,Sector_B,2024-03-16,Error: Pressure Drop,0.9493648971208424,0
SHP-2700,28.116671630517686,1546.9259171231975,Sector_D,2024-05-20,Error: Pressure Drop,0.6208370960942831,1
SHP-2701,55.3145447211017,357.70424028456637,Sector_A,2024-05-04,Warning: High Temp,0.3982875492396758,1
SHP-2702,46.025669415372334,692.673535895254,Sector_B,2024-10-03,None,0.9504245908319013,1
SHP-2703,50.15955335172505,53.094732412249925,Sector_A,2024-08-16,Warning: High Temp,0.927315498768829,1
SHP-2704,46.59821906848033,692.4557286501635,Sector_C,2024-12-12,Error: Pressure Drop,0.40654358797641266,1
SHP-2705,43.61906506369201,35.01292550382037,Sector_B,2024-05-07,Warning: High Temp,0.3611022862684671,0
SHP-2706,59.2957478396665,258.49982519055936,Sector_A,2024-08-04,Warning: High Temp,0.9807552488640615,1
SHP-2707,66.59496712132766,64.11199177679323,Sector_B,2024-05-05,None,0.829095160664451,1
SHP-2708,41.454770802719366,40.58620880672352,Sector_C,2024-01-16,Warning: High Temp,0.45879770210405124,0
SHP-2709,45.291680261433044,178.809491118236,Sector_C,2024-04-09,None,0.6548845159421178,1
SHP-2710,54.80164616521735,493.5717901538438,Sector_C,2024-07-31,None,0.31236493287162104,0
SHP-2711,36.79204294983696,359.20631364248106,Sector_C,2024-06-15,Error: Pressure Drop,0.960082798877004,1
SHP-2712,31.12924413044405,294.65113973673766,Sector_D,2024-02-28,Warning: High Temp,0.3642020649044019,1
SHP-2713,44.18968110367257,363.94345752948266,Sector_B,2024-03-19,None,0.14116587950308945,1
SHP-2714,46.496941044234426,19.71382563438075,Sector_B,2024-08-27,None,0.8720290837281349,1
SHP-2715,56.40091588587058,2040.3943705673057,Sector_D,2024-04-22,None,0.5870462435144668,0
SHP-2716,44.30408154624213,4229.541668927879,Sector_D,2024-09-18,Error: Pressure Drop,0.7236160205427417,1
SHP-2717,53.812898404217,46.87280828193934,Sector_B,2024-04-29,Error: Pressure Drop,0.889773388372002,0
SHP-2718,26.21728915264505,942.9280923304653,Sector_B,2024-12-26,Error: Pressure Drop,0.7608616104615448,0
SHP-2719,30.002189111338616,2344.7226418593586,Sector_A,2024-09-29,None,0.6380737330425647,0
SHP-2720,64.64452905220728,1151.5543851686793,Sector_A,2024-03-01,None,0.4400596982132039,1
SHP-2721,53.03259638370237,162.97921510894642,Sector_A,2024-06-09,Warning: High Temp,0.8167078614141349,0
SHP-2722,48.240383501847916,1458.1642534952584,Sector_D,2024-09-20,None,0.1669071052750375,1
SHP-2723,52.29420011072158,2608.0182185337444,Sector_C,2024-01-31,None,0.9310761700149239,0
SHP-2724,55.66124538705166,598.9971706126821,Sector_A,2024-01-03,None,0.6781331521997805,1
SHP-2725,45.82351599109163,1201.8442849966655,Sector_D,2024-02-07,None,0.356279442386204,0
SHP-2726,56.48255857888008,960.7630567387661,Sector_C,2024-03-10,None,0.9237094290576027,0
SHP-2727,66.19333225591654,1461.8568242601182,Sector_C,2024-10-21,None,0.6819666037863977,0
SHP-2728,44.46631123716291,264.9617910423414,Sector_C,2024-11-10,Error: Pressure Drop,0.27303561765806217,0
SHP-2729,66.92457392653252,587.0018729687183,Sector_B,2024-04-08,Warning: High Temp,0.5242569382598622,1
SHP-2730,50.931445668902114,219.22051875533177,Sector_C,2024-02-14,None,0.33710625399405414,0
SHP-2731,40.959985736573884,795.1402475783342,Sector_C,2024-01-23,Warning: High Temp,0.46384149391448926,1
SHP-2732,56.15766158011609,195.91385663802342,Sector_D,2024-08-13,None,0.42887432824312344,0
SHP-2733,37.03990961672825,2945.729978656509,Sector_C,2024-11-14,None,0.4717351480763876,0
SHP-2734,44.916337155462486,1037.131539547795,Sector_D,2024-02-18,None,0.5384430842202985,0
SHP-2735,44.95241329058115,2225.0295756657183,Sector_D,2024-07-28,Error: Pressure Drop,0.05673721763721462,1
SHP-2736,48.26001193042744,724.5525534245746,Sector_D,2024-07-04,Error: Pressure Drop,0.540855848009397,1
SHP-2737,41.605593933016685,2149.8378129324656,Sector_C,2024-05-24,None,0.4190195523514022,0
SHP-2738,54.7081348371062,61.846343737599,Sector_C,2024-10-19,None,0.862858581698597,0
SHP-2739,44.00900634319466,1867.1978747526382,Sector_B,2024-12-30,Error: Pressure Drop,0.44679006559765,0
SHP-2740,72.21166305184887,859.415437625556,Sector_A,2024-01-04,Error: Pressure Drop,0.6127008654367604,0
SHP-2741,62.99415928494967,565.3084117172284,Sector_A,2024-01-31,None,0.9700351383103718,0
SHP-2742,40.70868093744525,2326.2030429567903,Sector_B,2024-08-26,Warning: High Temp,0.1752186032813271,0
SHP-2743,38.723306726244914,375.1707016428131,Sector_B,2024-01-08,Warning: High Temp,0.45848064697674906,0
SHP-2744,36.41641559565707,38.85587823501556,Sector_D,2024-12-26,Warning: High Temp,0.18178334799180196,0
SHP-2745,39.40350184074433,267.8164218026372,Sector_D,2024-06-02,None,0.392195099878922,1
SHP-2746,65.65633970487673,216.84942146518887,Sector_C,2024-11-26,Error: Pressure Drop,0.2681849532479573,0
SHP-2747,46.33490392238712,74.26220310977034,Sector_D,2024-06-20,None,0.7635435515798769,0
SHP-2748,43.590133211041596,363.05172087823394,Sector_C,2024-06-01,None,0.40396120531957447,0
SHP-2749,53.01933963376444,2140.896361796375,Sector_C,2024-12-18,Error: Pressure Drop,0.029485632038493303,1
SHP-2750,55.49984267915173,2386.7044082254843,Sector_A,2024-06-16,Warning: High Temp,0.9658031869151471,1
SHP-2751,53.67093803149914,2763.575905995011,Sector_B,2024-05-28,None,0.6037558327299509,1
SHP-2752,60.39626393696662,2198.496341453429,Sector_B,2024-12-14,None,0.009045691685140467,1
SHP-2753,52.22502938352139,1454.3475593850858,Sector_A,2024-02-20,Error: Pressure Drop,0.6953575879398625,1
SHP-2754,36.119704191638824,773.9505230280232,Sector_A,2024-03-31,None,0.33680821122028515,0
SHP-2755,72.56430392620595,811.7154237661279,Sector_B,2024-12-27,None,0.10677835575104444,1
SHP-2756,65.76110709617583,563.4430656731541,Sector_A,2024-04-08,None,0.10781979405704278,1
SHP-2757,66.24844511597429,1852.1624322592013,Sector_D,2024-01-04,None,0.18611276196710247,0
SHP-2758,52.09874911302158,1414.7020670777738,Sector_C,2024-10-15,None,0.7100677888580496,0
SHP-2759,47.49711273858207,348.4508846541892,Sector_D,2024-02-21,Warning: High Temp,0.08998284660192679,1
SHP-2760,53.572091379354084,2308.9452035685877,Sector_A,2024-11-10,None,0.26050679170480007,1
SHP-2761,59.83106507064491,840.9381068947796,Sector_B,2024-03-05,None,0.07013990131088543,1
SHP-2762,47.673331439731854,550.3410324054968,Sector_B,2024-02-05,None,0.9136658248360164,0
SHP-2763,72.70361704306782,998.8537874679997,Sector_B,2024-11-15,None,0.14171022631084285,0
SHP-2764,58.39352374219317,707.9297041263956,Sector_C,2024-10-27,None,0.5721458914113249,0
SHP-2765,52.676611545750774,2745.1679555850824,Sector_B,2024-12-21,None,0.8758266816474707,1
SHP-2766,50.61082228138878,213.3125917468271,Sector_C,2024-03-27,None,0.3738249036671065,0
SHP-2767,55.16780045792014,80.40050036061275,Sector_D,2024-04-10,Error: Pressure Drop,0.7419775917971646,1
SHP-2768,59.38346766864199,65.30885825076979,Sector_B,2024-02-02,Error: Pressure Drop,0.9806494563752113,0
SHP-2769,43.65219078385875,298.211666516475,Sector_A,2024-11-02,None,0.43790965611339494,1
SHP-2770,53.36266325335065,7879.550752073713,Sector_C,2024-03-30,None,0.046379364305631166,0
SHP-2771,52.97336214488836,1415.6844914824044,Sector_C,2024-10-20,None,0.5870450363608878,1
SHP-2772,48.800176770392724,756.7731408610615,Sector_C,2024-02-25,Warning: High Temp,0.8101033323018718,1
SHP-2773,58.73503323731008,170.46325768976257,Sector_A,2024-03-05,Error: Pressure Drop,0.1260339402437286,1
SHP-2774,45.38546413997052,161.0283321078264,Sector_B,2024-01-08,None,0.5156338489071022,0
SHP-2775,54.526799044407895,545.8211459787841,Sector_A,2024-11-18,None,0.7615029410866953,1
SHP-2776,41.50337349548714,342.8259424538941,Sector_A,2024-01-24,Error: Pressure Drop,0.7658737106792077,1
SHP-2777,39.15436644597602,893.4367956675935,Sector_D,2024-11-21,None,0.7393119687061424,0
SHP-2778,65.33124879173386,503.06160780264133,Sector_C,2024-08-12,Error: Pressure Drop,0.7617234720715603,1
SHP-2779,39.094749641025444,1326.9785890601959,Sector_A,2024-08-28,None,0.5197110980347676,0
SHP-2780,58.76825289254797,992.7696178960593,Sector_C,2024-09-06,Error: Pressure Drop,0.8193247338545875,1
SHP-2781,47.724867197692824,689.4637635938578,Sector_A,2024-07-28,Warning: High Temp,0.5977464215933671,1
SHP-2782,60.92520006469224,1084.028511906761,Sector_B,2024-08-15,None,0.9532795651331822,0
SHP-2783,53.42582349291233,288.16398340740665,Sector_B,2024-10-22,None,0.29301489437764816,0
SHP-2784,43.71913885681317,3445.576014326659,Sector_D,2024-09-19,Error: Pressure Drop,0.8371038059617372,0
SHP-2785,48.524706750026176,1357.5689434468627,Sector_D,2024-01-07,None,0.6122132528564985,1
SHP-2786,72.4671236621046,686.2812811132144,Sector_C,2024-01-25,None,0.7615962310154888,1
SHP-2787,50.358356321600354,218.2504600534419,Sector_D,2024-06-15,None,0.43072282848040966,1
SHP-2788,51.20118996330035,6.5807423373438505,Sector_C,2024-09-19,None,0.7109140276625101,1
SHP-2789,44.4178093215087,19.97375905304722,Sector_C,2024-04-16,Warning: High Temp,0.7709911004193736,1
SHP-2790,50.49297058505199,292.5996565255743,Sector_B,2024-06-04,None,0.6702351563998409,0
SHP-2791,56.951454288647746,775.3884936932913,Sector_C,2024-05-10,Error: Pressure Drop,0.6321235801698278,1
SHP-2792,56.79329946580401,263.0227271806328,Sector_C,2024-10-28,Warning: High Temp,0.8488371179243961,1
SHP-2793,51.33312965535214,703.1084521479175,Sector_D,2024-12-26,None,0.9390869472219843,1
SHP-2794,46.762913953238204,379.9977423128329,Sector_C,2024-09-06,None,0.8972196249615723,1
SHP-2795,47.86019890333138,445.3466042852669,Sector_C,2024-02-15,None,0.0828041606826847,0
SHP-2796,40.595263247692884,1835.3512802037094,Sector_D,2024-06-27,Warning: High Temp,0.568988960161132,0
SHP-2797,68.08741305266511,194.28067513566256,Sector_B,2024-08-31,None,0.10800861209682511,0
SHP-2798,47.75684573706443,2565.908271494637,Sector_A,2024-04-10,None,0.6503992510642126,1
SHP-2799,36.60345912673724,1447.8775829567835,Sector_B,2024-04-21,Error: Pressure Drop,0.17535622087542946,0
SHP-2800,60.93570952260314,1440.0924090931258,Sector_B,2024-04-08,Error: Pressure Drop,0.6533237146288725,1
SHP-2801,54.132509270439364,2347.87020542147,Sector_B,2024-08-29,Warning: High Temp,0.9017888288788922,1
SHP-2802,52.70927999414686,1862.2149673751808,Sector_C,2024-03-06,None,0.45892724484381275,1
SHP-2803,44.826601509098424,64.59047436640563,Sector_B,2024-03-20,Warning: High Temp,0.9581337720770031,0
SHP-2804,29.464178084881254,2415.7977040362134,Sector_D,2024-09-21,Warning: High Temp,0.542084015978739,1
SHP-2805,22.80887215318012,982.5157709676272,Sector_C,2024-08-07,None,0.6784541596830427,1
SHP-2806,39.049383673094475,587.8804800316638,Sector_A,2024-07-28,None,0.920701301572894,0
SHP-2807,53.46299027033471,18.602900469504437,Sector_C,2024-04-17,Warning: High Temp,0.6846255564791619,0
SHP-2808,59.29219634997599,2100.3978642994057,Sector_B,2024-10-21,None,0.17144797617415708,0
SHP-2809,47.98401419259335,1723.4328215870046,Sector_A,2024-04-03,Error: Pressure Drop,0.07567967678489051,0
SHP-2810,49.17987271190928,838.9556655408988,Sector_B,2024-09-10,Warning: High Temp,0.3454017392326749,0
SHP-2811,50.83528986261444,138.99309969421174,Sector_D,2024-12-02,None,0.45848322021143095,0
SHP-2812,54.57342303291313,735.156900409991,Sector_C,2024-02-18,None,0.20333060888346832,1
SHP-2813,50.58051147140673,501.78687059317696,Sector_B,2024-07-02,None,0.19632109488077765,1
SHP-2814,36.37353117757253,830.4482181600451,Sector_B,2024-09-01,None,0.3709240457252413,1
SHP-2815,57.31168998886318,163.84077975027455,Sector_B,2024-03-17,Error: Pressure Drop,0.9217635972006014,1
SHP-2816,50.47533838400326,673.5777239912254,Sector_C,2024-08-23,None,0.54854997644823,0
SHP-2817,42.421752024960114,1298.1903399676128,Sector_A,2024-08-16,None,0.25143446005800507,0
SHP-2818,55.43104830980897,619.1171311554808,Sector_D,2024-09-18,None,0.665462207703117,0
SHP-2819,52.29234937907222,1566.7629159866867,Sector_D,2024-10-03,None,0.2693468961389123,1
SHP-2820,57.86316241370561,381.7722006133178,Sector_C,2024-02-13,None,0.1564719854703076,0
SHP-2821,60.336229913321034,85.33346495298785,Sector_C,2024-02-24,None,0.08527242315749017,1
SHP-2822,34.06331373767477,780.1489868583408,Sector_C,2024-03-23,None,0.6663894325885085,1
SHP-2823,51.156795448179444,2748.8393687387156,Sector_B,2024-01-24,None,0.6465415790271147,1
SHP-2824,64.25534717447042,927.9326806841319,Sector_D,2024-06-11,Error: Pressure Drop,0.745401291107179,1
SHP-2825,53.70364784266108,600.594929248391,Sector_C,2024-11-08,Error: Pressure Drop,0.062225086501130455,1
SHP-2826,39.96081489517384,521.9990823111641,Sector_B,2024-04-16,None,0.501658481954931,0
SHP-2827,42.76612910975227,1462.9675342817154,Sector_B,2024-07-06,None,0.05528502279770209,1
SHP-2828,48.943539214485625,954.0405437140631,Sector_B,2024-12-09,None,0.1709824368263131,0
SHP-2829,40.6712235773366,1368.5539603443224,Sector_A,2024-02-14,Warning: High Temp,0.5761681548416264,1
SHP-2830,50.66792642955774,108.03473589867022,Sector_B,2024-08-05,None,0.9015089103140584,0
SHP-2831,61.42125989126266,1873.89871870243,Sector_A,2024-09-10,None,0.20476041945284196,0
SHP-2832,53.321416386419244,2946.702674277253,Sector_B,2024-08-27,Warning: High Temp,0.9891982569788591,1
SHP-2833,45.358600787398245,488.3237803097522,Sector_B,2024-02-29,Warning: High Temp,0.6881005752311402,0
SHP-2834,57.587340684410854,784.4389961534913,Sector_B,2024-03-29,Warning: High Temp,0.8724015967654674,1
SHP-2835,32.700645795951424,56.66697949799371,Sector_B,2024-10-03,Error: Pressure Drop,0.682633899533011,0
SHP-2836,68.97633117735332,3330.3801069818614,Sector_B,2024-12-18,None,0.8093039961521163,0
SHP-2837,33.08629803211621,1151.8746211934565,Sector_A,2024-09-18,None,0.12006319263597864,1
SHP-2838,47.855781344606505,40.086902301222146,Sector_A,2024-06-11,Warning: High Temp,0.6148789562568475,0
SHP-2839,77.02368646766138,394.5000997019962,Sector_C,2024-12-25,None,0.34643513983850127,0
SHP-2840,48.63682815937563,538.0933498136391,Sector_B,2024-06-22,Warning: High Temp,0.47234324172227005,0
SHP-2841,48.821348622626545,531.7701430411153,Sector_B,2024-03-16,None,0.9012233626533147,0
SHP-2842,63.896833997786565,201.7253672605012,Sector_C,2024-01-15,None,0.42955325677622014,0
SHP-2843,51.423672099239326,1991.583879264577,Sector_D,2024-12-03,None,0.5988873219529339,0
SHP-2844,57.38178888421611,6.656455429847618,Sector_A,2024-11-11,None,0.8522969082031845,0
SHP-2845,43.25648790534519,0.5866636953459906,Sector_D,2024-02-18,None,0.21604367223311405,1
SHP-2846,56.04508213790834,1532.737236493104,Sector_D,2024-10-29,None,0.6725829841193893,0
SHP-2847,52.93162617193911,59.237948132294505,Sector_C,2024-06-27,None,0.3261515588763566,0
SHP-2848,31.930943985393363,2819.390842154962,Sector_D,2024-02-22,Error: Pressure Drop,0.36311227407436986,0
SHP-2849,43.308271780448585,3699.5843778948447,Sector_A,2024-07-28,None,0.04754600640014539,1
SHP-2850,49.21822231267392,172.43312240243023,Sector_A,2024-09-21,Warning: High Temp,0.4037676518259675,0
SHP-2851,48.79189997851069,3215.3121162432576,Sector_A,2024-08-04,Error: Pressure Drop,0.8519182397437228,1
SHP-2852,48.80139805475902,1612.6187557278429,Sector_A,2024-02-29,None,0.33439279450826453,1
SHP-2853,58.48581897214014,968.0989858657434,Sector_A,2024-05-20,Error: Pressure Drop,0.9727148056021817,1
SHP-2854,48.407768439809686,9.814614172264694,Sector_D,2024-10-05,None,0.40253435010108407,0
SHP-2855,49.65068720257373,1670.901714852126,Sector_D,2024-08-20,None,0.2473387277753064,1
SHP-2856,34.2170701169148,516.6104667609607,Sector_D,2024-03-14,Warning: High Temp,0.994499025860881,1
SHP-2857,31.875766453228852,1592.0085404852452,Sector_C,2024-04-03,None,0.7969238079846989,1
SHP-2858,35.488003275925465,3385.0355400494127,Sector_C,2024-05-12,None,0.04970203463507872,0
SHP-2859,47.41970553720462,273.8756378981479,Sector_B,2024-01-15,None,0.8434220418506249,0
SHP-2860,57.450874069581204,1187.8589303775088,Sector_D,2024-11-26,None,0.3492264528097927,1
SHP-2861,36.49620999934188,894.3017490180156,Sector_D,2024-05-07,Warning: High Temp,0.3124470707714545,0
SHP-2862,49.13622719491001,2135.7075784633307,Sector_D,2024-02-07,Warning: High Temp,0.4131901689185066,0
SHP-2863,75.73466985036622,739.0817180333497,Sector_A,2024-10-02,Warning: High Temp,0.06113600092476501,0
SHP-2864,48.218141874903054,636.5612979352254,Sector_B,2024-01-12,Warning: High Temp,0.36318486678865947,0
SHP-2865,39.92291492508775,268.970403106848,,2024-05-30,None,0.6899724574904976,1
SHP-2866,53.25582952243161,858.1949632877273,Sector_D,2024-09-19,Warning: High Temp,0.21146559155983125,0
SHP-2867,32.598955552209304,2256.240841258228,Sector_D,2024-05-19,None,0.7979822953689333,1
SHP-2868,52.36635473901998,1498.7314338385295,Sector_D,2024-11-08,Warning: High Temp,0.8263912036457958,1
SHP-2869,45.63619316038552,696.5918395201999,Sector_A,2024-07-12,None,0.2586272855140884,0
SHP-2870,48.50387413600059,682.7745961921438,Sector_A,2024-10-04,Error: Pressure Drop,0.4754964659774972,1
SHP-2871,64.36512151794895,26.99088205549539,Sector_A,2024-05-19,None,0.4054765644258749,0
SHP-2872,32.25987306587049,1455.1011826979243,Sector_B,2024-10-28,Warning: High Temp,0.9397994410939657,0
SHP-2873,49.17015417844182,1917.5212442821723,Sector_B,2024-11-30,Warning: High Temp,0.8315162018767188,1
SHP-2874,49.72680337770428,573.634360225682,Sector_D,2024-10-11,Error: Pressure Drop,0.7540800813761391,0
SHP-2875,48.08331486748044,2811.346024824741,Sector_A,2024-02-26,None,0.7092526595517683,1
SHP-2876,48.76779164328728,856.2242018364858,Sector_B,2024-12-16,None,0.011771223965962974,0
SHP-2877,52.069742619224805,261.4013905217422,Sector_D,2024-12-28,Error: Pressure Drop,0.41774939658613186,1
SHP-2878,59.84493509715926,479.7931789818295,Sector_A,2024-01-29,None,0.9630467969289773,0
SHP-2879,62.737503970723346,1388.882927034754,Sector_A,2024-10-25,None,0.2303260882559207,1
SHP-2880,58.61463221867204,278.0742826182951,Sector_C,2024-05-29,None,0.1506506323036101,1
SHP-2881,53.77359417367663,850.3790272451942,Sector_C,2024-08-01,None,0.9458725628746311,0
SHP-2882,43.02764453824563,222.08980923949605,Sector_A,2024-01-08,Error: Pressure Drop,0.3914889958160144,1
SHP-2883,52.89911705192537,850.7186386059356,Sector_B,2024-09-26,None,0.3444614761103074,1
SHP-2884,47.19728225391044,244.51302081219657,Sector_C,2024-03-12,None,0.6914510077321789,1
SHP-2885,73.35244549050284,526.171957655207,Sector_B,2024-07-30,Error: Pressure Drop,0.6292726492316337,0
SHP-2886,65.55548993492988,492.13970521073253,Sector_B,2024-12-15,Warning: High Temp,0.04170572823793095,0
SHP-2887,58.87029329830374,182.36893635284326,Sector_C,2024-02-12,None,0.36860271972294456,0
SHP-2888,51.50002295988525,544.0134974859154,Sector_B,2024-07-29,None,0.2709736478374858,1
SHP-2889,51.38665402256025,56.80844177656081,Sector_B,2024-12-14,Warning: High Temp,0.9049451706841124,0
SHP-2890,31.367417295538033,4394.499794238417,Sector_D,2024-09-22,Warning: High Temp,0.03213391562145296,1
SHP-2891,61.42841971880249,295.7382396771418,Sector_C,2024-07-17,Warning: High Temp,0.6738759627700527,0
SHP-2892,47.73252468820706,1270.595725294226,Sector_B,2024-08-25,None,0.7279517753225009,1
SHP-2893,54.716626561497044,1245.262549514046,Sector_A,2024-05-27,Warning: High Temp,0.11553934163320534,0
SHP-2894,58.19064726028841,1173.4593765215805,Sector_D,2024-07-12,None,0.43909065735388786,0
SHP-2895,43.30948575397666,2351.8586379768144,Sector_A,2024-08-09,None,0.045318544235434466,0
SHP-2896,42.2740556748113,108.56820833219237,Sector_B,2024-05-11,Error: Pressure Drop,0.5049423734518679,0
SHP-2897,54.62866186064682,49.64184185893855,Sector_B,2024-06-15,Warning: High Temp,0.2739127374535596,0
SHP-2898,46.5368189113056,43.77681344908321,Sector_C,2024-02-07,None,0.9908229122636207,1
SHP-2899,43.90510647036672,663.45577715132,Sector_D,2024-08-03,None,0.7604934648234747,1
SHP-2900,57.14489820173436,2458.358734554869,Sector_A,2024-05-09,Error: Pressure Drop,0.6316367381027106,1
SHP-2901,45.455586616834395,827.7863888687855,Sector_C,2024-06-05,None,0.9665401078997831,0
SHP-2902,63.82418782474499,451.80516370004085,Sector_C,2024-08-02,Error: Pressure Drop,0.6039061998826507,1
SHP-2903,42.798850650757856,630.4376988832788,Sector_A,2024-11-08,Error: Pressure Drop,0.9833306912405833,1
SHP-2904,53.493945527485074,280.877270789507,Sector_D,2024-03-27,None,0.558006696226102,1
SHP-2905,20.213768826213318,1309.8624096248132,Sector_A,2024-06-11,Warning: High Temp,0.9231338482711791,1
SHP-2906,29.979523883873973,1498.747997733105,Sector_A,2024-01-14,None,0.45324353724911404,0
SHP-2907,45.99220144191789,287.0625917209646,Sector_B,2024-09-17,Error: Pressure Drop,0.43085423033490866,1
SHP-2908,47.37904071704455,1530.8824075541756,Sector_C,2024-03-16,Error: Pressure Drop,0.3397175494312099,1
SHP-2909,43.06470767385777,271.5742965939139,Sector_C,2024-12-31,None,0.6042432536599401,0
SHP-2910,53.193721383772115,481.37299712338853,Sector_C,2024-04-10,Warning: High Temp,0.5569441162919297,1
SHP-2911,30.6461122579435,52.069211851011495,Sector_A,2024-01-25,None,0.030495737882082152,0
SHP-2912,50.795988224127676,142.87494167745004,Sector_A,2024-02-22,Error: Pressure Drop,0.2740228413207564,0
SHP-2913,32.07313951409178,361.6377377745929,Sector_C,2024-06-30,Warning: High Temp,0.31831861242615567,0
SHP-2914,68.4592820850954,698.7230640033641,Sector_A,2024-08-13,Error: Pressure Drop,0.0659938235212908,0
SHP-2915,46.189222351447526,1976.469457232236,Sector_C,2024-06-01,Warning: High Temp,0.16694477074323022,1
SHP-2916,68.35029120072643,1697.689174495824,Sector_B,2024-01-27,None,0.8235517018239453,1
SHP-2917,47.11980804049319,1350.026749013892,Sector_B,2024-02-11,None,0.4051170744789141,1
SHP-2918,50.53303579599728,377.38783313339565,Sector_D,2024-01-27,None,0.4949226009812211,1
SHP-2919,46.647911934907384,1385.018281750386,Sector_B,2024-09-17,None,0.8025858339692786,0
SHP-2920,58.261041486901185,1085.246345706999,Sector_A,2024-12-18,None,0.9832535446824577,1
SHP-2921,56.947081686033975,522.1068301270757,Sector_C,2024-04-06,Error: Pressure Drop,0.633928678404179,0
SHP-2922,57.63954684024323,1479.9254524065927,Sector_A,2024-11-19,None,0.26409895170878406,1
SHP-2923,54.85286942369154,1054.7078748397562,Sector_C,2024-11-13,Error: Pressure Drop,0.2046748261640997,1
SHP-2924,48.5415762666784,550.6294322251548,Sector_B,2024-07-13,None,0.06831964248568767,0
SHP-2925,76.31102072599187,456.98853199425395,Sector_D,2024-04-16,Warning: High Temp,0.4632075647000278,0
SHP-2926,47.41187662290044,1490.1895243994984,Sector_B,2024-01-05,None,0.943694835456625,0
SHP-2927,40.28077958691957,32.82007138632263,Sector_B,2024-10-02,Warning: High Temp,0.6513139785391997,0
SHP-2928,57.824402812037974,162.4243552455368,Sector_A,2024-07-07,Warning: High Temp,0.21383078030609004,0
SHP-2929,53.4488093553689,87.59085851556465,Sector_B,2024-05-12,Error: Pressure Drop,0.5461348492115586,1
SHP-2930,41.951617841045206,2621.27357089237,Sector_A,2024-08-25,Warning: High Temp,0.3094398867138116,0
SHP-2931,61.04354032260714,146.09269894871338,Sector_A,2024-12-04,Warning: High Temp,0.3276073446723733,0
SHP-2932,57.482991446142236,833.7684463841082,Sector_A,2024-10-04,None,0.21230025480774573,1
SHP-2933,36.07868022508254,1815.129804515629,Sector_C,2024-12-01,Error: Pressure Drop,0.712594037303643,0
SHP-2934,65.75114200658354,911.5103431258364,Sector_B,2024-10-06,Error: Pressure Drop,0.43049138015121713,1
SHP-2935,69.76539562784905,245.20007576496818,Sector_B,2024-06-03,None,0.5295567919843627,0
SHP-2936,61.94270829975813,506.9878983868716,Sector_D,2024-10-16,Error: Pressure Drop,0.46081683754399194,0
SHP-2937,57.20867213020424,1922.7368987441391,Sector_B,2024-02-21,None,0.5732608702226646,0
SHP-2938,40.072514205753,1826.178031680502,Sector_A,2024-12-22,Error: Pressure Drop,0.6570894676897211,1
SHP-2939,49.104755834880514,1843.1387435079098,Sector_D,2024-09-05,Error: Pressure Drop,0.4313691616498233,1
SHP-2940,54.627565503179405,771.3232235768309,Sector_B,2024-08-22,Warning: High Temp,0.7134775396520077,0
SHP-2941,60.746879411473856,651.4588070063675,Sector_C,2024-05-04,None,0.650368094014556,1
SHP-2942,53.49719894478441,514.029235594884,Sector_D,2024-06-07,None,0.8964719222214848,0
SHP-2943,58.95496413857477,170.1021063812034,Sector_C,2024-06-14,None,0.5819679281427717,1
SHP-2944,45.6718420440156,109.02475278698134,Sector_A,2024-08-22,Error: Pressure Drop,0.03791170610770078,1
SHP-2945,38.23659791475508,244.27079920857648,Sector_C,2024-02-17,Warning: High Temp,0.6647011560147587,1
SHP-2946,56.447331508508384,209.42383481723007,Sector_C,2024-08-22,None,0.6656522554020866,1
SHP-2947,31.2311169565429,2239.129746408493,Sector_B,2024-08-19,None,0.44449202590621395,1
SHP-2948,59.9895134870015,1338.6504368941885,Sector_A,2024-08-01,None,0.33212476476917285,1
SHP-2949,47.96690860579543,380.7872058873786,Sector_C,2024-09-13,Warning: High Temp,0.670373519353034,1
SHP-2950,58.44171790731594,666.1128010060121,Sector_A,2024-05-27,None,0.2619285155737171,0
SHP-2951,56.89656006650384,1373.5917414229077,Sector_B,2024-07-07,None,0.6276832835288627,1
SHP-2952,56.187271083942804,2029.9552726117897,Sector_D,2024-08-25,None,0.43357274138724844,1
SHP-2953,42.87803022773995,403.60372569671944,Sector_B,2024-05-04,None,0.7490816182798749,1
SHP-2954,55.18155254158325,812.7180287750728,Sector_A,2024-05-17,None,0.6057456051560114,1
SHP-2955,52.295218144284505,232.03548595462232,Sector_A,2024-05-10,None,0.8233714729358337,0
SHP-2956,58.98250227932039,120.64616777900795,Sector_A,2024-09-09,Warning: High Temp,0.24908431302139278,1
SHP-2957,52.79450918614527,275.59099925337944,Sector_C,2024-02-12,None,0.5156516571804605,1
SHP-2958,55.166430484630055,922.7592731888733,Sector_C,2024-03-05,Warning: High Temp,0.8957276274935,0
SHP-2959,29.936858247044253,109.98558800587031,Sector_A,2024-02-15,None,0.483271152131992,1
SHP-2960,56.727663692018204,146.48759454750822,Sector_C,2024-05-23,None,0.4651601290866434,1
SHP-2961,45.401519614477294,663.3418937149452,Sector_C,2024-10-08,None,0.6333601896169222,1
SHP-2962,52.44275487129211,1506.9631105959709,Sector_C,2024-09-28,None,0.047905062090953576,1
SHP-2963,36.46027200523543,97.09784083282719,Sector_D,2024-07-02,Error: Pressure Drop,0.028185994434445028,0
SHP-2964,57.60031283639598,183.7864308521623,Sector_A,2024-06-13,Error: Pressure Drop,0.2815075330754102,0
SHP-2965,67.76350371344223,68.87918287500169,Sector_B,2024-11-23,None,0.548064626284645,0
SHP-2966,57.09596784073824,631.857058874235,Sector_D,2024-09-05,None,0.29537598289569433,1
SHP-2967,40.55519652488358,1075.6032623955348,Sector_B,2024-07-05,Warning: High Temp,0.5481438077731903,0
SHP-2968,40.26415977238534,2281.502699926597,Sector_C,2024-05-15,None,0.2521612777698037,1
SHP-2969,48.05422700721041,186.73565565087492,Sector_C,2024-08-06,None,0.4414318178758544,1
SHP-2970,43.82254001530383,1806.3689890141995,Sector_C,2024-06-19,Error: Pressure Drop,0.6735829540858737,1
SHP-2971,60.092390706835396,915.0207970792675,Sector_C,2024-02-11,None,0.40332658948780387,1
SHP-2972,48.27736103728105,2383.6156808508335,Sector_A,2024-12-11,Warning: High Temp,0.4642594537981005,0
SHP-2973,53.69779790743565,551.3048518769402,Sector_A,2024-12-24,None,0.007212251786695378,0
SHP-2974,29.611255538041714,507.8926142898439,Sector_A,2024-12-16,Error: Pressure Drop,0.3632110092593449,0
SHP-2975,38.76658678168156,485.7917073480648,Sector_B,2024-09-14,Warning: High Temp,0.37470832294547807,0
SHP-2976,47.11632314068821,1197.8436717415414,Sector_A,2024-09-06,Error: Pressure Drop,0.21108976689789116,1
SHP-2977,53.251910552671056,210.5196557911669,Sector_D,2024-03-06,None,0.4926704521231152,1
SHP-2978,69.03551539990879,99.26822776363657,Sector_B,2024-01-10,None,0.9919220138605374,1
SHP-2979,40.24639179543716,513.2081859637507,Sector_A,2024-07-25,None,0.13420025595286822,1
SHP-2980,59.989521165775805,475.647010208797,Sector_D,2024-10-19,Warning: High Temp,0.5411838774225877,0
SHP-2981,62.49006267321558,196.3329099797007,Sector_C,2024-01-04,None,0.15778538019529942,1
SHP-2982,52.6457254727105,137.79205690921435,Sector_D,2024-06-14,Error: Pressure Drop,0.5178295834903585,1
SHP-2983,54.52497421979005,65.33826816315546,Sector_B,2024-07-09,None,0.4784449910629879,0
SHP-2984,72.21076445609371,107.45873688322985,Sector_B,2024-10-18,None,0.3584307653906085,0
SHP-2985,48.64950635439675,1268.2301230219934,Sector_B,2024-02-01,Error: Pressure Drop,0.5299785009895793,0
SHP-2986,57.70135294991703,214.19481562577613,Sector_C,2024-10-04,Warning: High Temp,0.10263692577650285,1
SHP-2987,38.77288851325306,108.38358056712062,Sector_A,2024-12-11,Warning: High Temp,0.15215704027442178,0
SHP-2988,73.57444448118558,352.03999221043813,Sector_D,2024-12-30,None,0.4839003245898744,0
SHP-2989,39.74829989963398,243.86192493117562,Sector_C,2024-09-15,None,0.04553750788234823,0
SHP-2990,45.91151337981767,2.469149146970536,Sector_C,2024-12-08,None,0.8549165708936877,0
SHP-2991,47.82245320851208,465.3371463940787,Sector_C,2024-02-26,Error: Pressure Drop,0.6846675038824528,1
SHP-2992,42.02320624255241,9.64192793884178,Sector_D,2024-03-30,None,0.3489752188156172,1
SHP-2993,62.300644004494416,31.53931146464375,Sector_C,2024-04-20,None,0.3744680189080246,1
SHP-2994,49.09679969293088,1485.0600494443306,Sector_A,2024-03-01,None,0.7131318620504605,0
SHP-2995,40.93839024059127,395.1380462663878,Sector_C,2024-05-16,None,0.3096743653011851,1
SHP-2996,47.261863520151536,566.3221571794636,Sector_C,2024-03-15,None,0.401240125209809,1
SHP-2997,41.77841092408804,937.1907172496218,Sector_C,2024-02-09,Warning: High Temp,0.22975993801886074,0
SHP-2998,72.81280556531027,237.52496363863148,Sector_D,2024-11-25,Warning: High Temp,0.9992943270614624,1
SHP-2999,27.032837814969714,1361.2514755584396,Sector_D,2024-06-14,None,0.6768519296479831,0
SHP-3000,39.32246706461174,489.7424593771431,Sector_D,2024-10-01,Error: Pressure Drop,0.43118061503048255,1
SHP-3001,62.72640412792499,2425.4507952783024,Sector_D,2024-03-21,None,0.9646803629675283,0
SHP-3002,50.85170311731568,85.51497385307182,Sector_D,2024-10-12,Error: Pressure Drop,0.5835438663780993,0
SHP-3003,49.20024474617697,249.40914432106354,Sector_B,2024-12-31,Error: Pressure Drop,0.2126552945111575,0
SHP-3004,40.255107012728,18.14409962903188,Sector_A,2024-12-13,Error: Pressure Drop,0.7360489407718339,0
SHP-3005,57.030067966707506,102.62001427058864,Sector_D,2024-02-06,Warning: High Temp,0.6855319644489967,1
SHP-3006,63.17776571350757,632.9336411041121,Sector_A,2024-04-10,None,0.3180535402479351,1
SHP-3007,42.766524297708386,645.0555631086451,Sector_C,2024-10-07,Error: Pressure Drop,0.3443553480325091,1
SHP-3008,63.85981092120773,194.39479265129455,Sector_A,2024-06-26,Warning: High Temp,0.7726347496419453,1
SHP-3009,60.07900754996497,625.1968152981813,Sector_D,2024-12-16,Warning: High Temp,0.8648486272193323,0
SHP-3010,48.07662541189275,699.1237409581123,Sector_D,2024-03-16,None,0.06239692250249551,0
SHP-3011,53.35328321985475,6154.25374603887,Sector_B,2024-08-10,Warning: High Temp,0.46065679612357313,0
SHP-3012,46.30926894371171,4205.516013427607,Sector_C,2024-06-18,None,0.6878555362493434,1
SHP-3013,42.230844796747654,1748.7785360436724,Sector_D,2024-05-12,None,0.7823153141242041,0
SHP-3014,54.97601101102392,2770.3373131300314,Sector_C,2024-01-29,Error: Pressure Drop,0.7821830567958051,0
SHP-3015,39.74645237749987,1577.2549989711947,Sector_A,2024-11-15,None,0.9175222726535535,1
SHP-3016,57.662362098715505,639.9077998680071,Sector_D,2024-09-08,None,0.9502683184724506,1
SHP-3017,47.07941565559203,235.46356300035026,Sector_C,2024-01-30,None,0.12850030243712218,0
SHP-3018,60.58210770974483,1682.9956603274848,Sector_A,2024-01-11,None,0.5650284720266061,1
SHP-3019,43.28521962404824,450.6537207109283,Sector_D,2024-12-28,Error: Pressure Drop,0.4067379284611281,0
SHP-3020,48.74363271931212,532.8154228065849,Sector_C,2024-06-27,None,0.4953834513768586,1
SHP-3021,48.72721682549897,1140.3931476552445,Sector_A,2024-09-15,Error: Pressure Drop,0.9454904242032591,1
SHP-3022,48.86090319264309,2458.597704142017,Sector_D,2024-03-05,Error: Pressure Drop,0.6493309121119438,0
SHP-3023,62.293124989927776,406.82679592565756,Sector_A,2024-03-12,Error: Pressure Drop,0.8008989389900693,0
SHP-3024,67.95552011933599,2394.092472725724,Sector_C,2024-02-26,Error: Pressure Drop,0.5279365210249466,1
SHP-3025,44.073610325624344,2115.7298077492146,Sector_B,2024-03-14,None,0.3432639185506905,0
SHP-3026,50.63846336643495,1583.7385695724086,Sector_B,2024-02-05,Warning: High Temp,0.9217580702380432,1
SHP-3027,35.87143706822998,1774.7149131332358,Sector_C,2024-03-04,Warning: High Temp,0.3463793237639884,0
SHP-3028,49.22425584958673,463.49425256785537,Sector_B,2024-07-23,Warning: High Temp,0.01651942253374028,0
SHP-3029,61.63843420406604,1044.8934057139613,Sector_D,2024-03-02,None,0.06598931629774818,0
SHP-3030,42.165111541331115,2874.328441929357,Sector_D,2024-03-02,None,0.2726571689768924,0
SHP-3031,57.5885052126013,1723.1418347378108,Sector_C,2024-12-06,Error: Pressure Drop,0.85843973992266,1
SHP-3032,41.75363664717831,222.96488971272896,Sector_A,2024-03-25,None,0.2372507989352467,0
SHP-3033,52.808215898961635,2852.7658286290284,Sector_D,2024-06-15,None,0.9345192633833661,1
SHP-3034,46.38747889075242,3206.849658489234,Sector_A,2024-11-26,None,0.737882602917555,0
SHP-3035,51.938188229584206,2132.974417610615,Sector_C,2024-04-17,None,0.10323068472743224,1
SHP-3036,42.31979546693511,2607.8891389129944,Sector_D,2024-08-05,None,0.5298052684696876,0
SHP-3037,52.47823318331908,1255.1545705569592,Sector_D,2024-10-07,Error: Pressure Drop,0.07718158887202342,0
SHP-3038,48.5262884903447,387.2168230020521,Sector_D,2024-04-23,None,0.3236849033965591,0
SHP-3039,57.091757894391776,205.60014997414584,Sector_B,2024-03-23,Warning: High Temp,0.23212345000183676,0
SHP-3040,69.89660114251208,789.6457295723815,Sector_C,2024-04-28,None,0.596116557121066,0
SHP-3041,46.15484829829666,362.4124872971131,Sector_D,2024-09-17,None,0.6051588576188709,1
SHP-3042,51.99723655134836,324.7358379169224,Sector_B,2024-10-02,Warning: High Temp,0.14177130127356774,0
SHP-3043,58.02925206834732,648.0170168865753,Sector_C,2024-01-17,Warning: High Temp,0.7852341183960084,1
SHP-3044,45.75392970184255,25.988589067051258,Sector_C,2024-03-30,None,0.49399807690839437,1
SHP-3045,48.11175733806825,1152.5590865750328,Sector_A,2024-07-02,None,0.8521194587689651,0
SHP-3046,62.14998270021448,644.0364772540277,Sector_B,2024-07-25,None,0.5940664244625317,0
SHP-3047,59.13949922035673,1134.5124349593611,Sector_D,2024-06-27,Error: Pressure Drop,0.4847078884594378,0
SHP-3048,53.2597890614229,1148.2688075920614,Sector_C,2024-06-01,None,0.6440978020931553,0
SHP-3049,59.59094970276574,326.675177803926,Sector_D,2024-11-22,Warning: High Temp,0.781065814851286,0
SHP-3050,50.970914404775634,365.37311237717654,Sector_B,2024-02-07,None,0.29254321817679063,0
SHP-3051,39.41696675582909,183.33612849174645,Sector_C,2024-08-28,Error: Pressure Drop,0.20980013624916893,1
SHP-3052,46.26321218139586,605.0627604251125,Sector_D,2024-06-05,Warning: High Temp,0.9178737709180191,1
SHP-3053,59.52903712068931,3874.378911568081,Sector_A,2024-11-16,Warning: High Temp,0.14667001126625756,0
SHP-3054,47.05866290460887,1481.285396069288,Sector_A,2024-08-28,None,0.8888844094795446,1
SHP-3055,55.14128117456092,47.48635633723287,Sector_A,2024-05-22,None,0.6477537442705014,1
SHP-3056,63.99622384239178,384.68812858282257,Sector_B,2024-08-04,Warning: High Temp,0.42990772833130475,1
SHP-3057,51.447455897033535,260.8974143051523,Sector_B,2024-10-03,None,0.34158082477299967,1
SHP-3058,44.68715589687043,313.5355022618451,Sector_D,2024-06-16,Warning: High Temp,0.653570101328188,1
SHP-3059,53.80440274862712,836.2307612371121,Sector_C,2024-10-07,Warning: High Temp,0.566507458518515,0
SHP-3060,34.82099882856361,232.20355074539938,Sector_B,2024-02-20,None,0.41281159762158304,0
SHP-3061,50.63945581771276,133.71661786030091,Sector_C,2024-11-26,Warning: High Temp,0.30889384954866395,1
SHP-3062,61.424242544727846,723.3175833902955,Sector_A,2024-11-04,Error: Pressure Drop,0.17116358105027207,1
SHP-3063,46.283854613199054,1377.8544748571874,Sector_A,2024-11-13,None,0.9687503323233909,1
SHP-3064,69.92201060913855,1436.919686802359,Sector_B,2024-03-08,None,0.927229909623565,0
SHP-3065,44.70529612969802,1256.6469201300476,Sector_B,2024-09-27,None,0.5697803158989668,1
SHP-3066,50.956434995584004,498.57802289133025,Sector_C,2024-07-18,None,0.19039536724463468,1
SHP-3067,47.33337082770639,3858.59528791288,Sector_B,2024-09-17,Error: Pressure Drop,0.24577954076273945,1
SHP-3068,71.13630453507844,1396.2771311613637,Sector_A,2024-10-07,Warning: High Temp,0.267464497974482,1
SHP-3069,40.741205994603746,107.0042678172826,Sector_C,2024-12-19,Error: Pressure Drop,0.324092464660924,0
SHP-3070,37.856739804447685,1416.1604697053292,Sector_D,2024-06-11,Warning: High Temp,0.8559017797182653,1
SHP-3071,54.940092857212974,2642.850313157699,Sector_C,2024-02-18,None,0.15062861902585123,0
SHP-3072,56.73950245343588,1624.3069689169672,Sector_A,2024-01-15,Warning: High Temp,0.4831057780900202,0
SHP-3073,57.69729723381054,888.1040179203417,Sector_D,2024-03-25,Error: Pressure Drop,0.21317170897263205,0
SHP-3074,40.48361784542023,359.74505340093253,Sector_B,2024-09-25,None,0.2379360747681314,1
SHP-3075,58.521528863426184,856.2726319719548,Sector_A,2024-10-18,Error: Pressure Drop,0.6333644770638891,1
SHP-3076,54.63387710421998,2209.626055506033,Sector_C,2024-11-09,Warning: High Temp,0.7756687189806383,0
SHP-3077,29.914572892391377,1195.9598054607284,Sector_D,2024-09-14,None,0.7068081079719019,0
SHP-3078,56.4110479788914,1135.9508918518643,Sector_B,2024-10-17,None,0.7454254228252464,1
SHP-3079,37.43459815105465,305.18041936365245,Sector_D,2024-11-18,Error: Pressure Drop,0.3460748120111914,0
SHP-3080,39.395225242242546,786.784471458909,Sector_B,2024-07-29,None,0.6322505400837093,1
SHP-3081,57.669830013511486,1021.0225012725554,Sector_D,2024-07-18,Warning: High Temp,0.264921748170047,0
SHP-3082,43.048671532420386,2.16586229968333,Sector_B,2024-10-08,None,0.9198609105725143,1
SHP-3083,41.942233641301236,31.83301097217369,Sector_B,2024-09-05,Warning: High Temp,0.9722855956837475,0
SHP-3084,42.593335938074,1170.7195871386818,Sector_B,2024-02-29,None,0.7807926748775291,0
SHP-3085,51.97420496846592,137.71325491220986,Sector_D,2024-12-30,Error: Pressure Drop,0.28871008693379185,1
SHP-3086,64.65327037120969,184.45832167885482,Sector_D,2024-05-17,None,0.7517423616070807,0
SHP-3087,52.404307911550134,1507.9710447893983,Sector_A,2024-05-11,Error: Pressure Drop,0.6437662350466334,0
SHP-3088,40.557761454531025,486.0178854450412,Sector_D,2024-09-27,Warning: High Temp,0.9499145607642674,1
SHP-3089,62.66721421270465,611.9719085552726,Sector_C,2024-02-15,Error: Pressure Drop,0.06668423888700925,0
SHP-3090,49.359350456542195,196.78452925032013,Sector_B,2024-10-25,None,0.029598926316367735,0
SHP-3091,27.334347841965393,2163.4727388206916,Sector_C,2024-07-20,None,0.012411691224176846,0
SHP-3092,42.60698730390897,2103.423068391327,Sector_A,2024-11-07,Warning: High Temp,0.8552334203651422,0
SHP-3093,59.450388996633954,861.9161077527368,Sector_C,2024-11-03,Error: Pressure Drop,0.6922240122240786,1
SHP-3094,55.90718021259568,987.2137512871204,Sector_B,2024-07-17,None,0.6766366338351714,0
SHP-3095,54.74066629582533,319.0886477516342,Sector_A,2024-09-17,Warning: High Temp,0.7607234739423938,0
SHP-3096,53.910656868122025,4082.9486039955495,Sector_B,2024-12-25,None,0.9731189264719385,1
SHP-3097,34.320770690144506,1293.3874558105417,Sector_C,2024-02-18,Error: Pressure Drop,0.5377078644854425,1
SHP-3098,53.32434423197673,2333.1224308772134,Sector_B,2024-02-04,Error: Pressure Drop,0.35981976221608103,0
SHP-3099,65.43492434285037,1014.6096803401434,Sector_C,2024-08-30,None,0.22164349948834117,0
SHP-3100,44.83756785949102,890.1174317669328,Sector_B,2024-10-05,None,0.0629599989175258,0
SHP-3101,50.87808974464453,438.96565015662986,Sector_A,2024-01-29,Error: Pressure Drop,0.40076891726697816,0
SHP-3102,39.824251074519104,2134.2093025224945,Sector_A,2024-11-24,None,0.5504391259907453,1
SHP-3103,72.60231443640163,85.71452409818934,Sector_A,2024-09-30,Error: Pressure Drop,0.7301566455882009,0
SHP-3104,34.16380025529411,1384.3348322841023,Sector_C,2024-04-04,None,0.976748307151557,0
SHP-3105,59.80368644394961,414.7008982782842,Sector_D,2024-09-19,None,0.6903971687588027,1
SHP-3106,55.6252761480859,937.6419580107975,Sector_B,2024-03-30,None,0.34411002022959414,1
SHP-3107,52.78898429416697,364.1401187560791,Sector_D,2024-07-02,None,0.0008327664665659373,1
SHP-3108,52.278949706599086,1173.0693076811715,Sector_A,2024-01-24,Warning: High Temp,0.9931444359189572,0
SHP-3109,53.08731199424752,1349.709585424014,Sector_A,2024-11-16,Warning: High Temp,0.8379545408041985,1
SHP-3110,61.68490147646846,45.77430865898632,Sector_B,2024-10-03,None,0.2508053504614566,1
SHP-3111,42.56402290279813,81.08841105700735,Sector_A,2024-04-25,Error: Pressure Drop,0.8399517267614387,0
SHP-3112,61.934266094240265,1336.0914126284106,Sector_C,2024-07-01,None,0.5382709074476832,1
SHP-3113,35.50078687001294,800.2214288159968,Sector_A,2024-03-29,None,0.9563428030635381,0
SHP-3114,60.06088673437263,756.3504887932521,Sector_B,2024-01-13,None,0.9915145617345011,1
SHP-3115,44.24449687277405,835.9013659636856,Sector_D,2024-08-02,None,0.3799391069733171,0
SHP-3116,44.132632134812305,382.6266386988682,Sector_C,2024-12-12,None,0.20908635633659467,1
SHP-3117,38.84137879723095,281.06114615243246,Sector_D,2024-11-20,Error: Pressure Drop,0.748318454670769,1
SHP-3118,44.0998917104137,10.889358686034141,Sector_B,2024-10-10,Warning: High Temp,0.23493355525472104,0
SHP-3119,53.72814737713778,183.42141654761576,Sector_C,2024-09-08,None,0.11807836609889955,0
SHP-3120,40.52066040639504,1495.709621910699,Sector_D,2024-11-14,None,0.3041690371758682,0
SHP-3121,56.288421788200594,4550.568055284682,Sector_C,2024-03-29,Warning: High Temp,0.5793494322746416,0
SHP-3122,55.700669136959604,406.7839901436614,Sector_B,2024-04-19,None,0.6347032985608784,1
SHP-3123,65.22762166997771,2392.2114116106645,Sector_B,2024-09-06,None,0.3428838692285927,0
SHP-3124,47.73549010125335,26.493338423187005,Sector_C,2024-10-03,Error: Pressure Drop,0.7536892835989734,1
SHP-3125,46.16795575082653,2285.7368114219016,Sector_A,2024-06-27,Error: Pressure Drop,0.15618108579798085,0
SHP-3126,31.555169820374623,932.0874556887036,Sector_B,2024-06-25,None,0.45417709589157906,1
SHP-3127,49.19542392535217,1346.4896549555704,Sector_D,2024-04-10,None,0.9024672095730691,1
SHP-3128,61.35586723417748,1435.56238210529,Sector_A,2024-12-22,Warning: High Temp,0.5571906629871329,1
SHP-3129,44.75428563480496,637.5073118679182,Sector_C,2024-09-25,None,0.7592150920594963,1
SHP-3130,40.50873943306494,3146.5625996648328,Sector_D,2024-10-22,None,0.967149186432089,1
SHP-3131,45.04741950439907,58.05599949529587,Sector_B,2024-12-21,None,0.1704318415148569,0
SHP-3132,52.252332687883865,8.182047458702115,Sector_B,2024-12-20,None,0.6966039947741098,0
SHP-3133,53.902554631421076,1647.097119394143,Sector_C,2024-09-29,None,0.8468592500767013,0
SHP-3134,53.109614694917354,261.532337568246,Sector_C,2024-09-03,None,0.026985710626439063,0
SHP-3135,40.982249573910146,2294.7284559290993,Sector_D,2024-08-18,None,0.1442491625720942,1
SHP-3136,65.06430762988371,2426.3203147167987,Sector_A,2024-07-26,Error: Pressure Drop,0.8402757220759983,1
SHP-3137,53.49613646388807,297.8259964873717,Sector_C,2024-10-07,None,0.8448383026999096,1
SHP-3138,76.7681608605451,200.352765431234,Sector_D,2024-12-23,None,0.7723792179570059,1
SHP-3139,20.96344219405338,1275.6109041485076,Sector_D,2024-05-13,Error: Pressure Drop,0.12418575132619847,1
SHP-3140,68.25162103169734,937.4032399574108,Sector_D,2024-12-27,None,0.14481250974315762,1
SHP-3141,65.56723906856267,489.0523301880226,Sector_A,2024-03-28,None,0.45955698190189553,0
SHP-3142,50.34829128519343,377.8630433992178,Sector_A,2024-08-29,Error: Pressure Drop,0.4809860720171437,0
SHP-3143,38.373291478129175,951.9934422274263,Sector_B,2024-08-08,None,0.11663513996534647,1
SHP-3144,62.94673283986952,2738.9113195946225,Sector_D,2024-11-14,None,0.9400590982093615,0
SHP-3145,40.37216521982343,483.04309538178234,Sector_D,2024-12-29,None,0.6159655824029605,0
SHP-3146,55.457663455934835,479.59830055052834,Sector_C,2024-03-19,None,0.29850054825176286,1
SHP-3147,44.922186789158225,49.285066753855894,Sector_B,2024-10-20,Error: Pressure Drop,0.9272983142011874,0
SHP-3148,31.262903502206058,1461.2632288359393,Sector_D,2024-03-17,Warning: High Temp,0.8152450901327365,1
SHP-3149,49.46743851131708,297.23941298493355,Sector_B,2024-11-30,None,0.9563195748829882,1
SHP-3150,37.91481764126567,626.4156011876379,Sector_A,2024-09-23,Error: Pressure Drop,0.19592858682819325,1
SHP-3151,41.34583681817697,2870.2227454462172,Sector_D,2024-03-06,Warning: High Temp,0.6952220205211542,1
SHP-3152,58.09534039882465,291.7124342752398,Sector_B,2024-11-24,None,0.9119766937110627,1
SHP-3153,56.38929602476688,1203.545127899561,Sector_D,2024-01-20,None,0.9726208084403348,1
SHP-3154,35.4994967364889,463.20949647843423,Sector_D,2024-06-07,None,0.766254348390896,1
SHP-3155,53.66525638758216,500.72314298374044,Sector_D,2024-05-07,None,0.37613102831411727,0
SHP-3156,55.885053903506375,1138.1302118166088,Sector_A,2024-03-07,Error: Pressure Drop,0.14226994391806724,0
SHP-3157,48.11292887473454,167.1206472727776,Sector_A,2024-09-05,None,0.9614289876089844,1
SHP-3158,42.44294202312054,27.363369793978013,Sector_D,2024-06-23,Error: Pressure Drop,0.4083700752415138,1
SHP-3159,36.00486462934703,431.95248039245945,Sector_B,2024-04-08,None,0.07519248318874816,1
SHP-3160,51.393255809469125,1343.4184805120776,Sector_D,2024-07-18,None,0.30443307541352527,0
SHP-3161,52.46893906315616,521.9298640772745,Sector_B,2024-05-27,None,0.40591713942444185,1
SHP-3162,33.176462893936765,122.51813280323363,Sector_B,2024-06-13,Error: Pressure Drop,0.755510884695056,0
SHP-3163,67.31988366785066,835.4799400007546,Sector_B,2024-12-20,Error: Pressure Drop,0.3480691823816645,0
SHP-3164,72.21955153336869,29.67882506051301,Sector_C,2024-05-14,Warning: High Temp,0.658695008054711,1
SHP-3165,46.37777322538473,348.64573394327374,Sector_A,2024-12-04,None,0.08024402377167728,1
SHP-3166,58.06372081220495,267.652021370902,Sector_C,2024-11-04,None,0.08096946969920293,0
SHP-3167,43.7808299087726,502.22235477830657,Sector_B,2024-09-13,None,0.18799249727781975,1
SHP-3168,58.17706760694996,1409.002031061525,Sector_A,2024-10-20,Warning: High Temp,0.3019110299204426,0
SHP-3169,59.628230703227935,452.89610078458077,Sector_A,2024-08-05,None,0.9245939861120591,0
SHP-3170,45.47169559200643,604.0520005068797,Sector_B,2024-07-08,None,0.09028385504513337,0
SHP-3171,35.518823627003556,313.48695915807355,Sector_D,2024-09-11,None,0.04468407474431646,0
SHP-3172,61.30902298867068,1027.8602129240007,Sector_C,2024-02-05,None,0.13727085185498256,0
SHP-3173,38.234786203436,571.0263503183697,Sector_C,2024-04-01,None,0.4926149676344622,1
SHP-3174,45.61793244931102,1757.9003496366934,Sector_B,2024-09-10,Warning: High Temp,0.7944923896780253,1
SHP-3175,64.18398404839797,1653.8979051251308,Sector_B,2024-03-12,None,0.9792601586500712,0
SHP-3176,54.140930404610835,4.850734967807098,Sector_D,2024-04-30,None,0.2955871973384542,1
SHP-3177,42.36876839373341,263.726469947477,Sector_A,2024-02-09,None,0.5765083039198887,0
SHP-3178,44.936056491132916,2552.469107779415,Sector_C,2024-10-28,None,0.6500773049134978,0
SHP-3179,46.97460436883892,2553.9387287859936,Sector_B,2024-02-12,None,0.9072611791689853,0
SHP-3180,38.20023621040018,707.4249701088249,Sector_A,2024-10-30,None,0.7297083779165364,1
SHP-3181,42.83335967885732,911.2024284313623,Sector_A,2024-04-07,Error: Pressure Drop,0.13527348361441738,1
SHP-3182,36.95822797075193,6.843371513882697,Sector_A,2024-09-18,None,0.6469316549000856,0
SHP-3183,44.881060418686154,363.2155139394503,Sector_D,2024-01-12,None,0.6073256926438152,0
SHP-3184,36.13790484017226,873.8228186223346,Sector_D,2024-08-18,None,0.3716890616360443,0
SHP-3185,46.722170191743274,1304.1514171710944,Sector_B,2024-01-15,None,0.3533565889725073,1
SHP-3186,49.94793385033331,3949.7645008423624,Sector_B,2024-11-04,Warning: High Temp,0.8953743768483197,1
SHP-3187,32.17374604608338,2223.6078048554477,Sector_A,2024-11-03,Error: Pressure Drop,0.11310382154874066,1
SHP-3188,48.84343303489345,673.530442576115,Sector_C,2024-04-11,None,0.4305840120912853,0
SHP-3189,48.524471819120876,101.03540868380725,Sector_A,2024-03-31,Warning: High Temp,0.7652985989389769,0
SHP-3190,51.50987508790667,463.4880346610631,Sector_A,2024-01-03,None,0.7303436440391531,1
SHP-3191,47.381869448976104,2845.3460304941927,Sector_B,2024-07-16,None,0.1800138531323464,0
SHP-3192,32.618941194369015,1437.2165348685073,Sector_B,2024-07-09,None,0.48792467467454237,0
SHP-3193,57.0435887696916,648.8632467577021,Sector_A,2024-08-14,None,0.8759174170009509,0
SHP-3194,44.142307262582236,362.70376499656595,Sector_D,2024-02-18,None,0.1013042818173564,1
SHP-3195,40.35648411130045,18.088582873470305,Sector_D,2024-08-22,Error: Pressure Drop,0.0565467306342361,1
SHP-3196,52.779944518175505,1795.8674662201395,Sector_C,2024-06-27,Warning: High Temp,0.29477121906358617,0
SHP-3197,41.48208752671645,153.74552803536244,Sector_A,2024-09-29,None,0.21626760738596507,0
SHP-3198,55.76871858708969,1617.384552755953,Sector_C,2024-04-04,None,0.8899072044895671,0
SHP-3199,42.214327822170596,255.74081174067248,Sector_B,2024-06-18,None,0.29798122839297236,0
SHP-3200,36.1757763287727,2.1632273959182005,Sector_B,2024-05-01,None,0.37920245833226573,0
SHP-3201,42.2210581353019,2823.435006440087,Sector_C,2024-12-31,None,0.2880754443163941,0
SHP-3202,54.17448151677943,1480.3775946720446,Sector_D,2024-09-02,None,0.15498912742294235,0
SHP-3203,41.4023552605595,569.7747558016766,Sector_B,2024-12-06,None,0.2790186970459376,0
SHP-3204,31.901124403255587,1069.4962806734989,Sector_D,2024-05-12,Warning: High Temp,0.004680758685505215,1
SHP-3205,32.660550033739995,1306.6206121823225,Sector_B,2024-11-14,None,0.7389936941827565,1
SHP-3206,17.708558142891846,1255.9716217511993,Sector_B,2024-11-22,None,0.8959630330639248,1
SHP-3207,63.94529423795034,32.8271327043128,Sector_C,2024-06-25,None,0.2892937552089191,1
SHP-3208,38.451302979671276,638.9829079971096,Sector_A,2024-10-26,Warning: High Temp,0.053623117561024114,1
SHP-3209,29.42745816704531,519.4459824956924,Sector_B,2025-01-01,None,0.19446832211413512,1
SHP-3210,51.41160729272822,592.7885986189223,Sector_A,2024-12-08,Error: Pressure Drop,0.10631494297440403,1
SHP-3211,50.85076537742293,184.55054994509,Sector_A,2024-03-16,None,0.6122094127139398,0
SHP-3212,45.1865034302805,128.07354067513575,Sector_D,2024-10-21,None,0.7789820614268882,0
SHP-3213,63.026773903172234,386.99014570862465,Sector_D,2024-08-07,Warning: High Temp,0.6159911853647849,1
SHP-3214,48.744627947898735,3333.0567160661744,Sector_D,2024-11-05,None,0.2979728330251862,0
SHP-3215,48.96377729367807,2129.1396937578247,Sector_A,2024-05-18,Warning: High Temp,0.6870019360714139,0
SHP-3216,41.24719374813196,774.8323295226738,Sector_B,2024-09-16,None,0.78619765549044,0
SHP-3217,59.748236545646975,863.0103209428676,Sector_C,2024-04-18,Warning: High Temp,0.24025803688144975,1
SHP-3218,37.91786185181225,996.94687035739,Sector_A,2024-12-17,None,0.9079093321683294,0
SHP-3219,33.75154283477073,329.627365577183,Sector_B,2024-05-20,Error: Pressure Drop,0.0036807465964960873,0
SHP-3220,59.34046681838672,1810.2949918252414,Sector_C,2024-08-02,Warning: High Temp,0.4126619094411129,0
SHP-3221,65.72508531744218,348.51707850209465,Sector_C,2024-09-10,Error: Pressure Drop,0.1657069859359579,0
SHP-3222,53.15307019881364,595.9504452223198,Sector_A,2024-09-01,Warning: High Temp,0.7364936902185107,1
SHP-3223,52.71064398907549,420.1319564315167,Sector_A,2024-10-09,None,0.7842556289405517,0
SHP-3224,52.36973907016894,417.91899127912654,Sector_B,2024-05-24,Warning: High Temp,0.3915411908881484,0
SHP-3225,33.81005598171687,2127.156382359111,Sector_A,2024-07-26,None,0.8530666857021368,1
SHP-3226,44.21918150700645,599.3595062995876,Sector_C,2024-08-18,None,0.06490996198457422,1
SHP-3227,61.458126239311156,188.32109138286728,Sector_D,2024-08-26,Warning: High Temp,0.18792881386981275,1
SHP-3228,61.96875591340172,779.74608866327,Sector_B,2024-05-01,None,0.5368815729729088,0
SHP-3229,34.109446336309674,168.78026657662522,Sector_B,2024-06-16,Error: Pressure Drop,0.69962401954299,0
SHP-3230,45.498052245912824,232.67009467506423,Sector_D,2024-06-18,None,0.9837929085346049,1
SHP-3231,54.54540772932618,669.723736212874,Sector_C,2024-05-14,Warning: High Temp,0.7448329606306292,0
SHP-3232,56.889424470959405,762.976199782104,Sector_D,2024-05-31,None,0.17515322401525002,0
SHP-3233,51.064370172709616,849.9999699658714,Sector_B,2024-01-12,None,0.2225989348249332,1
SHP-3234,56.70123977230713,2321.8466072664946,Sector_B,2024-04-05,Error: Pressure Drop,0.38203267172891975,1
SHP-3235,53.408894486931345,278.5569852885226,Sector_A,2024-12-04,Error: Pressure Drop,0.9999792614186424,1
SHP-3236,49.92304355997938,68.9961643061029,Sector_C,2024-11-05,None,0.7989244565690549,1
SHP-3237,48.43068391395618,562.282079238963,Sector_C,2024-02-05,None,0.07013099531579725,1
SHP-3238,41.042520145038935,1429.5690985180975,Sector_C,2024-10-02,Warning: High Temp,0.9074847503213761,0
SHP-3239,57.14789735957387,358.13819858158394,Sector_A,2024-06-10,None,0.6181857063813936,0
SHP-3240,39.19663170209888,932.9347011033115,Sector_C,2024-10-22,None,0.9376431960356015,1
SHP-3241,55.72988725667542,2643.9623329770366,Sector_D,2024-08-08,None,0.1946052756593002,0
SHP-3242,58.16980600798969,1755.4589520011282,Sector_A,2024-09-05,None,0.9359813854103617,0
SHP-3243,39.94916765765108,582.0579122890618,Sector_C,2024-10-08,Warning: High Temp,0.5414937420023762,1
SHP-3244,49.8250680753065,1693.965156275621,Sector_B,2024-05-24,Error: Pressure Drop,0.9487463095812798,1
SHP-3245,41.00356040969393,683.2562171618625,Sector_D,2024-06-16,Error: Pressure Drop,0.6371819813767019,1
SHP-3246,32.476383394625145,1420.448878382494,Sector_C,2024-05-22,Error: Pressure Drop,0.1332829875121706,1
SHP-3247,52.003855562687505,1137.69070929859,Sector_D,2024-05-27,None,0.9418390695268956,1
SHP-3248,46.177422346346916,1081.1069156201086,Sector_A,2024-12-24,Warning: High Temp,0.11771695314071207,1
SHP-3249,61.60814222301325,2927.3326521657036,Sector_C,2024-02-03,Error: Pressure Drop,0.8474231924476787,1
SHP-3250,55.950050317045395,768.0199852270375,Sector_B,2024-04-28,None,0.3754976835252014,1
SHP-3251,50.198771633417635,740.1325243452458,Sector_D,2024-03-12,Error: Pressure Drop,0.22577299283589103,1
SHP-3252,28.82758322221712,371.1890439816608,Sector_A,2024-12-01,None,0.7065050273995208,0
SHP-3253,45.2737590787149,210.7360693088297,Sector_A,2024-08-12,None,0.9661152937026164,0
SHP-3254,49.57747065144622,1835.029350057904,Sector_A,2024-04-21,None,0.08892607585740431,1
SHP-3255,43.72637208117676,345.95166090649366,Sector_B,2024-08-23,None,0.8811599393439199,0
SHP-3256,28.415571155738863,1051.6187488158164,Sector_D,2024-01-10,Warning: High Temp,0.8699695588724126,0
SHP-3257,36.80217761456717,540.4111461815422,Sector_C,2024-08-30,None,0.20224811457638403,0
SHP-3258,66.91262875447316,1598.9986043272115,Sector_A,2024-02-06,Error: Pressure Drop,0.7196125678300203,1
SHP-3259,52.30121636657937,1453.9407890819866,Sector_A,2024-05-18,Warning: High Temp,0.5088299354330271,1
SHP-3260,50.67752109946766,1291.4557344533173,Sector_A,2024-04-19,None,0.7527982498625205,0
SHP-3261,58.39782684390454,127.22276768143567,Sector_D,2024-06-16,None,0.250916917318054,1
SHP-3262,45.96939474356524,1382.6810364709534,Sector_B,2024-07-03,Error: Pressure Drop,0.3603551554040928,1
SHP-3263,47.370114632998316,498.61170768181665,Sector_A,2024-11-03,None,0.3589927790495705,1
SHP-3264,58.237166471698686,2046.0799693689994,Sector_C,2024-05-23,Warning: High Temp,0.6350855819839943,0
SHP-3265,52.5838545288274,892.7128043783551,Sector_D,2024-10-22,None,0.4328792683152538,1
SHP-3266,59.92646148444797,175.9638212901995,Sector_B,2024-10-01,Error: Pressure Drop,0.9341349702495015,1
SHP-3267,48.308739495253576,497.15847508443323,Sector_D,2024-06-03,Warning: High Temp,0.7756230255765566,0
SHP-3268,60.177349073081054,2301.740546613543,Sector_B,2024-06-14,None,0.6042643867762186,1
SHP-3269,75.41820079315613,1521.1744581751357,Sector_C,2024-11-18,None,0.5340176170055821,1
SHP-3270,39.36156294606887,715.8397105448995,Sector_D,2024-12-30,None,0.21874719332434434,1
SHP-3271,38.807147111117004,19.75808021398753,Sector_B,2024-12-20,Error: Pressure Drop,0.41183297803711516,0
SHP-3272,40.66812461549221,1032.7859902663142,Sector_B,2024-12-24,None,0.32833336792222856,0
SHP-3273,29.916746814448153,1486.724123812852,Sector_A,2024-04-29,Error: Pressure Drop,0.8664622049930726,0
SHP-3274,53.31668090300341,60.35165768941917,Sector_D,2024-10-29,None,0.11082056362487647,1
SHP-3275,49.94834129133017,68.6894002921628,Sector_A,2024-04-09,None,0.6863962257104192,1
SHP-3276,58.23157223104204,428.1360665575452,Sector_B,2024-01-31,None,0.5110365685960245,1
SHP-3277,74.05126512763017,327.2606861625475,Sector_C,2024-01-08,Warning: High Temp,0.2060266067663763,0
SHP-3278,62.063339593201185,75.28462542281132,Sector_C,2024-11-17,Error: Pressure Drop,0.19137376543047968,1
SHP-3279,38.23832053475584,1430.5910339751417,Sector_A,2024-04-14,None,0.18085187688476156,1
SHP-3280,34.00608463645186,429.01230154988605,Sector_B,2024-12-30,None,0.730806966645022,0
SHP-3281,46.74073787327502,292.18984116795946,Sector_B,2024-09-28,Error: Pressure Drop,0.023840407389280838,0
SHP-3282,46.625817989587844,1718.5954472792528,Sector_D,2024-07-07,None,0.7618972210909587,1
SHP-3283,67.6552321769066,682.582487759543,Sector_D,2024-06-14,None,0.07904362192469938,0
SHP-3284,46.105644002184185,205.6673835852568,Sector_C,2024-11-18,None,0.011255426946450098,1
SHP-3285,49.588877443461705,159.13105179359403,Sector_D,2024-07-15,Error: Pressure Drop,0.3902565339145271,1
SHP-3286,52.99252758551125,6.27914605760033,Sector_D,2024-05-24,None,0.03034700025206305,0
SHP-3287,56.462091804477616,284.7865070383616,Sector_A,2024-05-21,None,0.9770898794335484,0
SHP-3288,35.70807734842895,398.4956519382264,Sector_B,2024-03-16,Error: Pressure Drop,0.53829290597918,1
SHP-3289,55.94379828361536,1430.9458424479074,Sector_B,2024-12-21,None,0.1555300710623707,1
SHP-3290,46.03520850038179,1417.315285564705,Sector_D,2024-07-12,None,0.9169018823530115,0
SHP-3291,38.783299188530236,417.7192971198637,Sector_C,2024-09-11,Error: Pressure Drop,0.6085194431402822,1
SHP-3292,28.094075811660012,1538.1253161540194,Sector_C,2024-12-18,Error: Pressure Drop,0.26277837331312115,0
SHP-3293,33.52226878307651,0.9802067724223673,Sector_D,2024-07-25,None,0.0511550834536727,1
SHP-3294,52.111735555239456,1698.1344465148318,Sector_B,2024-10-21,None,0.9086169960230459,1
SHP-3295,72.00340536942991,1756.7983350299003,Sector_D,2024-11-22,Error: Pressure Drop,0.9961228131894901,0
SHP-3296,59.65460052864238,177.8379209499351,Sector_D,2024-09-06,None,0.8368401573057863,1
SHP-3297,60.58565405079778,249.31030803217143,Sector_A,2024-07-20,None,0.8840950265394786,1
SHP-3298,56.23629136217751,218.9610334692366,Sector_D,2024-05-28,None,0.6967770211483306,0
SHP-3299,73.62625995292375,372.8742433281415,Sector_D,2024-11-06,None,0.0764104277933525,0
SHP-3300,38.04621869520174,2302.92115208308,Sector_C,2024-10-22,None,0.5737372135162503,1
SHP-3301,39.109179197729794,305.0816784047484,Sector_B,2024-01-09,None,0.4701446529622323,0
SHP-3302,61.905337352196156,181.5854979611815,Sector_B,2024-07-08,Error: Pressure Drop,0.38692574723345363,1
SHP-3303,46.170290388332056,772.9750545232343,Sector_D,2024-01-10,None,0.3748950492079358,1
SHP-3304,65.14018285429552,478.1046822310733,Sector_A,2024-06-25,Warning: High Temp,0.09425270936848107,0
SHP-3305,48.33563845600043,2815.3696633778122,Sector_C,2024-09-28,Error: Pressure Drop,0.3764100680115948,1
SHP-3306,45.876381412692176,295.508264622928,Sector_C,2024-03-20,None,0.4663312878385243,0
SHP-3307,54.912467039791515,2987.4298435642822,Sector_D,2024-07-18,None,0.7031952937816547,1
SHP-3308,50.70825649056065,140.57661144443978,Sector_B,2024-12-27,None,0.8386727845513531,1
SHP-3309,39.42157698199402,540.1346392159683,Sector_B,2024-03-01,None,0.47295239103350784,1
SHP-3310,46.923445331408146,640.1478239752946,Sector_B,2024-10-03,None,0.37954935801502265,0
SHP-3311,46.62731109957194,1143.6196274508775,Sector_A,2024-07-03,Warning: High Temp,0.15903834128898775,1
SHP-3312,60.59899836180019,892.5344552064796,Sector_C,2024-02-21,None,0.48387860001034033,0
SHP-3313,47.50610533661094,2239.7264718571687,Sector_B,2024-11-09,None,0.28423913570261106,0
SHP-3314,31.065608281067295,698.9775664359533,Sector_C,2024-03-30,Error: Pressure Drop,0.45907859656017513,0
SHP-3315,43.27031000209679,591.3019107981567,Sector_D,2024-04-01,None,0.7133597475100245,1
SHP-3316,51.471960313280775,139.4107221051762,Sector_D,2024-09-11,None,0.9146055893392876,1
SHP-3317,48.376350627657956,78.72714602347611,Sector_C,2024-02-29,Warning: High Temp,0.9375166275725862,0
SHP-3318,44.691069231122604,199.96287479909248,Sector_D,2024-12-04,None,0.15239478758367186,0
SHP-3319,63.947083798854315,212.37218334093438,Sector_D,2024-09-13,Warning: High Temp,0.0652594461570215,1
SHP-3320,41.66621562958646,1820.765836013831,Sector_C,2024-02-29,None,0.07436328476078857,0
SHP-3321,46.98823436602688,821.0896511529365,Sector_C,2024-10-29,Warning: High Temp,0.962075194141317,0
SHP-3322,44.636299164116664,2004.96947382547,Sector_C,2024-12-10,None,0.6456830212452953,1
SHP-3323,64.78896483784106,2319.9435430811395,Sector_C,2024-05-17,None,0.6248252168018177,0
SHP-3324,35.376834034507986,98.5468654767015,Sector_A,2024-04-17,None,0.9822298404964528,0
SHP-3325,52.39771407503519,672.1341973996166,Sector_B,2024-12-20,Error: Pressure Drop,0.03472128029523147,0
SHP-3326,39.186407437755726,564.30509131733,Sector_D,2024-07-26,Error: Pressure Drop,0.16672244108059198,1
SHP-3327,55.98991020710172,581.3188941063763,Sector_B,2024-06-07,Warning: High Temp,0.1654733775074514,1
SHP-3328,31.883632796802914,957.162379626188,Sector_D,2024-03-18,None,0.2513087195329191,1
SHP-3329,59.96296924155772,4469.838184229457,Sector_D,2024-05-12,None,0.003433712441139103,0
SHP-3330,62.583617482691324,4.590477341090184,Sector_A,2024-08-28,None,0.7709639494415429,1
SHP-3331,47.786202118908,1823.9118436305835,Sector_D,2024-07-26,None,0.7874883969404741,1
SHP-3332,36.75138970652207,1563.8153003021346,Sector_C,2024-12-01,None,0.5360295172138754,1
SHP-3333,51.05760905552372,1093.3301057563526,Sector_A,2024-03-29,Error: Pressure Drop,0.41494128595831936,1
SHP-3334,46.787326192053,38.965122819918676,Sector_D,2024-05-16,None,0.6210028393329925,0
SHP-3335,46.88975566555937,1233.285372454133,Sector_A,2024-01-19,None,0.07283429444503531,1
SHP-3336,33.50153747192052,293.6870175671172,Sector_A,2024-08-02,Error: Pressure Drop,0.08440459987189264,0
SHP-3337,43.27784953201323,469.0984302509166,Sector_C,2024-05-31,None,0.8013493512983295,0
SHP-3338,48.936915227438774,1459.197941637267,Sector_D,2024-05-07,None,0.9315742305495489,0
SHP-3339,50.246173415354214,126.94673232522285,Sector_B,2024-03-08,None,0.040395429593865106,1
SHP-3340,41.97231464665387,429.21151821413446,Sector_C,2024-10-20,None,0.26518018555362455,1
SHP-3341,46.153368767215305,33.33624464228872,Sector_D,2024-03-24,None,0.9158982427743432,0
SHP-3342,64.18530313616775,27.617176790253044,Sector_A,2024-06-05,Error: Pressure Drop,0.9486608315064798,1
SHP-3343,47.944289601616546,1773.891711543698,Sector_D,2024-11-17,None,0.367360380460381,1
SHP-3344,59.537848553024766,3026.375654936897,Sector_A,2024-05-29,None,0.39906033298927435,1
SHP-3345,40.67531405744803,296.41427701129675,Sector_A,2024-10-17,None,0.25747717819193117,0
SHP-3346,51.72627652721137,1010.3792036985861,Sector_A,2024-04-26,None,0.4225869045308296,1
SHP-3347,57.13070636372698,3449.713514447571,Sector_D,2024-06-02,None,0.24716640892103459,0
SHP-3348,51.40525268448703,827.8952031678533,Sector_C,2024-06-09,None,0.11540336499416637,1
SHP-3349,35.14007753151801,1590.7206057738526,Sector_A,2024-04-28,None,0.5821487388950024,0
SHP-3350,44.020514240068074,729.3293888836295,Sector_A,2024-01-15,None,0.6561474776955603,1
SHP-3351,48.10893751096816,888.9596960966038,Sector_A,2024-06-26,None,0.8201511925080093,0
SHP-3352,57.634566874782074,787.0009084285772,Sector_A,2024-09-18,None,0.5687514427125197,0
SHP-3353,35.793191485826995,2501.482250996941,Sector_C,2024-06-03,None,0.3699462719481579,0
SHP-3354,55.07821751784189,1651.1219597881466,Sector_B,2024-06-23,None,0.4712253816552521,1
SHP-3355,52.37166118769167,1523.7399452719092,Sector_B,2024-05-29,None,0.2584587480294387,1
SHP-3356,38.5329290463832,140.25580121256755,Sector_A,2024-01-27,None,0.8160644119787737,0
SHP-3357,59.268095893666946,436.10176145655345,Sector_B,2024-02-02,None,0.15928268308193416,0
SHP-3358,52.240076409084864,2634.608512505224,Sector_D,2024-08-21,Error: Pressure Drop,0.7995189933818856,1
SHP-3359,36.82187397090133,287.04272517549305,Sector_D,2024-11-03,Warning: High Temp,0.031386437342910245,1
SHP-3360,44.36638113364229,2133.8467452918226,Sector_D,2024-02-14,Warning: High Temp,0.1804585964444786,1
SHP-3361,52.31276965926067,1020.4881886717765,Sector_B,2024-04-18,Error: Pressure Drop,0.08503024376416712,0
SHP-3362,49.06243756403851,910.7385284434388,Sector_C,2024-05-04,None,0.22173637295433213,0
SHP-3363,43.1845010613632,162.25178500635863,Sector_D,2024-04-26,None,0.9732498514971724,0
SHP-3364,54.86816034831312,2342.3899754593303,Sector_C,2024-06-17,None,0.02362687889423276,0
SHP-3365,56.46825822114586,582.77266139866,Sector_A,2024-11-14,None,0.4793288948465171,0
SHP-3366,42.15826512109595,4.304998667743966,Sector_C,2024-11-18,None,0.5221557510510043,0
SHP-3367,64.2689260191149,14.76528693990879,Sector_C,2024-05-15,Error: Pressure Drop,0.4901616485540804,0
SHP-3368,29.393283026919725,107.83685074792487,Sector_A,2024-10-08,None,0.5091329112236063,0
SHP-3369,37.39381505081227,2105.2428402679325,Sector_B,2024-09-27,None,0.802409199272698,1
SHP-3370,47.68616697097934,701.3885389296556,Sector_A,2024-03-28,None,0.5835692085608587,1
SHP-3371,38.91749890528818,575.0948852380785,Sector_C,2024-08-28,None,0.5978419029413491,1
SHP-3372,54.494212645183346,6203.84296060386,Sector_C,2024-11-06,Warning: High Temp,0.5102381200120804,0
SHP-3373,53.92431208108006,62.71004770906474,Sector_D,2024-12-26,None,0.03710380598622576,0
SHP-3374,50.375235548134214,359.8452402331427,Sector_B,2024-08-30,Warning: High Temp,0.2743322830660089,0
SHP-3375,53.787173987494526,329.8021141772638,Sector_B,2024-12-28,Warning: High Temp,0.254844275997113,1
SHP-3376,47.62282914531795,549.2251215379698,Sector_C,2024-03-09,Warning: High Temp,0.22948200318260048,0
SHP-3377,,534.2177394470674,Sector_A,2024-11-09,Error: Pressure Drop,0.23712353645203044,0
SHP-3378,57.11477337623847,1731.6543489065064,Sector_C,2024-01-30,Warning: High Temp,0.030130365799215686,0
SHP-3379,45.76170360876233,408.4838853459271,Sector_D,2024-11-17,Warning: High Temp,0.03168357208290051,1
SHP-3380,40.17230735867631,61.398290329827994,Sector_C,2024-05-16,Error: Pressure Drop,0.9972712971122477,0
SHP-3381,51.50776343707609,907.1277681022044,Sector_D,2024-10-08,None,0.5901368532365254,0
SHP-3382,45.59632889445473,1752.4126540206148,Sector_B,2024-12-17,Warning: High Temp,0.4948964282329853,0
SHP-3383,60.43980678497025,322.50380619428796,Sector_D,2024-07-04,None,0.21398411493316372,0
SHP-3384,45.002824908142266,77.90539574766412,Sector_D,2024-08-03,None,0.9876725233697405,0
SHP-3385,46.486204287722984,141.66033335041402,Sector_B,2024-04-13,None,0.10089765486366442,0
SHP-3386,60.37397843497494,2753.988761363295,Sector_C,2024-11-15,Warning: High Temp,0.8016384358855256,0
SHP-3387,54.462137720740245,754.9309031938923,Sector_C,2024-05-10,Warning: High Temp,0.86976131972933,0
SHP-3388,28.1900248459965,565.1628512482034,Sector_C,2024-08-16,None,0.5888534217696777,0
SHP-3389,62.88830546883368,194.96774990831724,Sector_C,2024-12-13,Warning: High Temp,0.5089582477614443,1
SHP-3390,39.31265642066359,288.80646488876124,Sector_C,2024-11-08,Warning: High Temp,0.4912148419857133,1
SHP-3391,53.002324136237405,2118.5318037435704,Sector_A,2024-12-20,Warning: High Temp,0.8409921078467723,0
SHP-3392,62.910494028503905,1392.6308274595076,Sector_B,2024-07-08,Error: Pressure Drop,0.9617279876169825,1
SHP-3393,54.37848942093645,50.150235176911586,Sector_B,2024-07-03,None,0.973715500376135,0
SHP-3394,47.72495814955528,812.7780139770746,Sector_D,2024-10-23,None,0.019174916715175905,0
SHP-3395,63.92525839376625,616.3685684154472,Sector_A,2024-04-23,None,0.9651189756126235,1
SHP-3396,52.487581892251036,1501.9959639728133,Sector_A,2024-11-09,None,0.8144047550271005,0
SHP-3397,56.05788721668092,689.8809672515381,Sector_A,2024-06-07,None,0.16219304532421175,0
SHP-3398,53.19133528797954,52.36593938146795,Sector_A,2024-11-23,None,0.2824747188971233,1
SHP-3399,,543.4484929520207,Sector_A,2024-05-15,None,0.7986080529722904,0
SHP-3400,43.72005483449174,2791.611898480073,Sector_A,2024-08-13,Warning: High Temp,0.16720063283035946,1
SHP-3401,52.054006012040844,1447.1359883695209,Sector_D,2024-07-20,Warning: High Temp,0.3600339212899406,0
SHP-3402,63.20076476249174,3012.100852576586,Sector_D,2024-08-28,Error: Pressure Drop,0.28949154493647555,0
SHP-3403,50.82830855125581,463.47046961407904,Sector_D,2024-07-15,None,0.17890584697282552,1
SHP-3404,28.759433190673747,74.8955073044598,Sector_C,2024-11-07,None,0.5912734476880459,0
SHP-3405,41.41212680924021,1077.2307714934595,Sector_B,2024-04-28,Warning: High Temp,0.37065203907649613,1
SHP-3406,48.63535941481916,1146.1009657703644,Sector_D,2024-03-13,None,0.0323670704264204,0
SHP-3407,35.75998424397126,2696.1212502518133,Sector_C,2024-02-14,None,0.42143350980288397,0
SHP-3408,55.48750586315784,1904.4775974211552,Sector_A,2024-07-13,Warning: High Temp,0.8798887948338797,0
SHP-3409,,1480.4706990999184,Sector_B,2024-08-13,None,0.6778977723610442,0
SHP-3410,73.80047101893265,2490.4626192094634,Sector_B,2024-05-26,Error: Pressure Drop,0.1132831847460185,1
SHP-3411,65.43014358115614,775.1019924907943,Sector_A,2024-11-24,None,0.5966628546733939,0
SHP-3412,55.92389975184194,1769.0105564103571,Sector_C,2024-03-06,None,0.006869956310909697,1
SHP-3413,39.98910432829754,178.56708211028968,Sector_B,2024-09-11,None,0.014301765153615587,1
SHP-3414,45.96232799730582,302.903371056745,Sector_C,2024-03-15,None,0.11676343280396928,0
SHP-3415,54.242143493467495,2448.8698034828803,Sector_B,2024-04-04,None,0.7889823604397267,0
SHP-3416,31.272492748951105,110.25828605132666,Sector_D,2024-05-01,None,0.227118111566618,1
SHP-3417,47.709115504462694,577.2014524765937,Sector_D,2024-12-17,None,0.4427563842573532,1
SHP-3418,42.06774504840709,1115.056837015772,Sector_D,2024-12-19,None,0.11658133310375529,0
SHP-3419,34.70493987899555,1112.847390748652,Sector_B,2024-08-14,Warning: High Temp,0.7678651777764127,1
SHP-3420,45.21140325751713,453.8735271753876,Sector_A,2024-08-15,None,0.8988778433239111,0
SHP-3421,46.509662680839135,2065.96058213562,Sector_D,2024-03-28,None,0.8779503801471586,1
SHP-3422,41.877060659048766,1262.902382526841,Sector_B,2024-06-20,Error: Pressure Drop,0.23503139559377684,1
SHP-3423,46.26686825318348,419.80485478418234,Sector_B,2024-12-06,None,0.24073693975553945,0
SHP-3424,56.51332682138881,249.9101572609877,Sector_B,2024-06-18,Error: Pressure Drop,0.9803891575722715,1
SHP-3425,46.504798469803184,2907.801984807088,Sector_B,2024-08-24,Error: Pressure Drop,0.7421025180490579,0
SHP-3426,57.284535504097576,333.1009179203111,Sector_B,2024-11-04,Error: Pressure Drop,0.03037118086787005,0
SHP-3427,54.449772348469146,1151.2760852562726,Sector_A,2024-08-20,None,0.5022406442225097,0
SHP-3428,31.406761538654624,257.0775625520561,Sector_C,2024-09-20,None,0.631780845915041,1
SHP-3429,62.97510994751627,1330.6837691187259,Sector_B,2024-07-26,None,0.1952784915431467,1
SHP-3430,33.774589867393885,1023.4929860565594,Sector_B,2024-04-12,None,0.2732722282213941,1
SHP-3431,41.87086166633976,130.6457820972504,Sector_B,2024-12-04,None,0.9709883774875897,0
SHP-3432,39.87101264060701,112.93191353070175,Sector_C,2024-12-19,None,0.8323031125538994,0
SHP-3433,31.793908487670105,915.7191723307999,Sector_C,2024-11-21,None,0.011671419385296367,1
SHP-3434,44.994636373016625,132.70602922966526,Sector_C,2024-05-21,None,0.5767412348403094,0
SHP-3435,55.17454235390185,584.8460812842171,Sector_D,2024-02-16,None,0.40873928333881837,0
SHP-3436,53.901287652163674,712.1484568064888,Sector_D,2024-09-17,None,0.5505335444046402,1
SHP-3437,60.854511212786875,1949.500540313101,Sector_C,2024-07-19,Warning: High Temp,0.7829766667895484,1
SHP-3438,78.41597954437478,15.820067464296164,Sector_B,2024-09-26,None,0.07063033715136557,0
SHP-3439,49.48371396634659,357.53440124974367,Sector_C,2024-08-22,Error: Pressure Drop,0.7362385322851598,0
SHP-3440,49.545066368305164,1510.3860451245653,Sector_A,2024-08-03,Warning: High Temp,0.7643820090820562,1
SHP-3441,50.97506793703718,3377.118927964327,Sector_C,2024-01-06,None,0.6201124067665909,0
SHP-3442,51.17838521405274,1700.8547648208696,Sector_A,2024-03-14,None,0.3355751069940328,0
SHP-3443,55.86149208016001,53.74215536704022,Sector_C,2024-05-16,None,0.46308819086961206,1
SHP-3444,47.04595142065667,378.6892348728983,Sector_C,2024-12-15,None,0.45792499906929784,1
SHP-3445,38.204101476576064,406.512935586107,Sector_C,2024-12-02,Error: Pressure Drop,0.17318358308095028,1
SHP-3446,39.93339292927583,371.3470975816922,Sector_C,2024-08-01,None,0.3549654624999231,1
SHP-3447,48.78838775136584,736.9522820817257,Sector_B,2024-04-16,None,0.6718672665248019,1
SHP-3448,50.39613286266779,2267.989532204364,Sector_A,2024-05-30,None,0.12373940947540829,0
SHP-3449,55.31164649601062,841.861214065343,Sector_D,2024-12-20,Warning: High Temp,0.6738582586991039,0
SHP-3450,71.00000803469665,1092.4711709255243,Sector_B,2024-02-26,Error: Pressure Drop,0.872755816332,1
SHP-3451,28.23172358024803,104.60026591398612,Sector_C,2024-04-18,Warning: High Temp,0.6033219541282199,0
SHP-3452,53.34178155973234,338.9249892618258,Sector_A,2024-06-11,None,0.5804123354341938,1
SHP-3453,41.16852503205088,43.381938972646125,Sector_B,2024-04-27,Warning: High Temp,0.7071765148558934,1
SHP-3454,47.041722243881004,674.3856620412736,Sector_B,2024-06-19,None,0.38836783102307426,0
SHP-3455,60.03371552933442,2545.675406190025,Sector_A,2024-02-28,Error: Pressure Drop,0.9490514795855528,1
SHP-3456,55.12639185372082,25.647437189701296,Sector_D,2024-10-11,Warning: High Temp,0.635262264786396,0
SHP-3457,42.608287713073786,444.26706732435986,Sector_B,2024-03-22,Error: Pressure Drop,0.9532231069447218,0
SHP-3458,49.26308968716717,93.1831938448327,Sector_D,2024-06-08,Warning: High Temp,0.6649146778472491,1
SHP-3459,43.22225008349352,2782.0544145445165,Sector_A,2024-01-09,None,0.29683258223433884,1
SHP-3460,46.8403004524171,879.8642572240022,Sector_B,2024-07-09,None,0.06943420458794247,1
SHP-3461,61.72918186599224,1377.6493030877625,Sector_D,2024-06-09,Warning: High Temp,0.12511093505553206,1
SHP-3462,47.71030151758397,3071.0417593058082,Sector_C,2024-09-10,None,0.09515220184283735,1
SHP-3463,37.40958997754028,379.25963465143263,Sector_D,2024-10-04,None,0.13728962776469078,1
SHP-3464,39.51658962260671,271.06285116410027,Sector_D,2024-03-24,None,0.38972759011690516,0
SHP-3465,43.5642527374362,1321.1650754772156,Sector_C,2024-01-20,Error: Pressure Drop,0.8590336961857145,1
SHP-3466,47.82276196973031,396.85478814845436,Sector_A,2024-06-11,None,0.2703080963147618,1
SHP-3467,58.20678898403102,438.0513335383735,Sector_B,2024-07-28,Warning: High Temp,0.6367605907312451,0
SHP-3468,49.09012525156002,1184.6229795774416,Sector_B,2024-10-31,Error: Pressure Drop,0.6999379429445738,1
SHP-3469,32.07559038400369,1154.8306583247038,Sector_C,2024-03-24,None,0.7088317398274463,1
SHP-3470,52.44104562031687,977.1175754295267,Sector_A,2024-12-23,Warning: High Temp,0.9897344466703044,0
SHP-3471,58.54433511155043,893.8422871018741,Sector_D,2024-12-10,None,0.18804988135038958,0
SHP-3472,43.3576272325091,171.87281685377366,Sector_A,2024-11-04,None,0.4898348177573786,1
SHP-3473,52.79926109843153,1401.6001066075746,Sector_A,2024-04-30,Warning: High Temp,0.22408828129862945,0
SHP-3474,55.68614603669901,406.4954699623092,Sector_A,2024-11-21,None,0.798382297593707,0
SHP-3475,45.21189346002096,252.5956765408776,Sector_D,2024-05-21,None,0.15505777384854758,0
SHP-3476,42.728732659916396,874.0250063419202,Sector_D,2024-08-20,Error: Pressure Drop,0.3269955379598186,1
SHP-3477,50.31686147204368,207.0371490688292,Sector_C,2024-08-27,None,0.9003364107797122,0
SHP-3478,42.583299513076305,1051.57240227138,Sector_A,2024-05-12,Warning: High Temp,0.3957162287482928,1
SHP-3479,39.931502002021666,1335.9601159648394,Sector_B,2024-05-05,None,0.2875588037682708,1
SHP-3480,45.78017783353257,982.7359171698811,Sector_A,2024-02-17,None,0.3830779608893159,1
SHP-3481,47.197840611811266,564.5243169709992,Sector_A,2024-03-26,Error: Pressure Drop,0.43011613430653617,1
SHP-3482,51.188420802086064,183.55136603155233,Sector_A,2024-12-15,None,0.2762891711219607,0
SHP-3483,62.47591967250087,1028.2285091560993,Sector_D,2024-08-04,None,0.4678318070715599,1
SHP-3484,46.06602995574025,198.1315473843008,Sector_B,2024-04-05,None,0.18757820766392208,0
SHP-3485,36.782871260119876,893.9777387757497,Sector_C,2024-06-14,None,0.9879632778165834,1
SHP-3486,44.472852073283,405.2995107407311,Sector_B,2024-10-17,None,0.5166521564891263,1
SHP-3487,56.490953300070196,1071.7254903726182,Sector_A,2024-09-02,Error: Pressure Drop,0.8727612424686026,1
SHP-3488,67.39369668184284,2102.1292600459888,Sector_C,2024-01-07,None,0.31298849228963443,1
SHP-3489,50.532270759390656,566.7405873258067,Sector_B,2024-05-05,None,0.8547505229137088,1
SHP-3490,45.55783834589636,660.536311852552,Sector_B,2024-11-19,Warning: High Temp,0.3357941109839938,0
SHP-3491,60.66791727241037,501.52275546580717,Sector_D,2024-12-01,None,0.17391752287712847,1
SHP-3492,59.96776932294358,897.6590294885808,Sector_D,2024-09-03,Error: Pressure Drop,0.5380527166038465,0
SHP-3493,42.26808015092296,643.3453836816034,Sector_D,2024-04-12,Warning: High Temp,0.9349703238337895,1
SHP-3494,57.352402038764545,95.21852944355386,Sector_A,2024-02-19,None,0.4748089397453473,1
SHP-3495,42.655343202272604,54.57687032906128,Sector_B,2024-09-03,None,0.7674064013745989,0
SHP-3496,69.77377819080667,1742.6046876822068,Sector_A,2024-07-16,Warning: High Temp,0.5162767330631484,0
SHP-3497,38.893968841419365,2284.4753148121767,Sector_D,2024-02-25,Error: Pressure Drop,0.8851310449181877,1
SHP-3498,57.43166173898156,1623.2565508377745,Sector_C,2024-08-16,Error: Pressure Drop,0.27644537894134524,1
SHP-3499,41.308791630743805,132.56067201898605,Sector_B,2024-11-06,None,0.8902473731072,0
SHP-3500,41.87585323917316,3149.3362325889475,Sector_D,2024-05-16,Error: Pressure Drop,0.22373140056090535,0
SHP-3501,57.01302354790514,1016.2728599888344,Sector_D,2024-12-04,None,0.6970420986047414,1
SHP-3502,41.222638196496554,236.6348340767153,Sector_A,2024-05-21,None,0.43720123050826576,1
SHP-3503,38.882681536793804,142.17887684833025,Sector_D,2024-04-28,None,0.7337766219192223,1
SHP-3504,39.51603928335012,1397.9332995886439,Sector_C,2024-04-02,Error: Pressure Drop,0.9154120043094477,1
SHP-3505,48.02509155906873,345.76495164844073,Sector_A,2024-02-25,Error: Pressure Drop,0.015640071511842324,1
SHP-3506,54.84992231295826,854.1955690708605,Sector_A,2024-03-14,None,0.25378620163986587,1
SHP-3507,28.57983160525007,286.2788531302558,Sector_A,2024-11-24,Error: Pressure Drop,0.7921603763141623,1
SHP-3508,54.746356703342535,78.72578182627988,Sector_D,2024-02-09,None,0.3447262503186568,1
SHP-3509,41.93605715861919,529.4818767481909,Sector_B,2024-02-22,Warning: High Temp,0.25928609511298684,1
SHP-3510,58.92920865122733,1331.1476764622023,Sector_A,2024-07-10,Warning: High Temp,0.17111751649625617,1
SHP-3511,52.4932929806215,1286.727739192278,Sector_B,2024-04-19,None,0.6979749975553982,0
SHP-3512,43.11000785613137,207.63098446423027,Sector_A,2024-11-02,None,0.3745159772006771,0
SHP-3513,54.25614730229013,293.6252501964263,Sector_A,2024-02-17,None,0.9150128594318766,0
SHP-3514,49.9520897096091,559.4590042670995,Sector_D,2024-07-16,None,0.7788667259800746,1
SHP-3515,54.184948837233925,1568.7621035047175,Sector_A,2024-12-26,Warning: High Temp,0.5055214620220425,0
SHP-3516,70.7872765621391,1169.4079543724179,Sector_D,2024-01-25,None,0.19865726863771604,1
SHP-3517,63.95095406274723,1304.9130436765938,Sector_B,2024-10-29,None,0.053233375118487136,0
SHP-3518,65.09915928119794,455.6518085637663,Sector_D,2024-05-03,None,0.23843702020233626,0
SHP-3519,29.456891221323534,1949.522914780202,Sector_D,2024-07-22,Warning: High Temp,0.936964649929625,0
SHP-3520,45.41014101433911,1758.5249194052847,Sector_B,2024-06-10,None,0.9523595924457564,1
SHP-3521,53.6315032159739,187.82031675371795,Sector_C,2024-09-25,None,0.9743497424719616,0
SHP-3522,44.46032976570799,467.55546089001876,Sector_D,2024-09-29,None,0.2974775289781708,1
SHP-3523,57.446316419886884,1382.7039020577774,Sector_A,2024-08-22,None,0.6052794492216245,0
SHP-3524,52.48393753978111,958.4111731047025,Sector_C,2024-01-22,None,0.790294665162807,0
SHP-3525,23.497113719060906,1397.6748033737758,Sector_A,2024-07-03,None,0.19868403758080821,1
SHP-3526,40.630828716100716,1018.498661702411,Sector_D,2024-06-15,None,0.3417300720616251,1
SHP-3527,56.5762426581685,466.1771641301072,Sector_C,2024-11-02,None,0.5812043312880982,1
SHP-3528,49.39659901898687,203.66408740404694,Sector_B,2024-07-02,Warning: High Temp,0.016955039339426325,1
SHP-3529,49.89590063877652,707.5703301226168,Sector_D,2024-05-26,None,0.5730096102346479,0
SHP-3530,47.07357002075617,460.24999861128504,Sector_B,2024-12-08,None,0.056329579944638275,1
SHP-3531,31.771476699414155,162.64645259860384,Sector_A,2024-06-22,None,0.3426029631651948,0
SHP-3532,37.22467739621573,518.6173989497292,Sector_A,2024-08-04,Warning: High Temp,0.80439318733621,1
SHP-3533,43.85678595907859,877.0729616860648,Sector_A,2024-10-15,None,0.46640489971623855,1
SHP-3534,48.55159685600597,1264.5972489910453,Sector_C,2024-03-20,None,0.9851101862323117,1
SHP-3535,37.62292995823495,241.49080547197093,Sector_B,2024-08-18,None,0.7577262077317114,1
SHP-3536,62.32092013071895,1634.9448540341148,Sector_A,2024-03-13,Warning: High Temp,0.6116533081814771,0
SHP-3537,47.470208463320446,393.0422326552272,Sector_D,2024-11-14,None,0.24692538655096774,1
SHP-3538,15.236257721063499,290.8585574411261,Sector_B,2024-12-20,Warning: High Temp,0.08670455903409158,1
SHP-3539,50.69038585215995,402.312544837044,Sector_C,2024-03-16,Warning: High Temp,0.9340362803677777,0
SHP-3540,47.52023656271016,1362.850765269119,Sector_B,2024-11-14,Error: Pressure Drop,0.029792892822001593,1
SHP-3541,49.34131224275637,1039.1566643420063,Sector_B,2024-08-20,Error: Pressure Drop,0.6806644427439955,0
SHP-3542,36.80866712672232,719.5824230029804,Sector_D,2024-07-03,None,0.38705579986942273,1
SHP-3543,45.543925755142915,478.85914900653614,Sector_D,2024-11-02,None,0.9576821876144485,0
SHP-3544,43.27997343161896,1601.2680228893503,Sector_A,2024-08-26,None,0.406099728918503,1
SHP-3545,68.46849260233799,86.03948271964076,Sector_B,2024-06-05,Warning: High Temp,0.535008119096975,0
SHP-3546,54.621751467837,163.1028038084999,Sector_A,2024-07-22,None,0.7172863842502868,0
SHP-3547,55.62909219341718,64.98802434129445,Sector_D,2024-03-13,Error: Pressure Drop,0.5363773130586732,0
SHP-3548,44.67941201739796,424.89945082594386,Sector_B,2024-07-20,None,0.7290456340908705,1
SHP-3549,56.83757598020314,1492.8558502940093,Sector_B,2024-07-28,None,0.006708992326506014,0
SHP-3550,58.86484428928372,3998.4170276720415,Sector_A,2024-03-23,Warning: High Temp,0.7581616644873452,0
SHP-3551,49.24654558762009,2179.322206701051,Sector_B,2024-07-26,Warning: High Temp,0.7222613595752607,1
SHP-3552,44.282583735035956,345.60104431338914,Sector_D,2024-04-28,Warning: High Temp,0.6482594880682074,1
SHP-3553,37.76123367265177,1134.7030590329368,Sector_D,2024-10-05,None,0.1056445883508903,0
SHP-3554,69.79104344903135,391.24124088706844,Sector_A,2024-09-28,Warning: High Temp,0.22198032195006734,0
SHP-3555,64.76667281411889,242.14222583046714,Sector_C,2024-10-23,None,0.7914951695141068,1
SHP-3556,37.99092604063774,37.292449588646555,Sector_C,2024-03-06,Error: Pressure Drop,0.6985605167898689,1
SHP-3557,25.67243261516313,385.45139387518606,Sector_B,2024-11-23,Error: Pressure Drop,0.03037206974799944,1
SHP-3558,34.15919405739811,261.65083140915607,Sector_A,2024-03-02,Error: Pressure Drop,0.18013362364337326,0
SHP-3559,36.05011817027688,110.15264676162093,Sector_C,2024-07-01,Error: Pressure Drop,0.11106590381380976,0
SHP-3560,47.13303901072675,5384.796184922191,Sector_B,2024-06-28,None,0.314110924825901,1
SHP-3561,53.5538348838749,31.031909371426245,Sector_C,2024-12-23,None,0.04405970029453776,0
SHP-3562,75.76325985141091,1114.1156192095655,Sector_D,2024-12-17,Error: Pressure Drop,0.47916427209529,0
SHP-3563,56.09067282078765,842.8769787541621,Sector_B,2024-06-10,None,0.2229245870018116,1
SHP-3564,54.02906161293111,366.55846848484214,Sector_C,2024-03-16,Error: Pressure Drop,0.10340338906852864,1
SHP-3565,35.38351727696713,1130.753688886537,Sector_B,2024-05-19,Error: Pressure Drop,0.5086435756532222,0
SHP-3566,53.815079543961,836.9861323718704,Sector_A,2024-02-05,Warning: High Temp,0.16005276041908256,1
SHP-3567,47.46982100185847,750.6040341734183,Sector_C,2024-10-06,None,0.6698626373766019,1
SHP-3568,46.98972572993581,3171.9264823084213,Sector_D,2024-10-01,None,0.309780873978146,0
SHP-3569,35.7891656061033,727.3953552529591,Sector_A,2024-03-20,Warning: High Temp,0.5039964886464453,1
SHP-3570,50.109100081284886,1717.8442716716384,Sector_C,2024-12-13,Error: Pressure Drop,0.6765360421345247,1
SHP-3571,73.93771987814007,741.4421848185289,Sector_A,2024-06-05,Error: Pressure Drop,0.6944959482239399,0
SHP-3572,42.69666390615776,1957.3555248895525,Sector_D,2024-07-12,Error: Pressure Drop,0.0562357066573097,1
SHP-3573,44.310099377556895,286.47702653097923,Sector_A,2024-04-11,Error: Pressure Drop,0.5563260313983834,1
SHP-3574,64.3159594157583,1209.745189918436,Sector_C,2024-03-06,Error: Pressure Drop,0.5531316562907387,0
SHP-3575,55.0865395173812,160.87925596926902,Sector_C,2024-10-24,None,0.908616514474936,1
SHP-3576,55.54916757419143,802.074015045441,Sector_B,2024-08-03,None,0.41721598893121725,1
SHP-3577,20.963160506034207,2488.3207789150783,Sector_A,2024-10-10,None,0.476110801003637,1
SHP-3578,47.26426345806887,38.017349836774,Sector_B,2024-05-06,None,0.37737705879693995,1
SHP-3579,46.466457186936104,280.3041572472139,Sector_B,2024-02-03,Error: Pressure Drop,0.10293481004310534,0
SHP-3580,62.776209165760115,4570.346324701339,Sector_B,2024-01-09,Error: Pressure Drop,0.9217738923815608,0
SHP-3581,43.776624482708485,3292.2483918349403,Sector_A,2024-07-13,None,0.3719359173378023,0
SHP-3582,63.58828329649242,213.09755702306694,Sector_A,2024-12-23,None,0.7683869796187495,0
SHP-3583,45.12584557517643,420.8667877346363,Sector_D,2024-07-25,Error: Pressure Drop,0.7336342001310548,1
SHP-3584,57.42778104592308,4695.650915166389,Sector_A,2024-12-24,None,0.793304188254428,0
SHP-3585,45.95845772401481,971.015388579318,Sector_B,2024-04-12,None,0.35454952644091753,1
SHP-3586,61.59698934882487,274.9565871158511,Sector_A,2024-10-17,None,0.7326555969315416,1
SHP-3587,44.14636543003536,1090.757890563464,Sector_C,2024-05-03,Warning: High Temp,0.4851715895659594,0
SHP-3588,48.17115757371267,820.3336938278311,Sector_D,2024-03-02,Warning: High Temp,0.4281916577461379,1
SHP-3589,46.577179691472836,1169.622432214022,Sector_D,2024-01-18,Warning: High Temp,0.42400878722528457,0
SHP-3590,48.08868398391562,763.576795211999,Sector_B,2024-11-03,None,0.28973809148575147,0
SHP-3591,63.97372407124762,3277.1973097881437,Sector_A,2024-04-10,None,0.21442512674927083,0
SHP-3592,54.48817700356008,3785.3211368761195,Sector_A,2024-06-15,None,0.10802674166330062,1
SHP-3593,51.49683906676636,337.18931600059574,Sector_C,2024-10-10,Error: Pressure Drop,0.9603670377798125,0
SHP-3594,46.2882292181414,771.8853586841906,Sector_C,2024-10-27,Warning: High Temp,0.23342095645592575,1
SHP-3595,39.56182157463804,426.242095427738,Sector_C,2024-08-01,Warning: High Temp,0.612296980898561,0
SHP-3596,52.230722540677164,32.67858277530967,Sector_A,2024-03-08,Warning: High Temp,0.8681796277368092,0
SHP-3597,48.2644272386987,123.78283687635509,Sector_D,2024-08-22,None,0.7086274657745947,1
SHP-3598,53.739190588621305,746.8662317689234,Sector_C,2024-09-15,None,0.3918913516919037,1
SHP-3599,49.29748720333148,545.6103539344986,Sector_D,2024-06-09,None,0.8069130712129333,0
SHP-3600,45.49749486067008,1185.289574192448,Sector_C,2024-05-14,None,0.08424473167473623,1
SHP-3601,47.78832172080925,550.9587757126338,Sector_A,2024-11-03,None,0.9040403077936208,1
SHP-3602,66.8436068765182,31.861696343006432,Sector_D,2024-05-30,Error: Pressure Drop,0.9630156639726415,0
SHP-3603,42.16132245767753,490.56959916581894,Sector_A,2024-11-10,None,0.8388697882570899,1
SHP-3604,67.12937004093588,47.67568529963238,Sector_D,2024-02-22,None,0.12180087242906301,1
SHP-3605,59.00469314476097,1191.7569460958437,Sector_C,2024-05-12,Warning: High Temp,0.5387139840116664,0
SHP-3606,54.32084376088125,812.6581155505837,Sector_B,2024-10-14,None,0.38947622266221626,1
SHP-3607,48.06536900389194,1988.3754547548826,Sector_C,2024-12-07,Error: Pressure Drop,0.6384494147244891,1
SHP-3608,48.41881173540752,1673.661439018849,Sector_A,2024-03-29,Error: Pressure Drop,0.42237069370232894,0
SHP-3609,26.866480642069245,1026.2592291165615,Sector_D,2024-03-15,Warning: High Temp,0.7479541591727161,1
SHP-3610,44.26087165909823,2038.9636488789197,Sector_B,2024-07-26,None,0.3181855104729676,1
SHP-3611,60.292461152317514,49.96709660464371,Sector_C,2024-03-11,Warning: High Temp,0.9031887745399705,1
SHP-3612,44.20574133480951,131.64183294474665,Sector_C,2024-05-02,None,0.6814244343143177,0
SHP-3613,50.08904912145556,44.73304593226288,Sector_A,2024-09-12,None,0.12234798976548689,1
SHP-3614,48.63176105030285,282.3250447548635,Sector_C,2024-07-29,None,0.7884972200382733,1
SHP-3615,48.26052693060844,416.4970322155818,Sector_C,2024-05-27,Warning: High Temp,0.40079721445486804,1
SHP-3616,37.62150454310986,654.419814128121,Sector_D,2024-04-05,None,0.2568687453167118,0
SHP-3617,53.117244381093805,195.20706345455199,Sector_C,2024-08-29,None,0.2351332116500776,1
SHP-3618,46.35717424282812,1671.6107265821304,Sector_D,2024-03-10,None,0.030823304518490136,1
SHP-3619,37.639264664732515,202.88289916226458,Sector_C,2024-01-25,None,0.3084794734337335,1
SHP-3620,36.332772490889354,875.7062032925252,Sector_C,2024-08-03,None,0.4374678046538367,0
SHP-3621,60.545750332901015,824.2342825365032,Sector_D,2024-02-05,None,0.6454150593671455,1
SHP-3622,61.91506514925372,703.6038139326361,Sector_C,2024-01-19,None,0.5442429114482181,0
SHP-3623,45.362225328007256,2928.6122956550903,Sector_D,2024-05-18,Warning: High Temp,0.5666499601720323,0
SHP-3624,38.37767777132744,666.3956227284457,Sector_A,2024-12-13,None,0.1024233602556669,1
SHP-3625,60.04528677758119,880.0339427134915,Sector_D,2024-06-05,Warning: High Temp,0.14573293845862578,0
SHP-3626,59.65258893066358,1023.0304903400771,Sector_C,2024-04-20,None,0.6241260419433714,1
SHP-3627,54.28170897520792,973.941212821119,Sector_A,2024-04-13,None,0.6566531833532699,0
SHP-3628,52.08048532517432,1276.6540754584862,Sector_B,2024-07-20,None,0.7420809858121417,1
SHP-3629,39.0863183066812,1422.0483692520356,Sector_B,2024-11-02,Error: Pressure Drop,0.9594897421898366,0
SHP-3630,52.11944284385143,2193.803884948531,Sector_D,2024-11-20,Error: Pressure Drop,0.045077854298888,1
SHP-3631,24.243912336427616,73.51933980764143,Sector_B,2024-12-13,None,0.4366457363291292,0
SHP-3632,48.840698190786874,1481.9290406705381,Sector_D,2024-06-30,None,0.7300620092626419,0
SHP-3633,61.900797373094925,608.4343831944926,Sector_A,2024-06-03,Warning: High Temp,0.8943254446802015,1
SHP-3634,67.16324943209364,393.24227478964366,Sector_C,2024-12-12,None,0.6500794470761733,1
SHP-3635,57.2347265975845,131.81337795496577,Sector_C,2024-10-21,None,0.773833171229973,1
SHP-3636,46.893162900616254,1953.9523388682687,Sector_C,2024-06-10,None,0.427878019562148,0
SHP-3637,52.74764246689924,3162.4351068273536,Sector_B,2024-04-21,None,0.9497043774947395,1
SHP-3638,47.97010015669239,615.6489143196728,Sector_C,2024-09-22,Warning: High Temp,0.549858926421963,1
SHP-3639,60.47295752642224,2254.3576765441117,Sector_B,2024-12-03,None,0.3571680012425298,1
SHP-3640,56.56246297647924,220.0441702008534,Sector_D,2024-02-17,None,0.11538406072173935,0
SHP-3641,38.74119393516415,1400.4205540126097,Sector_B,2024-06-02,None,0.8133640985752983,1
SHP-3642,42.170783503700456,1270.5193360022645,Sector_C,2024-04-26,None,0.5185403749826937,0
SHP-3643,59.13601204138961,363.4848890434232,Sector_D,2024-05-08,None,0.0909519857744916,1
SHP-3644,41.55392879164352,392.412803078626,Sector_B,2024-07-24,Error: Pressure Drop,0.7468739228082064,0
SHP-3645,27.780254250708904,687.245060288023,Sector_A,2024-01-06,Warning: High Temp,0.04894111705972504,0
SHP-3646,46.41664384657521,272.80216360827336,Sector_C,2024-12-27,None,0.3226781574815033,1
SHP-3647,59.93203538660621,1444.8841739082047,Sector_C,2024-12-21,None,0.2722282977205761,1
SHP-3648,43.25306438508441,2700.069420386432,Sector_D,2024-06-12,Warning: High Temp,0.9900480441280186,1
SHP-3649,59.03769988178438,1192.539802471207,Sector_A,2024-12-18,Warning: High Temp,0.5424636941865817,1
SHP-3650,28.49942053426567,100.49814738088871,Sector_B,2024-03-02,Error: Pressure Drop,0.4131126089856638,1
SHP-3651,43.891035675643536,689.0221185003535,Sector_B,2024-09-07,None,0.38044026139280973,0
SHP-3652,42.91871972457493,476.78152935833424,Sector_C,2024-11-05,Warning: High Temp,0.6440773097750511,0
SHP-3653,57.68202263563993,266.7830393092883,Sector_A,2024-04-07,Error: Pressure Drop,0.055436027149928346,1
SHP-3654,39.07846875893524,430.4992840242164,Sector_D,2024-12-07,None,0.7512881053393151,0
SHP-3655,62.81917748751668,18.912978351738772,Sector_B,2024-08-06,None,0.3326889566313431,0
SHP-3656,63.03428768507031,405.436618118804,Sector_D,2024-09-30,None,0.11473766741331448,1
SHP-3657,73.07567305552897,3250.4481989041897,Sector_D,2024-04-22,None,0.9377321581037608,1
SHP-3658,39.17536669110496,1298.6629709232943,Sector_B,2024-05-03,Warning: High Temp,0.668818231176395,0
SHP-3659,42.402046849798275,695.055889112767,Sector_B,2024-12-05,None,0.5542870123136627,0
SHP-3660,,1756.6476303769623,Sector_B,2024-03-17,None,0.4612685961175462,1
SHP-3661,69.68770209123856,1225.1221257910463,Sector_A,2024-01-15,Warning: High Temp,0.8410082337158836,1
SHP-3662,56.53438317218679,1578.728741324768,Sector_D,2024-02-19,None,0.6954885914299735,1
SHP-3663,55.28152407478845,2944.889224240313,Sector_A,2024-12-05,Error: Pressure Drop,0.9011309911471362,0
SHP-3664,51.253099463067315,694.7442445763285,Sector_C,2024-10-24,None,0.025633300628763123,1
SHP-3665,67.91704213769079,1368.3413190661577,Sector_C,2024-05-26,Warning: High Temp,0.9945364114938997,1
SHP-3666,43.0087869270053,1019.0802493536697,Sector_B,2024-07-08,None,0.1664017736618122,1
SHP-3667,56.126339708853976,1879.5147684528365,Sector_C,2024-05-13,None,0.37732472703298237,0
SHP-3668,50.362900250629124,2941.945270379967,Sector_C,2024-03-22,None,0.5422599183559091,1
SHP-3669,46.110290162575474,761.8615077039491,Sector_D,2024-02-21,None,0.909581318234266,1
SHP-3670,39.278226921882954,289.782230982251,Sector_B,2024-03-05,None,0.5116028582047725,1
SHP-3671,40.94318474114997,2980.440573058713,Sector_A,2024-02-26,Error: Pressure Drop,0.27447106377587804,1
SHP-3672,38.19295601785929,1977.5208025183274,Sector_A,2024-12-27,None,0.1780415329341376,0
SHP-3673,52.655401030715964,560.9060420791743,Sector_C,2024-08-25,Error: Pressure Drop,0.7928881008309696,0
SHP-3674,42.2194345585008,927.3903689019236,Sector_A,2024-07-08,None,0.5170389633005931,1
SHP-3675,45.899654585193744,501.1526922172801,Sector_B,2024-04-13,Warning: High Temp,0.915784992460136,1
SHP-3676,58.34710498913164,1404.6326686490468,Sector_D,2024-05-23,None,0.23376850999763898,1
SHP-3677,47.37648988239148,1082.6729561699249,Sector_C,2024-02-29,Warning: High Temp,0.05013628040987028,0
SHP-3678,48.86240731985344,1454.2802239704777,Sector_A,2024-03-19,None,0.09575529921764858,1
SHP-3679,46.99463585543242,1280.4778786943473,Sector_B,2024-08-02,Error: Pressure Drop,0.9783079587714012,1
SHP-3680,57.87984938260479,2995.085946050013,Sector_D,2024-05-29,None,0.32677163014828514,1
SHP-3681,72.23328049194713,1374.3903411127117,Sector_A,2024-07-21,None,0.4555403538804592,0
SHP-3682,49.02015726368927,933.8381207732759,Sector_B,2024-02-16,Error: Pressure Drop,0.3527147645647669,0
SHP-3683,34.65940627138709,182.62504949160268,Sector_B,2024-08-18,Warning: High Temp,0.7369125079402845,1
SHP-3684,33.254292907230436,89.6329717177553,Sector_C,2024-09-02,Error: Pressure Drop,0.9804353524202353,1
SHP-3685,59.355327118956026,3160.922416922835,Sector_C,2024-01-05,None,0.9226040491515519,1
SHP-3686,63.48615615150663,1405.091545758589,Sector_B,2024-06-01,Error: Pressure Drop,0.29696203819851485,1
SHP-3687,55.09861574594821,2687.435513169725,Sector_D,2024-06-23,None,0.9777405264590108,1
SHP-3688,47.718349746171214,5.2717386516752915,Sector_C,2024-08-16,Error: Pressure Drop,0.43695085292581537,1
SHP-3689,65.24077583839191,2069.4839629606013,Sector_B,2024-07-02,Error: Pressure Drop,0.4471715327434571,0
SHP-3690,43.02322919247463,662.4219337165927,Sector_B,2024-02-17,None,0.535770417050183,0
SHP-3691,58.616605735069335,1259.4787004905209,Sector_D,2024-04-04,None,0.24555658951161763,1
SHP-3692,21.5633854048402,196.21269897456895,Sector_A,2024-08-19,Error: Pressure Drop,0.38669075615231296,0
SHP-3693,59.79100732317938,407.0230015647036,Sector_D,2024-11-09,None,0.828080459932356,0
SHP-3694,30.649690204381084,2192.8181289561508,Sector_C,2024-10-31,None,0.8973292307902018,0
SHP-3695,17.202381354874525,442.3548429638711,Sector_B,2024-12-27,None,0.9907456854925998,0
SHP-3696,50.98192986222269,1708.8964361960477,Sector_C,2024-10-22,Error: Pressure Drop,0.9410015532738609,1
SHP-3697,57.631195443677086,151.40727348026533,Sector_A,2024-08-07,Error: Pressure Drop,0.16360123158849116,0
SHP-3698,28.89529644714265,129.9160548630085,Sector_D,2024-04-01,None,0.4013334274390511,1
SHP-3699,39.94626422037399,1572.4051252305853,Sector_D,2024-01-27,None,0.2542349671170865,0
SHP-3700,52.763814502084266,618.8365116854116,Sector_D,2024-04-14,None,0.647875044653047,1
SHP-3701,52.29883631946067,133.14963067700126,Sector_A,2024-07-16,Warning: High Temp,0.921757411474117,0
SHP-3702,46.30626674425541,97.33335933964251,Sector_C,2024-01-12,Error: Pressure Drop,0.14774344515318094,1
SHP-3703,56.63938062788141,448.35285224618787,Sector_B,2024-09-15,Error: Pressure Drop,0.4028470244272685,0
SHP-3704,43.48761670139256,2852.3638015356178,Sector_C,2024-03-27,Error: Pressure Drop,0.10850745748794932,1
SHP-3705,57.68444685735421,2116.6509415743176,Sector_C,2024-09-26,None,0.5514963542824528,0
SHP-3706,42.72934156366132,439.97463192249006,Sector_A,2024-04-12,None,0.7069282471231121,1
SHP-3707,39.753519299203134,283.3576491697533,Sector_C,2024-08-09,None,0.8894887263701274,1
SHP-3708,49.25595538269956,118.99748837918996,Sector_C,2024-12-31,None,0.5191846106253518,1
SHP-3709,58.635741438601336,910.368987386523,Sector_C,2024-01-11,Warning: High Temp,0.3545222028448387,0
SHP-3710,29.422250714512664,252.7816565676786,Sector_A,2024-12-04,None,0.782429981358715,0
SHP-3711,60.2953310016991,1933.1800909497238,Sector_D,2024-07-04,Warning: High Temp,0.9667352502402083,0
SHP-3712,46.972235746434926,67.02717242496598,Sector_B,2024-11-21,Warning: High Temp,0.6123224397799564,0
SHP-3713,32.62592752734929,94.02486438903291,Sector_D,2024-08-18,None,0.9882271203804278,1
SHP-3714,45.493278085576584,128.57716683187527,Sector_D,2024-08-18,None,0.8078233107355294,1
SHP-3715,47.60024533825015,91.14063341370897,Sector_A,2024-01-09,None,0.9915253135985229,1
SHP-3716,38.41149464728669,2002.3681182768223,Sector_B,2024-11-05,Warning: High Temp,0.8502290103011187,1
SHP-3717,68.41788229786492,948.6238218155186,Sector_B,2024-10-01,None,0.6431726521283616,1
SHP-3718,50.12310019648026,654.8898600272922,Sector_C,2024-09-24,None,0.32223856395240735,0
SHP-3719,39.55029856947808,1881.823222595768,Sector_C,2024-09-27,Error: Pressure Drop,0.4366949529154932,0
SHP-3720,29.666622703977062,725.5048446539168,Sector_A,2024-04-20,Error: Pressure Drop,0.6877196130315153,0
SHP-3721,63.43631243768361,3262.4366424155205,Sector_D,2024-06-28,None,0.021764544453944934,1
SHP-3722,50.33949857672892,118.07284465388895,Sector_C,2024-06-24,Error: Pressure Drop,0.3563330664755774,1
SHP-3723,44.38008524880504,679.2514448077266,Sector_C,2024-08-25,Warning: High Temp,0.9773211659913187,0
SHP-3724,51.36941588455697,3380.5999679066053,Sector_C,2024-08-31,Error: Pressure Drop,0.1766956070557042,0
SHP-3725,40.900735595416535,63.77326306942871,Sector_A,2024-09-14,None,0.8843810764684644,0
SHP-3726,66.59994226418546,1545.0597823383584,Sector_C,2024-10-23,None,0.8288878907492122,0
SHP-3727,56.4227199974058,1340.8006648245898,Sector_B,2024-08-23,None,0.877983758693894,0
SHP-3728,61.50037874357635,1973.7105843643428,Sector_A,2024-01-08,Warning: High Temp,0.027466271354591343,0
SHP-3729,43.68607900606504,1879.2857167439583,Sector_B,2024-05-25,None,0.5596801015312048,1
SHP-3730,42.54183846421248,1049.5863631567363,Sector_D,2024-09-16,None,0.7052223802515797,1
SHP-3731,55.69156921866841,181.9840795739351,Sector_B,2024-05-09,None,0.7999966560256148,1
SHP-3732,52.98429275061905,87.686014357539,Sector_D,2024-08-20,None,0.5138096909159156,1
SHP-3733,54.85165204440334,1195.4516347569615,Sector_B,2024-01-14,Warning: High Temp,0.7514134263108433,0
SHP-3734,52.59242419411947,430.1585647089505,Sector_D,2024-02-09,Error: Pressure Drop,0.993238141759497,1
SHP-3735,42.33973774855546,3991.121958810522,Sector_C,2024-03-30,Warning: High Temp,0.9129761849185457,1
SHP-3736,37.97950509267794,101.58028929267005,Sector_A,2024-12-14,None,0.9689794379869048,0
SHP-3737,38.58923664824357,1229.7688968006537,Sector_D,2024-04-04,None,0.571786626578812,0
SHP-3738,47.15495655816917,1335.816287770189,Sector_C,2024-06-27,None,0.6995632778589641,0
SHP-3739,48.771417855027465,334.9364089364524,Sector_C,2024-10-01,None,0.5664798382704306,1
SHP-3740,62.72502039181695,3177.170960146227,Sector_C,2024-10-05,Warning: High Temp,0.7724336863349266,1
SHP-3741,52.88210440541057,1125.7837821918886,Sector_D,2024-05-10,Error: Pressure Drop,0.6128233489304767,0
SHP-3742,56.475516285813605,1109.4118077170976,Sector_D,2024-11-19,Warning: High Temp,0.3608201613453609,1
SHP-3743,45.45336293618812,604.1496083109862,Sector_A,2024-05-06,None,0.16218167701206476,1
SHP-3744,58.64666433241568,221.52758972526536,Sector_C,2024-10-17,None,0.5212799138714421,0
SHP-3745,38.487488067736344,597.1045908799593,Sector_D,2024-12-23,None,0.1379067041795088,1
SHP-3746,54.99194389361219,977.7079216303887,Sector_C,2024-10-26,None,0.9654982202903957,1
SHP-3747,60.12041759781452,11.492708001445571,Sector_C,2024-02-07,None,0.4168069012804628,1
SHP-3748,40.680886117249216,511.12531442242795,Sector_D,2024-05-01,None,0.20864134359006548,0
SHP-3749,46.42239174766778,1378.4472256654954,Sector_D,2024-10-20,Error: Pressure Drop,0.9265317363053599,0
SHP-3750,45.00714180451262,2055.786315926967,Sector_A,2024-02-01,None,0.2956222855287456,1
SHP-3751,45.57397415137693,1288.7177762578754,Sector_A,2024-02-01,None,0.8685203755535559,1
SHP-3752,54.18721543100247,1562.9970795199959,Sector_B,2024-12-28,Error: Pressure Drop,0.5779441008717535,0
SHP-3753,46.030774763997606,1566.0218812225298,Sector_B,2024-02-29,Error: Pressure Drop,0.6791864324906847,1
SHP-3754,55.290131506780824,217.87847511620052,Sector_B,2024-12-01,None,0.6442956631978587,0
SHP-3755,59.53803025223534,4552.3252977330685,Sector_A,2024-04-06,None,0.13582002952764183,0
SHP-3756,30.629382799899524,329.47280080256996,Sector_A,2024-09-11,None,0.504664974952333,1
SHP-3757,48.68281226729561,1569.4888873162593,Sector_C,2024-09-17,None,0.2902477749487856,1
SHP-3758,48.50788583556176,140.7856656304346,Sector_A,2024-08-03,Error: Pressure Drop,0.4101397354414821,1
SHP-3759,37.66735145879983,576.4253913542811,Sector_B,2024-12-19,Warning: High Temp,0.46721820441108175,0
SHP-3760,53.00164887103352,859.6379641307666,Sector_A,2024-02-12,None,0.2501769816131162,0
SHP-3761,37.174043569714456,10115.472257387595,Sector_C,2024-09-16,None,0.6780254744438652,1
SHP-3762,51.33258917882253,1005.4996563295729,Sector_B,2024-02-25,None,0.3458215256390036,1
SHP-3763,47.196218535896726,356.7672655414287,Sector_A,2024-07-25,Error: Pressure Drop,0.5784317736978816,0
SHP-3764,48.88934941856405,1784.2654018870633,Sector_B,2024-05-07,None,0.8522343037647351,1
SHP-3765,54.9684849574318,153.24439112046713,Sector_D,2024-11-03,Error: Pressure Drop,0.22938752360103354,1
SHP-3766,35.279052036278216,2313.8520442439185,Sector_D,2024-02-23,None,0.2569555996845754,0
SHP-3767,41.08186885595424,420.99523268983614,Sector_A,2024-10-08,Error: Pressure Drop,0.5524571280411896,1
SHP-3768,50.386817690204396,620.0253545401745,Sector_C,2024-04-07,Error: Pressure Drop,0.7305128753233878,0
SHP-3769,67.23462162797549,540.9690422445947,Sector_D,2024-01-31,Warning: High Temp,0.7262996237293619,0
SHP-3770,38.418613592353935,150.4361704186185,Sector_B,2024-07-24,None,0.5906090447633208,0
SHP-3771,54.03109881603535,594.5328537391649,Sector_B,2024-06-12,None,0.13356521692056866,1
SHP-3772,51.505212237228356,208.21360793609975,Sector_C,2024-01-22,None,0.8742069832487516,0
SHP-3773,40.46716836336947,1477.7357058769735,Sector_C,2024-04-22,None,0.906396375389223,1
SHP-3774,73.62377254827788,460.61424340001344,Sector_C,2024-05-11,None,0.768475396312584,0
SHP-3775,45.28581015816572,917.1895215838064,Sector_B,2024-06-02,None,0.46354788538853886,1
SHP-3776,78.70346014915734,2639.511923657396,Sector_A,2024-11-13,Error: Pressure Drop,0.518263835414589,1
SHP-3777,59.80187024722379,1040.5823151518096,Sector_C,2024-01-08,Error: Pressure Drop,0.06820062569651009,0
SHP-3778,60.700334017585625,812.4350136926545,Sector_B,2024-08-18,None,0.9309673176387822,0
SHP-3779,47.09348342194115,3932.0838355753363,Sector_D,2024-01-25,None,0.8863673240918967,0
SHP-3780,69.75652919331907,137.38334856288395,Sector_C,2024-04-14,None,0.8627415668751915,1
SHP-3781,54.85879932074959,628.2841733022166,Sector_A,2024-05-17,Error: Pressure Drop,0.5581763321907424,1
SHP-3782,55.10775656007378,424.007243469066,Sector_A,2024-01-18,None,0.469221896696124,0
SHP-3783,38.3920072526024,303.84692016737296,Sector_A,2024-07-20,None,0.5943697039420929,0
SHP-3784,42.42103720541447,1266.0627836047345,Sector_A,2024-01-04,None,0.09385591754958778,1
SHP-3785,41.697408594888046,752.4160711665577,Sector_D,2024-10-30,Warning: High Temp,0.3636541596093765,0
SHP-3786,44.65476129119921,3452.6248924395586,Sector_A,2024-04-23,Warning: High Temp,0.19235036188391308,1
SHP-3787,45.58670196126032,214.43273570621724,Sector_D,2024-03-19,Error: Pressure Drop,0.8092867953205781,1
SHP-3788,32.96604102479906,286.64167633788105,Sector_A,2024-12-02,None,0.19214352485076658,1
SHP-3789,47.32024932976098,1164.6443846086688,Sector_B,2024-08-17,None,0.9918742360940723,0
SHP-3790,56.927964004736104,1036.568645781904,Sector_B,2024-08-28,Error: Pressure Drop,0.734571700960927,1
SHP-3791,49.93777185348221,1399.640084040894,Sector_C,2024-01-25,None,0.03044036354723756,0
SHP-3792,33.1236671561568,745.6621462198525,Sector_C,2024-05-27,None,0.5560257800617188,1
SHP-3793,41.00185284023719,3090.4020631573894,Sector_C,2024-12-22,None,0.25649334476237073,1
SHP-3794,56.3856241970326,1844.0381723454104,Sector_C,2024-11-04,None,0.45865100325109087,0
SHP-3795,43.59953866632423,802.6128462912149,Sector_A,2024-12-17,Warning: High Temp,0.22651416086843512,1
SHP-3796,50.170961926527966,2860.789270811701,Sector_C,2024-01-29,None,0.9732767352332783,0
SHP-3797,23.724794427529655,687.8140988192507,Sector_C,2024-05-20,Warning: High Temp,0.4329299707383404,1
SHP-3798,40.61968280724886,26.39027568186303,Sector_A,2024-03-30,None,0.9162178239806384,0
SHP-3799,60.682653490749544,840.7013407827644,Sector_A,2024-10-31,None,0.31152410938308006,1
SHP-3800,62.82410416923637,1277.0252857381386,Sector_A,2024-08-27,Error: Pressure Drop,0.3294809050928824,0
SHP-3801,47.801180390838645,506.5110970881378,Sector_A,2024-12-06,None,0.47713800661598693,0
SHP-3802,43.919178873647994,1855.829271381142,Sector_D,2024-10-31,None,0.7974175052260064,0
SHP-3803,48.64249958907439,125.0767613741532,Sector_A,2024-04-06,Error: Pressure Drop,0.9774400029029252,1
SHP-3804,47.00632943165764,743.4396001426073,Sector_B,2024-09-07,None,0.6973158120546389,0
SHP-3805,48.777915818256425,1862.811274338102,Sector_B,2024-08-10,None,0.6911232651300937,1
SHP-3806,59.30372028656811,19.303340546503648,Sector_C,2024-07-14,None,0.06942414413912834,1
SHP-3807,59.95750655837288,1087.888406043208,Sector_C,2024-04-24,None,0.15208658239207073,0
SHP-3808,63.68754503970868,26.33614765877576,Sector_D,2024-03-22,None,0.023945157307977305,0
SHP-3809,83.57721725514534,240.33268069277923,Sector_C,2024-04-17,Error: Pressure Drop,0.5206428321776974,0
SHP-3810,81.39209618987047,732.067287419786,Sector_B,2024-04-27,None,0.5082542785650412,0
SHP-3811,36.0898666662725,766.7756312358318,Sector_D,2024-02-19,None,0.46663101596666656,1
SHP-3812,33.92650083854582,1771.4831092696459,,2024-10-23,None,0.3422228953906248,1
SHP-3813,37.83367358248024,583.8806042750851,Sector_D,2024-07-15,Error: Pressure Drop,0.3471278861343231,0
SHP-3814,43.95341760676605,333.21445224195645,Sector_B,2024-08-24,None,0.9855888913871282,1
SHP-3815,42.87690435740631,852.5866423537483,Sector_C,2024-02-28,Error: Pressure Drop,0.09166371004931517,1
SHP-3816,34.50633378846169,785.6540113811855,Sector_C,2024-07-10,None,0.7050803525753662,1
SHP-3817,53.32310035997258,87.97576637806175,Sector_D,2024-07-07,None,0.9475779898712645,1
SHP-3818,47.26267841352246,1053.3919270509234,Sector_A,2024-09-23,Error: Pressure Drop,0.6244328585692219,1
SHP-3819,49.35469548168109,105.33371029100476,Sector_A,2024-02-03,None,0.8143660976096753,1
SHP-3820,41.06582034619747,1543.804839456082,Sector_B,2024-03-27,Warning: High Temp,0.16740779299949649,1
SHP-3821,41.46017597389933,107.614666337307,Sector_C,2024-01-14,None,0.32828256116146415,1
SHP-3822,50.1157347816662,278.1964145493211,Sector_A,2024-06-04,None,0.2614221709278961,0
SHP-3823,37.15251434693706,345.65318833660285,Sector_A,2024-10-25,None,0.7367859374524797,1
SHP-3824,54.82952409853723,396.43290247398573,Sector_B,2024-10-31,Error: Pressure Drop,0.8000997325536893,1
SHP-3825,37.1768938279502,435.6506820017473,Sector_C,2024-06-17,None,0.9948897950798483,1
SHP-3826,67.52999092594011,1677.362181981484,Sector_A,2024-09-08,None,0.5776958510341961,0
SHP-3827,64.92979624142572,559.0677092995564,Sector_C,2024-04-13,Warning: High Temp,0.6143622372305044,1
SHP-3828,52.96920034165749,71.77260951978938,Sector_D,2024-08-21,None,0.7281696002986665,1
SHP-3829,43.36316339318939,642.4428806237191,Sector_D,2024-10-09,Error: Pressure Drop,0.9303490944285222,1
SHP-3830,52.48544785314472,35.70388292590637,Sector_C,2024-05-21,None,0.8154319756011065,1
SHP-3831,61.53708568085152,656.6934701784083,Sector_A,2024-12-30,Error: Pressure Drop,0.46426929850439025,0
SHP-3832,46.19311519612191,489.70412246821684,Sector_C,2024-12-02,None,0.847161243570256,1
SHP-3833,39.65405410053706,571.5917638780018,Sector_B,2024-02-16,None,0.3634329919571645,0
SHP-3834,38.258760822350254,445.4078382638567,Sector_C,2024-05-31,Warning: High Temp,0.30574325841534766,1
SHP-3835,51.623620151049494,104.11956698029441,Sector_B,2024-11-13,Warning: High Temp,0.7123202985056923,0
SHP-3836,62.53520201049824,2855.4278934053345,Sector_A,2024-12-17,Error: Pressure Drop,0.7424713589292075,0
SHP-3837,51.111458914297174,703.3337926653355,Sector_A,2024-03-19,Error: Pressure Drop,0.6405427943397058,0
SHP-3838,49.26621224655739,878.1445308106199,Sector_D,2024-12-13,Error: Pressure Drop,0.7165437968382818,0
SHP-3839,44.14305718930695,694.3600156482617,Sector_D,2024-04-25,Warning: High Temp,0.78554990444719,0
SHP-3840,62.39761031837941,313.5314680901573,Sector_A,2024-04-03,None,0.5707509917638367,0
SHP-3841,67.33310547933269,2650.89931283985,Sector_D,2024-04-26,Error: Pressure Drop,0.09976132283404526,1
SHP-3842,37.52813685184288,1948.1941743975613,Sector_B,2024-02-11,None,0.6855630542681471,0
SHP-3843,45.86517516640589,814.4521477677813,Sector_A,2024-09-20,Error: Pressure Drop,0.7843376111140378,1
SHP-3844,74.97734260732882,809.3696258513074,Sector_D,2024-03-01,Error: Pressure Drop,0.4952436742084346,1
SHP-3845,31.251222184392372,371.7357982414965,Sector_B,2024-01-23,Warning: High Temp,0.12939441335248691,1
SHP-3846,34.85823306079978,1331.2653688042335,Sector_A,2024-07-12,Warning: High Temp,0.08023681002547356,0
SHP-3847,64.82383516772407,1785.9863453563462,Sector_D,2024-11-16,None,0.0643879026002071,0
SHP-3848,56.739385983867216,322.6606707722017,Sector_C,2024-04-18,Error: Pressure Drop,0.4041168028072397,1
SHP-3849,47.82869777467476,1243.1873162499132,Sector_D,2024-10-21,None,0.3026517458172556,1
SHP-3850,42.79694523013387,1307.5906896695499,Sector_C,2024-06-19,None,0.7295754376195406,1
SHP-3851,40.38863460285333,933.1067458520412,Sector_A,2024-12-25,Warning: High Temp,0.7869051511921881,1
SHP-3852,37.21227678500464,957.3009518182805,Sector_C,2024-08-27,Warning: High Temp,0.9752509176405086,1
SHP-3853,61.62429300091456,574.4549155038563,Sector_A,2024-06-18,None,0.9014146926462924,0
SHP-3854,65.41701880953691,638.3280281409543,Sector_A,2024-11-17,Warning: High Temp,0.11884350077139183,1
SHP-3855,55.37824890637378,399.2060388691033,Sector_D,2024-09-15,Error: Pressure Drop,0.7226668453775963,1
SHP-3856,55.17255248616464,276.22559560501617,Sector_C,2024-11-25,None,0.6291660516373697,1
SHP-3857,57.10609904941389,1188.8954530595547,Sector_B,2024-01-08,None,0.45079188222653366,1
SHP-3858,54.47192865536326,12.271250282084887,Sector_B,2024-11-09,None,0.24059908239598693,0
SHP-3859,47.61638889331432,785.195101759856,Sector_D,2024-10-11,Error: Pressure Drop,0.8388107753415296,0
SHP-3860,40.16273116415361,1589.9721003230559,Sector_A,2024-09-16,None,0.7817575403268051,1
SHP-3861,54.3119286925798,796.2813088868392,Sector_C,2024-09-29,None,0.01928776806608501,1
SHP-3862,34.125022448697145,651.7221941520228,Sector_C,2024-08-25,None,0.2693843827062148,0
SHP-3863,45.30548027040355,1704.186842639656,Sector_D,2024-03-23,None,0.6864105804490827,1
SHP-3864,36.92645519472803,319.862897119176,Sector_C,2024-05-18,Error: Pressure Drop,0.8876977951096316,1
SHP-3865,50.41914014015826,630.7837714752253,Sector_A,2024-07-11,None,0.10679180112035047,1
SHP-3866,55.10666085936202,1290.252781302624,Sector_B,2024-02-04,Warning: High Temp,0.320644392842937,1
SHP-3867,56.956564120986556,1678.2444926396568,Sector_C,2024-01-15,None,0.4492657205614815,0
SHP-3868,65.34781252485934,1010.9128205279126,Sector_D,2024-04-01,None,0.9207330211117719,1
SHP-3869,23.3431764635175,1892.7448764295868,Sector_D,2024-07-24,None,0.026001024881944668,1
SHP-3870,47.31965225163279,1386.3378513236244,Sector_C,2024-11-17,None,0.458974946740617,1
SHP-3871,55.680051316631214,61.823859908900594,Sector_C,2024-05-01,Error: Pressure Drop,0.64899866136218,1
SHP-3872,50.949943283774545,476.8520378126445,Sector_C,2024-07-20,None,0.5479720384909585,1
SHP-3873,53.62606301738193,406.0550177703102,Sector_B,2024-06-06,Error: Pressure Drop,0.15298784264551313,0
SHP-3874,28.239868262790853,1854.352066977443,Sector_D,2024-01-23,None,0.84192224592705,0
SHP-3875,51.61410540240172,273.60444915161975,Sector_B,2024-08-22,None,0.6474134342361435,1
SHP-3876,54.35933611300206,782.7403451715301,Sector_C,2024-03-04,Error: Pressure Drop,0.5917924775699956,1
SHP-3877,59.892737421367094,433.65311988496455,Sector_D,2024-03-01,Error: Pressure Drop,0.9825436612654613,1
SHP-3878,48.15492559021089,445.1881559500631,Sector_D,2024-05-21,None,0.5926641472894884,1
SHP-3879,51.66508462858782,98.90369102142564,Sector_C,2024-08-05,Error: Pressure Drop,0.05023480357676058,1
SHP-3880,49.439563426498275,425.82496200306355,Sector_C,2024-02-26,None,0.3855427434726332,0
SHP-3881,44.83622966255215,1468.8429370520307,Sector_D,2024-06-03,Warning: High Temp,0.7866073360442406,0
SHP-3882,45.44348766705992,602.7883740474251,Sector_A,2024-11-12,Warning: High Temp,0.3455791864959249,1
SHP-3883,34.11636116744859,433.1202913463419,Sector_D,2024-07-01,None,0.07641437852171717,1
SHP-3884,40.557836410090296,127.0726323734184,Sector_A,2024-08-26,None,0.0925186784674017,1
SHP-3885,48.09674760632888,2864.676404401613,Sector_A,2024-03-28,Error: Pressure Drop,0.4784026711311272,0
SHP-3886,52.49546425598524,1242.8513813570398,Sector_A,2024-07-09,None,0.08279871297365493,0
SHP-3887,61.6879230454462,1353.1601331267786,Sector_B,2024-01-26,Error: Pressure Drop,0.46309001843253383,1
SHP-3888,45.81110950558529,980.3704102482149,Sector_C,2024-03-06,None,0.6124993712123314,1
SHP-3889,44.38496677461175,820.0252317417807,Sector_C,2024-06-04,None,0.04022430511746644,0
SHP-3890,46.78874339997519,70.04138267360504,Sector_C,2024-02-28,None,0.33095146569188905,1
SHP-3891,53.51964108382479,1684.4802463059716,Sector_A,2024-08-04,Warning: High Temp,0.14279888396844198,0
SHP-3892,40.381003509266634,229.57415988413342,Sector_B,2024-01-31,Warning: High Temp,0.2253474545895352,0
SHP-3893,53.91491650769509,468.0252147930612,Sector_A,2024-04-01,Error: Pressure Drop,0.26348442508749703,0
SHP-3894,44.362278749522694,220.23815337608784,Sector_B,2024-09-29,None,0.8312762333577506,0
SHP-3895,53.67658032128547,119.00633548722777,Sector_B,2024-01-21,None,0.49004077429680526,1
SHP-3896,54.59263029593278,1012.4477602445212,Sector_B,2024-07-14,Warning: High Temp,0.3219830941708568,0
SHP-3897,37.985546275481525,648.9725226469865,Sector_A,2024-06-09,None,0.1531062617625515,1
SHP-3898,58.98420926970113,2006.9992106932957,Sector_A,2024-11-12,Warning: High Temp,0.5390918730034849,0
SHP-3899,46.101846125335484,417.83261933868835,Sector_C,2024-07-17,None,0.46553353432501443,1
SHP-3900,42.7508544009968,526.4857595133332,Sector_D,2024-07-24,None,0.42787645437195765,1
SHP-3901,48.534631003643746,147.0878005297975,Sector_B,2024-09-13,Warning: High Temp,0.3060558120775638,1
SHP-3902,50.06671153580632,1287.041934089023,Sector_B,2024-11-21,None,0.7699947667270745,1
SHP-3903,44.801528591149186,1289.4209719792389,Sector_B,2024-08-03,Error: Pressure Drop,0.6179115466930605,1
SHP-3904,52.336056241289,1194.844755893567,Sector_C,2024-03-28,Error: Pressure Drop,0.9143577231914842,1
SHP-3905,49.75389734314278,1895.438486152867,Sector_A,2024-11-07,Error: Pressure Drop,0.33000331735756483,1
SHP-3906,54.691112955654816,789.6512740117415,Sector_B,2024-02-29,None,0.5417502565790648,0
SHP-3907,45.6207616891734,421.7317982603178,Sector_C,2024-12-11,None,0.12911937453322442,1
SHP-3908,38.59840042114435,1448.2721764029654,Sector_C,2024-04-10,Error: Pressure Drop,0.8247583047620719,0
SHP-3909,,977.4715141389241,Sector_D,2024-07-02,Warning: High Temp,0.435079733995534,0
SHP-3910,48.95467022642538,654.995079950291,Sector_A,2024-10-02,None,0.9001264253737196,1
SHP-3911,30.353367634355838,819.3727156449223,Sector_D,2024-04-28,None,0.7967982903213979,1
SHP-3912,48.915309551402224,1219.7343281697592,Sector_B,2024-08-13,None,0.9315440196411822,0
SHP-3913,48.17379813189272,629.5324580445018,Sector_D,2024-10-16,Warning: High Temp,0.6239984789875712,0
SHP-3914,48.38222591872824,1842.1138740867975,Sector_B,2024-07-21,None,0.6337068451257922,1
SHP-3915,38.36422461554169,84.98838908814918,Sector_B,2024-08-05,Error: Pressure Drop,0.10086550637442093,1
SHP-3916,52.598344778764755,15.634440916961534,Sector_D,2024-01-04,None,0.020822169475288477,0
SHP-3917,58.980595926751434,1229.1223956596637,Sector_B,2024-02-08,Error: Pressure Drop,0.22634873911385112,0
SHP-3918,64.8783241527511,1008.0602331747053,Sector_D,2024-02-17,None,0.059722672794058185,0
SHP-3919,50.1926843420022,1098.3266038863596,Sector_D,2024-02-19,Error: Pressure Drop,0.9108247650589778,1
SHP-3920,64.20362295874762,71.9676357498965,Sector_A,2024-06-13,None,0.36517928501660046,1
SHP-3921,63.42638000369556,139.01605950973212,Sector_B,2024-05-15,None,0.17652251139164943,0
SHP-3922,54.6778374883,79.19726497306647,Sector_C,2024-11-17,None,0.4140702281727653,1
SHP-3923,37.83616268060696,340.57845838324045,Sector_A,2024-11-04,None,0.4581464264296561,1
SHP-3924,44.77408244860901,661.5269836367244,Sector_B,2024-11-13,None,0.2391857415573697,1
SHP-3925,45.4227534376297,246.6079203879646,Sector_D,2024-10-14,Error: Pressure Drop,0.7918410598826532,0
SHP-3926,57.18221376680675,1226.0793135730642,Sector_D,2024-05-01,None,0.10910522013738311,1
SHP-3927,56.259706504685816,1636.5040201174857,Sector_C,2024-06-27,Warning: High Temp,0.822179421694302,0
SHP-3928,24.921909114547212,409.46863465563473,Sector_A,2024-10-23,Warning: High Temp,0.9101652479873631,0
SHP-3929,54.66127684904695,538.1985067303868,Sector_D,2024-05-25,Error: Pressure Drop,0.1447578631141384,0
SHP-3930,51.954769498966954,144.726905852328,Sector_B,2024-02-29,None,0.00619514236510732,1
SHP-3931,56.069563780869814,75.21622875169288,Sector_A,2024-12-19,Error: Pressure Drop,0.6089563080919266,0
SHP-3932,57.98139999316381,262.90135815071653,Sector_C,2024-07-21,Error: Pressure Drop,0.5399598328649892,1
SHP-3933,54.94128702751176,3433.2595445042257,Sector_A,2024-09-10,Warning: High Temp,0.43441444032336707,1
SHP-3934,40.23202127651017,328.34299816377467,Sector_C,2024-10-20,Warning: High Temp,0.38583801427015807,1
SHP-3935,55.00929646710803,181.516095813372,Sector_A,2024-09-20,Error: Pressure Drop,0.43459312162263064,1
SHP-3936,41.58197037481821,517.138495139956,Sector_C,2024-02-27,Error: Pressure Drop,0.2039537943902353,1
SHP-3937,48.320601759657656,916.9921305069877,Sector_C,2024-08-27,None,0.4059371929167739,0
SHP-3938,22.86477292645258,1490.6075661597683,Sector_C,2024-11-09,Warning: High Temp,0.9120458554733406,0
SHP-3939,47.75650746179624,1163.044085256466,Sector_A,2024-07-07,Warning: High Temp,0.25997854694891853,1
SHP-3940,47.327074192193734,1866.9163371664772,Sector_B,2024-04-05,Warning: High Temp,0.8411658325782106,0
SHP-3941,42.836647326298525,156.15183717480812,Sector_C,2024-07-22,Error: Pressure Drop,0.14408698351287197,1
SHP-3942,58.370351798821225,558.29606670475,Sector_B,2024-06-16,None,0.5244590898227598,0
SHP-3943,62.29222331589083,173.41205806848436,Sector_A,2024-07-28,None,0.779736886465749,1
SHP-3944,52.804764731026395,77.76184817719526,Sector_B,2024-03-10,None,0.2113409685711939,1
SHP-3945,50.43373588173337,11.586280441888647,Sector_D,2024-07-31,Warning: High Temp,0.501496687887918,0
SHP-3946,63.17786925760302,692.0487447653704,Sector_D,2024-09-26,Warning: High Temp,0.7399475859145127,1
SHP-3947,60.44237173432377,457.83208038504,Sector_C,2024-11-28,None,0.1767738354172138,1
SHP-3948,37.147164328162084,264.2148739855954,Sector_C,2024-05-23,Error: Pressure Drop,0.6484245610142572,1
SHP-3949,55.80838865090876,1730.2906412414789,Sector_B,2024-01-08,None,0.5342714823478226,1
SHP-3950,44.16187995283908,1428.0912418706953,Sector_B,2024-11-10,None,0.25329234803403844,1
SHP-3951,54.585946447790995,2048.5037020147533,Sector_B,2024-05-03,Warning: High Temp,0.20512821388675906,0
SHP-3952,49.188564751851864,2215.415195028486,Sector_A,2024-01-08,Warning: High Temp,0.9964153077433066,0
SHP-3953,53.739626635700084,1369.197417713015,Sector_C,2024-04-06,Error: Pressure Drop,0.4732163736681648,1
SHP-3954,42.192131577772734,1734.6197804777046,Sector_D,2024-11-21,Error: Pressure Drop,0.7736544063653008,1
SHP-3955,42.2516124880768,1752.220232510244,Sector_C,2024-07-29,Error: Pressure Drop,0.6876089548427091,0
SHP-3956,41.675612846927635,2633.780002713305,Sector_D,2024-08-06,None,0.5520557930632077,0
SHP-3957,32.199806929016546,818.7613880058963,Sector_C,2024-08-14,Error: Pressure Drop,0.9716715059038862,0
SHP-3958,49.619530698233206,1247.2686413746687,Sector_A,2024-02-21,Error: Pressure Drop,0.13711411231895076,1
SHP-3959,37.884315935029996,1223.6348293370345,Sector_D,2024-08-08,None,0.9363159297568546,1
SHP-3960,43.023787070263104,54.61013306690541,Sector_A,2024-03-17,None,0.5735080850785188,1
SHP-3961,17.022552262660845,264.9591203069058,Sector_B,2024-02-08,None,0.9895348598634771,0
SHP-3962,62.5344595044726,197.1178056959645,Sector_D,2024-12-29,None,0.35823778743291135,0
SHP-3963,43.96164151725116,177.27946086300446,Sector_B,2024-11-28,None,0.11642840303488344,1
SHP-3964,63.1953282660948,412.5021354994335,Sector_B,2024-07-05,None,0.2208996825673446,0
SHP-3965,58.51925750778946,491.8035032553556,Sector_C,2024-06-27,None,0.3756403366198995,1
SHP-3966,63.31990597020103,1389.1452401412203,Sector_C,2024-06-15,Warning: High Temp,0.7712074374807376,1
SHP-3967,45.460776067735516,126.70305189726425,Sector_C,2024-10-20,None,0.23083047844939386,0
SHP-3968,48.5570028266756,1600.8639495418636,Sector_A,2024-07-03,Warning: High Temp,0.9397870945816746,1
SHP-3969,55.13953104634476,2344.2695550837893,Sector_A,2024-04-19,Warning: High Temp,0.3768669595933305,0
SHP-3970,60.064650126625466,327.7745929178799,Sector_C,2024-12-22,None,0.5913925390157537,1
SHP-3971,47.79102040803713,3190.334769697655,Sector_D,2024-05-12,None,0.07496232838176897,0
SHP-3972,57.197761951129884,225.18482783330003,Sector_B,2024-09-13,None,0.5346046364457996,0
SHP-3973,54.32990419364979,2488.725910673174,Sector_B,2024-02-04,Error: Pressure Drop,0.7680269798111857,1
SHP-3974,44.67679369071897,230.3856241838113,Sector_D,2024-11-21,None,0.6485392667163197,0
SHP-3975,56.6706043457941,705.763316087007,Sector_D,2024-06-09,None,0.6649416518750525,1
SHP-3976,41.61809508838639,1818.3501565645743,Sector_C,2024-08-06,Error: Pressure Drop,0.5881315819263044,1
SHP-3977,43.436320361822624,2170.20575180143,Sector_C,2024-06-13,Error: Pressure Drop,0.9954770187451385,0
SHP-3978,58.16090324894704,488.46539267314853,Sector_D,2024-09-08,Error: Pressure Drop,0.3995878848878027,0
SHP-3979,53.58213310772782,60.98897849109427,Sector_C,2024-01-07,Error: Pressure Drop,0.48797056712983455,1
SHP-3980,25.735204456096803,718.3967795896123,Sector_A,2024-11-06,None,0.4622718025840673,0
SHP-3981,58.52146954488655,3612.1607347962567,Sector_C,2024-04-03,None,0.25613402423339293,1
SHP-3982,51.845089674521624,2510.9706243234295,Sector_B,2024-07-20,Error: Pressure Drop,0.3820065351761155,1
SHP-3983,28.14356526163824,1301.8036460521469,Sector_D,2024-10-07,None,0.5316254398761016,0
SHP-3984,49.00013630816716,56.882008184015056,Sector_C,2024-11-24,Error: Pressure Drop,0.6423908631890518,1
SHP-3985,51.935243020465904,62.16963392148133,Sector_D,2024-04-23,Error: Pressure Drop,0.35860886955378846,1
SHP-3986,37.777935253069465,2098.365446936668,Sector_C,2024-03-16,None,0.4299771593850562,1
SHP-3987,38.15102139201388,1040.9838850320448,Sector_D,2024-10-03,None,0.5546442180696092,0
SHP-3988,52.05145379324709,211.73548300428166,Sector_D,2024-12-28,None,0.9505312888927803,1
SHP-3989,500.0,2159.829724318078,Sector_A,2024-09-16,Error: Pressure Drop,0.5799539207503752,1
SHP-3990,49.16529629284206,297.03756699917426,Sector_C,2024-12-01,Warning: High Temp,0.4634282638559847,1
SHP-3991,42.22952282005147,396.3337353265546,Sector_D,2024-03-26,Error: Pressure Drop,0.3968825839553205,1
SHP-3992,57.631496960917254,3513.547603597171,Sector_C,2024-08-31,Warning: High Temp,0.9998126149633247,0
SHP-3993,22.53040900970621,634.2343985766789,Sector_B,2024-08-26,Warning: High Temp,0.9955414568365003,1
SHP-3994,36.9411113289968,164.8664276532951,Sector_D,2024-07-04,None,0.9051024978134043,0
SHP-3995,39.75163439123594,1680.854816481907,Sector_B,2024-05-18,None,0.10756194008520059,1
SHP-3996,69.77767787043946,868.163592358683,Sector_C,2024-05-20,None,0.3017588634666972,1
SHP-3997,49.01773449746262,410.4707364643753,Sector_A,2024-12-02,Error: Pressure Drop,0.5813075403794821,1
SHP-3998,57.64663423879579,753.4899237988266,Sector_A,2024-08-06,Error: Pressure Drop,0.7310980595561785,1
SHP-3999,38.82598948486246,908.9241869524385,Sector_D,2024-11-13,Error: Pressure Drop,0.858719370571265,0
SHP-4000,58.890386265323954,373.7039490681278,Sector_A,2024-08-05,Error: Pressure Drop,0.46251989857131937,0
SHP-4001,37.48330249377063,255.4001535611791,Sector_A,2024-05-09,None,0.9055464160056662,0
SHP-4002,62.543334227438876,1690.2120373409819,Sector_A,2024-06-23,Warning: High Temp,0.9124699002934138,1
SHP-4003,32.43358150543378,528.6593709772831,Sector_A,2024-08-02,Warning: High Temp,0.08620189419139734,0
SHP-4004,39.6321180595458,742.0986491378424,Sector_D,2024-07-18,None,0.9831541656075387,1
SHP-4005,43.33254886898162,40.05889007278864,Sector_B,2024-08-11,None,0.9392420542204137,0
SHP-4006,63.44980414981247,164.95080611112888,Sector_D,2024-06-20,None,0.4869519402445892,1
SHP-4007,42.6485864691737,258.2546399264819,Sector_D,2024-01-19,None,0.24084954980148587,1
SHP-4008,56.77562449455778,2309.6677501894183,Sector_A,2024-02-22,None,0.3152178490924781,0
SHP-4009,61.410532169438305,361.58850056141915,Sector_D,2024-09-25,Warning: High Temp,0.19995057350202539,0
SHP-4010,59.96067605922897,1830.8676459727203,Sector_C,2024-11-06,None,0.9167135493962781,1
SHP-4011,50.2426340366982,639.7766301066422,Sector_A,2024-04-06,None,0.6391115647725953,0
SHP-4012,41.5002411480117,462.0247956938301,Sector_D,2024-02-26,Error: Pressure Drop,0.36062093289985175,1
SHP-4013,47.21557873522643,17.262172788912167,Sector_A,2024-07-03,Error: Pressure Drop,0.2495046087031093,1
SHP-4014,50.70978847009573,100.07152451370304,Sector_A,2024-07-14,Error: Pressure Drop,0.05484951341238509,0
SHP-4015,49.46067869445137,1254.2229942119416,Sector_D,2024-03-20,None,0.4705683416402252,0
SHP-4016,47.138540053343405,434.9573075586319,Sector_C,2024-04-28,None,0.22845267119031665,1
SHP-4017,55.454882528906424,3389.584646022498,Sector_B,2024-04-22,None,0.010245090323672157,1
SHP-4018,58.634848782466214,845.1921810271957,Sector_C,2024-05-19,None,0.27525141475496195,0
SHP-4019,67.08105455042934,1246.4167115057714,Sector_A,2024-10-04,None,0.26632928233810604,1
SHP-4020,58.563564995501594,2504.2950428609543,Sector_B,2024-11-21,None,0.601294278045274,1
SHP-4021,57.49585482599104,1600.175191197302,Sector_B,2024-10-16,Warning: High Temp,0.36272024456842344,1
SHP-4022,46.026281045670466,381.9818835678469,Sector_C,2024-06-25,None,0.008422808030759454,0
SHP-4023,45.51510309206751,420.59058669269456,Sector_C,2024-11-14,None,0.7211802462087455,0
SHP-4024,50.9161195626073,159.04133817513772,Sector_D,2024-06-03,None,0.6053735786549699,1
SHP-4025,55.322346064285846,443.1791996506462,Sector_D,2024-07-07,None,0.032763858451062666,1
SHP-4026,53.08199305592991,955.7650581340116,Sector_C,2024-03-01,None,0.8991641337832698,1
SHP-4027,47.41870156947086,1255.1113431360707,Sector_A,2024-05-30,Warning: High Temp,0.5509964635053384,0
SHP-4028,61.97121137893627,1101.9026468136815,Sector_B,2024-05-20,Warning: High Temp,0.9007011247886707,1
SHP-4029,69.42557145781164,626.220706655541,Sector_B,2024-03-12,None,0.4287552060538884,0
SHP-4030,35.19870370930722,358.57022412824045,Sector_A,2024-03-18,None,0.10807366386194395,1
SHP-4031,57.59044664379074,478.9029689511288,Sector_B,2024-08-14,None,0.23684984298606981,0
SHP-4032,33.5034077816189,428.96192333797353,Sector_B,2024-12-14,Error: Pressure Drop,0.7491235853349973,1
SHP-4033,35.60220717111627,190.03440912724403,Sector_D,2024-03-01,Warning: High Temp,0.9846836290895699,1
SHP-4034,49.028053874621584,817.5289434352578,Sector_D,2024-06-22,None,0.22837946533894649,1
SHP-4035,74.35247189229499,829.2843965510945,Sector_C,2024-02-04,Error: Pressure Drop,0.34346039041488674,1
SHP-4036,45.626442591850136,399.18707674141194,Sector_C,2024-06-09,None,0.11757473962616949,1
SHP-4037,23.392984647580892,453.3675829875761,Sector_C,2024-06-28,None,0.1005974634465806,0
SHP-4038,75.15648552794636,957.8778002828192,Sector_C,2024-09-02,None,0.6419406702738713,0
SHP-4039,51.38070001734837,231.1930579778961,Sector_A,2024-07-23,None,0.45217843046377504,0
SHP-4040,49.23077236042928,985.0709108785363,Sector_D,2024-05-19,Warning: High Temp,0.6449084037962018,1
SHP-4041,56.997331617632724,2435.026817789997,Sector_C,2024-09-25,None,0.5400632692850061,0
SHP-4042,33.435038747409244,159.73719542317048,Sector_D,2024-07-26,None,0.462199595995206,1
SHP-4043,63.987060383312055,208.02196316818623,Sector_B,2024-05-16,None,0.8717822382288535,1
SHP-4044,45.11034960799181,1703.4748038804826,Sector_A,2024-10-10,Error: Pressure Drop,0.21959731166787566,0
SHP-4045,48.274510577457235,346.56789324186536,Sector_A,2024-11-16,Warning: High Temp,0.855629944503003,1
SHP-4046,56.56260760326327,1750.3378070164265,Sector_D,2024-01-17,Error: Pressure Drop,0.9125619389434112,0
SHP-4047,36.68682567015448,85.47352535402632,Sector_D,2024-02-23,None,0.015949679313592702,0
SHP-4048,46.64615603786694,595.4391223730855,Sector_B,2024-02-17,None,0.561582603537949,1
SHP-4049,35.93887707496812,413.7167281183953,Sector_A,2024-04-06,None,0.6230339536671263,0
SHP-4050,33.42183190574582,808.1414597972566,Sector_A,2024-11-10,None,0.8661906036063309,0
SHP-4051,52.542723975146224,634.671110577405,Sector_D,2024-03-03,Error: Pressure Drop,0.6903623622936724,0
SHP-4052,56.36197133973882,276.62848959275885,Sector_B,2024-02-09,None,0.9282525617348059,0
SHP-4053,60.28103030802202,1146.557772443752,Sector_B,2024-03-14,Error: Pressure Drop,0.2411465048843432,1
SHP-4054,53.00709330831583,2053.3541378683126,Sector_B,2024-09-17,Warning: High Temp,0.5994213143351473,0
SHP-4055,29.900678265942155,384.6714096921098,Sector_D,2024-06-02,Warning: High Temp,0.8469076193997259,0
SHP-4056,46.020136441649804,761.7519198829177,Sector_D,2024-08-20,None,0.5422090542376936,0
SHP-4057,69.68700455517546,832.6803421248526,Sector_B,2024-04-08,Error: Pressure Drop,0.2116670189508859,0
SHP-4058,47.557086561680244,159.8452260388447,Sector_A,2024-02-29,None,0.8234854147054209,0
SHP-4059,43.555444677437926,1060.1728358634355,Sector_A,2024-12-17,None,0.5954772045393479,0
SHP-4060,44.889892080518436,32.16936353845902,Sector_C,2024-02-19,None,0.5932546488352973,0
SHP-4061,38.81210540590606,453.1933280551121,Sector_C,2024-02-12,Error: Pressure Drop,0.7927041116729199,0
SHP-4062,53.47743409944548,514.8741615365743,Sector_A,2024-06-13,None,0.18056442510700144,1
SHP-4063,48.687770565451494,55.989907630962385,Sector_A,2024-06-21,None,0.9710526958974126,1
SHP-4064,66.94788500062914,336.4848359906309,Sector_B,2024-03-29,None,0.7737769088995243,0
SHP-4065,59.25426740676851,1473.0955525433553,Sector_C,2024-01-20,Warning: High Temp,0.5437537665849682,1
SHP-4066,33.82153535165719,957.4920102422207,Sector_D,2024-10-13,None,0.6283787475938882,1
SHP-4067,37.64251856243721,137.06010401719098,Sector_B,2024-12-04,Warning: High Temp,0.22934926416583612,1
SHP-4068,55.39210755823419,2672.0187777847386,Sector_B,2024-05-08,Error: Pressure Drop,0.00830158539061887,1
SHP-4069,63.23459247237335,1984.4208760296942,Sector_A,2024-10-05,Error: Pressure Drop,0.6832857881725084,1
SHP-4070,54.7310565056923,32.70425229649895,Sector_B,2024-09-13,Warning: High Temp,0.9188506466038946,1
SHP-4071,58.648572592498624,337.59677147733964,Sector_B,2024-05-03,None,0.6562223589696295,0
SHP-4072,49.71395921425347,1836.0157419450957,Sector_A,2024-09-06,Error: Pressure Drop,0.3656312811947581,0
SHP-4073,71.33049132756229,67.71033529420443,,2024-03-14,None,0.8151125225959341,0
SHP-4074,57.43955715226497,1213.7957419812856,Sector_C,2024-10-11,Warning: High Temp,0.09924287743062454,0
SHP-4075,67.77414285811194,900.3251903240332,Sector_B,2024-12-19,Error: Pressure Drop,0.9821159320818669,0
SHP-4076,45.903032728653834,1112.8654959772234,Sector_A,2024-12-11,Error: Pressure Drop,0.4446441913072491,1
SHP-4077,20.0856999977377,1722.1293467664839,Sector_B,2024-05-10,None,0.8113165919110497,0
SHP-4078,52.93664486713364,2007.1420158421515,Sector_D,2024-01-06,None,0.8969087420431688,1
SHP-4079,52.366621887956356,195.66562599813145,Sector_A,2024-02-09,Warning: High Temp,0.4005710380702634,1
SHP-4080,56.43036872533638,197.85423756555377,Sector_D,2024-05-12,Warning: High Temp,0.827427166775289,1
SHP-4081,51.64031515194885,337.2448237089115,Sector_D,2024-12-23,Error: Pressure Drop,0.3752236866499614,0
SHP-4082,54.78982906631475,60.39933993562733,Sector_B,2024-08-05,Error: Pressure Drop,0.2374663484673738,0
SHP-4083,49.09447043263892,321.2117315983948,Sector_A,2024-09-12,Error: Pressure Drop,0.8171772698752087,0
SHP-4084,57.48245458800713,2449.2602428153555,Sector_D,2024-01-27,Warning: High Temp,0.20836780903219299,1
SHP-4085,34.81297852851045,579.7392029169865,Sector_D,2024-09-25,Error: Pressure Drop,0.31709085482808863,0
SHP-4086,51.13001601937613,6.700986553203262,Sector_C,2024-02-13,Warning: High Temp,0.4595667334314857,1
SHP-4087,75.79712332517751,411.6466117869784,Sector_D,2024-08-03,Warning: High Temp,0.403559830946572,0
SHP-4088,51.971525413726056,291.0996058668086,Sector_C,2024-05-19,None,0.2961119556430679,0
SHP-4089,47.807558728464784,978.1992913838028,Sector_D,2024-05-11,None,0.11547434621823027,0
SHP-4090,61.85314318920974,781.4650473831643,Sector_D,2024-10-20,None,0.2802332090841706,1
SHP-4091,67.80368039275353,20.37886036421837,Sector_B,2024-08-27,None,0.5144416208637763,1
SHP-4092,57.81478626607122,264.7202676807143,Sector_C,2024-08-29,Error: Pressure Drop,0.036701632617486823,1
SHP-4093,50.53063731310697,216.65575349714914,Sector_C,2024-01-14,Error: Pressure Drop,0.2448883766826967,0
SHP-4094,61.41695404679501,861.5562585919996,Sector_D,2024-06-04,None,0.5616714161187258,1
SHP-4095,44.80571125519023,330.7287623620776,Sector_D,2024-01-24,None,0.542722170502182,0
SHP-4096,73.84652267433961,1281.0035106350144,Sector_B,2024-04-06,None,0.8870939341946756,0
SHP-4097,53.81022937711684,226.4698825103617,Sector_B,2024-04-30,Warning: High Temp,0.31443571047565677,1
SHP-4098,49.18061370370667,812.2960368017008,Sector_A,2024-01-15,Error: Pressure Drop,0.28864337857343236,0
SHP-4099,70.16822031852027,2365.0166866481864,Sector_B,2024-09-22,None,0.3753996284294049,1
SHP-4100,47.19028998427228,2587.779684004925,Sector_A,2024-03-28,Error: Pressure Drop,0.7158173484503149,1
SHP-4101,43.62004474875555,884.8466460014239,Sector_B,2024-03-15,Error: Pressure Drop,0.18266899978945617,1
SHP-4102,59.48988119538853,497.7401124328473,Sector_D,2024-12-23,Error: Pressure Drop,0.126350475052599,1
SHP-4103,37.08432449871165,1595.079621342637,Sector_B,2024-09-06,None,0.2745868934710264,0
SHP-4104,51.22304645268355,1797.9286791240588,Sector_B,2024-11-06,Error: Pressure Drop,0.5845401955214371,0
SHP-4105,49.08319922468856,59.444687477450756,Sector_C,2024-01-04,None,0.03326107496581332,0
SHP-4106,48.20703766709142,401.850914048968,Sector_D,2024-05-23,None,0.8197435070490838,0
SHP-4107,48.29529806292637,210.22527763767349,Sector_A,2024-10-07,Warning: High Temp,0.3330648210837305,0
SHP-4108,49.989651884388316,675.8814158547104,Sector_D,2024-06-09,None,0.19465195457926388,0
SHP-4109,30.438776104741436,398.606484386909,Sector_D,2024-04-21,None,0.8267027979567715,1
SHP-4110,31.4533918532265,1078.1222281320559,Sector_B,2024-11-26,Error: Pressure Drop,0.9454773221109765,0
SHP-4111,54.511818043168894,2157.7765270232358,Sector_B,2024-09-23,None,0.01715484058411698,1
SHP-4112,48.58736359442008,425.1819894465614,Sector_A,2024-11-01,None,0.6820580822845184,0
SHP-4113,42.61280727753463,2133.911651865811,Sector_B,2024-10-02,Warning: High Temp,0.3580890034539512,0
SHP-4114,56.95201611778229,1006.8479914519577,Sector_A,2024-11-14,Warning: High Temp,0.5839503703493769,1
SHP-4115,36.57761533403415,910.3637033963579,Sector_D,2024-08-03,None,0.5839561782641538,0
SHP-4116,57.09202208217283,1345.6853357321847,Sector_A,2024-12-07,Error: Pressure Drop,0.9508480020795989,0
SHP-4117,44.77782511670375,521.1475055693953,Sector_A,2024-06-06,Warning: High Temp,0.7510466111431788,1
SHP-4118,53.39096497325489,915.0502600501577,Sector_A,2024-12-26,None,0.46196902060563005,1
SHP-4119,56.40915087360376,195.06263648119906,Sector_A,2024-01-20,Error: Pressure Drop,0.7647144792864978,1
SHP-4120,38.030364132402816,127.17435381565912,Sector_A,2024-09-07,Error: Pressure Drop,0.4028450199035376,1
SHP-4121,55.09407483185229,2642.658587140946,Sector_B,2024-01-09,None,0.027384266841155136,1
SHP-4122,51.29518081065053,1603.0692974733781,Sector_D,2024-08-29,None,0.18621164921859723,0
SHP-4123,68.47610181434524,200.29298649851538,Sector_D,2024-06-10,None,0.3332786526847802,1
SHP-4124,54.223205143060184,1308.3335685036013,Sector_B,2024-11-05,Error: Pressure Drop,0.43806001534678507,0
SHP-4125,57.527893115916065,1218.9452827392668,Sector_B,2024-11-11,None,0.2549073093871921,0
SHP-4126,54.83043274415798,1122.0452274551603,Sector_C,2024-10-12,Warning: High Temp,0.6985701578864913,1
SHP-4127,47.88003814363631,737.9723947909714,Sector_B,2024-06-12,None,0.00843103525747857,1
SHP-4128,45.271098584913,61.837713526604226,Sector_B,2024-02-27,Error: Pressure Drop,0.7648911854895598,1
SHP-4129,67.0804390043453,86.17585784875072,Sector_B,2024-08-19,Error: Pressure Drop,0.6617466483136313,0
SHP-4130,59.926000637688844,122.09904342832652,Sector_D,2024-08-05,Error: Pressure Drop,0.492383231331721,1
SHP-4131,54.53642408038638,65.93857907238684,Sector_C,2024-06-07,Error: Pressure Drop,0.8869511929012234,0
SHP-4132,51.48608326069895,374.5974411791925,Sector_B,2024-10-30,None,0.02971096183873745,1
SHP-4133,52.41059352365289,818.7107448398798,Sector_C,2024-03-16,Warning: High Temp,0.052929544633588455,0
SHP-4134,48.22532996729455,417.2095756396352,Sector_B,2024-12-19,None,0.248659717374338,0
SHP-4135,28.161098936392214,2183.2416329378207,Sector_B,2024-08-11,Warning: High Temp,0.4149500601208954,1
SHP-4136,46.46355640087143,273.7565409842718,Sector_D,2024-05-19,Warning: High Temp,0.7439771527936774,0
SHP-4137,57.687173344859836,50.93554561023869,Sector_A,2024-06-25,None,0.9711456917512092,0
SHP-4138,46.973926749478125,224.31573943989238,Sector_B,2024-05-26,Warning: High Temp,0.10642501442666064,1
SHP-4139,48.99314168699849,896.7501643830601,Sector_C,2024-11-26,None,0.7999408428809187,1
SHP-4140,26.054580065057856,3324.4505217317756,Sector_A,2024-02-27,None,0.061311413388618785,1
SHP-4141,54.545421360266786,1470.0100106216576,Sector_D,2024-02-28,Error: Pressure Drop,0.7982150571314948,1
SHP-4142,46.56801576845385,920.649707447579,Sector_A,2024-08-01,Warning: High Temp,0.3348722341259799,1
SHP-4143,52.15973770111731,78.67144005144665,Sector_B,2024-12-20,Error: Pressure Drop,0.9329917508337281,0
SHP-4144,31.166942261927137,63.45003206949186,Sector_C,2024-11-10,Error: Pressure Drop,0.5202822377744949,0
SHP-4145,56.10538981590495,1129.8032738121292,Sector_A,2024-11-13,Error: Pressure Drop,0.6321801832147551,0
SHP-4146,42.974818252178906,782.9946470471323,Sector_B,2024-12-25,None,0.7832176628153819,1
SHP-4147,54.50507150784515,5182.479323211609,Sector_D,2024-11-13,Warning: High Temp,0.7755502755313568,1
SHP-4148,45.67689581619075,642.101528771014,Sector_C,2024-06-20,None,0.3391141418008753,0
SHP-4149,57.00045838094321,4244.532918658506,Sector_B,2024-04-23,None,0.3416476957008474,1
SHP-4150,39.213003576487246,24.065662093822556,Sector_B,2024-03-07,Error: Pressure Drop,0.8750698444107416,0
SHP-4151,63.00832607741775,1835.3100350449313,Sector_C,2024-08-15,None,0.526899571862763,0
SHP-4152,38.17822801532699,843.5515665522214,Sector_C,2024-02-11,None,0.0016600208677605144,1
SHP-4153,46.178618594860424,561.5395283161462,Sector_B,2024-04-17,None,0.5051433394896672,1
SHP-4154,58.3431427908581,2864.506016625213,Sector_C,2024-03-20,Warning: High Temp,0.6040605058689255,0
SHP-4155,56.405036690247165,573.853520418381,Sector_D,2024-09-17,None,0.15168031883844835,1
SHP-4156,37.74682651904514,487.9730198379497,Sector_B,2024-06-30,Warning: High Temp,0.8133302228775527,0
SHP-4157,43.525381007754305,298.1896641754334,Sector_C,2024-03-12,None,0.1575865617173735,1
SHP-4158,54.50458863648081,1743.7096400561675,Sector_C,2024-08-16,None,0.33005503736606334,1
SHP-4159,57.27794365863363,657.0185169305194,Sector_C,2024-02-15,Error: Pressure Drop,0.07296286256824991,1
SHP-4160,60.642488162588194,2150.4095426578456,Sector_D,2024-03-14,Error: Pressure Drop,0.8596011730110302,0
SHP-4161,46.54186853293782,3128.528795995313,Sector_A,2024-09-26,Warning: High Temp,0.7149080379966003,1
SHP-4162,48.09969526120934,288.4326185360512,Sector_C,2024-09-19,Warning: High Temp,0.6717201872033797,1
SHP-4163,39.97426394858824,74.09901667506722,Sector_C,2024-05-01,None,0.6686875563145698,0
SHP-4164,50.148082183252626,660.1390221434797,Sector_D,2024-01-17,None,0.7758070021192207,1
SHP-4165,46.910994372629375,107.6821859460081,Sector_D,2024-03-01,None,0.9661604584544516,1
SHP-4166,30.887342767663434,2432.891763589556,Sector_C,2024-11-23,Warning: High Temp,0.6759170343470076,0
SHP-4167,42.75483092931084,1482.3124282708168,Sector_A,2024-10-17,Warning: High Temp,0.6195133449145956,0
SHP-4168,43.474709740295545,245.7018418095587,Sector_C,2024-02-20,None,0.582082212295469,1
SHP-4169,64.98283308096953,1500.1558223943694,Sector_D,2024-03-22,None,0.06072803962892592,0
SHP-4170,64.21678891997189,278.7613454173929,Sector_D,2024-02-28,Warning: High Temp,0.8344545271393013,0
SHP-4171,56.82709524697626,1627.1296234888316,Sector_A,2024-09-14,Error: Pressure Drop,0.8093831888697737,1
SHP-4172,28.396543801482416,42.0501460687302,Sector_D,2024-03-28,None,0.9755814526595383,1
SHP-4173,39.96524813932639,419.35555964884645,Sector_C,2024-12-25,None,0.6975188769900604,1
SHP-4174,43.48460689609046,28.408715738244524,Sector_C,2024-08-17,None,0.673109961755626,1
SHP-4175,43.627466559099744,57.72620000216477,Sector_C,2024-03-04,None,0.07621899131569942,1
SHP-4176,64.3706310062752,442.3014408138352,Sector_A,2024-10-14,Error: Pressure Drop,0.17203525700107702,0
SHP-4177,38.524794495729125,35.49763260906983,Sector_D,2024-12-15,Warning: High Temp,0.7740154149071203,1
SHP-4178,48.442150826100374,1043.446610887557,Sector_C,2024-09-19,Warning: High Temp,0.7155748023080754,0
SHP-4179,57.5232632077091,366.9145542674628,Sector_C,2024-07-18,None,0.9007973117121402,0
SHP-4180,41.81218059963173,1460.9715506959194,Sector_C,2024-05-01,Error: Pressure Drop,0.04204141041996445,1
SHP-4181,44.90106037866261,403.5545563338335,Sector_D,2024-04-02,None,0.27287378615919544,1
SHP-4182,38.240248392959224,2793.4781543341887,Sector_C,2024-02-15,None,0.8261922692130333,1
SHP-4183,54.22208293148339,4043.5658355306064,Sector_C,2024-12-07,None,0.33754387397321994,0
SHP-4184,51.97352883326749,375.7302130285752,Sector_C,2024-04-30,None,0.17166699110570527,0
SHP-4185,54.08449909417284,2943.7014780072036,Sector_C,2024-06-18,None,0.3315783635472115,0
SHP-4186,49.801631953266465,765.0886535080675,Sector_C,2024-08-27,None,0.6705256355146848,0
SHP-4187,51.11227778809489,1312.8069106867135,Sector_D,2024-09-07,None,0.31528435252406806,1
SHP-4188,47.268256425915794,500.6619215471422,Sector_A,2024-12-15,None,0.7240085776414391,0
SHP-4189,46.06305147464556,751.3416724929472,Sector_A,2024-04-11,None,0.9465922483826559,1
SHP-4190,49.21854612330023,100.51243417442701,Sector_B,2024-02-14,None,0.6939124226131513,0
SHP-4191,43.545710093570364,2877.2409225974206,Sector_A,2024-01-18,None,0.9002186127031443,1
SHP-4192,50.81783122640044,850.0605922127668,Sector_D,2024-11-23,Error: Pressure Drop,0.46114810884718305,1
SHP-4193,48.99280252703796,1745.3942973009973,Sector_C,2024-07-16,Warning: High Temp,0.9258503288128217,1
SHP-4194,37.688529609525126,477.893083648444,Sector_C,2024-08-31,None,0.7188348548588327,0
SHP-4195,50.57773404275151,1527.9640723463253,Sector_B,2024-11-30,None,0.07993750756056839,0
SHP-4196,30.87528430479456,1321.3282470718223,Sector_A,2024-04-27,None,0.20494945682683208,1
SHP-4197,50.764343283175215,151.99270603369962,Sector_D,2024-03-21,None,0.4025071244949834,0
SHP-4198,56.3903018467731,841.5181048278571,Sector_D,2024-07-30,Error: Pressure Drop,0.4690168385018785,1
SHP-4199,42.518749003395286,1592.5902159485354,Sector_A,2024-08-19,None,0.618845996488617,0
SHP-4200,55.681769627369405,51.767832474323306,Sector_B,2024-02-14,None,0.7285034139987154,0
SHP-4201,54.66317606123866,1437.1303389974357,Sector_C,2024-01-07,None,0.030200585344668407,0
SHP-4202,59.589930726243324,2702.7819691102345,Sector_D,2024-08-04,None,0.22488859313701104,0
SHP-4203,47.38376625644245,3274.021144873796,Sector_B,2024-07-13,None,0.009123743739519075,0
SHP-4204,54.75579561525617,820.4304833390346,Sector_A,2024-04-25,None,0.5270843802163931,1
SHP-4205,44.04685221411688,3058.1711664862173,Sector_B,2024-03-24,Error: Pressure Drop,0.9212917964137787,1
SHP-4206,57.899757354938586,746.282651471888,Sector_B,2024-01-13,Warning: High Temp,0.16343252607221126,1
SHP-4207,63.1188137294342,39.29671870480636,Sector_D,2024-12-31,None,0.02712288323224432,1
SHP-4208,38.63566463014516,479.5681624553059,Sector_B,2024-11-12,Warning: High Temp,0.06210855674854843,1
SHP-4209,56.1745165267994,261.49187420217106,Sector_C,2024-04-01,None,0.4913364832890903,1
SHP-4210,47.57706157614882,426.8028705001949,Sector_C,2024-07-24,None,0.922097379805927,1
SHP-4211,63.65316961655118,245.45402149583663,Sector_C,2024-01-07,Error: Pressure Drop,0.29485982060136606,1
SHP-4212,55.72702039417486,36.78645444968953,Sector_D,2024-08-31,Error: Pressure Drop,0.12956984046326014,1
SHP-4213,49.58261021188313,2285.935621320874,Sector_B,2024-10-06,None,0.38440901952078355,1
SHP-4214,50.189577294478205,3632.2171508264146,Sector_D,2024-09-30,None,0.8851371897587832,1
SHP-4215,59.35720168592874,238.3706025891834,Sector_C,2024-12-03,Error: Pressure Drop,0.1193786283092334,1
SHP-4216,54.406244100581375,306.0372432878132,Sector_A,2024-07-30,None,0.11563510839479485,0
SHP-4217,48.52916655283034,1077.3438664608395,Sector_B,2024-07-09,Warning: High Temp,0.18382464439764123,1
SHP-4218,50.650115170539756,2756.139595448144,Sector_A,2024-10-15,None,0.03809443093671805,1
SHP-4219,43.60765050519863,916.0056109853433,Sector_C,2024-04-23,None,0.21114460572095173,0
SHP-4220,71.79631308914092,19.41392894541128,Sector_B,2024-11-22,None,0.9782123769159144,0
SHP-4221,70.90178588659754,2003.9174277237094,Sector_B,2024-06-04,Error: Pressure Drop,0.7855208109026428,1
SHP-4222,45.93118560318606,233.94041910551974,Sector_B,2024-09-08,None,0.7509568479157502,0
SHP-4223,51.20911375641598,2524.996608560712,Sector_A,2024-05-22,None,0.6837496607879366,0
SHP-4224,62.23147292074967,2142.8505432065645,Sector_B,2024-12-31,None,0.8724294248997095,1
SHP-4225,48.86551353962653,996.4455901590602,Sector_C,2024-02-16,None,0.09201169603851589,0
SHP-4226,46.09837050363787,3802.1002823916688,Sector_D,2024-11-24,None,0.3263239307784147,1
SHP-4227,37.61874132008792,1457.548708146107,Sector_D,2024-06-07,None,0.7037021958887822,0
SHP-4228,48.841375814556876,3657.8608536949127,Sector_B,2024-12-22,Error: Pressure Drop,0.7965493053272324,0
SHP-4229,45.20886055817575,1788.0662542756058,Sector_C,2024-10-06,Error: Pressure Drop,0.8265131396060981,1
SHP-4230,51.39691484514252,244.0374524626201,Sector_C,2024-05-01,None,0.9804376094706345,1
SHP-4231,35.18186842660198,138.97474415974344,Sector_A,2024-10-14,Warning: High Temp,0.5627250629861946,0
SHP-4232,56.747449030009335,1000.9475926053659,Sector_B,2024-10-30,Error: Pressure Drop,0.22095416884003571,0
SHP-4233,36.11266935171667,1082.1197719378833,Sector_A,2024-03-17,Error: Pressure Drop,0.21941945489593095,0
SHP-4234,51.7011523163827,337.3539807810292,Sector_D,2024-01-08,None,0.5856000368589984,1
SHP-4235,46.673743526947604,1552.5838823113625,Sector_D,2024-06-24,None,0.704801143383023,0
SHP-4236,55.35247138855703,272.92355041051565,Sector_C,2024-09-14,None,0.5802844251362004,1
SHP-4237,45.60151196055212,830.0898008284149,Sector_A,2024-04-15,None,0.7161346033626633,1
SHP-4238,38.831528857368305,90.61742412094011,Sector_D,2024-07-12,Error: Pressure Drop,0.3060269968451673,1
SHP-4239,41.80576704801707,2045.727851804895,Sector_D,2024-04-29,Warning: High Temp,0.4600864824905365,0
SHP-4240,41.145557607328115,521.60994503059,Sector_C,2024-07-10,None,0.37624203665461564,0
SHP-4241,42.94706742936158,208.64238848223275,Sector_A,2024-12-31,None,0.5214450141154984,0
SHP-4242,44.67668853551402,424.8381192902671,Sector_A,2024-06-02,None,0.5670312406133663,1
SHP-4243,50.239141216316085,928.8235426494906,Sector_A,2024-07-12,Warning: High Temp,0.6855753351475563,0
SHP-4244,69.55845713324146,15.54987082102596,Sector_D,2024-01-09,None,0.04238611538804804,0
SHP-4245,54.43792792493476,1637.3471330043856,Sector_D,2024-04-14,None,0.7689015983244654,1
SHP-4246,55.62748898051004,737.6485930177755,Sector_B,2024-09-15,None,0.8882860250719227,1
SHP-4247,51.00238864733011,44.00331194528416,Sector_D,2024-10-05,None,0.9016247748614087,1
SHP-4248,49.74625703231509,2782.4557858977464,Sector_A,2024-07-16,None,0.566743971126057,0
SHP-4249,56.45515811091885,94.1192256069448,Sector_D,2024-04-14,None,0.6441599523895454,0
SHP-4250,41.77218396978313,781.5861993052765,Sector_C,2024-06-18,None,0.556367186197473,0
SHP-4251,55.78898533035883,12.259420987532277,Sector_B,2024-09-12,Error: Pressure Drop,0.425859518565348,1
SHP-4252,39.06538502743336,306.5144068366701,Sector_B,2024-02-20,Error: Pressure Drop,0.10056127031702478,1
SHP-4253,53.872641150876746,244.82176186306123,Sector_B,2024-07-26,None,0.16482447149193158,0
SHP-4254,50.51857850797289,423.9199999526005,Sector_D,2024-05-03,Warning: High Temp,0.2041434306381883,1
SHP-4255,50.06164756288774,437.35172613414034,Sector_B,2024-01-05,Warning: High Temp,0.23968029226264254,1
SHP-4256,40.72018396197137,547.9751353534643,Sector_B,2024-04-04,Error: Pressure Drop,0.7658490427701602,1
SHP-4257,53.45144197654233,808.2011896217621,Sector_C,2024-10-06,None,0.38882103996172945,1
SHP-4258,53.32385733043009,1216.233911138751,Sector_C,2024-02-06,None,0.14054499882430138,1
SHP-4259,50.97041912186607,2975.928500844696,Sector_C,2024-08-31,None,0.6539270933373221,1
SHP-4260,27.4682572826506,365.32853907410066,Sector_C,2024-01-23,None,0.3152182503825506,0
SHP-4261,48.474757039922885,1776.8749375427678,Sector_D,2024-04-30,None,0.6500631159606174,0
SHP-4262,53.844473295167965,270.31223841600934,Sector_B,2024-11-24,None,0.08839090952473394,1
SHP-4263,43.23449855480545,1214.3959259812495,Sector_A,2024-12-03,None,0.015191617963552284,1
SHP-4264,40.85643736252857,58.2974654852786,Sector_C,2024-10-10,Error: Pressure Drop,0.9592372488847367,1
SHP-4265,61.46894326327174,848.650128827338,Sector_B,2024-02-28,Error: Pressure Drop,0.12110306286376094,1
SHP-4266,43.69260099732894,813.6898128718982,Sector_B,2024-11-06,None,0.009389619268311389,1
SHP-4267,39.134144431674294,94.88339129314306,Sector_B,2024-12-31,Warning: High Temp,0.8942854555415803,1
SHP-4268,52.66766052222555,1973.36909037058,Sector_A,2024-01-23,None,0.7939803048840511,1
SHP-4269,48.411649235423845,50.24301497880926,Sector_D,2024-11-21,None,0.1587433021100103,1
SHP-4270,50.16606545807414,1259.4351077421554,Sector_D,2024-04-23,None,0.2915665274859939,1
SHP-4271,49.70992429345046,3056.7066216663125,Sector_A,2024-10-30,None,0.931385053814014,1
SHP-4272,43.39195564547078,393.2362233942384,Sector_C,2024-08-18,None,0.7812869021244093,1
SHP-4273,35.2625981225146,1008.5637219732627,Sector_D,2024-10-30,None,0.9608013003986235,0
SHP-4274,58.95272481330897,1049.7498725437083,Sector_B,2024-08-27,Error: Pressure Drop,0.8675271186629534,0
SHP-4275,64.66723285243762,172.57068923307648,Sector_C,2024-06-07,Error: Pressure Drop,0.1717648644099442,0
SHP-4276,37.17468245832145,158.64972653115584,Sector_D,2024-05-24,None,0.6553069140970443,0
SHP-4277,51.698965996433394,649.2944630405499,Sector_D,2024-08-09,None,0.95950520040611,1
SHP-4278,57.307965755111255,44.02318281649069,Sector_A,2024-04-26,None,0.18283829174202715,0
SHP-4279,44.5424116791779,257.45740754372054,Sector_A,2024-05-27,Warning: High Temp,0.11136324967613498,1
SHP-4280,55.34777888381012,395.13566048098414,Sector_B,2024-10-06,Warning: High Temp,0.5730458468877393,1
SHP-4281,58.282662038979424,2222.4652251597163,Sector_C,2024-05-06,None,0.9597258397818597,0
SHP-4282,54.119115038600256,54.29815195348942,Sector_D,2024-08-26,Error: Pressure Drop,0.5615733225138096,0
SHP-4283,54.91528157691218,1714.598674948657,Sector_D,2024-02-13,None,0.43691930581627536,0
SHP-4284,62.58075205265298,217.09765212873367,Sector_C,2024-01-31,None,0.35726295077841186,1
SHP-4285,50.75571231507792,397.37110397139554,Sector_A,2024-09-04,None,0.8658531703621546,0
SHP-4286,45.00422395004415,254.8348441408419,Sector_C,2024-08-10,None,0.45538639807307313,0
SHP-4287,55.053578093844585,2806.105412238482,Sector_C,2024-12-31,Warning: High Temp,0.24218908055532196,0
SHP-4288,52.11094154887145,16.844749084526384,Sector_C,2024-11-13,None,0.43302451935010333,1
SHP-4289,52.350661505767995,3047.954088397063,Sector_A,2024-04-27,Warning: High Temp,0.35596031089021796,1
SHP-4290,46.95826884621834,300.1670526931555,Sector_B,2024-12-02,Warning: High Temp,0.41223260801254924,1
SHP-4291,55.95966752533694,400.0797335342481,Sector_A,2024-05-21,Error: Pressure Drop,0.11934256209807481,1
SHP-4292,59.47939543857877,910.757567840521,Sector_A,2024-03-14,None,0.5566889060446604,0
SHP-4293,60.018673549748996,2133.325989516979,Sector_C,2024-09-10,Warning: High Temp,0.5459016437080713,1
SHP-4294,39.49155158450533,45.14127256149284,Sector_B,2024-12-31,None,0.789458189756754,0
SHP-4295,52.98806226233463,550.6967769463687,Sector_C,2024-11-23,Warning: High Temp,0.0022478250336774863,1
SHP-4296,41.33814296696017,259.13267909289294,Sector_C,2024-04-30,None,0.031796714934725245,1
SHP-4297,39.939522066243164,3768.6677423830088,Sector_D,2024-06-09,None,0.7484500090800976,0
SHP-4298,42.79688730166396,761.0875884370356,Sector_D,2024-07-01,None,0.36179292707505417,1
SHP-4299,38.5534917898774,677.5808205807316,Sector_A,2024-04-23,Error: Pressure Drop,0.08788429561642874,0
SHP-4300,41.82478081928505,358.60838479062926,Sector_D,2024-02-21,Warning: High Temp,0.723453740094127,0
SHP-4301,39.73988052755241,1409.3930864304511,Sector_A,2024-10-02,None,0.8759242072598484,1
SHP-4302,40.600497015258654,562.884378726648,Sector_B,2024-09-13,None,0.4973681249029511,0
SHP-4303,62.25023255314768,207.1451527347789,Sector_A,2024-08-31,None,0.3842539592226034,0
SHP-4304,41.740267855544964,466.26132908135946,Sector_B,2024-08-20,Warning: High Temp,0.14923926336130444,1
SHP-4305,74.1258201670974,1056.7775195738864,Sector_D,2024-04-01,None,0.14691254956507305,1
SHP-4306,21.751343600441135,1602.2100658286638,Sector_A,2024-10-20,None,0.6627292692600685,1
SHP-4307,52.414268644976616,2633.7598359599474,Sector_D,2024-08-16,Error: Pressure Drop,0.3360215785757732,1
SHP-4308,51.43119723087196,732.0186918455613,Sector_A,2024-05-25,None,0.9191310993095148,1
SHP-4309,55.275297395351096,809.4605128420094,Sector_D,2024-08-21,None,0.05666347930015436,0
SHP-4310,43.400410565512665,457.39706717069237,Sector_A,2024-07-08,None,0.05650568196940409,1
SHP-4311,37.63927767855789,50.681343788070606,Sector_D,2024-01-06,None,0.9792966605504296,1
SHP-4312,30.97000538483588,309.6839365719353,Sector_C,2024-03-17,Warning: High Temp,0.9539843512973758,1
SHP-4313,43.55261739761502,2731.7866683455445,Sector_D,2024-04-02,Warning: High Temp,0.1776686733261612,0
SHP-4314,36.71752239979136,3889.7803567990427,Sector_A,2024-06-17,None,0.8615551082600048,1
SHP-4315,48.26153630689418,413.6134014490206,Sector_B,2024-04-17,None,0.8815169990760041,1
SHP-4316,41.28144101264911,153.9494009249902,Sector_B,2024-11-28,Error: Pressure Drop,0.9244614241053937,0
SHP-4317,40.76965032018759,5905.570108656005,Sector_A,2024-03-01,Error: Pressure Drop,0.1538631021899538,1
SHP-4318,56.65930084779655,1932.8176608246054,Sector_A,2024-06-03,Error: Pressure Drop,0.04913321629060341,0
SHP-4319,52.348017058945025,981.657993706687,Sector_A,2024-01-27,None,0.08701889413921182,0
SHP-4320,40.14060147693573,2183.5175519240747,Sector_C,2024-08-19,Error: Pressure Drop,0.9112398632586169,1
SHP-4321,75.38778531256746,453.9213683458342,Sector_A,2024-01-22,Warning: High Temp,0.7961884124945208,0
SHP-4322,51.119219050215975,615.4001106155388,Sector_C,2024-02-14,None,0.3784033734604608,0
SHP-4323,43.32177032324322,225.9323086103374,Sector_B,2024-09-30,Error: Pressure Drop,0.8620645503782861,1
SHP-4324,39.47509126235405,1975.3090988793745,Sector_C,2024-01-06,None,0.911521146565483,0
SHP-4325,43.892624901310064,15.199944984132337,Sector_A,2024-05-09,None,0.5146995981111261,0
SHP-4326,46.01630584138582,302.60461113122096,Sector_C,2024-04-03,None,0.21159477276214933,0
SHP-4327,49.24508359618616,444.19608366115114,Sector_B,2024-12-07,None,0.9594167496039663,0
SHP-4328,36.74514209163516,1730.4089177261797,Sector_D,2024-03-23,Warning: High Temp,0.13755542096385165,1
SHP-4329,44.56520176156403,688.8073011101304,Sector_C,2024-04-08,None,0.7510440253802921,0
SHP-4330,43.53841006718638,3086.1597474674086,Sector_C,2024-11-24,Error: Pressure Drop,0.7079978911568526,1
SHP-4331,55.809442916989326,309.87313256868316,Sector_D,2024-04-07,None,0.02653549821878265,1
SHP-4332,58.73675367734458,315.9676625253559,Sector_D,2024-05-27,None,0.6331448059875198,1
SHP-4333,47.37342711898984,98.72975048886944,Sector_D,2024-06-03,Warning: High Temp,0.7811533093685609,1
SHP-4334,53.35149404507774,837.0056205615698,Sector_C,2024-09-24,Warning: High Temp,0.1946526666062598,1
SHP-4335,37.5131191290111,2114.008513234807,Sector_A,2024-07-04,Error: Pressure Drop,0.650250153835932,0
SHP-4336,43.31371340914591,305.60653838942477,Sector_D,2024-03-27,None,0.10216824728971208,1
SHP-4337,38.64847487360474,261.6420484552226,Sector_C,2024-11-16,None,0.7106237900340003,0
SHP-4338,51.2357609480275,348.6983015258543,Sector_C,2024-06-07,None,0.9805579937588531,1
SHP-4339,55.64554119572897,594.4701019786256,Sector_C,2024-07-05,Warning: High Temp,0.7531496965730459,0
SHP-4340,26.707383358423847,842.2207368161141,Sector_D,2024-07-20,None,0.2050948835928006,1
SHP-4341,47.75784242586947,1560.1794337238666,Sector_A,2024-03-05,None,0.601780831492265,0
SHP-4342,39.57490460838803,1711.6093969776105,Sector_A,2024-01-04,Error: Pressure Drop,0.5487897563211882,0
SHP-4343,58.12580667550391,1.5012689380791768,Sector_D,2024-04-27,None,0.11780435950892831,1
SHP-4344,65.30392368934778,1255.4844428829138,Sector_B,2024-08-22,Warning: High Temp,0.5990258664427613,0
SHP-4345,43.63559031905982,186.19946354229845,Sector_D,2024-05-05,None,0.5520457693473293,1
SHP-4346,34.757206303943285,2444.8111895372203,Sector_A,2024-05-24,None,0.11534174820991439,0
SHP-4347,46.48480686638649,1345.0424746015367,Sector_A,2024-09-28,Warning: High Temp,0.3052736767629942,1
SHP-4348,44.91276168280851,1094.2695538975888,Sector_C,2024-03-02,Error: Pressure Drop,0.8290462915072285,0
SHP-4349,42.060590816854635,1957.6028122244159,Sector_C,2024-02-06,None,0.7827302581483008,1
SHP-4350,67.9212675520141,451.67792147693575,Sector_A,2024-10-16,None,0.04197428922353186,1
SHP-4351,59.89799255455238,771.6609630219883,Sector_C,2024-10-09,Error: Pressure Drop,0.45962832111438445,0
SHP-4352,40.593811176555185,594.6090604294463,Sector_D,2024-05-28,Warning: High Temp,0.9542197956163688,0
SHP-4353,38.4068762621425,711.3453533394495,Sector_B,2024-10-13,None,0.7473366054180678,0
SHP-4354,68.91034732756648,53.443609519303386,Sector_A,2024-04-04,Warning: High Temp,0.12378231075042467,0
SHP-4355,69.23318309444483,230.93708768623932,Sector_B,2024-05-15,None,0.8820762244698369,0
SHP-4356,36.31208611111782,1027.3718787833973,Sector_A,2024-06-05,Error: Pressure Drop,0.09066249880624366,0
SHP-4357,64.65315814423651,2360.8979429289348,Sector_C,2024-04-02,Error: Pressure Drop,0.4523871098897301,0
SHP-4358,66.35966428353699,2246.4101837626763,Sector_B,2024-10-25,None,0.7856612472247673,1
SHP-4359,65.55961937929375,1396.2035420663958,Sector_D,2024-06-27,Error: Pressure Drop,0.40651643673291327,1
SHP-4360,37.72670214438108,1577.568770907187,Sector_B,2024-07-25,Error: Pressure Drop,0.4766421177506104,0
SHP-4361,41.51134045069914,441.1896807940873,Sector_A,2024-02-16,None,0.7124130617688722,1
SHP-4362,48.33295683619627,62.92741572775337,Sector_B,2024-11-04,Error: Pressure Drop,0.17333670127213452,1
SHP-4363,56.15657272353607,1835.1287232694656,Sector_B,2024-04-29,Error: Pressure Drop,0.7707032967583668,0
SHP-4364,55.72803794845507,2030.2140975686953,Sector_D,2024-11-10,None,0.5187720568710725,0
SHP-4365,49.0965339816455,886.5653194158681,Sector_B,2024-11-14,None,0.35879571242556885,1
SHP-4366,45.29474215042944,177.74926408948735,Sector_A,2024-10-10,None,0.088469432753157,0
SHP-4367,64.77172549299002,1925.7913775441766,Sector_C,2024-08-15,None,0.48618180655700893,0
SHP-4368,42.372793483778004,448.50459275019125,Sector_B,2024-05-07,None,0.9888597489734301,0
SHP-4369,45.94979210938873,404.974346405742,Sector_A,2024-01-18,None,0.39476916701920195,0
SHP-4370,60.18898507720586,1649.2583195436346,Sector_D,2024-01-08,None,0.5676906168156463,1
SHP-4371,48.635388053023846,1545.236160012081,Sector_B,2024-09-11,Error: Pressure Drop,0.5530365565533558,1
SHP-4372,52.15278111315447,1655.2302907726976,Sector_C,2024-06-04,None,0.6170353518632119,1
SHP-4373,57.02061375340796,1151.7659443953582,Sector_D,2024-02-02,None,0.00139478502693402,1
SHP-4374,56.13425658581434,686.4129022674946,Sector_D,2024-06-15,Error: Pressure Drop,0.23120227957395512,1
SHP-4375,39.08737812747178,3519.3481841319976,Sector_A,2024-02-01,Warning: High Temp,0.7097824418405462,0
SHP-4376,37.29845460033174,796.8971871254065,Sector_B,2024-10-18,None,0.6113185359574758,1
SHP-4377,58.8737289883888,2100.5597669628705,Sector_C,2024-09-21,Error: Pressure Drop,0.16659235122252802,0
SHP-4378,49.15084608382663,1390.0916950633114,Sector_D,2024-01-31,Warning: High Temp,0.23752380982533994,0
SHP-4379,68.0569588573597,130.7699329475,Sector_C,2024-07-09,None,0.5289506391136265,0
SHP-4380,51.76309914923623,4720.894450310102,Sector_A,2024-09-04,None,0.6182590658806029,0
SHP-4381,55.906869449630506,2609.5103305051316,Sector_B,2024-04-13,None,0.22254447247180087,1
SHP-4382,51.588105024762015,825.3362174557832,Sector_D,2024-04-28,Error: Pressure Drop,0.07489753045163416,1
SHP-4383,45.937080059646554,2433.389070227475,Sector_D,2024-01-12,None,0.8536799301526361,1
SHP-4384,71.00809250251093,376.5381280000602,Sector_A,2024-10-17,None,0.1552290089054148,1
SHP-4385,47.88974453327325,1168.2542101260137,Sector_C,2024-10-17,Warning: High Temp,0.1332672786011352,1
SHP-4386,40.31375320514974,577.7528852243162,Sector_C,2024-03-01,None,0.6751263008282661,1
SHP-4387,65.14501397476165,1378.6128938715422,Sector_C,2024-12-07,None,0.29065536355017996,1
SHP-4388,52.72298095996076,513.9168175528513,Sector_D,2024-05-11,None,0.09934015505703209,0
SHP-4389,70.08661819751457,64.12544967124833,Sector_C,2024-04-10,None,0.9359547061717465,0
SHP-4390,39.084952853079386,29.957296521986837,Sector_D,2024-03-22,None,0.17921476232738065,1
SHP-4391,42.6460937226213,2261.628979837384,Sector_C,2024-05-23,None,0.6647976458641842,1
SHP-4392,52.6472765552099,91.05299997922747,Sector_C,2024-07-19,Error: Pressure Drop,0.46740513284171825,0
SHP-4393,39.942780482008516,278.5579663265496,Sector_D,2024-02-15,None,0.08042697420410383,0
SHP-4394,72.8449792218752,185.59013089454797,Sector_A,2024-08-16,None,0.2218710953351637,1
SHP-4395,53.676069338751844,576.860253619521,Sector_A,2024-09-07,Error: Pressure Drop,0.5335093651851273,1
SHP-4396,65.28822095188065,2204.6529965516274,Sector_D,2024-10-27,Warning: High Temp,0.21972484777622614,0
SHP-4397,50.46020016265435,319.29363098444156,Sector_D,2024-10-05,None,0.41607325872248824,0
SHP-4398,43.37244457798642,587.9364696430905,Sector_A,2024-06-18,Error: Pressure Drop,0.3247048499268709,0
SHP-4399,58.52389750932291,3546.5237038312243,Sector_A,2024-11-19,None,0.8209742998338769,1
SHP-4400,58.726393092578036,564.1370387906177,Sector_B,2024-12-08,None,0.8915583765176994,0
SHP-4401,35.909739178863255,1280.5767088637938,Sector_A,2024-06-01,None,0.4520715272349355,0
SHP-4402,55.00462398323899,281.8415267261149,Sector_C,2024-01-18,Error: Pressure Drop,0.7103921982639074,1
SHP-4403,50.36074875924564,1208.2754616948284,Sector_D,2024-01-11,Warning: High Temp,0.22529420091301355,0
SHP-4404,51.33311999371415,275.8679154808508,Sector_B,2024-11-01,None,0.47395379160111795,0
SHP-4405,64.29892587821297,3917.9625186318117,Sector_B,2024-02-11,None,0.165533617541457,1
SHP-4406,59.57593835797367,361.52369520009296,Sector_D,2024-02-27,Warning: High Temp,0.36135716206506485,0
SHP-4407,58.23146222328903,726.0879516188485,Sector_B,2024-10-04,None,0.0775231012500418,1
SHP-4408,52.102439251951964,480.2335214623471,Sector_D,2024-01-15,None,0.4927451615360954,1
SHP-4409,33.124619905558625,66.71626353545089,Sector_B,2024-12-28,None,0.31205418157304243,1
SHP-4410,36.63558760730344,2441.7646571263504,Sector_D,2024-02-24,None,0.09294250188208664,0
SHP-4411,56.62100653077447,1116.2092426558565,Sector_A,2024-03-09,None,0.8061866002774513,1
SHP-4412,55.57878814812362,2082.0521409637195,Sector_B,2024-05-09,None,0.7606276566565334,1
SHP-4413,21.34993113445848,579.2091279671429,Sector_C,2024-11-10,Warning: High Temp,0.7321878195864739,0
SHP-4414,36.96247014818121,2541.6414172585028,Sector_C,2024-04-06,Warning: High Temp,0.9519534314267671,0
SHP-4415,57.84763401199422,1618.7703321885635,Sector_A,2024-10-29,None,0.813145114575977,0
SHP-4416,45.359631788500245,1265.7743622598823,Sector_C,2024-04-29,None,0.6531519421251348,0
SHP-4417,53.37762780345266,336.17422380680796,Sector_B,2024-12-31,Error: Pressure Drop,0.22381695662633372,1
SHP-4418,42.89043091605812,704.5956411859931,Sector_D,2024-02-13,None,0.07783810764154309,1
SHP-4419,30.83571337447593,881.8685320081973,Sector_A,2024-08-12,None,0.012113775171142205,1
SHP-4420,29.6823591780829,158.11879238051978,Sector_B,2024-06-28,None,0.08597073024015256,0
SHP-4421,54.535510940205384,1420.8813753519237,Sector_D,2024-08-29,Warning: High Temp,0.005477061847156239,0
SHP-4422,51.064425341680185,37.61740740989402,Sector_A,2024-09-20,None,0.0867398129322452,0
SHP-4423,49.04191760613749,390.8696423724736,Sector_A,2024-02-02,None,0.569814635809023,0
SHP-4424,60.59417746480501,1153.5326941939402,Sector_D,2024-09-23,Error: Pressure Drop,0.06540827318097064,1
SHP-4425,61.59283016849952,1658.3608245163678,Sector_A,2024-06-22,None,0.3233568076222193,1
SHP-4426,56.80116982701734,120.28763566180199,Sector_A,2024-01-03,None,0.882405264462352,1
SHP-4427,27.597185640672667,26.9970824717973,Sector_D,2024-07-13,Warning: High Temp,0.9520513900910694,1
SHP-4428,39.71427554072088,1109.7589439466444,Sector_B,2024-06-30,None,0.7126236466136637,0
SHP-4429,58.373181246194626,682.1989757793206,Sector_B,2024-04-04,None,0.7870522360705231,1
SHP-4430,64.07651388871385,1080.9754224413948,Sector_D,2024-11-20,Warning: High Temp,0.6043297046796806,0
SHP-4431,46.29640185773103,1029.6095869260423,Sector_B,2024-04-10,None,0.935829771165996,0
SHP-4432,62.68985065179788,6782.137945947109,Sector_C,2024-06-06,None,0.5708274740287967,1
SHP-4433,47.08715012115088,1055.110078941123,Sector_D,2024-10-12,None,0.7071175958346616,1
SHP-4434,39.036456908978224,958.5244310669702,Sector_D,2024-05-23,Error: Pressure Drop,0.4714439020459552,0
SHP-4435,50.26284462733349,1004.8854308840987,Sector_D,2024-06-25,Warning: High Temp,0.2058434971024674,0
SHP-4436,46.938287883288666,1102.520697832009,Sector_D,2024-10-05,None,0.7147300599263495,0
SHP-4437,44.302063683262425,537.3727278270046,Sector_B,2024-01-26,Error: Pressure Drop,0.23617339744260646,1
SHP-4438,62.36945542951595,3472.5333125877683,Sector_D,2024-03-04,None,0.12055969067370764,0
SHP-4439,36.67873282823568,3070.787361133089,Sector_A,2024-08-26,Warning: High Temp,0.8502061360037675,0
SHP-4440,46.83810488915704,122.08200625520631,Sector_D,2024-11-19,None,0.4681302908497539,1
SHP-4441,43.35751804991341,1791.4813554667942,Sector_A,2024-12-05,None,0.2556572146304905,0
SHP-4442,44.31830816422532,2821.6878853723874,Sector_A,2024-03-01,None,0.6118263219841188,0
SHP-4443,41.061204676300015,327.19010771661306,Sector_B,2024-07-07,Warning: High Temp,0.909815371811081,1
SHP-4444,37.22715765359397,323.59741520062994,Sector_A,2024-07-08,None,0.2684425242021218,1
SHP-4445,44.713611107078286,5.179449192478189,Sector_D,2024-01-26,None,0.9023172133327163,0
SHP-4446,55.31430267165965,72.63806313814784,Sector_A,2024-08-19,None,0.34175257897467426,1
SHP-4447,68.9700409602707,232.80675927665428,Sector_B,2024-09-21,None,0.2600986993873392,1
SHP-4448,64.28841250854633,1418.586054902767,Sector_D,2024-11-01,None,0.07020721618447279,1
SHP-4449,53.835457757433936,953.7533296002354,Sector_D,2024-04-25,None,0.8521666438587419,0
SHP-4450,44.83498423063976,1195.116538873451,Sector_D,2024-11-06,Error: Pressure Drop,0.2212976625580083,1
SHP-4451,54.239611964167985,476.1830298478912,Sector_A,2024-06-30,Warning: High Temp,0.26063387166681384,0
SHP-4452,44.89378678175751,1494.2223387322545,Sector_B,2024-04-02,None,0.78232778245103,0
SHP-4453,57.952331340005074,175.41140982570747,Sector_B,2024-02-11,Warning: High Temp,0.8819858247277352,1
SHP-4454,39.19829389221444,69.62521012867366,Sector_C,2024-04-27,None,0.9342168271963741,0
SHP-4455,59.936755725412745,2241.087043312744,Sector_A,2024-11-24,None,0.6536800690853398,0
SHP-4456,51.361813546015746,630.4532751586985,Sector_C,2024-11-12,None,0.8905142921423329,0
SHP-4457,47.112536216651165,448.0365455624589,Sector_D,2024-08-06,None,0.41502088819186655,0
SHP-4458,,885.0141905033176,Sector_C,2024-08-23,None,0.8634846990795928,1
SHP-4459,57.47791167566608,883.5399478388573,Sector_D,2024-06-26,Error: Pressure Drop,0.8900359180483794,0
SHP-4460,59.29381911688207,518.9887238261216,Sector_C,2024-04-08,None,0.6044466394591101,1
SHP-4461,40.34809495496515,280.0370924334364,Sector_C,2024-02-11,Warning: High Temp,0.4225243193690813,1
SHP-4462,42.40234397400544,289.43898831004356,Sector_D,2024-02-28,Warning: High Temp,0.07968660822237661,0
SHP-4463,46.15429819376759,522.2343308835034,Sector_D,2024-06-07,None,0.8985557398211189,1
SHP-4464,44.34035638731202,2023.376592678519,Sector_D,2024-05-11,Warning: High Temp,0.8536254019918978,1
SHP-4465,50.797151724727975,3108.0174367278646,Sector_D,2024-06-08,None,0.40412562062429713,1
SHP-4466,64.16713479221237,1452.075056582468,Sector_D,2024-12-21,Warning: High Temp,0.38640585808740435,1
SHP-4467,55.68852036505026,1230.9037675528439,Sector_C,2024-08-10,None,0.3583359569106582,0
SHP-4468,51.22364426221677,2412.394250482371,Sector_D,2024-12-18,Warning: High Temp,0.14221870428162453,1
SHP-4469,49.312509185292726,100.59957785753465,Sector_A,2024-07-09,Error: Pressure Drop,0.8076047862410808,1
SHP-4470,49.787507200646786,926.8823740234501,Sector_A,2024-04-14,None,0.40821468320668797,1
SHP-4471,60.075151192420364,188.21886358781165,Sector_C,2024-07-12,None,0.34363710092257305,1
SHP-4472,50.78441600179645,681.7945176309496,Sector_C,2024-01-24,Warning: High Temp,0.7513027012320455,0
SHP-4473,46.10836120936101,341.0251425544492,Sector_D,2024-11-19,Error: Pressure Drop,0.9403442696456041,1
SHP-4474,43.0024917012441,149.5896102300322,Sector_C,2024-04-21,None,0.4082243665463483,0
SHP-4475,57.413010659584494,2364.1257391559084,Sector_A,2024-11-01,None,0.6820013367791478,1
SHP-4476,59.015546665033014,238.2306620418789,Sector_B,2024-05-07,None,0.09208320527007119,1
SHP-4477,46.3866662941823,3913.6509346516514,Sector_B,2024-12-15,None,0.8831845379221462,0
SHP-4478,61.50108344823847,16.52512395564687,Sector_B,2024-09-04,None,0.9425800027452119,0
SHP-4479,50.40162152952613,1920.4446709871293,Sector_B,2024-11-22,Warning: High Temp,0.12937086299568035,0
SHP-4480,38.119301066536266,2945.323987223675,Sector_D,2024-09-19,None,0.6080070341774416,1
SHP-4481,51.80431603250034,633.3244856141368,Sector_D,2024-05-23,None,0.4785934191427903,1
SHP-4482,53.65328306866701,1524.18227843273,Sector_C,2024-04-01,None,0.6480921661900294,1
SHP-4483,59.40053551866742,165.58558831650407,Sector_A,2024-06-11,None,0.149056659840191,0
SHP-4484,,1370.9442479389313,Sector_C,2024-03-29,Warning: High Temp,0.7243872718745037,0
SHP-4485,29.945593292908935,69.55978115700876,Sector_B,2024-09-19,None,0.35371162708061676,0
SHP-4486,46.66875868110617,2422.136468067505,Sector_D,2024-03-07,Error: Pressure Drop,0.620201107849398,0
SHP-4487,48.82782063434423,1674.5306817305975,Sector_A,2024-03-17,Error: Pressure Drop,0.5623718211769283,1
SHP-4488,53.520330946323455,2226.7056898086844,Sector_D,2024-09-28,None,0.8887285458626325,1
SHP-4489,56.6874980444394,693.0104148018058,Sector_C,2024-04-19,None,0.47592763089012535,1
SHP-4490,52.03374121691062,1419.9989276868284,Sector_C,2024-09-20,None,0.9516548026864831,0
SHP-4491,51.704046028627786,3534.9618360644963,Sector_A,2024-07-16,None,0.027461943883543838,0
SHP-4492,36.66887000047572,1988.7975774047186,Sector_C,2024-03-19,Error: Pressure Drop,0.35558404894315476,1
SHP-4493,40.38486481619935,368.5837075737896,Sector_A,2024-04-26,Warning: High Temp,0.5106035505521772,0
SHP-4494,49.26088185949716,861.1398853974689,Sector_C,2024-11-27,None,0.035238554021401636,0
SHP-4495,53.10832681372712,491.435565762155,Sector_C,2024-11-04,None,0.6878622593858071,0
SHP-4496,65.11294073047009,1699.5766248187192,Sector_C,2024-08-08,None,0.2416904619130693,0
SHP-4497,63.74546080996505,4042.582864783393,Sector_B,2024-06-05,None,0.009705774797185152,1
SHP-4498,52.68399413837897,3555.6480295334823,Sector_C,2024-05-16,Warning: High Temp,0.37812532014305056,1
SHP-4499,49.9762154280883,926.7647085057627,Sector_A,2024-06-28,Error: Pressure Drop,0.4437745706773809,1
SHP-4500,56.03805536760801,276.4618361253683,Sector_A,2024-04-26,Error: Pressure Drop,0.9684407673091452,0
SHP-4501,45.23765833312916,101.4789209315934,Sector_C,2024-04-18,Warning: High Temp,0.1323601745265821,0
SHP-4502,30.681675463743346,2624.8787084316805,Sector_D,2024-09-17,None,0.2647669968495593,1
SHP-4503,48.8749515580779,756.7392089169999,Sector_A,2024-06-09,Error: Pressure Drop,0.968254904392335,0
SHP-4504,52.579629775247135,2757.8361523747944,Sector_A,2024-03-15,None,0.7595168623557925,0
SHP-4505,42.03657852922193,2701.384165773681,Sector_D,2024-05-16,None,0.3324327629870413,0
SHP-4506,57.26016201242256,664.2625650080378,Sector_D,2024-10-18,None,0.49079845946015466,1
SHP-4507,41.97878327968574,513.4816890042175,Sector_A,2024-08-06,Error: Pressure Drop,0.8845394776394284,0
SHP-4508,41.05009204641679,2539.4773079396505,Sector_D,2024-03-19,Warning: High Temp,0.8065938192860612,1
SHP-4509,38.70444783668635,352.6900869385878,Sector_C,2024-07-07,None,0.3914368990160372,1
SHP-4510,50.600004641263595,483.88369140845236,Sector_C,2024-01-19,None,0.08339657547346047,1
SHP-4511,50.91398730057185,1751.847877906048,Sector_B,2024-01-03,None,0.14573529426774878,0
SHP-4512,56.25592028470402,505.50156996050697,Sector_D,2024-02-10,Warning: High Temp,0.5131732453644143,0
SHP-4513,47.04541317299589,266.81650992659615,Sector_A,2024-02-15,Error: Pressure Drop,0.73931928881986,0
SHP-4514,62.819952341297885,136.49132887322278,Sector_D,2024-02-17,Error: Pressure Drop,0.4430238439976423,0
SHP-4515,38.3597668557459,357.28322864582856,Sector_D,2024-02-04,Warning: High Temp,0.6467299864689715,0
SHP-4516,53.76970648493328,454.0218792768742,Sector_B,2024-06-11,None,0.6612126079307259,0
SHP-4517,51.11726018391662,222.70065777320244,Sector_A,2024-01-21,None,0.5759286779049742,0
SHP-4518,47.46319659099448,567.5163709615447,Sector_B,2024-04-09,Error: Pressure Drop,0.515213525068461,0
SHP-4519,55.98983844611617,549.4376673420036,Sector_B,2024-12-21,None,0.23446328539064076,0
SHP-4520,48.80491646151504,309.765342069485,Sector_C,2024-04-26,Error: Pressure Drop,0.14662749263950692,0
SHP-4521,50.85460258961604,731.7823123008106,Sector_A,2024-05-12,None,0.9058952332195863,0
SHP-4522,52.73567586131696,373.5688316666653,Sector_B,2024-02-15,Warning: High Temp,0.41057969516713444,1
SHP-4523,45.68593132371595,2795.228840884486,Sector_C,2024-05-28,None,0.793814750658847,0
SHP-4524,20.16467540800042,1301.0665603339455,Sector_A,2024-09-27,Warning: High Temp,0.2967970067061101,1
SHP-4525,49.44479977720504,27.829490627101094,Sector_B,2024-06-26,None,0.5905581561723838,1
SHP-4526,47.49386001373119,3873.1281953970706,Sector_C,2024-02-26,None,0.15319443237016028,0
SHP-4527,54.80278962644388,1102.283876412815,Sector_D,2024-05-03,None,0.48546891927638036,1
SHP-4528,42.341450285150664,742.9913002595886,Sector_D,2024-08-25,None,0.3600680533121198,0
SHP-4529,41.54278056865446,120.63797195659858,Sector_A,2024-11-21,Error: Pressure Drop,0.28604916817022497,0
SHP-4530,36.44441367917097,843.5349308794014,Sector_C,2024-07-31,None,0.1367546374016686,0
SHP-4531,50.025853673165166,879.2890732972952,Sector_D,2024-06-16,Warning: High Temp,0.8551020369767436,0
SHP-4532,78.84558806906267,117.42757628536286,Sector_A,2024-03-22,None,0.9861437228509191,0
SHP-4533,53.75300081549704,475.0688315068617,Sector_C,2024-10-26,None,0.7459195392361938,1
SHP-4534,56.37684176198713,4181.187737044274,Sector_D,2024-06-08,Warning: High Temp,0.7860389359835569,0
SHP-4535,46.326633446415435,521.1302639208517,Sector_B,2024-12-30,None,0.2775569576400567,0
SHP-4536,48.56813022192291,537.7392986036077,Sector_A,2024-03-29,None,0.6608484080261493,1
SHP-4537,58.91698917723424,1613.1878489947067,Sector_C,2024-09-21,None,0.0659043424365352,1
SHP-4538,46.35286494754815,1214.2089480673721,Sector_B,2024-07-15,Warning: High Temp,0.6339787002090825,1
SHP-4539,48.98344166640001,822.1766953675311,Sector_D,2024-03-07,None,0.7689197152977102,1
SHP-4540,38.15232442106814,3549.4075235603095,Sector_A,2024-02-29,None,0.04249251859064063,0
SHP-4541,47.73309631904693,286.7102596883392,Sector_D,2024-11-12,None,0.24909819170453573,1
SHP-4542,47.257957217582096,352.8436108155814,Sector_A,2024-01-10,Error: Pressure Drop,0.5736906138311642,0
SHP-4543,58.968992879712495,113.54426398033412,Sector_A,2024-01-30,None,0.38505469714765816,1
SHP-4544,33.093745876728114,218.70788040639948,Sector_B,2024-12-10,Warning: High Temp,0.5464976101173123,1
SHP-4545,52.73313189999806,1013.1454646474353,Sector_C,2024-05-06,None,0.6744597648053006,0
SHP-4546,28.69439282742772,109.32398468118087,Sector_A,2024-09-15,Warning: High Temp,0.8347545498565587,0
SHP-4547,40.52568722310237,589.8319561710971,Sector_B,2024-09-23,Warning: High Temp,0.10045531585099643,1
SHP-4548,59.502699172819824,135.23999251001837,Sector_C,2024-12-31,None,0.9716502348787647,0
SHP-4549,45.18926043757645,1240.7626967485792,Sector_D,2024-08-11,Error: Pressure Drop,0.5653027482261036,0
SHP-4550,59.69070234080658,187.288557796232,Sector_A,2024-06-15,Warning: High Temp,0.07282180348583434,1
SHP-4551,52.15257774867062,558.0357271374545,Sector_D,2024-06-13,Error: Pressure Drop,0.30881414267221563,1
SHP-4552,61.44737402265317,1290.6310429819691,Sector_B,2024-07-12,None,0.1583681627131861,1
SHP-4553,52.639881220607755,78.30242342237446,Sector_C,2024-08-27,Error: Pressure Drop,0.33025855524016934,0
SHP-4554,52.103956562709776,1523.5456140383578,Sector_B,2024-09-02,Warning: High Temp,0.1817251175567407,1
SHP-4555,50.87796659725759,1082.4192141843744,Sector_D,2024-11-11,None,0.20244144225718008,1
SHP-4556,56.035307779496804,613.8829596661924,Sector_D,2024-02-18,None,0.10989683101487191,1
SHP-4557,37.97369931401815,125.04801611084352,Sector_D,2024-02-09,None,0.27118988390953624,1
SHP-4558,37.233041501994464,365.43399930518393,Sector_A,2024-04-19,None,0.496270450491472,0
SHP-4559,50.29706226979792,1868.5379374766478,Sector_D,2024-09-01,None,0.059348066597721516,1
SHP-4560,52.254703947679594,72.9851230042138,Sector_B,2024-04-11,Error: Pressure Drop,0.8481364422461313,1
SHP-4561,34.32192753508415,2824.1081220765614,Sector_B,2024-12-06,None,0.2900116075454131,1
SHP-4562,49.78300036187449,24.236667342588873,Sector_D,2024-06-29,None,0.36835983463890376,1
SHP-4563,48.94357805264531,256.12507369708925,Sector_D,2024-10-17,None,0.49627463234833713,0
SHP-4564,40.87116995651008,228.50293965818196,Sector_A,2024-12-29,None,0.6415338191615628,1
SHP-4565,49.95698805266911,10.255381789429357,Sector_C,2024-05-25,None,0.8058491732108137,0
SHP-4566,48.160824069363414,2548.6480686329305,Sector_C,2024-08-09,None,0.5585725135766465,0
SHP-4567,53.97225856651939,467.9134649722557,Sector_B,2024-02-26,None,0.6760056146879346,1
SHP-4568,50.140966105759055,1788.2337586491853,Sector_B,2024-03-09,None,0.5780618169582915,1
SHP-4569,30.352892360228033,2706.1694303408376,Sector_A,2024-12-18,None,0.7325162732510506,1
SHP-4570,50.1484111568349,1179.4307612764476,Sector_D,2024-10-12,None,0.47988864436266954,1
SHP-4571,50.321010202349626,376.6156302690994,Sector_C,2024-10-07,None,0.09169578984297733,0
SHP-4572,53.0608886356568,227.06654162518439,Sector_A,2024-09-22,Error: Pressure Drop,0.657673860318013,0
SHP-4573,50.99324372540135,234.39200606398884,Sector_C,2024-09-24,None,0.27671673980222067,1
SHP-4574,39.31435726852518,569.5403562566692,Sector_A,2024-10-28,None,0.3611478899362156,1
SHP-4575,45.345460023013636,1950.0950215929465,Sector_D,2024-11-08,None,0.5298792971370381,0
SHP-4576,46.873005984808316,1088.4033560214007,Sector_B,2024-09-05,Warning: High Temp,0.4276894728993321,1
SHP-4577,73.17769585092606,1361.7326101693347,Sector_A,2024-06-25,Error: Pressure Drop,0.6737354884294517,1
SHP-4578,49.933695744586025,5833.969039403713,Sector_D,2024-12-13,None,0.47859169344704655,0
SHP-4579,47.672072506182545,677.2887820202686,Sector_B,2024-06-29,None,0.04781595848168407,0
SHP-4580,45.505657849107585,525.3163932677102,Sector_D,2024-08-05,None,0.5199200732972324,0
SHP-4581,56.654178057822996,1085.6182458155847,Sector_A,2024-09-24,None,0.8605366871671928,1
SHP-4582,40.56872037601035,633.8742199488235,Sector_B,2024-01-13,Error: Pressure Drop,0.4036083127121193,1
SHP-4583,49.68000924032022,1643.8509962649243,Sector_C,2024-07-22,None,0.6667229459131231,1
SHP-4584,66.55583651657828,61.2533853182343,Sector_A,2024-02-13,None,0.07253838725370054,1
SHP-4585,50.50367982467925,1822.199730998641,Sector_D,2024-12-03,Error: Pressure Drop,0.5518232657859107,1
SHP-4586,47.15061178127714,638.1860395180366,Sector_B,2024-07-15,None,0.8829426412049698,1
SHP-4587,46.87067534009668,1217.1655558359616,Sector_B,2024-07-24,Error: Pressure Drop,0.9638744807715937,0
SHP-4588,62.88033520291219,195.83200884480692,Sector_A,2024-08-15,Error: Pressure Drop,0.1932296603800714,1
SHP-4589,38.32636624370341,1106.873096994655,Sector_B,2024-11-24,None,0.8214989525062164,1
SHP-4590,47.38788891856491,71.9688291842961,Sector_A,2024-08-26,None,0.9864647794415016,1
SHP-4591,38.66194252982221,7.143137924764223,Sector_B,2024-06-08,None,0.31152917381709844,0
SHP-4592,35.11699619068262,840.9401977628468,Sector_C,2024-12-27,None,0.7165783778128982,1
SHP-4593,56.331604352736775,1065.5300390268994,Sector_C,2024-06-11,Warning: High Temp,0.0914387586971872,1
SHP-4594,55.31095024112537,1107.865367547084,Sector_B,2024-09-24,Error: Pressure Drop,0.3030374623441746,0
SHP-4595,48.761472987642854,1065.4460446269647,Sector_B,2024-11-07,None,0.7507746086166411,0
SHP-4596,49.412447310462824,210.92481480772847,Sector_D,2024-01-16,Warning: High Temp,0.9970039081130033,1
SHP-4597,60.916579256477576,562.426052667479,Sector_A,2024-09-26,Error: Pressure Drop,0.4939381969457316,0
SHP-4598,41.76577216219962,1393.5605841840122,Sector_A,2024-07-10,None,0.39147196263509343,1
SHP-4599,59.4325885470234,2318.0679942460697,Sector_C,2024-10-30,None,0.5708648508159482,1
SHP-4600,65.98490052324203,406.86245647743505,Sector_C,2024-07-11,Warning: High Temp,0.8518444491509027,1
SHP-4601,58.867019125408184,565.827879115414,Sector_D,2024-07-29,Error: Pressure Drop,0.3212293753306089,0
SHP-4602,47.12223164292136,24.60634230134681,Sector_D,2024-01-23,None,0.07819787631253938,1
SHP-4603,33.99468921326265,1084.7416070393415,Sector_A,2024-06-30,None,0.6808211579608183,0
SHP-4604,34.55451662641529,288.6785492096458,Sector_D,2024-12-08,Warning: High Temp,0.14196697578823858,1
SHP-4605,44.78840046052456,1246.4490872332722,Sector_D,2024-11-26,None,0.9745136709223733,0
SHP-4606,47.36706278743129,2723.2585082780924,Sector_C,2024-05-06,Warning: High Temp,0.8563951304436977,1
SHP-4607,46.72794407500973,100.9116858610891,Sector_A,2024-08-31,None,0.11272422344727462,0
SHP-4608,45.98618065782126,989.5210582897347,Sector_D,2024-04-18,None,0.45616937853371853,1
SHP-4609,57.976653894792065,725.5751468200812,Sector_C,2024-04-13,Warning: High Temp,0.7543905986546042,1
SHP-4610,49.77380718846952,1522.0490608400353,Sector_A,2024-04-14,None,0.06341136866772912,1
SHP-4611,60.51768175210247,88.80513596813495,Sector_D,2024-02-03,None,0.7904346276551106,0
SHP-4612,58.89831379504978,6609.412415942482,Sector_D,2024-06-17,None,0.46562835016288495,1
SHP-4613,58.59802388139743,603.2162555774147,Sector_D,2024-05-04,None,0.8992175689213542,1
SHP-4614,45.76050758946883,301.1216749041087,Sector_D,2024-07-07,None,0.3892820309578189,1
SHP-4615,51.42441180532136,593.878015560576,Sector_A,2024-06-15,Error: Pressure Drop,0.333098102648097,1
SHP-4616,62.54686775407846,249.15721067178586,Sector_C,2024-09-25,None,0.15181235791515413,0
SHP-4617,49.81837061644977,1087.9309554685235,Sector_A,2024-03-15,None,0.686882245202572,1
SHP-4618,63.04891496801889,1646.67340733528,Sector_C,2024-01-09,None,0.09190549961759242,1
SHP-4619,66.84869199259127,184.3878426055536,Sector_D,2024-05-02,None,0.6266579992244496,0
SHP-4620,55.343527424842065,240.07411355898125,Sector_D,2024-12-18,Warning: High Temp,0.7035721643790692,1
SHP-4621,43.073395465287874,61.322612449280676,Sector_B,2024-08-23,Error: Pressure Drop,0.5073541560394682,0
SHP-4622,47.99438334432514,590.09177314175,Sector_B,2024-12-29,None,0.842801973402186,1
SHP-4623,47.04656830037823,103.10912316053194,Sector_A,2024-01-10,Error: Pressure Drop,0.9980996262504953,0
SHP-4624,52.098028596543934,6451.749641707886,Sector_D,2024-06-06,Error: Pressure Drop,0.887817759443802,1
SHP-4625,38.63240704157855,2369.732339227645,Sector_D,2024-12-24,None,0.7633628875309691,1
SHP-4626,39.01043949331985,789.7502006035706,Sector_C,2024-09-09,Error: Pressure Drop,0.3054945008650667,0
SHP-4627,54.42051188345515,214.35868178106722,Sector_B,2024-06-26,None,0.4450217060482734,1
SHP-4628,46.20283850318045,145.36630128621096,Sector_A,2024-10-11,Error: Pressure Drop,0.03216444752328096,0
SHP-4629,47.619307342806586,952.4327441114724,Sector_D,2024-12-19,Error: Pressure Drop,0.27990355344849305,0
SHP-4630,35.9261368581478,897.042176062638,Sector_B,2024-04-06,None,0.8927581501015732,1
SHP-4631,34.12675446902613,344.8045249956922,Sector_B,2024-08-22,None,0.5975645586888426,1
SHP-4632,60.719784451723186,2189.2902964916348,Sector_D,2024-11-04,None,0.6107972955060648,1
SHP-4633,51.980097547978716,1227.6822215511108,Sector_D,2024-11-23,None,0.017162597672299218,1
SHP-4634,44.33220041844991,166.1851679652056,Sector_C,2024-08-04,Error: Pressure Drop,0.36078237300968985,1
SHP-4635,44.731977426061746,102.66274782390279,Sector_C,2024-09-14,None,0.5891280793116217,0
SHP-4636,54.08257068864928,930.847207329432,Sector_A,2024-01-15,None,0.85632082693073,1
SHP-4637,63.24618072507164,2039.669772827479,Sector_A,2024-06-26,Warning: High Temp,0.8617225347367596,0
SHP-4638,45.745340402940634,488.3902362330803,Sector_B,2024-02-12,None,0.34145057315405125,1
SHP-4639,46.17084710471056,3712.628370490065,Sector_B,2024-02-10,None,0.5945211025223285,1
SHP-4640,38.47587173899753,7.789517374665589,Sector_B,2024-08-18,None,0.02301965561070307,1
SHP-4641,58.25663841263604,236.91418573781013,Sector_A,2024-09-30,Warning: High Temp,0.22915619059526482,1
SHP-4642,43.45324545820269,1231.3835225407624,Sector_B,2024-02-24,None,0.9482429357891283,1
SHP-4643,58.93242004640312,2239.383221440592,Sector_B,2024-12-28,None,0.7504295399130568,1
SHP-4644,54.38899247498414,1080.3861680014343,Sector_B,2024-02-23,None,0.14881956334240498,0
SHP-4645,63.736793452459985,260.30839469356414,Sector_C,2024-04-17,None,0.7288969649460859,1
SHP-4646,38.08178882465313,138.24610652848128,Sector_A,2024-08-24,Error: Pressure Drop,0.2017963603580073,0
SHP-4647,48.05763972890771,2145.550569400076,Sector_A,2024-11-10,Warning: High Temp,0.10098412993975103,1
SHP-4648,44.19300801120671,289.69509307980536,Sector_A,2024-12-08,None,0.0816263624596113,1
SHP-4649,45.666055595346386,2278.0180557302,Sector_C,2024-09-03,None,0.563050003852839,0
SHP-4650,47.128245291197985,1551.2927295452726,Sector_D,2024-03-15,None,0.4200356031696383,0
SHP-4651,58.40838518221405,2365.6305571762487,Sector_D,2024-07-02,None,0.5757633204705027,1
SHP-4652,58.43306928577697,356.6854755052528,Sector_D,2024-12-24,None,0.10023065565748068,1
SHP-4653,48.38131542641741,389.62149276565077,Sector_C,2024-05-12,None,0.7284540560590166,0
SHP-4654,42.74852556013919,303.020690608078,Sector_B,2024-03-28,Error: Pressure Drop,0.8150427936555835,0
SHP-4655,60.82591467331845,203.43427453319362,Sector_A,2024-03-03,Error: Pressure Drop,0.20261787685303323,0
SHP-4656,55.67129520783983,252.03490767683107,Sector_B,2024-04-19,Error: Pressure Drop,0.2384895114461879,0
SHP-4657,52.84107677466086,1269.198170110831,Sector_A,2024-09-30,None,0.4366603605223154,0
SHP-4658,46.617519010472115,995.0486769477343,Sector_C,2024-03-23,None,0.33069874835520563,0
SHP-4659,47.97288274995075,825.0223184116163,Sector_C,2024-01-24,Error: Pressure Drop,0.6164841922677569,0
SHP-4660,55.27345837606456,1221.9604343118217,Sector_C,2024-05-04,None,0.1845611404850106,1
SHP-4661,67.26005833436473,1258.8031064517756,Sector_C,2024-02-21,Warning: High Temp,0.744348666000996,1
SHP-4662,24.02016212454,828.6261696547413,Sector_C,2024-12-23,Error: Pressure Drop,0.7755772974954191,0
SHP-4663,51.48992702872525,860.607749363325,Sector_D,2024-05-20,Warning: High Temp,0.7464355113364186,1
SHP-4664,47.57070607924557,1595.1502844675313,Sector_D,2024-02-15,None,0.20319595262808665,1
SHP-4665,49.83695199366741,707.0619220352921,Sector_D,2024-07-29,None,0.26655587741317366,1
SHP-4666,42.69592036150266,263.9491178303974,Sector_A,2024-12-17,None,0.49467046794194125,0
SHP-4667,42.297377748574185,2399.936480066595,Sector_B,2024-11-10,Error: Pressure Drop,0.5545951358887118,1
SHP-4668,51.59106176096299,614.2522052315635,Sector_C,2024-07-15,None,0.29551574220292764,0
SHP-4669,41.760890421644866,1453.398070481515,Sector_D,2024-12-06,None,0.32129275647904554,1
SHP-4670,51.3475199344802,15.716809338485367,Sector_A,2024-06-05,None,0.5432034370727744,0
SHP-4671,53.76486633615029,511.3828130264393,Sector_B,2024-08-20,None,0.3812834519880284,1
SHP-4672,49.290965459371215,441.68662438289925,Sector_B,2024-11-29,Error: Pressure Drop,0.35029421349939505,1
SHP-4673,60.78375167404637,181.47412183155888,Sector_A,2024-11-19,Warning: High Temp,0.3707693143323163,0
SHP-4674,56.158520009387914,431.2822637998327,Sector_D,2024-03-27,None,0.8371512217793761,0
SHP-4675,49.338110858472,2978.1210524715193,Sector_A,2024-03-17,None,0.5141914248322701,1
SHP-4676,54.258557015992125,3388.4249453831294,Sector_A,2024-01-22,None,0.5920285136252711,1
SHP-4677,38.76319664268653,2899.1919399686913,Sector_B,2024-10-28,None,0.053857530242025886,1
SHP-4678,47.966221735784046,3204.992132876833,Sector_B,2024-07-30,Warning: High Temp,0.1105347761538058,1
SHP-4679,49.58967416336091,1692.7283391641988,Sector_C,2024-12-04,None,0.35509894402598163,1
SHP-4680,34.649671589680096,451.8056417704542,Sector_D,2024-07-29,None,0.43084790004905815,1
SHP-4681,62.9228183032735,695.4798757896114,Sector_B,2024-05-07,None,0.9520857053239615,1
SHP-4682,48.01518922393845,1015.9575527395774,Sector_B,2024-08-12,None,0.5756775927446883,0
SHP-4683,61.06624324434538,651.1212899407333,Sector_A,2024-07-14,None,0.01591429791584864,0
SHP-4684,56.982169098470536,553.0434214262528,Sector_A,2024-06-26,Error: Pressure Drop,0.7347696444967093,0
SHP-4685,64.39161613874072,1670.759448542889,Sector_B,2024-01-07,None,0.6761831378933445,0
SHP-4686,38.5693196796374,192.19529595850864,Sector_A,2024-12-15,None,0.3223709388293011,0
SHP-4687,55.74966908853284,499.5079996217177,Sector_B,2024-07-19,Error: Pressure Drop,0.5565382586098305,1
SHP-4688,54.22921236444519,935.240976266499,Sector_D,2024-05-01,None,0.3943902334142716,0
SHP-4689,48.42696022658569,1239.2413864920427,Sector_B,2024-11-01,Warning: High Temp,0.9946387047927742,0
SHP-4690,47.477212477328685,54.0239399911115,Sector_A,2024-05-06,Error: Pressure Drop,0.22526867308561682,1
SHP-4691,55.20856574875855,164.37252632346085,Sector_A,2024-06-28,Error: Pressure Drop,0.2581833178671862,0
SHP-4692,49.822516143898184,301.7631606711975,Sector_B,2024-01-27,None,0.5524979710061425,1
SHP-4693,38.30900828620067,439.3874735209764,Sector_A,2024-02-15,None,0.7719520055362926,1
SHP-4694,63.62093329922275,507.863241557845,Sector_C,2024-08-20,Warning: High Temp,0.5436632377158864,0
SHP-4695,47.39468023671856,152.5316495587127,Sector_C,2024-05-01,None,0.7735674187161818,1
SHP-4696,19.748566313612585,1373.5500489854028,Sector_D,2024-11-08,None,0.4731261786829438,0
SHP-4697,51.527420365806236,145.38497391212007,Sector_D,2024-06-15,None,0.470267657236065,0
SHP-4698,51.976100623282086,403.1978533112479,Sector_A,2024-11-30,None,0.42769456989376353,0
SHP-4699,43.47747571719026,423.9379584757643,Sector_C,2024-04-03,None,0.4936215859031535,1
SHP-4700,34.37411330430963,463.5694147327657,Sector_A,2024-07-09,None,0.08395521738743972,1
SHP-4701,65.92293129863424,359.31068785493113,Sector_D,2024-07-14,Error: Pressure Drop,0.9998382219311672,0
SHP-4702,33.06400960631419,91.26465779995526,Sector_D,2024-06-19,None,0.9712993866434668,1
SHP-4703,37.594067655842984,428.8236342418132,Sector_D,2024-06-13,None,0.7964094688034603,1
SHP-4704,34.128977198924424,1385.2185749594857,Sector_B,2024-09-13,Warning: High Temp,0.5265630453522676,0
SHP-4705,44.318798909665055,1659.4486828880104,Sector_D,2024-02-06,None,0.4727934548040663,0
SHP-4706,75.35245427448876,1090.1070715068659,Sector_C,2024-02-23,None,0.8793051086049669,0
SHP-4707,32.84228410247239,3079.0326159311076,Sector_A,2024-09-05,None,0.6205584326862001,0
SHP-4708,59.79273570813154,928.0815896561037,Sector_B,2024-12-26,None,0.9728129624594403,1
SHP-4709,51.534217009636265,203.1726360357136,Sector_D,2024-07-15,None,0.40370450390002666,1
SHP-4710,37.85435680595966,1431.757162695358,Sector_B,2024-11-11,None,0.6066521761616447,1
SHP-4711,46.938307425321575,6.648353116793786,Sector_B,2024-08-29,None,0.6823891020220305,0
SHP-4712,46.11715614314662,729.5729211572998,Sector_A,2024-11-20,Error: Pressure Drop,0.8235832889435126,1
SHP-4713,56.026254705179234,1849.9630948344463,Sector_B,2024-04-24,Warning: High Temp,0.4162105680046889,1
SHP-4714,67.86191609734713,135.94379901794744,Sector_C,2024-06-08,None,0.4144498256068999,0
SHP-4715,55.53194080018752,965.8277126982388,Sector_B,2024-04-22,None,0.4740257293812937,0
SHP-4716,60.42375849269612,744.8957895575252,Sector_C,2024-05-29,None,0.9621820861965517,1
SHP-4717,37.93888601092071,681.8691386187212,Sector_D,2024-08-31,None,0.9094026306898727,1
SHP-4718,44.21828115732616,1013.7553238154444,Sector_C,2024-12-15,None,0.9425224550357894,0
SHP-4719,51.89508981194492,560.0207546614965,Sector_D,2024-08-10,Warning: High Temp,0.333583749210136,1
SHP-4720,35.602982739408354,356.80437722261576,Sector_C,2024-10-29,None,0.6946119670379092,1
SHP-4721,39.10938422462975,1489.3097105654524,Sector_A,2024-09-18,None,0.8372715888420315,1
SHP-4722,35.440337699944436,561.7608418551325,Sector_B,2024-05-26,None,0.2224975326872497,1
SHP-4723,47.33595382045157,682.9930021162519,Sector_C,2024-06-28,None,0.2528003526386525,0
SHP-4724,43.39283943945847,302.51719683836507,Sector_B,2024-12-31,Warning: High Temp,0.4043748715324913,0
SHP-4725,45.12753035788828,315.3893777117588,Sector_C,2024-06-17,Error: Pressure Drop,0.8847170985177613,1
SHP-4726,41.452721647852755,1233.8258543492552,Sector_B,2024-02-12,Error: Pressure Drop,0.1613755539213313,1
SHP-4727,48.14716427273555,357.7338195895064,Sector_C,2024-07-04,None,0.9900649765102809,0
SHP-4728,33.5444694524842,3453.00106752089,Sector_C,2024-11-25,None,0.011247772874347528,0
SHP-4729,39.52865125603997,153.93479460137365,Sector_D,2024-08-21,Warning: High Temp,0.23074996672192138,0
SHP-4730,54.46369218968133,868.5501925925538,Sector_C,2024-11-20,Error: Pressure Drop,0.2900587039919076,0
SHP-4731,44.375232462956134,1569.7162177965085,Sector_B,2024-09-28,None,0.9037758647121809,1
SHP-4732,44.51540893372378,864.2328816286282,Sector_A,2024-10-09,Warning: High Temp,0.27479149321338026,0
SHP-4733,,79.65287577002897,Sector_B,2024-07-21,Error: Pressure Drop,0.9100830599616413,1
SHP-4734,55.000042123483375,897.8348333730574,Sector_B,2024-09-30,Warning: High Temp,0.23118320618517407,1
SHP-4735,52.29325975099211,104.0092531987643,Sector_C,2024-10-07,None,0.9097622226991726,0
SHP-4736,51.63437554707578,616.0824772988447,Sector_C,2024-06-30,None,0.038705109028701945,1
SHP-4737,62.8504126787976,1404.8944987102327,Sector_A,2024-01-28,None,0.45837914861019535,0
SHP-4738,50.13951003807563,632.8186222190919,Sector_A,2024-03-14,None,0.7183847306223777,0
SHP-4739,46.818758800062305,1992.584524468293,Sector_B,2024-02-20,None,0.9449499763047462,0
SHP-4740,47.03184263258129,383.7159100230198,Sector_D,2024-09-04,None,0.142956862141856,1
SHP-4741,69.65267293402421,1236.5219266265724,Sector_D,2024-08-30,None,0.6636404660422325,1
SHP-4742,50.97901167322505,155.72103422453287,Sector_A,2024-12-21,None,0.27468389268018245,0
SHP-4743,57.744062446375445,2053.696797616178,Sector_C,2024-02-28,Warning: High Temp,0.8734703827471683,1
SHP-4744,66.25230861221179,2079.3699710831465,Sector_C,2024-04-09,Error: Pressure Drop,0.8605876565777302,1
SHP-4745,38.56120740375667,32.72267591628059,Sector_B,2024-07-14,None,0.12791871537532762,1
SHP-4746,71.82012856402164,976.0819591777398,Sector_B,2024-12-12,Warning: High Temp,0.2665240721491463,0
SHP-4747,67.12685309388394,446.79407379605675,Sector_D,2024-06-08,None,0.2363485971104915,0
SHP-4748,57.22781222271616,293.0457008428111,Sector_D,2024-03-29,None,0.7235179978030664,1
SHP-4749,54.298766392824184,32.12139893546493,Sector_C,2024-09-14,None,0.050361779268163986,1
SHP-4750,45.050445591984484,96.68790535987186,Sector_B,2024-04-05,None,0.513394903680845,1
SHP-4751,47.317276772533425,533.8239589766677,Sector_C,2024-06-21,Warning: High Temp,0.9104070830055601,0
SHP-4752,50.44336856663732,623.5703785486679,Sector_A,2024-11-03,None,0.1680712161446688,0
SHP-4753,56.6889197980789,1480.294997693107,Sector_B,2024-06-26,None,0.6974999781548812,1
SHP-4754,55.00294628864616,590.3107578920625,Sector_A,2024-01-24,Warning: High Temp,0.41930977450507434,0
SHP-4755,50.81820838132057,844.5781909788191,Sector_B,2024-04-06,None,0.47173534140859175,1
SHP-4756,66.23990609796321,85.15520026434683,Sector_B,2024-10-28,None,0.268304883916214,1
SHP-4757,52.83267805280597,496.77263731626937,Sector_A,2024-05-12,Error: Pressure Drop,0.3478026298446377,0
SHP-4758,46.34514322095996,808.6051782384535,Sector_C,2024-03-04,None,0.6530365320801246,1
SHP-4759,22.60037610727743,1547.8205723310264,Sector_A,2024-04-06,None,0.3116156594539966,1
SHP-4760,68.9293556447182,175.41195194928352,Sector_B,2024-04-30,None,0.23997811349947717,1
SHP-4761,48.65271822917064,1091.427619091121,Sector_B,2024-04-27,None,0.1274883598445249,1
SHP-4762,59.03646371140581,495.21670573809223,Sector_D,2024-03-25,Error: Pressure Drop,0.9668496669199409,0
SHP-4763,61.228184020526,2886.74689875996,Sector_B,2024-10-28,None,0.9235388200272547,0
SHP-4764,51.9840909115492,852.1072411360948,Sector_A,2024-03-21,None,0.21224963324734536,1
SHP-4765,56.59336575693684,18.510722417692687,Sector_B,2024-09-30,None,0.21826666781499704,1
SHP-4766,42.9773819427458,619.8963374862335,Sector_B,2024-03-03,None,0.701363166684382,0
SHP-4767,52.27376361186205,573.1505631555993,Sector_B,2024-10-16,None,0.2867626884740516,0
SHP-4768,53.94722210387715,65.38610581844665,Sector_D,2024-09-15,Error: Pressure Drop,0.4508447917284897,1
SHP-4769,50.241922841857914,219.73374041793187,Sector_A,2024-04-10,None,0.9062157773024371,0
SHP-4770,51.56155135464668,3289.058545971126,Sector_A,2024-02-19,None,0.7733081198231887,1
SHP-4771,64.80041309894324,491.8812056364352,Sector_C,2024-12-27,None,0.46853229394756724,1
SHP-4772,64.24100749317748,735.8179109834773,Sector_C,2024-01-26,Error: Pressure Drop,0.8935267585695273,0
SHP-4773,41.91885340987826,604.2578562618016,Sector_B,2024-03-18,Error: Pressure Drop,0.39423585547123363,1
SHP-4774,54.985002233185575,355.212331879586,Sector_D,2024-04-07,Warning: High Temp,0.5830937061883431,0
SHP-4775,65.86119924438638,655.7051540195126,Sector_C,2024-12-04,Warning: High Temp,0.8001856544000197,1
SHP-4776,50.30665043006814,4828.357983913936,Sector_A,2024-05-30,Error: Pressure Drop,0.17352302440367218,0
SHP-4777,56.41845468808011,3922.805151470338,Sector_B,2024-08-21,Warning: High Temp,0.2672211878666447,1
SHP-4778,50.146467263355554,2206.86486317132,Sector_B,2024-04-02,None,0.022596120014834464,1
SHP-4779,38.65232370369648,82.3534855122046,Sector_A,2024-05-30,None,0.21714033009348688,1
SHP-4780,44.38571157571605,10.830115830218872,Sector_B,2024-06-23,Warning: High Temp,0.2756827239849914,0
SHP-4781,55.948474080794526,150.43437219288597,Sector_D,2024-06-29,Error: Pressure Drop,0.572157604137286,0
SHP-4782,46.451389242364165,1104.7838599223203,Sector_C,2024-05-22,None,0.13667832622269183,1
SHP-4783,47.02354089094921,1326.6791688347878,Sector_B,2024-11-12,None,0.7791426512359664,0
SHP-4784,58.906464129889535,83.26766776954598,Sector_B,2024-05-12,None,0.8459293120656474,1
SHP-4785,59.29901000819422,917.5502930902912,Sector_C,2024-10-18,None,0.10773000857242443,0
SHP-4786,53.183994621127106,665.9557316809806,Sector_A,2024-04-01,None,0.05482755998155242,0
SHP-4787,54.93085061024321,988.4643323210682,Sector_B,2024-08-21,Warning: High Temp,0.8681525883131498,0
SHP-4788,41.7636330070915,95.98207351043104,Sector_C,2024-11-11,None,0.1748231142231057,0
SHP-4789,36.61009144701565,1132.7928429928947,Sector_B,2024-05-16,None,0.43385923889020817,1
SHP-4790,52.1445638888886,1307.31290412328,Sector_B,2024-05-11,Error: Pressure Drop,0.638109552910849,0
SHP-4791,66.45928050795753,187.56072972510142,Sector_A,2024-11-22,None,0.7513394896221472,1
SHP-4792,51.854997632260734,1837.493481462392,Sector_D,2024-02-06,None,0.1439808693544261,0
SHP-4793,35.60246879898416,65.86918632254974,Sector_B,2024-07-14,None,0.3079301895981168,1
SHP-4794,51.12131229724873,5.258077167206963,Sector_A,2025-01-01,None,0.1167240249799012,0
SHP-4795,60.25570548682501,1586.4281916481211,Sector_B,2024-04-17,Error: Pressure Drop,0.8999084938429097,0
SHP-4796,55.87931833300857,737.8213707339734,Sector_A,2024-05-06,None,0.5629888969733102,0
SHP-4797,38.016911539341514,370.09049936614923,Sector_D,2024-11-23,None,0.8328960651904939,0
SHP-4798,48.063182868473916,169.63374629955237,Sector_C,2024-07-06,None,0.5416413487699514,0
SHP-4799,50.68970913918289,2561.056829721802,Sector_D,2024-02-02,Error: Pressure Drop,0.5696401866002597,1
SHP-4800,50.44882170100317,577.5978735350978,Sector_C,2024-09-29,Warning: High Temp,0.21878832858514663,0
SHP-4801,47.668092400616345,433.890853218169,Sector_A,2024-05-02,None,0.4229248856985597,1
SHP-4802,46.975776476305136,27.248175078811073,Sector_B,2024-09-02,Error: Pressure Drop,0.44425079479211016,1
SHP-4803,48.388128300609864,707.4226087314975,Sector_B,2024-05-06,Warning: High Temp,0.8844486141156265,0
SHP-4804,57.137001497210406,49.75270991874819,Sector_D,2024-09-16,None,0.2155278344449718,1
SHP-4805,32.58436419333681,880.865938257744,Sector_A,2024-07-15,None,0.047945816230275384,0
SHP-4806,50.35543865862209,811.3699066682092,Sector_C,2024-01-10,None,0.6609891702846917,1
SHP-4807,55.544735314597744,386.4510107473942,Sector_B,2024-10-10,None,0.10009101541231313,0
SHP-4808,47.72781749781684,510.6767403731206,Sector_A,2024-02-17,Warning: High Temp,0.22121494644410278,1
SHP-4809,50.84671639072625,757.9383834971535,Sector_C,2025-01-01,Error: Pressure Drop,0.3316421411224645,0
SHP-4810,64.02213017488275,577.1814826578479,Sector_B,2024-07-20,Warning: High Temp,0.41712165082202013,0
SHP-4811,38.10326810064797,615.1221592489057,Sector_D,2024-09-26,None,0.21950945987900217,0
SHP-4812,53.63172399567423,790.690673922498,Sector_A,2024-11-24,None,0.06306473169817484,1
SHP-4813,70.08291039847113,2252.133794450788,Sector_C,2024-08-24,Error: Pressure Drop,0.09013971341092186,1
SHP-4814,55.31956840405515,249.3484426097705,Sector_B,2024-02-02,None,0.9101794113562874,1
SHP-4815,49.31880606198761,3892.2462909556416,Sector_B,2024-02-25,None,0.03990614364171374,1
SHP-4816,38.51068394895358,72.51618154391478,Sector_D,2024-10-17,None,0.12461519858289849,1
SHP-4817,49.227554885788585,2057.294046923716,Sector_B,2024-10-07,Warning: High Temp,0.39117755322077885,0
SHP-4818,69.73814841007429,576.1419811883245,Sector_B,2024-12-12,None,0.03382507944285873,1
SHP-4819,44.90300331398333,318.1183216052716,Sector_A,2024-01-31,Warning: High Temp,0.37953421197995385,0
SHP-4820,57.400126871172894,995.1218514145642,Sector_A,2024-01-29,Warning: High Temp,0.9555511487010802,1
SHP-4821,35.64059115080952,932.4031301582983,Sector_B,2024-08-19,Error: Pressure Drop,0.49034986737984965,0
SHP-4822,46.696836206319325,2025.213403200211,Sector_C,2024-01-12,None,0.5601833539320985,0
SHP-4823,49.25185280577623,18.740638087582603,Sector_C,2024-12-29,None,0.14884651634267376,0
SHP-4824,47.127839699693006,922.2507060971002,Sector_D,2024-09-01,None,0.3247745025387301,1
SHP-4825,48.93487455424171,1483.11897207654,Sector_C,2024-05-23,Error: Pressure Drop,0.9533303502686653,1
SHP-4826,58.92917829515903,1901.7292731362966,Sector_C,2024-06-24,None,0.6658183619844804,1
SHP-4827,53.295028701458435,1254.6739945135773,Sector_B,2024-07-20,None,0.605777420402004,0
SHP-4828,44.59198415579887,280.7868881551578,Sector_D,2024-08-07,None,0.6215606650997182,0
SHP-4829,35.2717942618483,976.9804003292379,Sector_A,2024-04-16,None,0.8649078540370102,1
SHP-4830,49.326750369644095,620.6637649206225,Sector_C,2024-06-24,Warning: High Temp,0.3657621491208144,0
SHP-4831,59.42340315161424,848.332803179687,Sector_A,2024-08-31,None,0.6908850218400949,1
SHP-4832,25.36270056442654,257.814963643196,Sector_B,2024-12-14,Warning: High Temp,0.054715588136931004,0
SHP-4833,52.915011595097916,93.7152996338288,Sector_A,2024-01-31,None,0.7000776502602772,1
SHP-4834,52.51614654116159,556.6711674674692,Sector_A,2024-11-23,Warning: High Temp,0.3155180441710489,1
SHP-4835,64.7451360581153,653.143533386327,Sector_D,2024-01-13,Error: Pressure Drop,0.29834077229425604,0
SHP-4836,49.72817098563425,10.995835924912896,Sector_A,2024-10-31,None,0.9701388336782147,0
SHP-4837,38.444514773089296,109.5066354484518,Sector_C,2024-10-06,None,0.3350217668447013,0
SHP-4838,44.556466720957296,3663.1224766284554,Sector_D,2024-03-26,None,0.23384689713070794,0
SHP-4839,52.02746819171644,842.252598710343,Sector_B,2024-10-22,None,0.7417682574296691,1
SHP-4840,39.02339187108172,2370.3721163580544,Sector_B,2024-07-19,None,0.21395443020238347,0
SHP-4841,54.25127832360485,669.7332604717446,Sector_D,2024-01-04,None,0.28843433709959787,0
SHP-4842,61.69316733236835,1383.920998703129,Sector_B,2024-11-26,Warning: High Temp,0.399239387088294,0
SHP-4843,63.86187815670823,209.05601513716252,Sector_B,2024-05-29,Error: Pressure Drop,0.47538603598093376,0
SHP-4844,51.43309841044607,931.5878765223099,Sector_D,2024-06-15,None,0.7919147614128744,0
SHP-4845,37.05436367647411,1206.7595901831464,Sector_A,2024-05-31,Error: Pressure Drop,0.5221917436398096,0
SHP-4846,62.84631929211208,401.2491219887118,Sector_D,2024-06-02,Warning: High Temp,0.8071588319283961,1
SHP-4847,59.56657321846053,840.0935630733749,Sector_C,2024-12-20,Warning: High Temp,0.9097812812377382,0
SHP-4848,51.70026495886034,955.4725282568558,Sector_A,2024-08-14,None,0.925589104132987,0
SHP-4849,52.375017615720495,718.3397317683072,Sector_C,2024-09-04,None,0.37843111158146636,1
SHP-4850,74.173359908935,3128.0882262411988,Sector_B,2024-08-24,Warning: High Temp,0.4340241164698143,0
SHP-4851,62.94620624754405,1028.6098311645142,Sector_A,2024-11-28,None,0.5364947721466673,0
SHP-4852,24.741109039634782,92.08519969598889,Sector_A,2024-03-06,None,0.7579052846445182,0
SHP-4853,44.289009557494374,1985.4229118295843,Sector_B,2024-10-16,None,0.4383441762503175,0
SHP-4854,30.23362609870755,305.3183956700687,Sector_C,2024-03-30,Error: Pressure Drop,0.7244222933887349,1
SHP-4855,40.17356852386362,463.16395636506184,Sector_B,2024-04-26,None,0.3216043441354681,0
SHP-4856,33.253990849886904,1375.1739092917871,Sector_B,2024-07-18,None,0.2487371255556653,0
SHP-4857,50.509019847922524,1329.9583157208342,Sector_B,2024-11-01,Error: Pressure Drop,0.7357893799665525,1
SHP-4858,41.005352432745106,809.1437246618207,Sector_C,2024-08-15,Error: Pressure Drop,0.036651386416356346,0
SHP-4859,45.00241678875457,17.817510407589165,Sector_D,2024-05-13,Error: Pressure Drop,0.11126935336126886,0
SHP-4860,52.290673726019484,233.05201113961732,Sector_B,2024-11-14,None,0.01552497215445181,0
SHP-4861,46.566239536579296,1452.6925153288917,Sector_A,2024-04-13,Warning: High Temp,0.48967157383085214,0
SHP-4862,57.292988582476085,336.97890964050424,Sector_D,2024-12-08,Error: Pressure Drop,0.9901432117691535,1
SHP-4863,52.487644220722174,1286.6704878894566,Sector_B,2024-04-13,Error: Pressure Drop,0.06927082412237928,1
SHP-4864,48.09214535623209,75.42895157624595,Sector_D,2024-03-06,Warning: High Temp,0.995477245521028,0
SHP-4865,48.24144206441845,3544.5239293798268,Sector_D,2024-07-13,None,0.0055409856993994255,1
SHP-4866,50.759165238589546,701.5455146426114,Sector_A,2024-01-12,None,0.5189856185435817,0
SHP-4867,52.280151861244704,1168.7782710422969,Sector_C,2024-03-27,Warning: High Temp,0.3195761045832807,1
SHP-4868,45.06409911051465,1136.7681389274214,Sector_B,2024-10-07,None,0.9394288081764278,1
SHP-4869,32.49596304692047,3040.0587426422894,Sector_C,2024-07-15,None,0.41071357827059585,1
SHP-4870,59.56363389689816,560.7200762739122,Sector_A,2024-12-24,None,0.9070556877398073,1
SHP-4871,57.79194993446905,110.4493169823001,Sector_D,2024-03-11,None,0.9976912558309908,0
SHP-4872,55.1020437556766,52.22150252743475,Sector_B,2024-09-29,None,0.5959030472501271,0
SHP-4873,51.46832555182396,1192.464863229166,Sector_A,2024-03-01,None,0.8795404214373301,0
SHP-4874,58.29307696112865,1209.6848059825907,Sector_A,2024-05-16,None,0.13990040983840824,0
SHP-4875,32.574303425362295,133.55198416578796,Sector_B,2024-08-26,Error: Pressure Drop,0.8525019408466878,1
SHP-4876,49.906947111411476,600.560211374861,Sector_C,2024-07-22,None,0.6405091556622213,0
SHP-4877,54.824509181306766,146.03268305309965,Sector_C,2024-01-13,Warning: High Temp,0.1658101987996643,0
SHP-4878,46.97921411579288,1535.9420763567498,Sector_A,2024-10-28,None,0.8235759099297318,0
SHP-4879,52.857105431484605,397.98661236688395,Sector_C,2024-09-22,None,0.9815330107308875,1
SHP-4880,56.34798380379934,1659.7085885033825,Sector_A,2024-04-27,None,0.5122006049243857,1
SHP-4881,60.03057111060352,1431.3741944240705,Sector_B,2024-07-23,Warning: High Temp,0.2757327554289978,1
SHP-4882,54.75698923100225,2049.176915051598,Sector_C,2024-02-27,None,0.12998833233540386,1
SHP-4883,38.86749926685561,401.7421694238343,Sector_C,2024-12-19,None,0.049048004149175206,0
SHP-4884,53.35645913323614,4194.00195901926,Sector_C,2024-12-21,None,0.6756161077107279,1
SHP-4885,31.101561355107645,664.2021123368153,Sector_D,2024-12-13,None,0.49164320010669993,1
SHP-4886,41.905596115704455,211.65896371586422,Sector_C,2024-03-23,None,0.5330510899227171,0
SHP-4887,53.425589279189765,24.515486486472962,Sector_B,2024-12-01,None,0.2970665074841107,0
SHP-4888,38.059377237011375,161.92007446741903,Sector_C,2024-10-27,None,0.16559170352944763,0
SHP-4889,55.18751596680838,739.7118923364895,Sector_B,2024-09-25,None,0.620939481187814,0
SHP-4890,45.22865575019741,118.06268574353895,Sector_B,2024-08-23,None,0.7529235018855573,0
SHP-4891,61.38620794859425,739.314866298634,Sector_D,2024-11-13,None,0.7169992333236139,1
SHP-4892,65.46332418787549,488.4509455928909,Sector_A,2024-12-23,None,0.9472875515146427,0
SHP-4893,58.74541065395445,834.9825839423803,Sector_A,2024-07-12,Warning: High Temp,0.11047958234401489,0
SHP-4894,55.610036041412265,1517.9117054694718,Sector_A,2024-09-26,None,0.46896149273367005,0
SHP-4895,66.08016193131802,903.7602032995105,Sector_C,2024-11-11,Warning: High Temp,0.9481370961558037,1
SHP-4896,65.06028783657356,1346.9683003879104,Sector_C,2024-05-24,None,0.40689818072932427,1
SHP-4897,41.86915514032041,786.7805911388489,Sector_A,2024-11-23,Error: Pressure Drop,0.12723554769982326,0
SHP-4898,49.94153272359335,3632.2332841517255,Sector_C,2024-09-17,None,0.28452938530559646,1
SHP-4899,53.7669922995723,409.4661460099187,Sector_D,2024-02-29,None,0.17708925065731185,1
SHP-4900,65.10456100677047,623.0988746963449,Sector_B,2024-03-15,None,0.4861853643341518,1
SHP-4901,44.294705759042245,536.6190001671847,Sector_C,2024-10-17,None,0.49433820168017784,1
SHP-4902,60.552863263879935,4121.078694277134,Sector_B,2024-11-02,None,0.4541761167738373,0
SHP-4903,48.428212027560754,1533.8781844365658,Sector_A,2024-07-14,Warning: High Temp,0.4552658269381571,1
SHP-4904,53.762779911458814,292.6402118458533,Sector_C,2024-12-13,None,0.5073359319025734,1
SHP-4905,53.17989194388072,239.99885489292203,Sector_B,2024-05-21,Warning: High Temp,0.6793575332585189,0
SHP-4906,51.06159189540801,2050.901653734455,,2024-10-28,None,0.4591292389105416,0
SHP-4907,56.961594068581206,666.7284038219703,Sector_D,2024-03-26,None,0.3264943258042853,0
SHP-4908,48.63969000862336,120.73766053689897,Sector_C,2024-04-21,Error: Pressure Drop,0.32755205009459076,0
SHP-4909,64.37019470818235,131.25918995365245,Sector_B,2024-08-14,Error: Pressure Drop,0.4206996892078023,1
SHP-4910,63.01246777195151,628.2335715740994,Sector_C,2024-03-01,None,0.6062291874165407,0
SHP-4911,55.02144633059401,815.3178075142059,Sector_C,2024-08-03,None,0.5333348183933004,0
SHP-4912,50.473470655995364,417.32569591213115,Sector_D,2024-08-25,None,0.01244666222294144,0
SHP-4913,45.78601222708762,1382.6142563141875,Sector_D,2024-04-17,None,0.981599427231621,1
SHP-4914,46.72296713251173,390.66211233481636,Sector_D,2024-03-04,None,0.3878585395251517,1
SHP-4915,72.90419215271935,484.6698341965217,Sector_C,2024-06-24,None,0.1841017834388824,1
SHP-4916,61.21452674694743,15.374307764883254,Sector_B,2024-02-09,Error: Pressure Drop,0.8172936704835106,0
SHP-4917,41.925541650841005,568.0790851995729,Sector_A,2024-08-20,Error: Pressure Drop,0.8865238632556983,0
SHP-4918,49.360206132636044,38.010878673803425,Sector_C,2024-04-28,None,0.7039526142215239,1
SHP-4919,54.409502964508306,1374.7958232325304,Sector_C,2024-10-05,Warning: High Temp,0.0007109986897945175,1
SHP-4920,36.23418656720068,487.6142985091256,Sector_C,2024-05-15,Error: Pressure Drop,0.20607853464563142,1
SHP-4921,68.50388311218278,351.129526596737,Sector_D,2024-03-15,Error: Pressure Drop,0.7704485693477241,0
SHP-4922,71.59691500082126,110.25348841113221,Sector_C,2024-02-03,None,0.3874261113192585,0
SHP-4923,56.23447650040835,188.87033038736567,Sector_D,2024-11-17,None,0.32614193745779285,1
SHP-4924,50.67418896346722,1679.5740599278388,Sector_C,2024-04-18,None,0.5699601481328203,1
SHP-4925,57.26838416419292,1187.0710875804566,Sector_B,2024-02-15,Warning: High Temp,0.1799258381442892,1
SHP-4926,35.33637818812973,355.10297157394876,Sector_D,2024-03-14,None,0.6394920999638324,1
SHP-4927,47.607771902388556,499.70147078907576,Sector_B,2024-10-16,None,0.2614042556227044,1
SHP-4928,49.40900745165818,403.5275991075622,Sector_C,2024-10-20,Warning: High Temp,0.4117981882800936,0
SHP-4929,43.287009499623956,38.38535114217938,Sector_B,2024-01-08,None,0.5335155400846423,0
SHP-4930,45.74711780868664,47.888965787050275,Sector_D,2024-02-29,None,0.7694329616287482,0
SHP-4931,48.881586943806695,1095.4742720524907,Sector_B,2024-12-10,Warning: High Temp,0.93124055256319,1
SHP-4932,72.25777599627615,1892.2023461748186,Sector_A,2024-04-28,Warning: High Temp,0.7590683132285552,0
SHP-4933,56.93026542988443,1753.8943470201764,Sector_C,2024-01-24,None,0.32890492081077516,1
SHP-4934,46.93030571357417,15.528060553456097,Sector_C,2024-08-31,None,0.6527478214672094,0
SHP-4935,66.20604980557248,581.9838721772506,Sector_D,2024-08-19,None,0.9580885988218778,0
SHP-4936,52.49690411260182,1210.9644664619489,Sector_B,2024-11-07,None,0.3916634558020109,0
SHP-4937,55.738284360199714,233.21190817912637,Sector_B,2024-02-22,None,0.031083282066343032,1
SHP-4938,37.276614682469706,402.0279640975472,Sector_D,2024-06-13,None,0.9686169988054089,1
SHP-4939,67.43022431691762,2007.0764963758893,Sector_D,2024-08-29,None,0.8098907268615253,1
SHP-4940,21.648421498380085,1820.9601139315419,Sector_B,2024-06-13,None,0.11261621580701697,0
SHP-4941,53.45388752778439,2754.0974964199327,Sector_A,2024-06-26,None,0.42458413438534814,0
SHP-4942,49.33683935014602,190.18412591060974,Sector_C,2024-06-09,Error: Pressure Drop,0.18000313934466117,0
SHP-4943,57.9131432488477,621.0155999908793,Sector_C,2024-12-11,None,0.02216916057188023,1
SHP-4944,57.145599040663,4372.982627638589,Sector_B,2024-09-20,None,0.3801603669749227,0
SHP-4945,63.62676463818707,1024.8866184686078,Sector_C,2024-03-22,Error: Pressure Drop,0.5997193164814838,1
SHP-4946,45.92689642266177,1299.5131982296534,Sector_B,2024-04-20,None,0.06790025858798932,0
SHP-4947,50.9035905892438,709.11071184815,Sector_A,2024-04-22,None,0.45373815165741316,0
SHP-4948,54.863073154117245,1378.4462834715168,Sector_D,2024-08-29,Warning: High Temp,0.6007417122035493,0
SHP-4949,64.38955762071303,6.323524391874602,Sector_A,2024-12-26,Error: Pressure Drop,0.09768813156088074,1
SHP-4950,39.95803156040554,2241.7691566763115,Sector_C,2024-11-24,None,0.12719031828710803,1
SHP-4951,58.46394670033151,989.8786362277223,Sector_C,2024-04-18,None,0.6468927677387776,1
SHP-4952,56.642900805285294,1282.4467305323087,Sector_A,2024-02-10,Warning: High Temp,0.36547468265900585,1
SHP-4953,46.25181021080345,2381.7651858332783,Sector_B,2024-10-07,Error: Pressure Drop,0.9177706514150635,1
SHP-4954,52.37379618949974,853.8571734188829,Sector_C,2024-10-04,None,0.12812488596309268,1
SHP-4955,50.2047960348043,133.71478770812212,Sector_A,2024-08-15,Error: Pressure Drop,0.8972913863323161,0
SHP-4956,52.09455035022988,636.9684732541886,Sector_B,2024-07-28,Warning: High Temp,0.38104037480719943,0
SHP-4957,42.77660537555631,1626.7982113281914,Sector_D,2024-11-10,Error: Pressure Drop,0.31759250375718184,1
SHP-4958,40.91656960471472,1741.0260264601056,Sector_D,2024-03-19,None,0.9724843763303039,0
SHP-4959,50.87810571665124,1071.8678633913248,Sector_C,2024-05-25,Warning: High Temp,0.31874174581953363,1
SHP-4960,44.985856058619774,251.21329329899794,Sector_B,2024-09-02,None,0.49627422633092677,0
SHP-4961,54.94181522367984,1333.0677477820045,Sector_A,2024-05-03,Warning: High Temp,0.21497564107572265,1
SHP-4962,50.25971663777216,1015.5159399670566,Sector_C,2024-10-21,Warning: High Temp,0.6851804950874856,0
SHP-4963,34.81359354613425,31.244429921768624,Sector_C,2024-10-31,None,0.0458183416467256,0
SHP-4964,58.47778311531836,593.2433328639949,Sector_D,2024-04-28,Warning: High Temp,0.9519152426646279,1
SHP-4965,52.475665033324944,876.4938639661458,Sector_D,2024-02-28,Warning: High Temp,0.19142861149380297,0
SHP-4966,52.645093065242655,1091.7491800760888,Sector_C,2024-11-27,None,0.7459786947413585,0
SHP-4967,48.90067313050904,826.3067339792029,Sector_D,2024-02-06,Error: Pressure Drop,0.23601795185119645,1
SHP-4968,44.1836371165878,199.43334581268323,Sector_D,2024-04-19,Warning: High Temp,0.19324954446281506,1
SHP-4969,70.39451085045913,24.613736516704996,Sector_D,2024-06-11,Error: Pressure Drop,0.7060324639172797,0
SHP-4970,56.74599710372928,536.7199036468365,Sector_C,2024-04-13,Warning: High Temp,0.6698544186448063,0
SHP-4971,36.665008174710934,1993.6899363879184,Sector_D,2024-11-08,None,0.42193697556981724,1
SHP-4972,38.32285628737741,692.0552691869235,Sector_A,2024-12-17,None,0.6986989530235436,1
SHP-4973,48.43050960407002,2421.307157795662,Sector_A,2024-06-26,None,0.1852809315584415,0
SHP-4974,45.630621664862495,1747.0623596831808,Sector_D,2024-12-20,None,0.9906152073038023,0
SHP-4975,32.61825326344739,1016.3010832856194,Sector_C,2024-06-22,Error: Pressure Drop,0.08444507229487597,1
SHP-4976,45.84874460018429,544.5543767885789,Sector_C,2024-08-24,Warning: High Temp,0.6604306742095666,0
SHP-4977,56.059000970425735,1942.6960940053275,Sector_D,2024-02-11,Error: Pressure Drop,0.6372508655566631,1
SHP-4978,65.69972842131169,544.5113061124526,Sector_A,2024-10-18,Warning: High Temp,0.20012208343465387,1
SHP-4979,50.76709836992663,2049.2178153796076,Sector_B,2024-04-09,Error: Pressure Drop,0.12833967948369895,0
SHP-4980,46.37126497671427,5971.536377525028,Sector_D,2024-03-28,None,0.6888371255235101,1
SHP-4981,46.77038963735179,1279.0363164191026,Sector_B,2024-02-21,Error: Pressure Drop,0.8450068836183073,1
SHP-4982,53.419503222898506,194.5927636628373,Sector_D,2024-06-17,None,0.14697526469404842,1
SHP-4983,64.62539284921927,678.235755138494,Sector_D,2024-03-01,None,0.9304161154559745,0
SHP-4984,42.73605760337998,177.1275253070316,Sector_C,2024-06-12,None,0.5322206475084886,0
SHP-4985,46.41695385641194,1470.7826657684025,Sector_A,2024-03-15,None,0.3249540346380745,1
SHP-4986,38.27072524702927,776.7855781902946,Sector_C,2024-11-16,Warning: High Temp,0.07848686448957143,0
SHP-4987,55.334618880669616,368.297439040836,Sector_D,2024-05-25,Error: Pressure Drop,0.47562364388844713,1
SHP-4988,45.879122430485886,28.218241328966286,Sector_D,2024-06-21,None,0.6830708399775849,1
SHP-4989,51.47251223780863,207.66409711383534,Sector_D,2024-09-02,Warning: High Temp,0.3602248364005053,1
SHP-4990,46.61174674555286,334.4875246695255,Sector_C,2024-02-14,None,0.24056597528182777,0
SHP-4991,55.88653428733387,926.3414300210776,Sector_B,2024-08-07,Warning: High Temp,0.31141682482135624,1
SHP-4992,71.13543101135767,1477.551218021419,Sector_A,2024-12-14,None,0.09016773832890734,0
SHP-4993,53.14545012778798,221.04946868709695,Sector_B,2024-02-16,Warning: High Temp,0.6373865574412289,1
SHP-4994,52.31244315902451,30.166576221403904,Sector_B,2024-07-13,Error: Pressure Drop,0.3763227253368734,1
SHP-4995,60.47352614686249,7.658805283598657,Sector_B,2024-02-02,Error: Pressure Drop,0.06362657531986204,1
SHP-4996,54.96091737817815,255.11936678868796,Sector_D,2024-08-20,None,0.12420949341046916,1
SHP-4997,60.19424649039449,278.50589788872185,Sector_B,2024-08-19,Warning: High Temp,0.7026907584517409,0
SHP-4998,60.402815476404264,4066.598634475981,Sector_D,2024-09-24,None,0.714429779646543,0
SHP-4999,34.35328633543552,695.8846127329354,Sector_A,2024-03-16,None,0.28237708196569766,1
SHP-5000,62.865922788759185,5829.386333760148,Sector_C,2024-02-18,Error: Pressure Drop,0.0057260173216072685,1
SHP-5001,47.59757175863585,590.6917453447641,Sector_D,2024-05-14,Warning: High Temp,0.46668760159490774,1
SHP-5002,40.916021752186964,2830.1035064224543,Sector_C,2024-01-25,Warning: High Temp,0.9257530638812266,1
SHP-5003,51.793398112409236,252.02611619758176,Sector_A,2024-03-29,Warning: High Temp,0.40552222211031175,0
SHP-5004,50.554134381305644,254.08692647449433,Sector_C,2024-07-04,Warning: High Temp,0.7010231871110839,0
SHP-5005,51.66521300052531,2197.790887040922,Sector_A,2024-04-20,None,0.672224861234891,1
SHP-5006,53.811734222005605,2891.817157076117,Sector_D,2024-10-06,Warning: High Temp,0.8919383047885922,1
SHP-5007,44.338222607118865,1956.6836320568302,Sector_A,2024-05-30,Warning: High Temp,0.3389383546883036,0
SHP-5008,51.90324413514681,1021.7807560641214,Sector_A,2024-04-16,None,0.22262098082484305,0
SHP-5009,61.68203062180652,2449.286245116402,Sector_A,2024-06-16,None,0.8719621728672193,0
SHP-5010,41.71901334156637,171.89216822241883,Sector_A,2024-08-05,None,0.5897428439013066,1
SHP-5011,36.37118929966589,585.1153698839219,Sector_A,2024-08-12,None,0.5261279372967408,0
SHP-5012,48.5580310569979,3394.5949065240047,Sector_B,2024-10-08,None,0.7428723233305149,1
SHP-5013,45.891654497978806,375.6210917247829,Sector_B,2024-07-01,None,0.644119722982,0
SHP-5014,,1100.768604156114,Sector_C,2024-04-12,Warning: High Temp,0.3653798143097676,0
SHP-5015,54.90460621154421,238.45171425991623,Sector_C,2024-07-02,None,0.997022973795576,1
SHP-5016,72.2801849763543,229.52631210243842,Sector_C,2024-05-15,Warning: High Temp,0.567958123082612,1
SHP-5017,31.055042402027073,14.581202617418498,Sector_B,2024-08-23,None,0.41551022191155873,0
SHP-5018,58.03167065565573,2475.475884135921,Sector_D,2024-11-29,None,0.09031150831215373,0
SHP-5019,38.54587183871114,865.6914043961366,Sector_A,2024-12-08,Warning: High Temp,0.7846669181824496,1
SHP-5020,43.345306935921876,41.43790087766531,Sector_D,2024-02-14,Error: Pressure Drop,0.8298918608019671,1
SHP-5021,73.94275557978885,676.2641486281657,Sector_A,2024-02-06,None,0.6537688185305014,0
SHP-5022,49.059060228963766,361.3156507951073,Sector_B,2024-07-02,None,0.06757441656455732,1
SHP-5023,43.67835827000325,2487.174405972191,Sector_C,2024-05-29,None,0.706944074685804,0
SHP-5024,64.96667957929088,674.2515199903595,Sector_D,2024-09-13,Error: Pressure Drop,0.4833868132889171,0
SHP-5025,60.923339719712416,1805.0421355708806,Sector_D,2024-02-15,Warning: High Temp,0.14856565734966387,0
SHP-5026,40.504220544754595,1.302868420480038,Sector_C,2024-08-15,None,0.06250743231998912,1
SHP-5027,49.91258903452518,587.7275565091572,Sector_A,2024-08-27,None,0.36209148279252057,0
SHP-5028,58.43457934526166,904.5562322726904,Sector_B,2024-09-21,None,0.6998807214179391,0
SHP-5029,48.971860766808426,558.6732642337884,Sector_D,2024-03-09,Warning: High Temp,0.5947781433487072,0
SHP-5030,25.78294692517816,911.6932658694165,Sector_A,2024-02-07,None,0.23632703098866525,0
SHP-5031,48.43920839389298,975.3011067159151,Sector_B,2024-07-27,Warning: High Temp,0.3531631276742302,0
SHP-5032,56.30347601957998,93.1596689477269,Sector_C,2024-02-13,Warning: High Temp,0.829410246899973,0
SHP-5033,38.813383232385114,2882.7636916993147,Sector_A,2024-05-15,Warning: High Temp,0.8360839418835676,1
SHP-5034,40.0840551820271,417.88457119281827,Sector_A,2024-07-28,None,0.827684539232912,1
SHP-5035,67.82687752991214,1461.181653091395,Sector_C,2024-03-21,Warning: High Temp,0.5911283900969138,1
SHP-5036,64.5953159393872,964.7974826289155,Sector_D,2024-09-03,None,0.38555330953997335,0
SHP-5037,77.3344245571047,520.9062051861058,Sector_D,2024-01-21,None,0.8257158367416852,1
SHP-5038,55.076098445540644,770.3597955742907,Sector_C,2024-01-14,None,0.7628165335313444,0
SHP-5039,35.14936008319307,266.3455332465529,Sector_A,2024-01-24,None,0.38955175427660704,0
SHP-5040,31.45834484676634,2061.9747672149183,Sector_A,2024-03-25,None,0.4934954337101798,1
SHP-5041,59.33961894123593,2179.5138052671864,Sector_C,2024-10-07,None,0.7048914837387728,1
SHP-5042,60.341166772952796,3418.034289584894,Sector_A,2024-12-19,None,0.8800059084848174,0
SHP-5043,48.913853273678654,28.53043253972583,Sector_C,2024-02-23,None,0.6056705019820439,0
SHP-5044,65.36116548044195,1740.7289493297708,Sector_C,2024-09-28,Warning: High Temp,0.14601145094156243,0
SHP-5045,54.948296171182285,3428.356744986378,Sector_C,2024-10-18,None,0.8334621078072133,0
SHP-5046,52.49926013161014,459.66459716423395,Sector_D,2024-11-04,Error: Pressure Drop,0.08118745976691732,1
SHP-5047,55.50461617349913,211.42500909013404,Sector_D,2024-05-01,Error: Pressure Drop,0.10891145466265584,0
SHP-5048,58.62081944942855,1305.2243083273427,Sector_C,2024-05-06,Warning: High Temp,0.474726528848164,1
SHP-5049,53.43440024787021,834.9843269479221,Sector_B,2024-12-08,Error: Pressure Drop,0.9076423225105598,1
SHP-5050,26.292266605086926,931.039792912357,Sector_A,2024-08-05,None,0.3249037163912645,0
SHP-5051,56.96027432449907,2866.9752879321304,Sector_C,2024-07-11,Error: Pressure Drop,0.9289279773035275,0
SHP-5052,30.33209921328909,1461.0698877823575,Sector_D,2024-05-07,Warning: High Temp,0.2594423365650931,1
SHP-5053,51.03541454899974,2626.9781474018123,Sector_D,2024-02-18,Warning: High Temp,0.8149928231613229,1
SHP-5054,52.222990447287515,644.5301727438708,Sector_D,2024-03-25,None,0.47825946799726116,0
SHP-5055,48.589586412760696,181.3541109128877,Sector_C,2024-08-14,None,0.3739294169545475,1
SHP-5056,50.803497793923384,991.5555896430765,Sector_B,2024-01-13,None,0.34813704883255225,1
SHP-5057,47.6541947232204,688.1570967835188,Sector_D,2024-04-22,None,0.871042093430033,1
SHP-5058,48.49852162880334,112.6166582027743,Sector_D,2024-09-12,Error: Pressure Drop,0.08606653390635544,0
SHP-5059,50.56051805991724,511.7745222432026,Sector_D,2024-11-09,None,0.4690991555998324,0
SHP-5060,53.58532940654303,250.0357650412886,Sector_D,2024-06-10,None,0.7168602332284546,0
SHP-5061,43.169755716744135,923.3949665039135,Sector_A,2024-12-24,Error: Pressure Drop,0.5965274224482,1
SHP-5062,57.194641624121715,641.6580928082568,Sector_C,2024-06-26,None,0.214322767992278,1
SHP-5063,38.64614365589196,91.00598055988975,Sector_B,2024-10-26,None,0.5920906512865711,0
SHP-5064,35.257046271414524,362.7569839419601,Sector_B,2024-04-10,None,0.12561197918010725,0
SHP-5065,55.83757474477453,1163.8387092767268,Sector_C,2024-04-27,None,0.5486177536616113,0
SHP-5066,34.92616040066923,534.6126974138583,Sector_A,2024-03-25,Warning: High Temp,0.4802976029339263,1
SHP-5067,63.80119033783722,1267.512746841429,Sector_B,2024-02-01,Error: Pressure Drop,0.9202876980734169,1
SHP-5068,65.29995744443008,509.05866890355946,Sector_D,2024-01-16,Error: Pressure Drop,0.7468021810345458,1
SHP-5069,47.669513489689685,1742.4708388277888,Sector_C,2024-08-08,Warning: High Temp,0.15645262434170848,1
SHP-5070,49.92910517935513,380.16565607535574,Sector_B,2024-04-14,Warning: High Temp,0.3828703181357832,0
SHP-5071,33.85489216837132,2876.5417107216776,Sector_C,2024-06-22,None,0.6596633716665721,0
SHP-5072,51.560827891104545,528.5991879025869,Sector_C,2024-09-29,None,0.8428191935437389,1
SHP-5073,58.3528017204963,438.44301273774124,Sector_C,2024-04-11,None,0.1604720826799514,0
SHP-5074,47.49260032202942,3093.55005809934,Sector_C,2024-05-11,Error: Pressure Drop,0.8982027344937534,1
SHP-5075,49.0060069509501,749.9466296908294,Sector_A,2024-11-28,Warning: High Temp,0.6378978065817978,0
SHP-5076,40.98164691321385,3264.8185229795045,Sector_B,2024-06-23,None,0.5997545460834134,0
SHP-5077,42.55786339161288,464.26257496526887,Sector_B,2024-11-22,None,0.8532246488101286,1
SHP-5078,35.64243532096572,236.52275680903776,Sector_D,2024-11-28,Warning: High Temp,0.5037498499544036,0
SHP-5079,66.10568144335559,332.34943893482404,Sector_C,2024-05-02,Error: Pressure Drop,0.4209719226213412,0
SHP-5080,48.10363564271806,416.0436382583812,Sector_D,2024-03-12,None,0.3955975732947906,1
SHP-5081,56.7620633223716,865.2744129706055,Sector_A,2024-06-16,None,0.8161003120104547,1
SHP-5082,56.12588039548783,1144.8124456805547,Sector_B,2024-05-11,Warning: High Temp,0.04490127212517836,1
SHP-5083,43.95963014296792,1236.479353446076,Sector_B,2024-09-28,None,0.1321930816898922,1
SHP-5084,47.94480600809188,433.770456453071,Sector_C,2024-08-15,Error: Pressure Drop,0.6439403120334856,0
SHP-5085,41.074203545637545,3025.809942334502,Sector_A,2024-09-25,None,0.00025099779325343796,0
SHP-5086,54.60445008449157,485.67406906816905,Sector_B,2024-10-28,None,0.328991689610556,0
SHP-5087,43.148128462211005,914.1446773970512,Sector_D,2024-05-04,Warning: High Temp,0.7064379941564367,1
SHP-5088,50.50689196240687,1089.1088836494496,Sector_A,2024-03-27,Warning: High Temp,0.6826443155048907,0
SHP-5089,39.93270139849592,1400.6288806801845,Sector_A,2024-01-12,Warning: High Temp,0.9046032502641879,1
SHP-5090,53.62535529515486,1074.937086240212,Sector_A,2024-09-18,None,0.6912377663314693,0
SHP-5091,59.112015207706555,1139.622145860348,Sector_D,2024-11-18,None,0.9284486493330674,1
SHP-5092,61.82123587755848,3061.4564182095028,Sector_D,2024-03-31,Error: Pressure Drop,0.23382021707504197,1
SHP-5093,46.40459085376398,1245.4320061697542,Sector_C,2024-06-19,None,0.13919027114508986,0
SHP-5094,39.44737842640337,2035.80587180388,Sector_B,2024-10-20,Error: Pressure Drop,0.3074279191147027,0
SHP-5095,60.8931476378237,566.2555919118461,Sector_A,2024-01-22,Warning: High Temp,0.2025009341145242,0
SHP-5096,41.24279904298832,69.48046632207576,Sector_C,2024-10-25,Error: Pressure Drop,0.4339838810812592,0
SHP-5097,52.18480278286826,198.56294899603856,Sector_C,2024-06-23,None,0.22128605439990678,1
SHP-5098,66.62996990626411,227.15888757926427,Sector_C,2024-06-24,None,0.4626112494541271,1
SHP-5099,47.29613964857544,291.719875293979,Sector_A,2024-06-10,Error: Pressure Drop,0.35455715182481906,0
SHP-5100,48.02861007443674,98.3228498309198,Sector_C,2024-08-05,None,0.41473208691340135,1
SHP-5101,40.923442363020904,1784.0143422187612,Sector_D,2024-04-29,None,0.5975011589755841,1
SHP-5102,68.07141357834118,29.855662167134284,Sector_C,2024-06-29,None,0.7237212962356462,0
SHP-5103,59.17200699967908,1936.7138306392378,Sector_A,2024-12-22,None,0.03515654429415882,1
SHP-5104,53.65606815544147,422.0769668786356,Sector_B,2024-01-16,None,0.029267168458958936,1
SHP-5105,59.878138499373755,114.88643609401429,Sector_C,2024-03-12,None,0.6789789970237611,1
SHP-5106,39.63856092161098,779.2322122999853,Sector_B,2024-02-22,None,0.7397021726174903,1
SHP-5107,43.94486648577787,77.34795007453133,Sector_D,2024-09-24,None,0.35888223969576927,0
SHP-5108,51.55565199616346,590.6991553765188,Sector_C,2024-04-09,None,0.6347077615117241,1
SHP-5109,46.25664610169004,67.27411049574017,Sector_B,2024-04-18,None,0.10643244527736706,1
SHP-5110,42.76687148372508,5583.438062964134,Sector_A,2024-05-23,None,0.5032524131275675,0
SHP-5111,,910.2178386244528,Sector_A,2024-08-29,None,0.8116927560877186,0
SHP-5112,54.36163197054162,1065.8088733869808,Sector_A,2024-03-12,None,0.21091608070221457,0
SHP-5113,54.689847994648225,283.8003767652615,Sector_C,2024-04-27,None,0.5017924692252631,0
SHP-5114,44.37125719271657,2493.983429889012,Sector_D,2024-11-30,Error: Pressure Drop,0.921921253734556,1
SHP-5115,72.43808983492262,1648.236735694364,Sector_B,2024-10-10,None,0.24236688771369364,1
SHP-5116,40.93038015370288,919.1124162969176,Sector_B,2024-10-02,None,0.5434533565406313,0
SHP-5117,59.0892791132591,3290.5525026223854,Sector_B,2024-01-26,None,0.4398304196401077,0
SHP-5118,39.28587789315945,255.76185848245336,Sector_C,2024-02-13,None,0.041025059496286875,1
SHP-5119,55.87373814050241,2774.2695944069537,Sector_C,2024-01-07,None,0.3846326796923334,1
SHP-5120,49.365358627297844,1697.4137074763705,Sector_D,2024-07-25,Error: Pressure Drop,0.36540941963339657,0
SHP-5121,29.171157772329764,1021.5476804636137,Sector_A,2024-11-14,None,0.3020205708736021,0
SHP-5122,34.78338588526296,798.5022298709722,Sector_B,2024-02-11,Error: Pressure Drop,0.980325291869039,1
SHP-5123,54.21655215505736,127.22807691633811,Sector_A,2024-03-27,None,0.8441723450452167,0
SHP-5124,58.803666960911606,304.36772969579283,Sector_C,2024-11-22,None,0.0011844356414318913,0
SHP-5125,61.44150781778607,594.3459186346529,Sector_D,2024-08-01,None,0.4644282657593508,0
SHP-5126,31.126417693241223,209.65434857634818,Sector_C,2024-10-20,None,0.8963914038173278,1
SHP-5127,47.115585003805975,188.95577464102715,Sector_A,2024-09-12,Error: Pressure Drop,0.6548422010575595,0
SHP-5128,36.94210680492597,515.7367325931682,Sector_C,2024-04-16,Error: Pressure Drop,0.5125356758205188,1
SHP-5129,54.82235596595722,398.22464950210673,Sector_D,2024-09-03,Warning: High Temp,0.8845252622901333,1
SHP-5130,50.805060516410286,301.0626664716617,Sector_B,2024-03-24,Error: Pressure Drop,0.8034310771639422,1
SHP-5131,64.36281981187174,676.2687101749616,Sector_C,2024-03-11,Error: Pressure Drop,0.7221067270296853,1
SHP-5132,51.55656763538779,218.50269160066028,Sector_B,2024-08-17,Warning: High Temp,0.4640520804316661,0
SHP-5133,32.6500486456995,694.7622957534717,Sector_B,2024-05-19,None,0.5655906600774149,1
SHP-5134,34.23619419398214,357.08174416038156,Sector_B,2024-04-04,Warning: High Temp,0.1034437878191301,0
SHP-5135,60.574104974817956,265.985818946641,Sector_A,2024-05-04,None,0.06279593686020613,0
SHP-5136,37.08814499121311,1243.8507465147923,Sector_A,2024-06-27,None,0.21221020356290643,0
SHP-5137,45.02876755975002,38.057932380484,Sector_D,2024-10-06,Error: Pressure Drop,0.9907511131364956,0
SHP-5138,48.95187344382085,1916.7935869674573,Sector_A,2024-08-24,Warning: High Temp,0.33205503515185386,1
SHP-5139,47.425812937653035,366.48739860569924,Sector_B,2024-09-21,Error: Pressure Drop,0.6618425370308165,1
SHP-5140,41.46677710725207,957.0643086448572,Sector_B,2024-06-01,Warning: High Temp,0.1306555790579813,1
SHP-5141,43.14063359562397,25.57658247689358,Sector_D,2024-10-03,None,0.39713217411106494,0
SHP-5142,45.12943944764944,1289.4304613414893,Sector_D,2024-04-25,None,0.31548524398611233,1
SHP-5143,50.106457106263136,1187.3090595633478,Sector_A,2024-06-13,None,0.7028006092857525,0
SHP-5144,56.77100357435383,608.3409773225868,Sector_C,2024-08-27,None,0.5666287822577134,1
SHP-5145,48.19929082624987,628.577280086653,Sector_C,2024-04-20,Error: Pressure Drop,0.7420360468252162,1
SHP-5146,45.336192961219126,357.7207294468167,Sector_C,2024-05-31,Error: Pressure Drop,0.6323529627723707,0
SHP-5147,52.46144056829871,919.2159630927332,Sector_D,2024-02-28,Warning: High Temp,0.4301022619884546,0
SHP-5148,40.54975694247785,1290.0870212009443,Sector_C,2024-03-11,Warning: High Temp,0.16756514871333605,0
SHP-5149,49.53487268447737,0.8317531859736406,Sector_A,2024-10-21,Warning: High Temp,0.10370219255999813,0
SHP-5150,44.85161348474046,10126.13187176655,Sector_C,2024-08-10,None,0.5875630020454126,0
SHP-5151,50.58397555702419,707.1713935715179,Sector_C,2024-08-29,None,0.9167509490587502,1
SHP-5152,44.673105068587994,1166.8557761067207,Sector_D,2024-02-07,None,0.13913698740319258,1
SHP-5153,63.593331553063805,253.76770782697355,Sector_D,2024-07-06,None,0.10967576183734973,0
SHP-5154,61.86410751011021,1485.5572136810154,Sector_D,2024-09-16,Error: Pressure Drop,0.6780344851723199,0
SHP-5155,28.93797040509626,1437.0890249700785,Sector_A,2024-08-11,Error: Pressure Drop,0.7746129066180422,1
SHP-5156,41.801179399565314,1489.6582297261023,Sector_D,2024-08-03,Warning: High Temp,0.26981337476023726,0
SHP-5157,41.10337692257049,1721.44953094327,Sector_D,2024-07-18,Error: Pressure Drop,0.7036123826803455,0
SHP-5158,53.55674484843299,1048.7768172911906,Sector_B,2024-11-04,Warning: High Temp,0.8998487517056866,1
SHP-5159,44.99405964757932,1392.2394925272806,Sector_C,2024-05-24,None,0.9262543044019866,1
SHP-5160,61.35688907337468,277.26953078786937,Sector_A,2024-12-05,Warning: High Temp,0.6064707578872078,0
SHP-5161,42.26232062985208,1114.1234457178127,Sector_B,2024-06-24,Warning: High Temp,0.9473746404905808,1
SHP-5162,62.79480712788026,800.3980968950167,Sector_C,2024-10-08,None,0.3956885068390418,0
SHP-5163,69.03510942358886,564.0111988324034,Sector_B,2024-08-29,None,0.7750257232964672,1
SHP-5164,52.35205708795894,112.62298396378651,Sector_A,2024-04-11,None,0.34862119634514444,1
SHP-5165,51.444379347380156,542.1251260181092,Sector_C,2024-09-02,Error: Pressure Drop,0.7927222685213652,0
SHP-5166,60.296769752079115,653.6770747012663,Sector_C,2024-02-22,Error: Pressure Drop,0.7436842376316329,0
SHP-5167,49.368130553884455,317.82110891949685,Sector_D,2024-02-24,None,0.041937737654936136,1
SHP-5168,58.79854524137774,1336.9052048529547,Sector_B,2024-04-16,None,0.21478728127742008,0
SHP-5169,53.00225695818974,0.09584443497998305,Sector_C,2024-07-03,Error: Pressure Drop,0.1741699434883749,1
SHP-5170,69.65479558117008,1178.8874424149412,Sector_A,2024-07-04,Warning: High Temp,0.028475846403285487,1
SHP-5171,70.58235883878626,1038.6719529332274,Sector_B,2024-04-18,Warning: High Temp,0.7942012397971445,1
SHP-5172,60.61619479003483,1479.6410314909763,Sector_D,2024-08-31,None,0.24234752741307353,1
SHP-5173,60.83705848820895,1638.5397339397398,Sector_B,2024-07-16,Error: Pressure Drop,0.3505615393830396,0
SHP-5174,38.716816656886095,4499.823430708086,Sector_C,2024-05-20,None,0.6349730537762439,1
SHP-5175,35.237072674545935,1994.7947451324264,Sector_A,2024-04-18,None,0.8957300466368836,1
SHP-5176,37.70716491261212,2515.5749662284093,Sector_C,2024-05-25,None,0.821057808032488,0
SHP-5177,57.62297937303262,905.5367896431067,Sector_A,2024-07-09,Warning: High Temp,0.1941396693850831,1
SHP-5178,57.347503674167996,1549.181282170384,Sector_C,2024-05-07,Warning: High Temp,0.15204904692503407,0
SHP-5179,48.45467625323716,2106.719558431929,Sector_B,2024-10-31,Error: Pressure Drop,0.01021938961091351,1
SHP-5180,60.09410441019172,95.47496988085864,Sector_B,2024-02-25,None,0.5122904581216643,0
SHP-5181,59.54133188985492,268.8095126036537,Sector_C,2024-06-05,Error: Pressure Drop,0.39583857131280664,0
SHP-5182,34.303501716085925,159.68722669702694,Sector_B,2024-11-12,None,0.8383580367104578,1
SHP-5183,56.040953009688074,259.9290672620253,Sector_D,2024-07-19,None,0.41689464902785045,0
SHP-5184,61.42260540297492,910.432220694968,Sector_D,2024-05-03,None,0.7603266802840142,0
SHP-5185,50.061911709546116,1257.9303582069874,Sector_C,2024-08-27,Warning: High Temp,0.8503499228729541,0
SHP-5186,50.27831830094157,1189.2735912246317,Sector_B,2024-02-03,None,0.6652985046470181,1
SHP-5187,50.805157308359426,1272.8210865712852,Sector_A,2024-07-12,None,0.3937704760516624,0
SHP-5188,47.189908012267544,1589.4166544413622,Sector_D,2024-03-07,None,0.702813077551541,0
SHP-5189,38.69564214529772,845.7234403928513,Sector_D,2024-05-28,Warning: High Temp,0.6507464240151619,0
SHP-5190,56.82234446073994,4307.964654469684,Sector_B,2024-06-06,Error: Pressure Drop,0.01638012768982655,0
SHP-5191,23.929682233260507,884.5237721728837,Sector_C,2024-07-12,Error: Pressure Drop,0.9079526259146187,1
SHP-5192,51.58547197577769,385.7590595362156,Sector_B,2024-01-31,Error: Pressure Drop,0.998119643869011,0
SHP-5193,70.03354366505981,396.9141765717328,Sector_B,2024-04-03,None,0.07066201788389903,1
SHP-5194,52.92775839525319,326.2972130309226,Sector_A,2024-04-21,None,0.2911941518326111,0
SHP-5195,55.264893462882405,3195.2930463687303,Sector_A,2024-08-28,None,0.20865697395070515,0
SHP-5196,40.826275573978634,68.86988014661279,Sector_A,2024-07-19,Warning: High Temp,0.6021879182134258,0
SHP-5197,69.04392793364043,551.7638112677836,Sector_B,2024-11-12,None,0.9920238622475933,1
SHP-5198,56.25213385839183,1869.879654866333,Sector_C,2024-03-19,Warning: High Temp,0.2956247784678998,0
SHP-5199,48.70465295674975,971.0689400816115,Sector_C,2024-12-20,None,0.8766469971461225,1
SHP-5200,44.081093385374054,1574.7699972982284,Sector_B,2024-03-21,Error: Pressure Drop,0.2124784015845832,1
SHP-5201,49.43692627099421,211.24050203101763,Sector_A,2024-09-19,None,0.9408683778638208,0
SHP-5202,46.240285819191236,373.1641539298095,Sector_C,2024-07-07,Warning: High Temp,0.5251647905082936,0
SHP-5203,52.01975927425471,195.28910749385932,Sector_C,2024-02-05,None,0.8085013810100696,0
SHP-5204,34.101177214949956,915.0556598197269,Sector_A,2024-10-05,None,0.44158873116009323,0
SHP-5205,61.09104150802531,131.57569892967894,Sector_D,2024-06-05,None,0.705196079730341,1
SHP-5206,52.6685335869192,1283.3173224097056,Sector_B,2024-05-08,None,0.3784832832093834,1
SHP-5207,54.23011593390299,1835.1104789442456,Sector_C,2024-08-27,None,0.48053228327959374,1
SHP-5208,48.23700410410292,240.52237497636222,Sector_D,2024-04-24,Warning: High Temp,0.6533624691475555,1
SHP-5209,53.51248806974319,1586.0324964759375,Sector_D,2024-11-03,None,0.32011043581394916,1
SHP-5210,49.87554488348358,344.61760295973625,Sector_A,2024-01-23,Warning: High Temp,0.29823254754812356,0
SHP-5211,54.96948211941453,191.491554653589,Sector_A,2024-06-26,None,0.8269208563459023,0
SHP-5212,36.893714987155164,3290.1628951997695,Sector_A,2024-11-27,Error: Pressure Drop,0.023834402321459502,0
SHP-5213,51.49623846692007,125.20265427834576,Sector_C,2024-09-29,None,0.42267348905656954,0
SHP-5214,47.23491125872421,510.14798995337395,Sector_D,2024-04-06,None,0.16861600390074138,0
SHP-5215,41.652901525585335,548.2530431147164,Sector_C,2024-12-15,None,0.48020746609783427,1
SHP-5216,65.00924765752472,632.6359679486756,Sector_C,2024-10-03,Error: Pressure Drop,0.7555078897610655,0
SHP-5217,57.455230827529356,1495.8649798576255,Sector_A,2024-05-08,None,0.7962109295519,1
SHP-5218,41.098450991516636,528.7715402323932,Sector_C,2024-07-31,None,0.18003753813133416,0
SHP-5219,54.0097214899961,766.6069153608279,Sector_B,2024-10-14,Warning: High Temp,0.12800391141540923,1
SHP-5220,44.030534832981814,19.70380731788723,Sector_A,2024-01-11,None,0.777723855222089,0
SHP-5221,45.36580750465586,598.9793769164265,Sector_A,2024-05-14,None,0.273990752850532,0
SHP-5222,48.17983172633891,1485.7738475785118,Sector_A,2024-09-16,None,0.043729370032687065,1
SHP-5223,47.246496303132595,1367.0157279860705,Sector_A,2024-04-03,None,0.09918108691001004,1
SHP-5224,46.52945320682248,1464.5258015101842,Sector_A,2024-12-25,Warning: High Temp,0.10440010591972704,1
SHP-5225,52.771353798457426,345.6742978452698,Sector_D,2024-06-08,None,0.8562954585975155,0
SHP-5226,48.84875334829115,1817.9452523785137,Sector_D,2024-11-23,Warning: High Temp,0.1711977434278017,0
SHP-5227,41.146340211134245,1434.940020506026,Sector_C,2024-07-31,None,0.1834138987837992,1
SHP-5228,61.33120529345649,1386.385893231357,Sector_C,2024-06-29,Error: Pressure Drop,0.7981347499238924,0
SHP-5229,48.726453550532675,498.30948678757545,Sector_A,2024-11-14,Warning: High Temp,0.644703784382965,1
SHP-5230,53.03999457682239,406.21701259238375,Sector_A,2024-07-13,None,0.6546626361989519,1
SHP-5231,33.94142293723191,573.8600353870735,Sector_A,2024-05-18,None,0.17325715460244917,1
SHP-5232,56.64115764957828,287.1947949579454,Sector_A,2024-01-16,None,0.685402677175804,1
SHP-5233,63.79479720345236,448.1807909932355,Sector_A,2024-06-18,None,0.4662934032106564,1
SHP-5234,55.486369859929944,1204.673349407072,Sector_D,2024-08-25,None,0.4683316451961921,1
SHP-5235,22.469814394140812,1629.6247347094782,Sector_C,2024-04-12,None,0.7940226278617698,1
SHP-5236,67.00517839709482,109.64870522714419,Sector_B,2024-03-30,None,0.7876738520717329,0
SHP-5237,48.73866456133148,14.5984172769513,Sector_A,2024-07-02,Warning: High Temp,0.8306827449006535,1
SHP-5238,58.85810896600693,257.5610156443068,Sector_D,2024-01-07,Error: Pressure Drop,0.05384460108597933,0
SHP-5239,40.06965805516881,417.9130369435357,Sector_B,2024-07-21,Error: Pressure Drop,0.34706614667780533,1
SHP-5240,39.578119780182995,711.5883129628235,Sector_C,2024-11-10,None,0.6439928680460905,1
SHP-5241,64.08432393692196,1241.5093238734298,Sector_C,2024-02-12,Error: Pressure Drop,0.1872256527291245,1
SHP-5242,53.49856901934194,1172.0946685813442,Sector_C,2024-08-11,None,0.23795904900022946,0
SHP-5243,54.26830904447257,2169.064184713693,Sector_C,2024-10-08,None,0.9312850864075767,1
SHP-5244,46.03275021523306,1089.47055660626,Sector_B,2024-08-26,Error: Pressure Drop,0.5971372691478771,1
SHP-5245,34.75845589968003,693.7599060863113,Sector_C,2024-02-05,None,0.6227834473020055,0
SHP-5246,75.57945046590203,158.61138791796049,Sector_B,2024-09-13,Warning: High Temp,0.93372661540082,0
SHP-5247,59.99420068322757,332.13849108964143,Sector_B,2024-10-05,None,0.9518181824696449,0
SHP-5248,62.48143834922972,1054.69444646384,Sector_B,2024-06-14,Error: Pressure Drop,0.14988530136854128,0
SHP-5249,61.196343540050265,299.46447005002904,Sector_A,2024-04-23,None,0.5117264606561336,1
SHP-5250,43.11207366283585,1568.2738034133836,Sector_A,2024-09-04,Warning: High Temp,0.4335375366134018,1
SHP-5251,54.187575703664784,242.57300457231187,Sector_B,2024-09-03,None,0.9228471321287097,1
SHP-5252,53.308119437419485,1355.2644649013353,Sector_A,2024-05-08,None,0.5458980627500665,1
SHP-5253,45.969806358108464,23.081353755904384,Sector_D,2024-09-08,None,0.009556962012745363,1
SHP-5254,52.373533881863935,315.47128652478375,Sector_A,2024-04-15,Error: Pressure Drop,0.7981389131575102,1
SHP-5255,51.43611690134592,238.99772326904775,Sector_A,2024-04-05,Warning: High Temp,0.4143720820881819,1
SHP-5256,54.07802854177473,2896.270465597316,Sector_D,2024-07-21,Warning: High Temp,0.5277115300708421,1
SHP-5257,31.54638342079261,883.0793667377616,Sector_C,2024-09-03,Error: Pressure Drop,0.9610230715052301,0
SHP-5258,59.73572761613348,439.92413988473635,Sector_D,2024-11-27,Warning: High Temp,0.30127607820103663,0
SHP-5259,44.14606917237796,762.7827551907976,Sector_A,2024-07-01,Error: Pressure Drop,0.3362574194858988,0
SHP-5260,55.870699989086674,7287.264379168006,Sector_D,2024-11-08,None,0.5136980504175017,0
SHP-5261,55.05472370775449,445.97397767642326,Sector_C,2024-12-10,Warning: High Temp,0.8381260043842178,1
SHP-5262,51.81984588089945,237.1335547236358,Sector_B,2024-10-24,None,0.0832815055342242,0
SHP-5263,56.0099478806819,122.8907520959177,Sector_C,2024-06-04,None,0.8511216292387912,1
SHP-5264,41.68368508876217,466.51424157124137,Sector_C,2024-01-03,Warning: High Temp,0.11436526031109295,0
SHP-5265,51.29049377470687,2982.8754076180912,Sector_A,2024-10-03,None,0.46994577218627986,0
SHP-5266,67.72233547122131,169.1819661025899,Sector_A,2024-12-31,None,0.5638624651149657,0
SHP-5267,51.18783308930915,941.2295310182568,Sector_D,2024-12-02,Warning: High Temp,0.5572794085473407,0
SHP-5268,37.33246129598262,750.0632933288842,Sector_C,2024-08-19,Warning: High Temp,0.9065589682147718,1
SHP-5269,38.2746052185768,4124.919992208563,Sector_A,2024-12-04,None,0.20987353188272584,0
SHP-5270,34.90673803891675,29.417073988069436,Sector_C,2024-10-24,None,0.6665334827417839,1
SHP-5271,36.887874331038425,976.0839552062597,Sector_B,2024-10-04,None,0.8470074333158202,1
SHP-5272,40.628167468973736,191.44802193495033,Sector_B,2024-12-12,None,0.5348907903221711,0
SHP-5273,54.616575954897094,263.79671950923046,Sector_C,2024-03-01,Error: Pressure Drop,0.17304910776037707,0
SHP-5274,60.85728478971315,2299.461734267365,Sector_C,2024-01-19,Error: Pressure Drop,0.23884608406095353,0
SHP-5275,34.061650169485304,705.3113080972323,Sector_B,2024-08-29,None,0.8310225665676648,0
SHP-5276,49.048596071158926,2696.365492009136,Sector_B,2024-10-04,None,0.4977971476227969,1
SHP-5277,50.45772737894543,160.75434028268566,Sector_A,2024-10-13,None,0.7929112575037519,1
SHP-5278,50.598452825681456,96.94684952873021,Sector_B,2024-01-12,Error: Pressure Drop,0.7318248240751882,0
SHP-5279,63.932747858550044,385.4832664917156,Sector_C,2024-09-07,None,0.19906145696470923,0
SHP-5280,52.117518211267424,1219.1375861472945,Sector_A,2024-04-23,None,0.8339182704815012,0
SHP-5281,44.770400901863724,767.1238218072491,Sector_C,2024-07-02,Warning: High Temp,0.25577941675175897,0
SHP-5282,42.20529699350487,709.0786891558971,Sector_B,2024-02-29,None,0.15386400749279594,0
SHP-5283,53.97161913811137,621.20214114928,Sector_D,2024-05-05,Warning: High Temp,0.07163039306425156,1
SHP-5284,58.90345175640449,1308.336584306814,Sector_B,2024-04-14,None,0.9509654526606252,1
SHP-5285,49.4561701621994,205.44759832349936,Sector_D,2024-08-30,Error: Pressure Drop,0.5515712469242678,1
SHP-5286,33.65829765498566,474.8715416105007,Sector_B,2024-01-18,Warning: High Temp,0.08426142246692347,1
SHP-5287,50.19548057308028,558.3951431727907,Sector_C,2024-06-06,None,0.24811111632012284,0
SHP-5288,52.26710352587749,497.1609615728417,Sector_D,2024-05-24,None,0.14997792726401948,0
SHP-5289,58.79114525473909,253.13905937038743,Sector_D,2024-11-10,Warning: High Temp,0.998914114849201,0
SHP-5290,60.842668786624145,100.17241424637204,Sector_D,2024-07-24,None,0.8178508229485197,1
SHP-5291,25.708063475669757,39.7142098878254,Sector_A,2024-03-31,Error: Pressure Drop,0.2101888523870704,1
SHP-5292,51.59269229733969,2419.5994997520916,Sector_A,2024-06-02,None,0.751594009028379,0
SHP-5293,68.4898686604595,1484.3285728788987,Sector_B,2024-07-22,None,0.5162606132177447,1
SHP-5294,55.118955354279635,1367.7332879599971,Sector_A,2024-09-08,Warning: High Temp,0.649723638031896,0
SHP-5295,40.35386321320213,1208.1354235038486,Sector_B,2024-08-21,None,0.20836514606623757,1
SHP-5296,50.71744528425085,303.9068467912551,Sector_C,2024-05-15,Error: Pressure Drop,0.4848932126776129,0
SHP-5297,57.187052612634375,6.356897113978879,Sector_D,2024-04-09,Warning: High Temp,0.607208445815008,1
SHP-5298,64.09722206669241,269.42202051893446,Sector_A,2024-06-22,None,0.5299857516066206,1
SHP-5299,72.26474946317083,834.4033581184116,Sector_D,2024-12-02,None,0.750616842827159,1
SHP-5300,48.667824240678556,47.53639383428894,Sector_A,2024-11-21,None,0.34665704986016255,0
SHP-5301,36.84089703251819,1771.509953901982,Sector_C,2024-10-04,Error: Pressure Drop,0.24126275708926082,0
SHP-5302,41.84309332790535,1333.138826375395,Sector_B,2024-02-13,Warning: High Temp,0.6590681583664703,1
SHP-5303,57.6544850284339,1774.0318839007043,Sector_D,2024-07-25,None,0.656589960342223,1
SHP-5304,42.91247028169434,25.96082864007357,Sector_D,2024-08-02,None,0.5665364301780598,1
SHP-5305,51.97129963574388,578.597006295229,Sector_D,2024-08-17,None,0.5139611876575074,0
SHP-5306,36.123169068519,630.7251434123174,Sector_B,2024-09-20,None,0.5828404744459226,1
SHP-5307,58.89865253558289,1206.0923197307773,Sector_D,2024-04-09,None,0.7243027934293391,1
SHP-5308,42.117117421468286,2334.900614354522,Sector_B,2024-06-12,None,0.019470365824020397,0
SHP-5309,62.32744725999869,886.8791360016656,Sector_D,2024-09-14,None,0.39182032888404084,0
SHP-5310,50.07669793654691,743.1012320978697,Sector_B,2024-04-27,Warning: High Temp,0.028638979155730993,1
SHP-5311,57.84207131992402,159.20215368741287,Sector_C,2024-03-11,None,0.8641987745937308,0
SHP-5312,65.43090482153023,322.1225885223297,Sector_B,2024-05-09,Error: Pressure Drop,0.6377408613009179,1
SHP-5313,41.38111547597862,311.0991919639562,Sector_A,2024-01-29,None,0.9788880937878996,1
SHP-5314,49.897260437726146,1166.6349347334963,Sector_C,2024-04-19,None,0.6458207519387953,1
SHP-5315,51.94333360260391,613.8402689833745,Sector_C,2024-03-17,None,0.24904321599657864,0
SHP-5316,39.319806610358,2120.5673205854573,Sector_B,2024-07-19,Warning: High Temp,0.509107881063264,0
SHP-5317,,762.9530482376695,Sector_C,2024-01-07,None,0.962818902437319,1
SHP-5318,53.02719013677395,178.20716818319178,Sector_B,2024-07-29,None,0.3226165971806293,0
SHP-5319,50.47174588715296,1840.5620320537228,Sector_A,2024-03-31,None,0.6637722154465219,1
SHP-5320,38.47797120778485,172.03760534495242,Sector_B,2024-06-30,None,0.057815440340435176,1
SHP-5321,24.625141986499116,252.20034399933238,Sector_D,2024-06-25,Warning: High Temp,0.20502178192153286,0
SHP-5322,51.38654517428974,185.72369708349117,Sector_C,2024-11-12,None,0.32477921045512415,1
SHP-5323,40.07585545943399,321.6929674158187,Sector_D,2024-09-28,None,0.7652803577811315,1
SHP-5324,57.02938371179254,614.6967064088019,Sector_C,2024-04-13,Error: Pressure Drop,0.4024123583562139,0
SHP-5325,65.39699545014953,3509.853200576762,Sector_C,2024-10-06,Error: Pressure Drop,0.7300417477506942,0
SHP-5326,54.20081384381933,2.0555358270906283,Sector_B,2024-08-01,None,0.6322473434564452,1
SHP-5327,37.28963672801646,897.5515970975396,Sector_C,2024-02-12,Error: Pressure Drop,0.10028538656862529,1
SHP-5328,54.60150611833342,74.63775951486677,Sector_B,2024-04-17,Error: Pressure Drop,0.055790567587048034,0
SHP-5329,44.32202861153808,2202.994540689561,Sector_D,2024-03-31,Warning: High Temp,0.39453798011647856,0
SHP-5330,60.55449372871413,507.98572110694715,Sector_B,2024-10-13,None,0.07029213659001143,0
SHP-5331,58.655324052254436,1304.3193318869578,Sector_C,2024-06-22,None,0.6614680845259396,0
SHP-5332,52.27607176363148,3645.4334707872663,Sector_C,2024-07-21,None,0.10361727981943447,1
SHP-5333,65.91841795502567,494.18891349730507,Sector_B,2024-10-22,Error: Pressure Drop,0.4895025285435919,1
SHP-5334,55.64920253790284,597.7448885384491,Sector_C,2024-06-21,None,0.3167367977895623,0
SHP-5335,59.7150273140458,295.44626709234825,Sector_D,2024-12-22,None,0.5720776413114281,0
SHP-5336,44.70744899369701,393.510688031641,Sector_A,2024-01-12,None,0.10796466936296678,0
SHP-5337,73.84377009785537,734.3605915323884,Sector_B,2024-04-04,None,0.20468649183933074,0
SHP-5338,50.897720039483914,1145.5498215786615,Sector_B,2024-09-23,Warning: High Temp,0.9334243203453277,0
SHP-5339,42.22901141751753,1466.6049299200702,Sector_D,2024-07-08,Warning: High Temp,0.23619305163205895,0
SHP-5340,33.35259182979849,273.30563973684247,Sector_A,2024-01-19,None,0.6623733159236469,0
SHP-5341,54.67144834669491,562.5005805260421,Sector_C,2024-07-07,None,0.664433632420726,1
SHP-5342,48.19949667069528,360.1271158850173,Sector_A,2024-04-13,None,0.3047669814679985,1
SHP-5343,54.64578721552161,1354.0049428940813,Sector_B,2024-12-27,Warning: High Temp,0.9661869860753356,0
SHP-5344,31.880036303382152,3416.8348703675274,Sector_D,2024-10-09,Error: Pressure Drop,0.6569570646865814,1
SHP-5345,53.013343010260485,1420.187931818749,Sector_A,2024-03-27,None,0.6072443017176429,1
SHP-5346,48.08130583457983,454.8827025508083,Sector_A,2024-09-27,None,0.9427539723523729,1
SHP-5347,42.44104737045898,74.39290373316493,Sector_C,2024-02-08,Error: Pressure Drop,0.5054023660981017,1
SHP-5348,66.97241423265089,196.4517225817627,Sector_B,2024-06-12,None,0.12724822736959196,1
SHP-5349,34.530946177697025,671.5053791064001,Sector_D,2024-08-10,Error: Pressure Drop,0.6312859863950828,0
SHP-5350,47.79737262981139,263.69504635903115,Sector_D,2024-09-20,None,0.04202608365060978,1
SHP-5351,48.10099338119151,31.73895179025179,Sector_C,2024-07-24,None,0.9172588490664708,1
SHP-5352,55.53271956235147,731.4103238574138,Sector_D,2024-04-07,Error: Pressure Drop,0.34013074278302113,0
SHP-5353,53.978751922477414,479.6029316556315,Sector_B,2024-09-04,Error: Pressure Drop,0.8173507835449361,1
SHP-5354,30.74992129376531,1215.0371561752147,Sector_C,2024-04-23,Warning: High Temp,0.707460081931161,0
SHP-5355,68.94728294246663,944.3922703425518,Sector_C,2024-11-22,None,0.793476010715541,0
SHP-5356,37.290918867919814,1752.0899161401219,Sector_D,2024-01-23,Error: Pressure Drop,0.7396529158882679,0
SHP-5357,49.06387355801994,602.9717029665867,Sector_D,2024-02-24,Warning: High Temp,0.8419839001992027,0
SHP-5358,40.34360444913767,1063.9963000398263,Sector_C,2024-04-06,Warning: High Temp,0.9384407884930097,1
SHP-5359,47.061999842692146,673.7813374004861,Sector_A,2024-01-25,Warning: High Temp,0.766194223295404,1
SHP-5360,66.20245323735375,28.676148550868046,Sector_A,2024-10-27,None,0.8097882494061744,1
SHP-5361,54.00642438752508,549.0848347802976,Sector_A,2024-09-21,None,0.9413981023822978,0
SHP-5362,68.93033352071124,123.10676454691955,Sector_B,2024-05-08,None,0.07493852732189843,1
SHP-5363,58.57272188504146,159.88985245608538,Sector_C,2024-10-16,None,0.9076563764691447,1
SHP-5364,62.4329210301562,1005.0377546997275,Sector_A,2024-08-19,None,0.8738257069708323,1
SHP-5365,52.239909997164474,104.51400252750834,Sector_D,2024-04-27,Error: Pressure Drop,0.18008036120300341,0
SHP-5366,54.76262406304572,503.8706158371357,Sector_C,2024-10-18,None,0.5648294134833586,1
SHP-5367,53.645671422760735,83.48467791476045,Sector_C,2024-01-21,None,0.618238008799052,1
SHP-5368,54.493595875685195,1849.6017694038583,Sector_D,2024-03-02,None,0.09971505224213695,1
SHP-5369,42.1973221837884,210.68983005057956,Sector_B,2024-04-21,Error: Pressure Drop,0.7465419991937582,0
SHP-5370,48.20734905349171,529.2024423873823,Sector_C,2024-12-21,None,0.09113003254612884,0
SHP-5371,40.08930951090398,970.3502989892811,Sector_C,2024-03-15,None,0.24722902334847774,0
SHP-5372,47.083458467621995,169.8171649435818,Sector_B,2024-09-26,None,0.7255728373278927,1
SHP-5373,57.01690119837584,1135.1891543813415,Sector_D,2024-03-02,None,0.9769747908910186,0
SHP-5374,47.90140072935947,1139.7989131498834,Sector_B,2024-08-24,None,0.0902195231127082,0
SHP-5375,40.71495045876176,524.4538099722145,Sector_A,2024-06-09,Warning: High Temp,0.037070329745083064,1
SHP-5376,63.205928664197835,1912.4084273913384,Sector_B,2024-03-24,Error: Pressure Drop,0.09091183336959263,0
SHP-5377,59.724438930377495,198.16122434046818,Sector_C,2024-04-06,None,0.4131250839292643,1
SHP-5378,50.661603608379764,482.7883383887435,Sector_B,2024-03-25,None,0.8963741833453026,0
SHP-5379,56.83497672531652,416.83795439254436,Sector_B,2024-06-05,None,0.6932128010546019,0
SHP-5380,50.850288927589354,975.5733942446839,Sector_D,2024-10-29,Error: Pressure Drop,0.47547163176672924,0
SHP-5381,50.19778263240276,1054.0960893083277,Sector_D,2024-12-26,Error: Pressure Drop,0.5392096854124167,1
SHP-5382,47.61689061815359,1489.298411527491,Sector_D,2024-12-15,Warning: High Temp,0.3823800036794267,0
SHP-5383,39.65238117584799,1962.9061181791383,Sector_A,2024-03-06,None,0.6032770595615758,1
SHP-5384,50.38512436471453,59.266905981381704,Sector_B,2024-10-24,Error: Pressure Drop,0.7032308454877398,1
SHP-5385,48.07961817465454,768.643643030682,Sector_C,2024-03-05,Error: Pressure Drop,0.06944700044244645,0
SHP-5386,56.50583820224953,1486.6335237354629,Sector_C,2024-08-03,Error: Pressure Drop,0.942363999946342,0
SHP-5387,52.74140152058151,428.5455079525323,Sector_B,2024-08-31,None,0.16143230170993172,0
SHP-5388,50.28227192515285,157.31729092510213,Sector_D,2024-04-25,None,0.3172654969928014,1
SHP-5389,26.619446496118687,2493.8553263507065,Sector_C,2024-12-02,None,0.45745824879061703,0
SHP-5390,49.9334262897087,85.40556853751,Sector_D,2024-01-21,Error: Pressure Drop,0.022581739275810087,0
SHP-5391,71.63467712870124,4137.1817398997855,Sector_B,2024-06-11,Warning: High Temp,0.5788830730494061,0
SHP-5392,55.211526411634914,199.6309078418225,Sector_B,2024-04-05,Error: Pressure Drop,0.38781365005491075,1
SHP-5393,65.72520043948047,291.4340462352587,Sector_D,2024-07-01,None,0.27182555464571356,1
SHP-5394,42.965957692028994,456.55762695637276,Sector_D,2024-02-28,Error: Pressure Drop,0.31158221088562976,0
SHP-5395,50.91081113281279,2.918425232695218,Sector_B,2024-10-19,None,0.9025026107980403,0
SHP-5396,54.351225796330375,1067.6993477760868,Sector_B,2024-02-20,Warning: High Temp,0.4613881359333363,0
SHP-5397,61.93394087458252,144.53076735828873,Sector_B,2024-12-14,None,0.23091152485463795,0
SHP-5398,46.59048999745527,812.4235047260064,Sector_B,2024-02-08,Warning: High Temp,0.0007144228200155478,1
SHP-5399,74.73397815349824,155.53839952354605,Sector_B,2024-04-04,Warning: High Temp,0.7390179252587459,0
SHP-5400,69.4760218089403,310.9793583803666,Sector_A,2024-07-22,Warning: High Temp,0.5274160577525229,0
SHP-5401,34.529388270524855,143.101426593572,Sector_C,2024-06-22,None,0.6344593590378157,0
SHP-5402,48.43271518948587,1010.7134596897967,Sector_A,2024-11-08,None,0.7832706370016469,0
SHP-5403,45.50593042677111,2180.7679777688377,Sector_D,2024-03-25,Warning: High Temp,0.0028492248960302335,0
SHP-5404,37.69067534330037,70.10003061038199,Sector_A,2024-11-23,Error: Pressure Drop,0.7443456797269068,0
SHP-5405,51.55268675971735,596.9601231302804,Sector_A,2024-11-06,None,0.12596724717982466,0
SHP-5406,53.91001051766305,1069.1978858208638,Sector_B,2024-06-30,Warning: High Temp,0.36245519178470864,0
SHP-5407,65.42655713547738,357.04290706827277,Sector_D,2024-04-29,None,0.9719821980255094,1
SHP-5408,53.74323869955853,600.3447526374068,Sector_A,2024-09-25,None,0.39098952266759646,1
SHP-5409,48.4537908049342,2668.9362610402895,Sector_B,2024-04-25,None,0.3116875101547346,1
SHP-5410,56.86947719570305,944.2887061727563,Sector_D,2024-12-07,None,0.9286225393256686,0
SHP-5411,66.45582483541156,1410.8826182935873,Sector_A,2024-06-02,Error: Pressure Drop,0.06019480541357902,1
SHP-5412,29.41861928184807,1258.4182857564374,Sector_D,2024-04-11,None,0.36086978387872914,0
SHP-5413,64.53764762866025,511.0420675877072,Sector_A,2024-12-19,None,0.7592323267476344,0
SHP-5414,61.70566069686166,755.6555096365561,Sector_A,2024-08-28,Error: Pressure Drop,0.8509327533153768,0
SHP-5415,64.26660864520312,1886.2141858689888,Sector_D,2024-02-18,None,0.8735601731687715,1
SHP-5416,22.86915339233897,385.29720836420734,Sector_A,2024-12-12,Error: Pressure Drop,0.5470419144422198,1
SHP-5417,64.69758332811949,250.0458636512793,Sector_D,2024-03-31,None,0.49485501544293475,0
SHP-5418,49.73682932541917,48.8566207317479,Sector_C,2024-10-01,None,0.5438508555094052,0
SHP-5419,60.662065449350834,41.25070003769566,Sector_C,2024-08-02,Error: Pressure Drop,0.39535744782602533,1
SHP-5420,46.32331372761134,511.97029268051097,Sector_B,2024-10-15,None,0.5451499809716596,1
SHP-5421,44.10660931110185,555.1653616440767,Sector_B,2024-06-24,None,0.2993275773923927,1
SHP-5422,64.79261133578048,989.924945620657,Sector_A,2024-04-12,Error: Pressure Drop,0.2569570258903613,0
SHP-5423,40.924294322397785,616.7303529656149,Sector_B,2024-09-15,None,0.9309629756375863,1
SHP-5424,41.61046010980658,298.55036768818803,Sector_A,2024-06-01,None,0.3133404289823549,0
SHP-5425,52.283508070054104,358.63078238120073,Sector_C,2024-07-01,Error: Pressure Drop,0.7753964550155485,0
SHP-5426,43.53528591604654,1469.6568969195084,Sector_A,2024-08-16,Warning: High Temp,0.031285446565597175,1
SHP-5427,55.60989963439152,832.2933570281131,Sector_D,2024-04-15,None,0.27961060527767523,1
SHP-5428,36.937839213140144,587.3071151647326,Sector_A,2024-04-10,None,0.5077263336508502,1
SHP-5429,53.77320029554731,907.5423487805627,Sector_D,2024-09-24,None,0.6190124798964028,1
SHP-5430,34.943895782081725,1339.164857535743,Sector_A,2024-01-08,None,0.8849909946223347,1
SHP-5431,57.59066046206353,665.6482165328764,Sector_A,2024-04-10,None,0.5333021686003725,1
SHP-5432,35.66032473903548,132.67370121157705,Sector_A,2024-10-29,Error: Pressure Drop,0.0841952558628497,0
SHP-5433,34.706726512935695,588.7851664100862,Sector_C,2024-07-02,None,0.2035846181071308,0
SHP-5434,59.63610594378597,1095.4762820446576,Sector_B,2024-02-25,None,0.5186188061817603,0
SHP-5435,60.783484013988996,1830.418315651558,Sector_D,2024-01-29,Warning: High Temp,0.04627521000008561,1
SHP-5436,51.102082856420594,1982.8665971688267,Sector_D,2024-01-08,Warning: High Temp,0.853606830541729,0
SHP-5437,44.113564343144,676.6601178159949,Sector_D,2024-08-02,None,0.8096525370444624,1
SHP-5438,37.01081932565232,1458.5637831688402,Sector_A,2024-07-21,Warning: High Temp,0.14054454520944382,1
SHP-5439,51.69040039548847,714.5506718077554,Sector_A,2024-04-29,Error: Pressure Drop,0.56964235565666,0
SHP-5440,54.23155552173548,303.1728718746876,Sector_A,2024-12-31,None,0.13026122768180737,0
SHP-5441,37.454144609441826,1566.3689751812608,Sector_C,2024-03-16,None,0.9776683511961156,0
SHP-5442,54.42181341396822,265.1842260518633,Sector_A,2024-03-08,None,0.4222778516236091,0
SHP-5443,67.49301117571876,768.7980359636725,Sector_D,2024-04-20,None,0.00031831701225670805,0
SHP-5444,48.46905871270041,329.73357648973433,Sector_A,2024-07-02,None,0.975751376404932,1
SHP-5445,53.69282906467765,231.9203619705,Sector_B,2024-01-06,None,0.16043781941394086,0
SHP-5446,47.354493955500736,221.5676719172285,Sector_C,2024-05-10,Error: Pressure Drop,0.47478809045963677,0
SHP-5447,37.723245325792114,957.8028229852832,Sector_B,2024-06-10,None,0.6135242543988885,0
SHP-5448,50.62427815200826,389.43835980129995,Sector_B,2024-01-05,Warning: High Temp,0.3688744290368189,0
SHP-5449,53.608360623632,2536.648156056198,Sector_C,2024-05-31,None,0.28070093143054897,0
SHP-5450,47.128147084732745,977.9583533597962,Sector_C,2024-05-29,Error: Pressure Drop,0.7408409484994086,0
SHP-5451,43.05004882459106,1402.5753286469433,Sector_D,2024-09-12,Error: Pressure Drop,0.5807635935780691,1
SHP-5452,53.16545546586556,478.0082250399792,Sector_C,2024-12-18,None,0.8514407839361017,0
SHP-5453,60.1271063196064,909.2856775808733,Sector_A,2024-05-27,None,0.6265301675900563,1
SHP-5454,68.5764934750346,277.2105118909019,Sector_A,2024-11-27,None,0.6163047902400207,0
SHP-5455,52.19694493363424,1252.7828963298844,Sector_C,2024-03-24,Error: Pressure Drop,0.16333478081369557,1
SHP-5456,58.56526140736222,1063.1997805391607,Sector_D,2024-06-06,Error: Pressure Drop,0.6076012553206509,0
SHP-5457,40.55265234543731,88.38782388923045,Sector_B,2024-02-21,None,0.8933916504723096,0
SHP-5458,66.60574370876691,748.8399809206145,Sector_B,2024-06-24,Error: Pressure Drop,0.8927110901265345,1
SHP-5459,50.09100998269705,1201.2376051758793,Sector_B,2024-08-09,Error: Pressure Drop,0.9221156111990964,0
SHP-5460,69.33300680512527,2442.372262082273,Sector_A,2024-04-20,None,0.8426981172411564,1
SHP-5461,51.830179441933716,1563.735593307426,Sector_A,2024-03-04,Error: Pressure Drop,0.45108548311635543,1
SHP-5462,58.506924567971375,287.60230136417806,Sector_C,2024-03-23,None,0.6010272961888188,1
SHP-5463,46.61206341625097,910.9223379411659,Sector_D,2024-03-26,None,0.8393823110296131,0
SHP-5464,62.721916665171534,120.13964734718084,Sector_D,2024-07-20,None,0.26371409976381943,1
SHP-5465,46.076126562446255,1769.7334262138313,Sector_D,2024-08-16,None,0.959179809621127,1
SHP-5466,48.43233593066235,447.5110781499988,Sector_B,2024-11-07,Warning: High Temp,0.7694517700583543,1
SHP-5467,30.613856756421185,964.588644376894,Sector_D,2024-06-15,Warning: High Temp,0.9633255765603336,0
SHP-5468,64.8087431433486,216.48822508228835,Sector_D,2024-04-17,None,0.9079193399065183,1
SHP-5469,46.94825572556356,2110.459151840287,Sector_D,2024-03-03,Warning: High Temp,0.8276010630571001,1
SHP-5470,59.39322352806405,926.7930271698505,Sector_C,2024-05-30,None,0.3485613441219202,1
SHP-5471,64.91724752707815,351.56620655312634,Sector_A,2024-03-31,None,0.07417850616747279,1
SHP-5472,40.38529071137368,1041.971457050519,Sector_A,2024-09-17,None,0.3636880887194126,1
SHP-5473,50.373425810036,1119.1918702189432,Sector_D,2024-10-05,None,0.4358561643446699,0
SHP-5474,40.16623319476063,147.91622860168104,Sector_C,2024-07-10,None,0.7191042973824625,1
SHP-5475,52.616479900651186,151.28065350430137,Sector_B,2024-05-03,None,0.5861858139957368,0
SHP-5476,53.12011715953133,1462.446471362553,Sector_D,2024-12-04,Error: Pressure Drop,0.19463197140011845,1
SHP-5477,40.63160056685489,236.88671499358964,Sector_B,2024-03-26,Warning: High Temp,0.6908615879914337,0
SHP-5478,44.26118398646837,2058.7037895474077,Sector_C,2024-01-03,None,0.0747528034009608,1
SHP-5479,52.75009019444014,1348.1126803782493,Sector_C,2024-11-23,None,0.8372224731982448,0
SHP-5480,41.054523527422745,501.14279541179565,Sector_D,2024-02-04,None,0.052135162554151515,1
SHP-5481,49.65154434795437,4178.914123833462,Sector_B,2024-10-29,Error: Pressure Drop,0.7987975614918161,1
SHP-5482,52.1488260140824,499.35632344943537,Sector_B,2024-05-18,None,0.5699226370366349,1
SHP-5483,43.301803109811644,767.6742877468755,Sector_C,2024-01-18,Error: Pressure Drop,0.9235439227795533,0
SHP-5484,41.36386068606103,10.453417876794212,Sector_B,2024-04-28,None,0.9342516255612031,1
SHP-5485,59.028299170979146,105.44210286747486,Sector_D,2024-01-18,None,0.12384758358430581,1
SHP-5486,53.413435984852164,286.5687570910151,Sector_D,2024-03-31,None,0.3226445388885535,1
SHP-5487,23.783990128756493,151.66991840723884,Sector_D,2024-04-01,Warning: High Temp,0.23536281064478115,0
SHP-5488,53.293309418981266,2679.3481288929584,Sector_A,2024-04-18,Warning: High Temp,0.3786599862492499,1
SHP-5489,58.972134181222856,990.6319819663742,Sector_B,2024-10-20,None,0.27960817051796283,0
SHP-5490,45.90777618706142,278.9202986061901,Sector_D,2024-04-07,None,0.7035547097247343,1
SHP-5491,55.47893233347204,259.72630372960623,Sector_D,2024-10-14,None,0.20531098061418385,1
SHP-5492,69.74415449426242,393.98759162513306,Sector_D,2024-07-23,Warning: High Temp,0.2875310008575348,0
SHP-5493,52.44517185809066,2829.2677986034514,Sector_B,2024-10-02,None,0.032116984216495004,1
SHP-5494,44.03039448024397,802.1122053598174,Sector_B,2024-08-01,None,0.9084967253289843,0
SHP-5495,45.0704967060555,112.13615377648654,Sector_A,2024-03-24,Error: Pressure Drop,0.11804323330636168,0
SHP-5496,39.82846827612712,801.3557336936527,Sector_D,2024-09-13,None,0.1408075633769419,1
SHP-5497,54.78903270364852,660.5731938230157,Sector_D,2024-04-29,Warning: High Temp,0.8130538630762562,1
SHP-5498,37.62147803203275,77.3547934368823,Sector_A,2024-06-10,None,0.22684475832352513,1
SHP-5499,57.625306166353226,650.1857009303054,Sector_B,2024-12-03,None,0.6751645900577488,0
SHP-5500,67.23658186452025,1822.0506444115504,Sector_A,2024-12-07,None,0.5481206437323414,0
SHP-5501,29.887859357794966,15.733387951625533,Sector_C,2024-11-14,None,0.36447777372844625,1
SHP-5502,35.382348597239925,700.0265873718683,Sector_A,2024-08-12,None,0.4576527659604007,0
SHP-5503,42.287991932706284,344.49745983342086,Sector_C,2024-11-10,Warning: High Temp,0.25235763958869406,1
SHP-5504,37.430858844506574,258.5899626393148,Sector_C,2024-12-29,Warning: High Temp,0.4658946389552756,1
SHP-5505,60.7092930164699,675.4481597423551,Sector_B,2024-10-11,Error: Pressure Drop,0.31288212742273025,1
SHP-5506,43.80492116517195,339.73004170585915,Sector_D,2024-09-03,None,0.9013600723359614,0
SHP-5507,33.104026677551154,694.2543911770623,Sector_A,2024-11-15,None,0.9994077356456844,0
SHP-5508,51.073890202363515,320.3784085901941,Sector_C,2024-04-05,None,0.1939630185009512,0
SHP-5509,49.096103017022706,235.47759722922368,Sector_D,2024-11-20,Error: Pressure Drop,0.1323264992982558,1
SHP-5510,52.88063381768323,927.9734448132899,Sector_D,2024-01-18,Error: Pressure Drop,0.049499383649941775,1
SHP-5511,44.59079192898007,703.993205456651,Sector_B,2024-12-06,Error: Pressure Drop,0.772590289891223,1
SHP-5512,53.93801356289004,813.7932021487217,Sector_B,2024-11-15,Warning: High Temp,0.2570512390339026,0
SHP-5513,33.481269504801375,1558.4417552997413,Sector_A,2024-11-27,None,0.7355536838949954,1
SHP-5514,32.97201775184992,1522.1127095172342,Sector_D,2024-05-15,None,0.6900520996307091,1
SHP-5515,54.27807718223878,2497.4511263653844,Sector_B,2024-06-13,Warning: High Temp,0.22956704468437494,1
SHP-5516,42.463037293369204,44.95542302646244,,2024-04-24,None,0.6354379646786713,0
SHP-5517,57.57032009329422,843.006412228963,Sector_B,2024-06-12,None,0.6450740224836415,0
SHP-5518,49.42460936388941,158.52949471682535,Sector_C,2024-07-19,None,0.2699079324371664,1
SHP-5519,58.06124208146338,2869.8648111529687,Sector_C,2024-04-24,None,0.7980748147297525,1
SHP-5520,52.445038449756446,268.4276117400714,Sector_B,2024-10-13,Error: Pressure Drop,0.44180955828517965,0
SHP-5521,50.9342572153774,41.25881449876371,Sector_A,2024-04-27,Error: Pressure Drop,0.9267984951873881,0
SHP-5522,60.70847703083508,275.91113656305413,Sector_B,2024-11-19,Error: Pressure Drop,0.3902757666825011,1
SHP-5523,59.932012053012116,943.7613555019174,Sector_B,2024-08-14,None,0.8804840093723983,0
SHP-5524,54.030599056852594,924.6896265407494,Sector_C,2024-01-29,None,0.8358179088384569,0
SHP-5525,46.929943607469056,504.67653066502214,Sector_B,2024-04-08,Error: Pressure Drop,0.6025789261630758,0
SHP-5526,58.340070111145344,907.4144152864347,Sector_D,2024-10-31,None,0.07079471583681707,0
SHP-5527,63.06060464326081,3190.112598217635,Sector_A,2024-09-04,Error: Pressure Drop,0.09960888275979118,1
SHP-5528,37.79613888089681,951.2377132557034,Sector_B,2024-07-11,None,0.3519200847460614,1
SHP-5529,40.16397428709571,346.119626510762,Sector_C,2024-07-18,Error: Pressure Drop,0.6822952080960859,0
SHP-5530,51.90558777545445,1456.0101302858436,Sector_B,2024-08-22,None,0.5195664802050686,1
SHP-5531,55.946780928353455,215.63530131439796,Sector_A,2024-01-15,Error: Pressure Drop,0.6136708101756236,1
SHP-5532,49.13741117609365,2426.710108500789,Sector_B,2024-01-13,Warning: High Temp,0.5581024503220063,0
SHP-5533,41.366033460617686,1248.8566353611784,Sector_A,2024-03-30,Error: Pressure Drop,0.0897195292594326,0
SHP-5534,48.0071355036713,5483.799586396205,Sector_D,2024-11-04,Error: Pressure Drop,0.18416483266681083,1
SHP-5535,60.134682949543624,703.7255327825922,Sector_B,2024-01-10,None,0.6109857828721011,0
SHP-5536,61.600711702727686,1209.115405913846,Sector_A,2024-05-24,Warning: High Temp,0.34538686175347133,1
SHP-5537,56.217070913709584,426.45008608925076,Sector_A,2024-03-23,None,0.33064768816799117,0
SHP-5538,63.42009354658061,159.31379896827738,Sector_D,2024-10-29,None,0.1032576920541457,1
SHP-5539,57.0902156256664,1198.5009301799278,Sector_C,2024-09-23,None,0.8118089116992626,0
SHP-5540,44.013888035646865,1176.4898440248273,Sector_C,2024-08-04,None,0.312835865054639,0
SHP-5541,58.758890754147984,89.34422433738575,Sector_A,2024-11-19,None,0.3170121167611505,0
SHP-5542,40.78901864288538,204.89292959647818,Sector_A,2024-07-08,Warning: High Temp,0.9864050992800182,0
SHP-5543,38.65171194490376,3989.3140318290034,Sector_A,2024-10-07,None,0.17378988830091746,1
SHP-5544,49.97909405747849,1361.5794920347414,Sector_B,2024-05-16,Warning: High Temp,0.8320096283217668,0
SHP-5545,42.50005675064861,644.7558840022062,Sector_A,2024-06-11,None,0.6079058694364969,0
SHP-5546,39.15496385530521,3050.5852877606617,Sector_A,2024-11-18,None,0.24043743834918585,1
SHP-5547,58.245339362546126,878.7575385640304,Sector_C,2024-10-09,None,0.33037318258554826,0
SHP-5548,36.88507007043546,101.94771128790985,Sector_C,2024-03-07,None,0.8820468824882881,0
SHP-5549,55.43184745639684,920.4024495910974,Sector_B,2024-08-01,None,0.7277706591383108,0
SHP-5550,44.83944541588153,3290.005436303081,Sector_D,2024-09-18,Warning: High Temp,0.6413175675339327,0
SHP-5551,51.13700237631422,426.3162731565541,Sector_B,2024-07-25,None,0.30966956414215885,1
SHP-5552,50.178966372280506,1276.6697602294873,Sector_C,2024-10-01,Warning: High Temp,0.8943568017578991,0
SHP-5553,45.206191320229856,274.70012298127557,Sector_A,2024-10-01,None,0.8634419599438762,1
SHP-5554,42.030045448716436,306.0756194478618,Sector_C,2024-08-06,Error: Pressure Drop,0.14133742112507275,1
SHP-5555,48.31821007641015,492.18465045699065,Sector_D,2024-08-13,None,0.7833822572760789,1
SHP-5556,54.35487374640362,224.96351560086364,Sector_A,2024-10-13,None,0.7919007378116153,0
SHP-5557,35.292071602287756,1197.552146642073,Sector_C,2024-06-05,Warning: High Temp,0.9523790206105281,0
SHP-5558,63.40336633730621,803.435949873117,Sector_D,2024-04-13,None,0.1501590483745724,0
SHP-5559,63.37424906398294,423.6963642735002,Sector_A,2024-07-14,None,0.1271885367382838,1
SHP-5560,43.75115910100968,173.9395888970225,Sector_A,2024-09-03,Error: Pressure Drop,0.924097339565517,0
SHP-5561,54.38988246450552,1308.9207793932028,Sector_D,2024-12-21,Error: Pressure Drop,0.13538218652013512,0
SHP-5562,47.86691866523633,758.8612167020178,Sector_C,2024-05-14,None,0.852570890320547,1
SHP-5563,58.90420602861212,677.4933057563026,Sector_D,2024-04-18,Error: Pressure Drop,0.7534171714019887,0
SHP-5564,64.40035512847078,1322.5696989851433,Sector_D,2024-06-12,Error: Pressure Drop,0.35273202792320346,1
SHP-5565,35.920396849781916,3913.224191637018,Sector_B,2024-05-16,Error: Pressure Drop,0.3426534668275347,0
SHP-5566,62.033200493177375,1505.082281509349,Sector_B,2024-08-13,None,0.11911030603360018,1
SHP-5567,40.62404961323672,1598.860618288196,Sector_C,2024-09-02,None,0.173003203329389,0
SHP-5568,53.51475526863514,828.1545302972565,Sector_C,2024-08-16,None,0.4389873362230584,1
SHP-5569,46.85272169299215,880.889223603565,Sector_A,2024-12-29,None,0.7257330738861024,0
SHP-5570,62.157777894495226,630.6293421194736,Sector_B,2024-12-07,None,0.5758714710589056,1
SHP-5571,45.21471073823815,577.3353837647379,Sector_D,2024-07-06,Warning: High Temp,0.5253654654888926,0
SHP-5572,39.222785451998384,611.9593768284709,Sector_B,2024-03-31,Error: Pressure Drop,0.4168388843296146,0
SHP-5573,49.95629944382821,236.48700965649766,Sector_B,2024-07-16,None,0.41009657063967975,1
SHP-5574,52.31602237813473,1854.1116030511225,Sector_D,2024-11-14,None,0.6139792512410133,1
SHP-5575,46.13151553075183,37.2634952466254,Sector_D,2024-03-13,Warning: High Temp,0.14535815811828368,0
SHP-5576,46.35968723496781,711.7966133287888,Sector_A,2024-01-17,None,0.8006474536355518,1
SHP-5577,53.518254484812374,91.64910076155627,Sector_B,2024-07-30,Error: Pressure Drop,0.15453866276124706,0
SHP-5578,57.09571006496839,4.087182404786898,Sector_A,2024-09-01,Warning: High Temp,0.33575253003265215,0
SHP-5579,54.4699354290198,1253.9483849009882,Sector_B,2024-12-24,None,0.6378900350926294,0
SHP-5580,55.7356266395889,185.051304560854,Sector_C,2024-06-17,Error: Pressure Drop,0.7193802378944084,0
SHP-5581,40.99662263536878,976.5437514559937,Sector_B,2024-09-30,None,0.2549113629341565,0
SHP-5582,49.400098771951605,453.9228108707442,Sector_B,2024-09-06,None,0.2748840792349845,1
SHP-5583,57.79331710232011,267.5559232578643,Sector_C,2024-02-15,None,0.5485200021482722,1
SHP-5584,46.057321301511095,357.88120700084744,Sector_B,2024-10-06,None,0.3579795182570974,0
SHP-5585,55.89483739278184,2026.2377807916635,Sector_C,2024-06-03,None,0.8070392487307728,0
SHP-5586,51.40420992254489,782.933431534732,Sector_B,2024-06-24,None,0.7854116647277205,0
SHP-5587,47.11109804756891,2244.9547742327745,Sector_A,2024-10-12,None,0.6238052274239212,1
SHP-5588,57.27243502835844,573.6970915154611,Sector_D,2024-02-27,Error: Pressure Drop,0.30257450487409443,1
SHP-5589,59.22106074519665,218.5212510369864,Sector_D,2024-04-11,None,0.22417028728360888,1
SHP-5590,52.59168452420476,920.443979876899,Sector_A,2024-04-18,None,0.4298496470694253,1
SHP-5591,48.50299454843621,312.5968617862493,Sector_D,2024-11-19,Error: Pressure Drop,0.5982773128365155,1
SHP-5592,54.92183196470355,1202.2901172232855,Sector_A,2024-02-01,Warning: High Temp,0.14727147977478716,0
SHP-5593,39.82827699016537,1035.967123851236,Sector_C,2024-05-21,None,0.2851096109813568,1
SHP-5594,61.84322510061832,2328.6189996849325,Sector_B,2024-02-16,None,0.7178956680228077,1
SHP-5595,35.36921819160992,1923.0239713771011,Sector_D,2024-10-11,Error: Pressure Drop,0.11172984673878184,0
SHP-5596,36.145299316723374,153.13050852819396,Sector_C,2024-08-15,None,0.9155391466167173,0
SHP-5597,46.18467345422969,297.0731387564301,Sector_C,2024-02-18,None,0.44494917603738626,0
SHP-5598,47.04314281644959,557.5570642212772,Sector_C,2024-04-11,None,0.32076629834460535,1
SHP-5599,43.998870956512,1356.7352381428332,Sector_B,2024-12-09,None,0.10506766299591386,1
SHP-5600,72.51867125316349,4.037192603036068,Sector_B,2024-01-24,None,0.6046672585789793,1
SHP-5601,35.47599096011055,700.7908209578808,Sector_A,2024-01-06,None,0.518642984943221,0
SHP-5602,60.05215631776948,930.7916897427173,Sector_A,2024-01-19,Error: Pressure Drop,0.471284372658595,1
SHP-5603,32.536601765543956,811.7864626602303,Sector_A,2024-01-06,Error: Pressure Drop,0.6821706775049702,1
SHP-5604,56.274077006679555,1947.754280478264,Sector_A,2024-05-11,Warning: High Temp,0.6187458118966344,1
SHP-5605,47.10185748961223,5.158859155389655,Sector_C,2024-01-11,None,0.8125382989017422,0
SHP-5606,40.04201348256372,344.81675563008645,Sector_B,2024-10-24,None,0.7627465941646533,1
SHP-5607,53.3242808583414,940.5720784687969,Sector_A,2024-01-16,Error: Pressure Drop,0.10631524652664603,1
SHP-5608,49.971961109050305,2296.89442519025,Sector_A,2024-09-18,Warning: High Temp,0.0677267053092343,0
SHP-5609,34.34010482275398,476.6276705329465,Sector_C,2024-05-26,None,0.03554952174403592,1
SHP-5610,59.555468129765984,684.7746101513153,Sector_D,2024-02-13,None,0.06278078055348191,1
SHP-5611,66.23854410185986,371.6982230730711,Sector_D,2024-03-28,None,0.5278064285280267,0
SHP-5612,72.63787522941868,71.36744533914234,Sector_A,2024-12-04,Error: Pressure Drop,0.008905813087632608,1
SHP-5613,52.87179986310902,423.4879479021412,Sector_A,2024-08-13,None,0.7395917028140083,1
SHP-5614,66.76965829391244,268.0258927007134,Sector_A,2024-02-06,None,0.6455996398400323,1
SHP-5615,44.089261203589565,292.9505053841843,Sector_D,2024-06-24,None,0.42250083029194707,1
SHP-5616,45.69475836867496,303.8634486995956,Sector_B,2024-03-17,None,0.030762673877090863,1
SHP-5617,63.9935079599448,99.16452410321435,Sector_B,2024-02-21,Warning: High Temp,0.5222923193705111,1
SHP-5618,60.18677653912848,2913.1523191339807,Sector_C,2024-06-27,Warning: High Temp,0.3730506788208402,1
SHP-5619,58.75591109627815,371.18786729537914,Sector_C,2024-02-14,Warning: High Temp,0.6547915675021126,0
SHP-5620,58.0047426309423,918.617555223629,Sector_B,2024-12-21,Warning: High Temp,0.39221799657042056,0
SHP-5621,55.98213162347851,880.0614272976132,Sector_C,2024-02-02,None,0.12864981059834912,1
SHP-5622,56.317403971852706,449.9079291931504,Sector_A,2024-07-23,Error: Pressure Drop,0.6553096535606076,1
SHP-5623,57.37739183206583,1139.4502131984952,Sector_A,2024-03-10,None,0.3298769166508163,1
SHP-5624,61.10979648050679,699.3099744550407,Sector_C,2024-05-29,None,0.55429612940014,0
SHP-5625,40.45400925545924,1670.5960682081502,Sector_D,2024-03-25,None,0.006680350168838278,0
SHP-5626,53.08495705645836,452.2320342399647,Sector_D,2024-02-26,Warning: High Temp,0.9941789256960984,0
SHP-5627,57.16435309943731,404.7468771493054,Sector_B,2024-04-29,Error: Pressure Drop,0.7612071427838873,0
SHP-5628,31.176366520526784,732.6124346793222,Sector_D,2024-12-07,None,0.42740224170699825,1
SHP-5629,51.472670214576354,363.9573299930808,Sector_B,2024-04-02,Warning: High Temp,0.71778830752902,1
SHP-5630,40.37217977452619,4.331886781296791,Sector_D,2024-01-17,None,0.13945110525282922,1
SHP-5631,34.672546591723375,1767.5748229028418,Sector_D,2024-12-24,Error: Pressure Drop,0.01581789906420017,1
SHP-5632,44.00491919779272,1370.3149021380314,Sector_C,2024-12-24,None,0.3827517263670366,1
SHP-5633,60.64892452997068,59.47544423959958,Sector_B,2024-12-13,None,0.704856457849257,0
SHP-5634,48.462547245007705,292.78189631072405,Sector_D,2024-03-28,None,0.465998438504058,0
SHP-5635,51.51981323421126,146.8755470227215,Sector_D,2024-08-26,Error: Pressure Drop,0.304593556840003,1
SHP-5636,54.53964461019236,1486.0824910622277,Sector_D,2024-04-08,None,0.050542259304086956,1
SHP-5637,37.41600524671851,907.6358227897532,Sector_D,2024-09-03,Error: Pressure Drop,0.20475255910223933,0
SHP-5638,47.35064780988083,161.12017819726816,Sector_C,2024-01-30,Error: Pressure Drop,0.6367784851809345,1
SHP-5639,41.040712476918216,2500.7727925635154,Sector_B,2024-08-02,None,0.6045183290345657,0
SHP-5640,44.49221406734883,306.25077901862454,Sector_C,2024-10-22,Error: Pressure Drop,0.024148695253832342,1
SHP-5641,31.390848909822118,2271.5315332887085,Sector_A,2024-02-14,Warning: High Temp,0.7932370085116113,1
SHP-5642,60.05589862153162,712.525275335761,Sector_B,2024-10-03,None,0.526628085856035,0
SHP-5643,47.28306977361759,454.00992762461505,Sector_D,2024-04-26,Warning: High Temp,0.015017803818933695,0
SHP-5644,31.18170864277868,312.21188602010807,Sector_C,2024-12-14,Warning: High Temp,0.587951104412872,1
SHP-5645,50.479673945675735,2464.5508007017493,Sector_B,2024-10-20,None,0.7657462111615784,1
SHP-5646,62.454674872414394,246.03031290468041,Sector_C,2024-11-03,None,0.948327572100302,0
SHP-5647,52.594768152265225,681.4005653063646,Sector_B,2024-02-09,None,0.7390743666787025,0
SHP-5648,63.19007790132967,1003.004662163838,Sector_B,2024-03-15,None,0.1378468959963448,0
SHP-5649,53.52988036605995,70.09505942728939,Sector_D,2024-07-20,None,0.20179180586342438,1
SHP-5650,55.52996368949483,377.0594093208454,Sector_D,2024-07-21,None,0.9213645052947047,0
SHP-5651,27.207545608507203,2.2931966755300497,Sector_B,2024-09-15,None,0.41890001036397173,1
SHP-5652,36.57211701843028,1569.2629298735924,Sector_A,2024-10-21,Error: Pressure Drop,0.15040376039730974,0
SHP-5653,56.69935981126507,422.0775307915505,Sector_C,2024-03-03,Error: Pressure Drop,0.03985576990017148,0
SHP-5654,47.824605623655074,226.48468383246063,Sector_C,2024-09-25,None,0.01700409170773942,1
SHP-5655,44.038575304969136,603.1664251807508,Sector_C,2024-01-19,None,0.6523176143083604,1
SHP-5656,34.85434507030717,203.70598035080374,Sector_C,2024-08-16,None,0.16644713960266266,0
SHP-5657,47.17889647046044,2930.319561118908,Sector_B,2024-06-09,Error: Pressure Drop,0.9033892026933265,0
SHP-5658,39.07740814585954,5455.872586894681,Sector_A,2024-02-23,Error: Pressure Drop,0.4486101035950757,0
SHP-5659,47.47790427516683,952.9916569135654,Sector_B,2024-02-15,None,0.6739512019235187,0
SHP-5660,51.354986460066186,1697.3571678211417,Sector_D,2024-10-15,None,0.15638083819783677,0
SHP-5661,48.975300180492184,886.0405468962866,Sector_D,2024-08-31,None,0.09905855152224619,0
SHP-5662,54.72400726375675,1055.145920062073,Sector_B,2024-04-04,None,0.015968642267001232,0
SHP-5663,40.92384955890937,1547.104625552493,Sector_D,2024-08-28,None,0.5924455187722877,0
SHP-5664,46.72027381976223,576.0788513733011,Sector_D,2024-11-18,None,0.11989032417629475,0
SHP-5665,38.21374842813631,67.85376632544018,Sector_B,2024-03-30,None,0.014762425382753963,1
SHP-5666,34.73637800429639,17.99956721906302,Sector_A,2024-09-07,None,0.9641657112130272,1
SHP-5667,59.656148799855885,1268.9803156339876,Sector_D,2024-05-21,Error: Pressure Drop,0.9633854890581848,0
SHP-5668,45.344265365476545,45.793979205362106,Sector_D,2024-02-23,None,0.5278258305506245,1
SHP-5669,59.84761855672992,1158.64755643365,Sector_D,2024-12-26,Error: Pressure Drop,0.03595080201788092,1
SHP-5670,53.25399061505219,457.1736608944202,Sector_B,2024-05-02,Error: Pressure Drop,0.687222139246542,1
SHP-5671,57.796428576449465,335.090007879827,Sector_D,2024-03-17,None,0.24834937222177866,1
SHP-5672,43.87413435695401,528.0680667344071,Sector_B,2024-04-27,Warning: High Temp,0.08913291657976241,0
SHP-5673,44.02799200325944,196.86811324175937,Sector_A,2024-05-29,None,0.4096954337606439,0
SHP-5674,28.851033152899394,4158.139803195984,Sector_B,2024-06-26,Warning: High Temp,0.7440626964114329,0
SHP-5675,56.295428915330625,7834.594326727055,Sector_B,2024-09-04,Warning: High Temp,0.37212606096854306,1
SHP-5676,37.40813398428207,6.326319877412289,Sector_D,2024-10-28,None,0.20552564369038617,0
SHP-5677,52.810868321613015,1229.1075460377917,Sector_B,2024-10-29,None,0.9875915978977339,1
SHP-5678,39.39954136766647,248.19426539769148,Sector_A,2024-04-11,Error: Pressure Drop,0.3331401629966203,1
SHP-5679,54.991186939244116,367.70001787557237,Sector_A,2024-04-18,Error: Pressure Drop,0.61663734805818,1
SHP-5680,63.123608412673995,3456.1988797322415,Sector_D,2024-08-28,None,0.3291484949708954,1
SHP-5681,62.01674129906412,1226.5295077639562,Sector_C,2024-01-18,Error: Pressure Drop,0.7993764597475647,1
SHP-5682,55.89476279747155,365.8660413526734,Sector_B,2024-10-09,None,0.15122059185432213,1
SHP-5683,45.49899218189714,268.7756617903855,Sector_B,2024-10-11,None,0.9468956498059179,1
SHP-5684,39.20104573762189,1162.6549780973814,Sector_B,2024-06-24,None,0.6225787270607818,0
SHP-5685,55.42160382033246,458.66713407888034,Sector_A,2024-09-17,Warning: High Temp,0.44215652798411753,0
SHP-5686,48.06922095275932,243.70684692196014,Sector_C,2024-09-27,None,0.18620570975832362,1
SHP-5687,29.946051314301524,20.383279066719087,Sector_C,2024-08-12,None,0.8069048426217146,1
SHP-5688,68.69040017660035,618.3624226574817,Sector_D,2024-06-27,None,0.7209351254383954,1
SHP-5689,50.789647026401404,339.42796003415555,Sector_B,2024-07-18,None,0.6734250843204226,0
SHP-5690,65.30223522118808,941.2507541256566,Sector_B,2024-05-11,None,0.5543505424008224,0
SHP-5691,60.242544032907944,199.41167928345988,Sector_D,2024-07-17,Warning: High Temp,0.798548630739522,1
SHP-5692,38.76734931545937,1444.656056649743,Sector_D,2024-02-15,None,0.8284493994296466,0
SHP-5693,51.14101118675954,707.1145854175447,Sector_B,2024-03-16,None,0.6238693212672195,1
SHP-5694,46.42549398197851,398.52104086046955,Sector_A,2024-10-08,Warning: High Temp,0.7680686928042127,1
SHP-5695,70.8271872853633,599.3132791886868,Sector_A,2024-01-17,Error: Pressure Drop,0.43558703973458235,1
SHP-5696,65.45274178008472,287.2343757357283,Sector_B,2024-02-25,Warning: High Temp,0.8509760601459925,1
SHP-5697,42.34241344373145,1370.3469788368368,Sector_C,2024-11-25,Error: Pressure Drop,0.5810245366475071,0
SHP-5698,62.67699796700903,1305.8892836069197,Sector_C,2024-10-27,None,0.293717622014143,0
SHP-5699,45.1947691535392,244.55787525578342,Sector_A,2024-01-19,None,0.09561203596027035,1
SHP-5700,44.69393906944593,163.42782021032997,Sector_D,2024-11-07,Warning: High Temp,0.9473802471888494,1
SHP-5701,52.441938913433454,47.39854757135533,Sector_A,2024-07-14,None,0.9275528716252398,1
SHP-5702,57.76390832177544,435.7891768533895,Sector_C,2024-05-04,None,0.39701523741854294,1
SHP-5703,59.73666290029332,657.766175271946,Sector_D,2024-01-14,None,0.6530596247741738,0
SHP-5704,50.424311512544,446.45373112607786,Sector_D,2024-11-02,None,0.1562316714747587,0
SHP-5705,49.79336766611751,951.3881576343008,Sector_D,2024-06-07,Warning: High Temp,0.014180360369650868,0
SHP-5706,54.04756586608707,6419.881424490061,Sector_A,2024-07-08,None,0.9921210093973587,0
SHP-5707,31.750479306575894,137.6149641111595,Sector_D,2024-01-20,None,0.9641550820161248,0
SHP-5708,40.464971823212224,221.43361896848322,Sector_C,2024-06-30,None,0.3764804268724651,1
SHP-5709,56.536937809236086,533.9414631664524,Sector_A,2024-10-05,Error: Pressure Drop,0.5452805628594249,1
SHP-5710,54.4991281844973,641.4148136811621,Sector_D,2024-04-20,Error: Pressure Drop,0.11548579527707215,0
SHP-5711,44.203941398368826,1079.7160404649114,Sector_A,2024-02-20,None,0.3744815547924223,0
SHP-5712,44.27277119099553,2471.0150440686148,Sector_A,2024-11-18,None,0.7117355397713016,1
SHP-5713,55.49094798828176,315.65672289755577,Sector_A,2024-10-31,None,0.12301246617818107,0
SHP-5714,48.4422764882197,1373.6469412748247,Sector_C,2024-10-17,Error: Pressure Drop,0.5438831147804783,1
SHP-5715,73.75078801974517,776.4253653305942,Sector_B,2024-05-22,None,0.9083831385304117,1
SHP-5716,77.91965080351,1081.1936661107745,Sector_A,2024-07-06,Warning: High Temp,0.786448766138439,0
SHP-5717,44.24371441780062,1353.9214583597202,Sector_B,2024-08-10,None,0.1927939750306713,0
SHP-5718,51.454052284649315,11.32376323278997,Sector_B,2024-03-21,None,0.3207516487633766,0
SHP-5719,42.44960900668322,28.65930796893104,Sector_C,2024-11-09,None,0.7148347867418495,0
SHP-5720,26.271657652919394,483.1146104424669,Sector_C,2024-01-29,Error: Pressure Drop,0.3138545392058193,0
SHP-5721,42.58056785775045,371.98993622085743,Sector_A,2024-12-25,Warning: High Temp,0.47286146815101027,0
SHP-5722,39.272836871237054,506.32974034035783,Sector_A,2024-05-02,Error: Pressure Drop,0.35475334645039824,1
SHP-5723,39.10148920017866,3287.712835075436,Sector_C,2024-08-04,None,0.4981782984472094,1
SHP-5724,45.56659364794637,110.0239563799761,Sector_B,2024-04-19,Warning: High Temp,0.22405349661005436,1
SHP-5725,28.600335425789616,478.94458527269546,Sector_B,2024-01-22,None,0.8556395145478538,1
SHP-5726,63.80877850839754,1945.4486537203436,Sector_D,2024-03-04,Error: Pressure Drop,0.84839274253682,0
SHP-5727,62.978419952192006,1106.137694779399,Sector_B,2024-04-15,None,0.3461762731888183,0
SHP-5728,38.208594588463654,400.52411175067033,Sector_A,2024-09-11,None,0.11548375616818762,0
SHP-5729,40.55181193464737,1711.4829551970543,Sector_A,2024-05-17,Error: Pressure Drop,0.5637787667568018,0
SHP-5730,47.426034570634506,788.3324701091424,Sector_C,2024-11-07,None,0.6497960033512874,1
SHP-5731,42.87630483492756,1840.0979581363456,Sector_A,2024-07-16,Warning: High Temp,0.08872744472947258,0
SHP-5732,,634.3001526514992,Sector_B,2024-04-27,None,0.24140930723762866,1
SHP-5733,61.78179147825398,685.4991675755456,Sector_A,2024-08-03,None,0.8847292322927582,1
SHP-5734,60.80943327496067,749.4481951813334,Sector_B,2024-09-16,Warning: High Temp,0.8690868365061558,0
SHP-5735,52.38348921662807,291.30716571723207,Sector_C,2024-09-09,None,0.19032275708945612,1
SHP-5736,65.92873017022318,1324.847042486141,Sector_D,2024-11-08,None,0.023985113261905666,1
SHP-5737,64.93657192339458,84.59368173189449,Sector_C,2024-06-20,None,0.026969045673393643,1
SHP-5738,43.910844764125656,2103.3189657971548,Sector_A,2024-02-26,None,0.9836175938331242,1
SHP-5739,50.23971863834375,719.7400255798754,Sector_D,2024-11-08,None,0.7254044547274033,0
SHP-5740,40.015000112901596,1311.4487372735705,Sector_C,2024-07-28,Error: Pressure Drop,0.14562835444304245,1
SHP-5741,52.91515857742631,844.8043683012161,Sector_D,2024-06-25,Warning: High Temp,0.002651608065884603,0
SHP-5742,31.930840931901052,1612.3030867785697,Sector_B,2024-07-31,Error: Pressure Drop,0.651071076002805,0
SHP-5743,54.741308049275204,1084.0007339590534,Sector_C,2024-01-26,Error: Pressure Drop,0.8872991161530207,1
SHP-5744,52.55305780025139,594.1015855239043,Sector_D,2024-01-30,None,0.07190522280887479,0
SHP-5745,69.62179135350874,492.44153270953683,Sector_C,2024-02-22,None,0.7850837083805245,0
SHP-5746,48.071233052145985,1589.5996410808402,Sector_B,2024-09-23,Error: Pressure Drop,0.33084830951106337,0
SHP-5747,58.46504318529753,139.5244819850392,Sector_B,2024-06-26,None,0.2916227456961896,0
SHP-5748,54.66490704017364,3530.277677421492,Sector_D,2024-09-10,None,0.06047745594553522,1
SHP-5749,54.637041296217156,2042.5608357360145,Sector_C,2024-12-17,None,0.33590168611769644,1
SHP-5750,41.19339201626205,671.2703728454304,Sector_C,2024-04-05,Error: Pressure Drop,0.9805724252139959,1
SHP-5751,71.14807708229092,1027.2542037034011,Sector_C,2024-05-25,Error: Pressure Drop,0.9662295905338154,0
SHP-5752,52.11919036017754,1734.9280327660385,Sector_B,2024-07-17,None,0.45655671251814034,1
SHP-5753,54.97046381691776,1928.0183399309637,Sector_C,2024-01-11,None,0.7408803804732021,1
SHP-5754,63.4981691520742,1239.7316961233726,Sector_D,2024-04-11,None,0.9535391057286098,1
SHP-5755,56.16692749703453,1020.3214576842304,Sector_C,2024-12-30,None,0.7719538841389489,1
SHP-5756,55.93070804431821,4017.564300479008,Sector_C,2024-12-11,Error: Pressure Drop,0.582764414895711,0
SHP-5757,59.04942761708505,413.41714213384785,Sector_D,2024-05-04,None,0.4488138957222191,1
SHP-5758,56.711837012221665,888.375607104933,Sector_D,2024-01-18,None,0.3370546481106359,0
SHP-5759,55.25710915626597,44.3456538179015,Sector_D,2024-07-03,Warning: High Temp,0.20646630047312486,0
SHP-5760,55.87681056077866,618.6974780934826,Sector_D,2024-01-28,None,0.9513754679991767,0
SHP-5761,44.994991603146296,625.1862549646131,Sector_D,2024-08-21,None,0.4313050535307048,1
SHP-5762,37.551193701939,981.8728136325383,Sector_A,2024-04-06,None,0.9841685911770406,0
SHP-5763,49.007935722604216,884.8816186608707,Sector_A,2024-06-12,Warning: High Temp,0.7793171263348583,1
SHP-5764,42.5992829781974,74.3282401119285,Sector_C,2024-04-03,None,0.8274939410839222,1
SHP-5765,51.98964083191752,1820.1953529872558,Sector_C,2024-04-01,None,0.9060674177403981,1
SHP-5766,62.67106165517159,752.090597832921,Sector_D,2024-06-15,Error: Pressure Drop,0.8963712532348586,1
SHP-5767,66.0587833644417,78.47506559431658,Sector_D,2024-12-07,None,0.9215788261552426,0
SHP-5768,34.04506678774282,1746.2446385329931,Sector_B,2024-02-28,Error: Pressure Drop,0.7457321081251103,1
SHP-5769,53.70140635009615,916.7544041514931,Sector_B,2024-04-01,Warning: High Temp,0.867102288685087,0
SHP-5770,63.99196145861746,1863.1868905352123,Sector_A,2024-09-29,Warning: High Temp,0.7529226583155701,0
SHP-5771,44.68728013318731,2270.298241886148,Sector_A,2024-03-01,None,0.17226834109695133,0
SHP-5772,54.64571951581468,1846.5311371849905,Sector_A,2024-03-24,None,0.769622403318054,0
SHP-5773,41.445080860060926,4682.655093419596,Sector_D,2024-04-18,None,0.9103899798562736,0
SHP-5774,49.746268292549395,695.5808352742336,Sector_A,2024-07-17,Error: Pressure Drop,0.007942955909305383,1
SHP-5775,49.31659573152278,18.970911944048375,Sector_B,2024-03-08,None,0.1389769513416217,0
SHP-5776,49.81201269037365,5056.387909501208,Sector_A,2024-01-25,Error: Pressure Drop,0.7365425919844607,0
SHP-5777,68.21912376244778,1411.1257667317855,Sector_D,2024-01-30,Error: Pressure Drop,0.16263778500625037,0
SHP-5778,61.78743815153648,421.764461757399,Sector_D,2024-04-23,None,0.06220272305279906,0
SHP-5779,52.068274405171316,44.91359023410571,Sector_B,2024-11-26,Error: Pressure Drop,0.0883129436725516,0
SHP-5780,56.70588325865587,883.474677983918,Sector_D,2024-02-07,None,0.643298021784737,1
SHP-5781,58.30438983562334,1162.5028592248257,Sector_C,2024-02-07,Warning: High Temp,0.5973168393236307,1
SHP-5782,43.71466766811033,1055.8132965420086,Sector_A,2024-01-17,None,0.8433452785492772,0
SHP-5783,42.33530377530345,175.58707627429638,Sector_C,2024-11-01,None,0.3103912087316012,0
SHP-5784,47.41506847426184,6.921323713632019,Sector_D,2024-06-24,Warning: High Temp,0.7463041265209396,1
SHP-5785,56.250275873273324,81.96579338078617,Sector_A,2024-03-31,Error: Pressure Drop,0.2037836496779224,1
SHP-5786,39.30114992936144,799.8559186036074,Sector_B,2024-01-03,Error: Pressure Drop,0.4715600289377426,0
SHP-5787,41.281124900790694,2451.4355069714616,Sector_C,2024-09-29,Error: Pressure Drop,0.5778731159566985,1
SHP-5788,45.28637683804485,380.14622300289744,Sector_A,2024-08-03,None,0.13385576225547668,1
SHP-5789,36.84595097391622,172.15822231571323,Sector_A,2024-12-18,Warning: High Temp,0.8115093148772593,0
SHP-5790,44.649512125507385,639.6168186534439,Sector_B,2024-10-18,Error: Pressure Drop,0.98980550479683,0
SHP-5791,43.21849214804162,149.52055335636584,Sector_B,2024-12-29,Error: Pressure Drop,0.9034776091917097,0
SHP-5792,41.459432278661694,451.54604848863846,Sector_D,2024-09-01,Warning: High Temp,0.7168595510264836,0
SHP-5793,53.76699364333264,78.99034091784696,Sector_B,2024-09-19,Warning: High Temp,0.13138704529290635,0
SHP-5794,79.44489967843703,975.2770467537725,Sector_A,2024-07-25,None,0.9156289802255398,0
SHP-5795,50.750979679106926,298.28968327734833,Sector_C,2024-03-23,Error: Pressure Drop,0.039655795772410296,0
SHP-5796,42.136619561870894,38.79655143136095,Sector_D,2024-05-16,None,0.4411931534996084,0
SHP-5797,54.88291949960123,1418.1236549104653,Sector_A,2024-12-10,None,0.21234604850128902,0
SHP-5798,46.89695936857049,117.43931768637896,Sector_A,2024-09-15,None,0.9610012566269092,1
SHP-5799,52.51358530604158,1683.3172534690075,Sector_C,2024-08-21,Warning: High Temp,0.5054960386321177,1
SHP-5800,37.394915373599616,1030.5847146259391,Sector_A,2024-07-17,Warning: High Temp,0.27724928115039593,0
SHP-5801,61.538081986687935,1725.2751702476105,Sector_D,2024-02-13,Warning: High Temp,0.10035215563447408,0
SHP-5802,46.14466341491053,1430.0090944962617,Sector_D,2024-05-30,Warning: High Temp,0.3885430401075477,1
SHP-5803,50.73354323269121,824.6179705378171,Sector_B,2024-11-05,Warning: High Temp,0.6519337511026079,0
SHP-5804,61.04641549167636,453.29649348963636,Sector_A,2024-03-18,Error: Pressure Drop,0.7504132097213021,0
SHP-5805,49.2583511686317,207.09099300304732,Sector_D,2024-02-21,None,0.9032928244847136,0
SHP-5806,39.001088179982986,742.5785968544653,Sector_D,2024-12-24,None,0.9607908279403343,0
SHP-5807,49.65283694069283,493.8995295048565,Sector_A,2024-02-15,Error: Pressure Drop,0.16127919449086225,0
SHP-5808,57.159461243198216,687.7509987336745,Sector_B,2024-06-28,Error: Pressure Drop,0.20365417628994742,1
SHP-5809,54.685156805066875,1677.2688350480714,Sector_D,2024-08-07,None,0.8863819967674476,1
SHP-5810,41.63191888411104,137.36965864007274,Sector_B,2024-08-12,None,0.612156324145451,0
SHP-5811,41.37641453773185,516.8459268958019,Sector_C,2024-02-08,Warning: High Temp,0.35682266546491825,0
SHP-5812,50.8062992308536,1789.7090773690304,Sector_C,2024-05-19,None,0.27684334961049584,0
SHP-5813,48.5845254051051,1152.6836512854074,Sector_C,2024-01-17,Warning: High Temp,0.19534090716390384,1
SHP-5814,60.8541991663928,308.2620143221025,Sector_B,2024-04-18,None,0.6753095415762683,0
SHP-5815,73.94875873073848,154.28438400234688,Sector_A,2024-12-03,None,0.23797530306703174,1
SHP-5816,49.44361914412698,8.07010595656781,Sector_A,2024-03-28,Warning: High Temp,0.7423688950784952,0
SHP-5817,53.962472771391326,1456.3718658878904,Sector_D,2024-11-30,None,0.39579869239347787,1
SHP-5818,64.54330054045153,2945.7659739673904,Sector_D,2024-11-15,None,0.9616182761438884,0
SHP-5819,38.61382358237884,3059.129288825764,Sector_A,2024-01-06,None,0.465682475086985,1
SHP-5820,37.79386265032706,39.91587294197511,Sector_D,2024-10-03,Error: Pressure Drop,0.9417343566362706,0
SHP-5821,45.86462404043864,3338.245252133679,Sector_B,2024-05-16,Error: Pressure Drop,0.31047298292017145,0
SHP-5822,61.63317889361627,1327.0090843446328,Sector_C,2024-06-18,None,0.224344948303287,1
SHP-5823,34.79658998043712,358.5664120949605,Sector_C,2024-08-25,Warning: High Temp,0.8597851217849353,1
SHP-5824,54.26681619112628,1734.3846699793344,Sector_C,2024-01-22,Error: Pressure Drop,0.23746934401214548,1
SHP-5825,34.633541156881115,1471.188688616199,Sector_B,2024-02-19,None,0.1802435846237087,0
SHP-5826,74.81039245657259,780.2501536530164,Sector_C,2024-12-29,None,0.3706444066315935,0
SHP-5827,26.20793958117642,190.10959483714672,Sector_D,2024-01-03,None,0.31988895500936687,1
SHP-5828,53.35020562956057,2220.989583605853,Sector_C,2024-12-03,None,0.5407633959296994,0
SHP-5829,38.456519231202535,759.194419126604,Sector_C,2024-01-20,None,0.3730372657014438,0
SHP-5830,69.5472851288122,187.33001989012638,Sector_B,2024-05-08,None,0.6436606985991736,0
SHP-5831,52.028269121919536,616.0010994466621,Sector_B,2024-07-16,None,0.8837985634237312,1
SHP-5832,48.88885309198113,1027.382512015696,Sector_B,2024-10-13,None,0.33759401244749354,0
SHP-5833,52.739669995278156,484.1440836988199,Sector_C,2024-10-24,None,0.1156047336973326,0
SHP-5834,55.815245913567914,1712.19025185023,Sector_B,2024-02-19,Error: Pressure Drop,0.15817877807128433,1
SHP-5835,41.07737385037131,1462.8247991393578,Sector_B,2024-05-11,None,0.009575642625251679,1
SHP-5836,39.50501351518723,2710.771657944989,Sector_D,2024-12-15,None,0.10363945450822298,1
SHP-5837,35.93424974788634,40.74796157448133,Sector_A,2024-10-07,Error: Pressure Drop,0.7800107624281745,0
SHP-5838,51.78152575458804,1745.5764879671,Sector_C,2024-09-20,None,0.8833563264761943,1
SHP-5839,53.982161759332655,625.8810882737043,Sector_A,2024-04-04,None,0.618490790346572,0
SHP-5840,48.94284205309993,517.6075807877245,Sector_D,2024-06-16,Error: Pressure Drop,0.6844808154578619,1
SHP-5841,69.21866208158488,654.0709379886995,Sector_C,2024-02-28,None,0.5494833026411633,0
SHP-5842,48.286457170658814,3979.054470763099,Sector_B,2024-05-19,None,0.9029046450412042,0
SHP-5843,45.701418667351774,2038.2096112876145,Sector_D,2024-10-11,None,0.4645108669902568,0
SHP-5844,44.03125983972448,247.9799535757591,Sector_B,2024-01-04,Warning: High Temp,0.3251818393102839,0
SHP-5845,41.225585291221705,36.89882966340542,Sector_D,2024-08-27,None,0.07397846189648227,1
SHP-5846,42.34554085096844,41.742113445207536,Sector_C,2024-11-12,None,0.6834390321520237,0
SHP-5847,37.516398948022484,575.2773943990419,Sector_C,2024-10-09,Error: Pressure Drop,0.8651036487253121,0
SHP-5848,77.00003205233031,973.598869250248,Sector_A,2024-03-09,None,0.5035481218254051,0
SHP-5849,67.14512840279998,1561.3614541184288,Sector_A,2024-09-19,Warning: High Temp,0.9501065825641436,0
SHP-5850,34.99700656028888,240.7024442466029,Sector_A,2024-07-11,None,0.417272520232558,1
SHP-5851,66.40882802618982,1257.2367376439502,Sector_C,2024-12-30,None,0.3963937614280969,1
SHP-5852,57.430402368250675,323.3471302106877,Sector_B,2024-01-07,None,0.06655946526519718,0
SHP-5853,45.72614583001214,76.37261290713926,Sector_D,2024-08-17,None,0.46205302400771686,0
SHP-5854,43.31022674292485,226.6133107574318,Sector_C,2024-08-24,None,0.3134911807738906,1
SHP-5855,37.53083081131895,140.91152918616328,Sector_B,2024-01-17,Warning: High Temp,0.4090468244654838,1
SHP-5856,61.152253201278775,995.7013060056839,Sector_B,2024-03-21,None,0.07122822439121979,0
SHP-5857,66.5326799533076,694.3020732621186,Sector_A,2024-09-12,Warning: High Temp,0.4778922335341672,0
SHP-5858,65.82269878376127,238.86467004077085,Sector_A,2024-03-03,Warning: High Temp,0.8994534736745208,0
SHP-5859,77.54837513343092,225.25495047015613,Sector_D,2024-12-12,None,0.29989876052136566,0
SHP-5860,44.09699350590377,274.8662560442241,Sector_D,2024-12-28,None,0.701543736172751,1
SHP-5861,53.683064865797455,1093.085726150036,Sector_A,2024-10-24,Warning: High Temp,0.521197996848989,1
SHP-5862,68.7256947298023,2786.873806838554,Sector_C,2024-06-10,None,0.007911814253921512,0
SHP-5863,43.51187120041974,332.5269307000356,Sector_D,2024-08-15,None,0.17060291447188614,0
SHP-5864,56.614079435585175,202.33254021636856,Sector_A,2024-08-01,None,0.05917337500089925,0
SHP-5865,52.38324085928309,2841.072649757497,Sector_A,2024-02-17,Error: Pressure Drop,0.05579652833066473,0
SHP-5866,52.61744938353852,381.3480462698847,Sector_B,2024-12-27,Warning: High Temp,0.08409823706666941,1
SHP-5867,46.343095694153746,524.9726845814815,Sector_C,2024-10-12,Error: Pressure Drop,0.11718349894436741,0
SHP-5868,35.94563834237768,517.0172701595998,Sector_D,2024-05-25,Error: Pressure Drop,0.15954323418194205,0
SHP-5869,58.70541000236815,2088.485753723,Sector_B,2024-02-21,None,0.5011096721349582,1
SHP-5870,50.205568482392444,580.319994195541,Sector_C,2024-12-29,Warning: High Temp,0.6998038798737586,1
SHP-5871,57.15979950579883,1161.7260395215412,Sector_D,2024-08-09,Error: Pressure Drop,0.23940273063995798,0
SHP-5872,35.404563576841625,177.89451856782736,Sector_C,2024-09-23,None,0.411448023623847,1
SHP-5873,62.660712769089685,159.966534372226,Sector_B,2024-03-09,None,0.8620385702219989,0
SHP-5874,54.040487968085245,553.068071453728,Sector_C,2024-04-14,None,0.5281844725484354,1
SHP-5875,62.62243299880034,114.1270900552264,Sector_A,2024-06-17,None,0.9482912089228756,0
SHP-5876,48.137852765387514,1462.8039919921102,Sector_C,2024-09-04,None,0.0039172750538979395,0
SHP-5877,58.56459590509775,806.4240889921319,Sector_A,2024-12-29,None,0.14504374880463056,0
SHP-5878,46.80183670214072,883.0110007397404,Sector_D,2024-12-03,None,0.6400852809644498,0
SHP-5879,55.61409025442841,429.58257266777895,Sector_D,2024-02-19,Error: Pressure Drop,0.38932171827769324,1
SHP-5880,58.343625487812716,724.5525907723322,Sector_C,2024-05-02,None,0.150318414074889,1
SHP-5881,45.233508925697656,236.31184292575273,Sector_A,2024-12-18,Error: Pressure Drop,0.3717261486664948,0
SHP-5882,47.23219139821083,820.4880453667614,Sector_B,2024-05-15,Error: Pressure Drop,0.21808778222676262,1
SHP-5883,52.421858903724164,1295.9332385607752,Sector_C,2024-01-18,Warning: High Temp,0.09182690434111185,1
SHP-5884,65.51446419908189,174.07398656490085,Sector_A,2024-06-19,None,0.06907509355514763,1
SHP-5885,50.07024484524143,702.1437575905164,Sector_C,2024-06-01,Warning: High Temp,0.01978130233469788,0
SHP-5886,59.18939848716564,125.9624031919537,Sector_B,2024-12-07,None,0.8426479976132418,1
SHP-5887,45.55354896316654,571.2603833750655,Sector_B,2024-03-02,Warning: High Temp,0.7659109273581376,0
SHP-5888,39.755812846318534,390.04620265667484,Sector_A,2024-10-31,None,0.9258503209545549,1
SHP-5889,51.34850749136475,1686.9363609483423,Sector_C,2024-05-11,Warning: High Temp,0.5637811581749077,1
SHP-5890,37.726603338119695,242.8344438365903,Sector_B,2024-05-06,None,0.9847716647914023,1
SHP-5891,49.364289625292294,100.72294660281364,Sector_A,2024-01-03,None,0.2566943633938129,1
SHP-5892,37.64600849846582,572.2148899420994,Sector_D,2024-11-19,Warning: High Temp,0.18877783132251835,0
SHP-5893,59.47701512841147,997.5614411833703,Sector_B,2024-12-13,None,0.058846414001621494,1
SHP-5894,37.77569099265905,759.9069893340205,Sector_C,2024-12-24,Warning: High Temp,0.20218801206653036,0
SHP-5895,55.5168704239475,106.24696395745656,Sector_B,2024-03-25,Warning: High Temp,0.16211763343092067,1
SHP-5896,38.0362307681431,137.6910250591529,Sector_C,2024-09-21,Error: Pressure Drop,0.3299936572405828,1
SHP-5897,55.5342730949102,1334.170433506568,Sector_A,2024-03-14,None,0.32831850789805617,1
SHP-5898,59.33402808387493,1355.9002574002257,Sector_B,2024-05-10,None,0.46165811378068267,0
SHP-5899,48.433772371823544,4531.463430971823,Sector_D,2024-01-29,Warning: High Temp,0.4276391461347636,1
SHP-5900,52.934665720722066,511.19760670555627,Sector_A,2024-03-18,None,0.8619100212527432,1
SHP-5901,32.624162156318,59.251614503486955,Sector_C,2024-05-31,Error: Pressure Drop,0.7158127102546096,1
SHP-5902,41.686022753298374,2359.941785955887,Sector_B,2024-08-06,None,0.6199940519256602,0
SHP-5903,54.785829443185605,559.0001715200756,Sector_B,2024-03-23,Error: Pressure Drop,0.9002893969883624,1
SHP-5904,39.7697038869797,631.4444768986341,Sector_D,2024-12-03,Warning: High Temp,0.6205159219522757,1
SHP-5905,49.08906792327513,961.5282524569564,Sector_D,2024-10-27,None,0.4991418932384316,0
SHP-5906,51.60144287596038,433.86431248414976,Sector_D,2024-06-08,None,0.6723326024545355,1
SHP-5907,39.92072450112504,757.6762481134028,Sector_A,2024-03-05,None,0.7746987194479864,1
SHP-5908,51.90716004301779,894.3270590318945,Sector_D,2024-01-10,Warning: High Temp,0.7920113664833927,1
SHP-5909,45.246315631580615,25.13886106667748,Sector_A,2024-05-20,None,0.9814846576305722,0
SHP-5910,56.91408423414802,679.5994684151796,Sector_B,2024-06-04,Error: Pressure Drop,0.3246528799384787,1
SHP-5911,51.52336350157756,924.1133471054151,Sector_A,2024-05-27,Warning: High Temp,0.6969335677740642,1
SHP-5912,66.99712288998941,168.20222328724353,Sector_A,2024-09-05,Warning: High Temp,0.2870334368259081,0
SHP-5913,38.819683775502874,222.0901912596991,Sector_B,2024-06-29,Warning: High Temp,0.5242985650210431,0
SHP-5914,62.2692495956958,1926.699165597327,Sector_B,2024-02-02,None,0.4727636009420879,0
SHP-5915,70.55792790847129,112.03023569289734,Sector_A,2024-09-02,None,0.6921751998727521,1
SHP-5916,70.18120399854051,67.59615731763957,Sector_D,2024-12-18,None,0.31110787272796014,1
SHP-5917,56.29993003607464,3402.021158813656,Sector_A,2024-04-23,Warning: High Temp,0.08419194088519244,0
SHP-5918,53.54520574293611,428.6030355073103,Sector_B,2024-11-17,None,0.33064841425722524,0
SHP-5919,41.06003956797049,130.5044394635934,Sector_C,2024-07-19,None,0.6881512694632772,1
SHP-5920,65.47837790073699,1026.2610635235574,Sector_C,2024-05-22,Error: Pressure Drop,0.19407320998272481,0
SHP-5921,52.93607642621882,34.2821557011591,Sector_A,2024-10-13,None,0.39953234569335494,0
SHP-5922,50.19404420922804,1483.544595273549,Sector_A,2024-09-08,Error: Pressure Drop,0.7883231132392856,1
SHP-5923,57.08114439024774,251.9064287264363,Sector_C,2024-08-25,None,0.9067251140334355,1
SHP-5924,51.101979446828466,504.493284031973,Sector_B,2024-04-22,None,0.6149985501887935,0
SHP-5925,46.799820527786686,484.4487104017562,Sector_B,2024-05-25,None,0.9421514473755552,1
SHP-5926,46.524082931418036,2037.1806004751961,Sector_D,2024-09-15,None,0.17939824116722114,0
SHP-5927,36.941259106515616,2068.330906665979,Sector_D,2024-02-13,None,0.9745047296426709,0
SHP-5928,71.02772284070203,844.2988378412807,Sector_A,2024-02-23,None,0.7332836453508992,0
SHP-5929,57.29690384484599,2585.8359689369013,Sector_B,2024-05-15,None,0.14259128344905858,0
SHP-5930,56.148968721901255,908.8338993091312,Sector_A,2024-07-07,None,0.8294757013823933,0
SHP-5931,48.8469260459734,42.20425621138169,Sector_C,2024-06-02,None,0.3549999905520542,0
SHP-5932,43.23719959648157,577.7075335946106,Sector_D,2024-06-03,Error: Pressure Drop,0.48831998146952815,0
SHP-5933,49.126821634709394,161.92573011611972,Sector_C,2024-04-29,None,0.87231577830829,0
SHP-5934,37.20328103155853,153.11622523076002,Sector_A,2024-04-04,None,0.3166565414266025,1
SHP-5935,66.37871028876239,1795.286060435536,Sector_A,2024-02-01,Warning: High Temp,0.524270803702003,0
SHP-5936,53.799465583567134,50.775399231116005,Sector_A,2024-06-10,None,0.9040994274842791,1
SHP-5937,57.18266067254269,1603.598641287163,Sector_C,2024-08-03,None,0.7320438784150822,0
SHP-5938,52.79419681330716,1569.658497037649,Sector_A,2024-07-09,Error: Pressure Drop,0.7133138052473988,0
SHP-5939,65.43802650825107,1905.1354882869718,Sector_D,2024-02-10,None,0.03681284680801533,0
SHP-5940,54.19989341834676,13.022722629882374,Sector_A,2024-09-15,None,0.11236548322782924,0
SHP-5941,52.6285014245462,71.39282330118736,Sector_C,2024-07-01,None,0.7468443638141005,0
SHP-5942,42.14436522778046,384.18321157545734,Sector_C,2024-05-27,None,0.9096439183002467,0
SHP-5943,61.26834544857395,21.8067453984476,Sector_B,2024-09-27,Warning: High Temp,0.8976492267524795,0
SHP-5944,52.815737293441536,2463.0699005046276,Sector_D,2024-11-01,Warning: High Temp,0.19146617307581304,1
SHP-5945,62.726956409704556,1987.8544885831034,Sector_A,2024-01-16,Warning: High Temp,0.5478715153036755,1
SHP-5946,42.53724626412623,357.4134258714043,Sector_A,2024-12-16,None,0.3295604703287529,0
SHP-5947,41.151654980189925,282.81925500813867,Sector_B,2024-04-07,Warning: High Temp,0.5044088661030595,1
SHP-5948,73.28964644097469,63.48125394305372,Sector_D,2024-11-27,None,0.3892096795408595,0
SHP-5949,53.88978376551386,526.4712369573264,Sector_B,2024-08-22,Warning: High Temp,0.8837862854004429,1
SHP-5950,28.81626077422756,1621.8745565676572,Sector_C,2024-08-21,None,0.5820111658160885,1
SHP-5951,63.13802046670824,2318.938823875576,Sector_C,2024-12-15,None,0.0639856259014161,1
SHP-5952,60.601582724054566,698.6077387887467,Sector_B,2024-12-07,None,0.8730188364854355,1
SHP-5953,38.35247823357492,1021.2719562603414,Sector_D,2024-06-28,None,0.336037517596266,0
SHP-5954,47.37202751220536,256.1427279048909,Sector_D,2024-08-12,Warning: High Temp,0.4928156292698902,1
SHP-5955,38.393509738812824,160.3433266514937,Sector_B,2024-12-15,None,0.025926592769195178,1
SHP-5956,49.82774679771489,27.59166700342883,Sector_A,2024-04-12,None,0.21111227630818075,1
SHP-5957,33.876409069971544,313.16934463676074,Sector_D,2024-09-24,None,0.09530442176455955,1
SHP-5958,61.99952065429001,374.00536778283237,Sector_C,2024-05-08,None,0.8531462939811121,1
SHP-5959,47.40163228574414,1201.5666125647292,Sector_C,2024-03-03,Warning: High Temp,0.7683805081783792,0
SHP-5960,52.550329415914575,1824.3725691015372,Sector_D,2024-04-06,None,0.34595747469834026,1
SHP-5961,55.67851570697689,886.4011836585228,Sector_D,2024-06-06,None,0.3457981319688418,1
SHP-5962,59.077521328854075,662.4154447117184,Sector_B,2024-01-09,None,0.2648122373571141,1
SHP-5963,45.7369830377125,272.23862937181707,Sector_A,2024-08-06,None,0.0013651188942849224,1
SHP-5964,46.548657838448335,425.0055324444931,Sector_D,2024-03-08,None,0.3337810670346666,1
SHP-5965,61.22947304473983,1169.996107246217,Sector_D,2024-10-29,Error: Pressure Drop,0.6235405816452088,0
SHP-5966,43.86244547038782,1321.7831800440322,Sector_D,2024-02-23,Error: Pressure Drop,0.5658390210144097,0
SHP-5967,32.56650803539742,1458.1457625847465,Sector_D,2024-08-07,None,0.9036184497106545,1
SHP-5968,61.00433024906857,196.61430599192195,Sector_D,2024-03-30,Warning: High Temp,0.20085541541574936,0
SHP-5969,54.30665304074234,2171.1675509580837,Sector_C,2024-04-08,Warning: High Temp,0.25711012256228905,0
SHP-5970,70.28034561410067,253.91245783901505,Sector_A,2024-10-15,Error: Pressure Drop,0.028041534857187855,1
SHP-5971,52.49445370349934,198.24599845042064,Sector_C,2024-04-08,None,0.8515821253005819,1
SHP-5972,48.656279803788365,307.2407131714946,Sector_B,2024-07-12,None,0.44812767628671213,1
SHP-5973,49.80050326190545,1256.9293546671142,Sector_D,2024-02-18,None,0.4602723176716449,0
SHP-5974,65.932339927453,22.083372169871687,Sector_C,2024-11-26,None,0.4994825986141077,0
SHP-5975,16.13038620666987,3798.188553209096,Sector_B,2024-03-28,None,0.9866710458625269,1
SHP-5976,49.575063447319366,1556.1313394005979,Sector_A,2024-08-24,None,0.12833551358788498,0
SHP-5977,68.0542951966102,3645.9200350704537,Sector_D,2024-08-03,None,0.8253633516081081,1
SHP-5978,46.44629953478045,1561.1430158143141,Sector_A,2024-03-12,None,0.08974835947834847,1
SHP-5979,60.861900228884814,263.4959898384426,Sector_C,2024-11-27,Error: Pressure Drop,0.9918397713084316,0
SHP-5980,55.55394969380712,162.66214362399404,Sector_C,2024-03-28,Error: Pressure Drop,0.5272031660405553,0
SHP-5981,46.44031626779757,233.19747349894286,Sector_C,2024-01-31,None,0.25841433744566655,1
SHP-5982,44.126659641898804,119.03796940290776,Sector_B,2024-09-09,None,0.23461893815720902,0
SHP-5983,43.38715231539694,1391.5683878024627,Sector_C,2024-10-29,Warning: High Temp,0.8225214054543332,1
SHP-5984,59.519912309859755,127.42430750317271,Sector_C,2024-02-23,None,0.4772708317308879,0
SHP-5985,53.39703361158686,152.42309488994147,Sector_D,2024-04-21,None,0.11275456521465177,1
SHP-5986,50.66251220125379,605.9314576188232,Sector_D,2024-05-14,None,0.4299416503888971,0
SHP-5987,55.78736206314686,623.4778198589248,Sector_A,2024-07-20,None,0.5941781779965858,1
SHP-5988,51.12197127467692,2581.789968023818,Sector_C,2024-01-28,Error: Pressure Drop,0.5192695961937611,0
SHP-5989,30.495617617795713,682.3770574211719,Sector_A,2024-02-09,Error: Pressure Drop,0.9517409925476217,1
SHP-5990,55.65136301261956,556.629718494097,Sector_C,2024-10-07,None,0.5539648720231891,1
SHP-5991,73.18008961914987,267.9721412289545,Sector_A,2024-06-29,None,0.4060768721868496,0
SHP-5992,46.8906193457585,286.69562343106435,Sector_C,2024-01-16,None,0.8262527529802082,1
SHP-5993,65.63751037602171,159.68864702883002,Sector_C,2024-06-25,Warning: High Temp,0.8024254408558349,0
SHP-5994,35.64835406658113,487.21260002649353,Sector_C,2024-09-08,None,0.46920643640331605,1
SHP-5995,37.58371857984585,1144.5574847066268,Sector_D,2024-03-19,None,0.21963470761466797,1
SHP-5996,68.7860376265435,1246.3528291314065,Sector_A,2024-04-26,None,0.1400847184108761,1
SHP-5997,53.120092173158326,1070.143404222296,Sector_D,2024-02-06,None,0.039265866234744484,1
SHP-5998,56.34645503958515,1047.7011017309121,Sector_C,2024-11-16,None,0.20035289473180729,0
SHP-5999,28.493440626150303,932.9720695407856,Sector_A,2024-07-30,Warning: High Temp,0.31656599600473945,0
SHP-6000,66.86446416453484,1206.5823697844883,Sector_A,2024-11-16,None,0.34040238390363853,0
SHP-6001,34.634238762991195,403.2592456929198,Sector_A,2024-11-14,None,0.731072484454459,1
SHP-6002,44.38733501712418,1022.6645329618127,Sector_D,2024-03-19,None,0.6776861629963725,0
SHP-6003,44.31899817830458,526.0397076494152,Sector_C,2024-02-23,None,0.39418215137686674,0
SHP-6004,49.56045538639016,605.5847880320905,Sector_A,2024-07-09,Warning: High Temp,0.11233157731430077,0
SHP-6005,50.28139919420576,968.9669524346165,Sector_C,2024-03-05,Error: Pressure Drop,0.24006148619128176,1
SHP-6006,43.686525304400284,2506.6085131486593,Sector_B,2024-06-10,Warning: High Temp,0.6841258988097509,0
SHP-6007,57.77624248719927,489.1344346456136,Sector_A,2024-12-28,None,0.5857363368443026,0
SHP-6008,59.835886378374,1644.8102439595502,Sector_C,2024-09-20,None,0.6710593584821506,1
SHP-6009,28.342926051695343,186.75496051448084,Sector_B,2024-10-23,None,0.3639853273457967,0
SHP-6010,70.05890800761657,1166.5045157053275,Sector_B,2024-06-06,None,0.09077317107756366,1
SHP-6011,39.0754253311069,5888.189288066415,Sector_B,2024-07-03,None,0.3186223566076841,1
SHP-6012,49.908977614528936,1060.2809736040201,Sector_B,2024-12-30,None,0.08787539943975098,0
SHP-6013,51.47750321769361,585.850935164543,Sector_A,2024-03-12,Warning: High Temp,0.20286261767761204,0
SHP-6014,34.089887381531945,442.4953917521902,Sector_C,2024-01-15,None,0.20996372019674414,0
SHP-6015,55.28876168514638,343.91964512630796,Sector_A,2024-12-04,Error: Pressure Drop,0.8530854900898455,0
SHP-6016,57.229738928648985,1801.7005373077247,Sector_B,2024-11-10,None,0.5235308759721286,1
SHP-6017,46.415673130934785,615.277532799942,Sector_D,2024-05-05,None,0.7291964734616011,1
SHP-6018,37.68722587050407,303.5625829937559,Sector_D,2024-01-16,None,0.15691592349821049,0
SHP-6019,50.14356333969949,1596.3133491051467,Sector_A,2024-03-13,None,0.39546308957950493,0
SHP-6020,54.29572197507499,342.34122390131364,Sector_B,2024-05-16,None,0.7844190125830584,0
SHP-6021,44.28855480684022,76.1907482641362,Sector_D,2024-05-06,Error: Pressure Drop,0.394957660071781,1
SHP-6022,61.94096532487284,598.6498936794052,Sector_A,2024-12-09,Error: Pressure Drop,0.5989581793168419,1
SHP-6023,33.01138970425539,2092.1180060916136,Sector_C,2024-09-08,Error: Pressure Drop,0.09215895283318021,1
SHP-6024,46.27541260579151,39.8536615583258,Sector_A,2024-08-16,None,0.8259142317835184,0
SHP-6025,67.29910938153515,183.5348701336012,Sector_D,2024-12-28,None,0.7593442980118189,1
SHP-6026,46.79712315384857,700.4495711982486,Sector_C,2024-12-29,Error: Pressure Drop,0.3884200962569889,0
SHP-6027,49.059036665823385,990.2003129876596,Sector_D,2024-06-30,None,0.9797382773532877,0
SHP-6028,42.80830754192422,204.31119503915028,Sector_D,2024-03-17,None,0.4384342444937066,1
SHP-6029,54.207907736223454,1038.6488407909626,Sector_B,2024-01-25,None,0.6094681092381772,1
SHP-6030,52.05725861395071,78.56569426133358,Sector_D,2024-06-23,Error: Pressure Drop,0.5121736789722263,0
SHP-6031,52.19817557639804,2192.2069535646415,Sector_C,2024-03-17,None,0.2799422063442969,0
SHP-6032,41.31110467443733,1808.7751841669324,Sector_B,2024-12-18,None,0.44769947952748046,0
SHP-6033,48.82530601606103,232.09246869290666,Sector_C,2024-07-17,Warning: High Temp,0.5019705401656541,1
SHP-6034,55.89056029437819,920.0691181449155,Sector_A,2024-11-12,None,0.37769243286752807,1
SHP-6035,48.40271391008826,1476.1736693838513,Sector_B,2024-04-07,Warning: High Temp,0.29571202912166983,1
SHP-6036,55.750698421166305,155.2833764271476,Sector_C,2024-09-30,None,0.7391536848681909,0
SHP-6037,49.388133307074575,52.273419057467386,Sector_D,2024-12-22,Warning: High Temp,0.15754758247138134,0
SHP-6038,53.06612457660802,259.7465163067021,Sector_A,2024-10-12,Warning: High Temp,0.7160637220715266,1
SHP-6039,61.19045480238516,2810.656122308339,Sector_A,2024-12-25,None,0.8983636285735348,1
SHP-6040,49.868927763657204,701.1440658419871,Sector_C,2024-06-24,None,0.8777748087128657,0
SHP-6041,52.20000281054084,814.1918709931625,Sector_A,2024-03-24,None,0.39526921705979046,1
SHP-6042,62.52116726410383,1290.3787094604033,Sector_C,2024-03-02,None,0.21961082899001616,0
SHP-6043,39.190383073037566,217.09886377115697,Sector_C,2024-06-30,None,0.8600358222382295,0
SHP-6044,53.461355717593946,690.878544377185,Sector_A,2024-06-06,None,0.4487213570905608,1
SHP-6045,60.802618971900465,592.7199134915757,Sector_C,2024-02-02,None,0.3359381141972754,0
SHP-6046,69.13900362607045,563.0607500597952,Sector_C,2024-09-06,Error: Pressure Drop,0.900027838737805,0
SHP-6047,45.760269961900946,3123.0962956692765,Sector_B,2024-12-09,Error: Pressure Drop,0.11478710116561086,1
SHP-6048,64.16052636289054,2370.468411294491,Sector_B,2024-04-21,Warning: High Temp,0.18403478550466434,1
SHP-6049,35.93877118508147,1820.1295813598817,Sector_A,2024-06-14,Error: Pressure Drop,0.4501674851955142,0
SHP-6050,63.60980269402896,274.39467795707026,Sector_D,2024-11-06,None,0.44204288909501255,1
SHP-6051,39.106683250677484,2771.1605762132353,Sector_A,2024-10-06,None,0.13700162472401556,1
SHP-6052,54.85416644201817,911.8738748337463,Sector_C,2024-08-19,None,0.2890794907768356,0
SHP-6053,52.348058866336046,174.94594896573003,Sector_D,2024-11-10,None,0.3675601373564893,1
SHP-6054,49.442720664786044,169.83167280741282,Sector_B,2024-10-26,None,0.7273225838690468,0
SHP-6055,54.56431986674216,236.79260686769595,Sector_C,2024-07-31,None,0.9898074187804967,0
SHP-6056,41.094296999399674,290.4248965977427,Sector_C,2024-12-09,Warning: High Temp,0.9553818941808466,1
SHP-6057,41.00640230358312,2737.3213600540075,Sector_B,2024-03-13,Warning: High Temp,0.668741262961611,0
SHP-6058,38.93438072095718,1266.173970711961,Sector_D,2024-11-15,Error: Pressure Drop,0.30165617305454206,1
SHP-6059,46.122736491451185,2809.58855274344,Sector_A,2024-04-02,Error: Pressure Drop,0.5544858224251981,1
SHP-6060,50.41650919768527,532.8320096445281,Sector_A,2024-04-13,None,0.41578747533297533,0
SHP-6061,49.11559604476988,448.25168695251716,Sector_D,2024-06-13,Warning: High Temp,0.01164008703834607,1
SHP-6062,49.435509504499045,1825.451444166532,Sector_D,2024-09-06,Error: Pressure Drop,0.33105169631507114,1
SHP-6063,38.41756792227142,620.0519181869582,Sector_D,2024-11-14,None,0.3729812657281544,0
SHP-6064,63.042665769513434,64.73232323122478,Sector_B,2024-10-24,None,0.17634555706148325,0
SHP-6065,50.18104672033569,127.94057960926517,Sector_C,2024-01-21,None,0.031087707968639133,0
SHP-6066,45.518680432835325,1145.288277863046,Sector_A,2024-01-16,None,0.4502212786382006,1
SHP-6067,45.609257063965764,1962.154045983937,Sector_B,2024-02-10,Error: Pressure Drop,0.006148059668523165,1
SHP-6068,57.37807023914281,448.2261513737551,Sector_A,2024-07-28,Warning: High Temp,0.8887274203089175,0
SHP-6069,52.09647719645907,515.5151681584326,Sector_C,2024-05-26,None,0.11184820617068714,0
SHP-6070,32.505489724671385,230.44719050707357,Sector_A,2024-08-15,None,0.7201226194894961,1
SHP-6071,42.802067870063354,4671.496060567239,Sector_C,2024-01-29,None,0.5273300619421719,0
SHP-6072,29.876940612353767,125.51987392087055,Sector_C,2024-01-30,None,0.8730922943267282,0
SHP-6073,61.88047638350013,979.1899348203426,Sector_C,2024-05-17,None,0.2767264795698968,1
SHP-6074,42.71765065114712,810.7494639707818,Sector_C,2024-09-15,None,0.8257985943584335,0
SHP-6075,56.21708623425546,69.93856367049058,Sector_C,2024-08-26,Error: Pressure Drop,0.9404954132435316,1
SHP-6076,51.985946772180625,1162.0056479942784,Sector_A,2024-06-15,None,0.3346529978719013,0
SHP-6077,53.230089654183075,1160.3718631516417,Sector_D,2024-01-14,Error: Pressure Drop,0.03220160070195832,0
SHP-6078,51.90468033870226,2199.3422402564147,Sector_A,2024-12-31,Warning: High Temp,0.8470145803103528,1
SHP-6079,64.65210269718155,2782.1454883665983,Sector_A,2024-03-29,None,0.22632868511296012,1
SHP-6080,57.90990349746656,3263.441565374215,Sector_D,2024-01-07,None,0.4927571570141446,0
SHP-6081,53.65452560455746,349.4219754212668,Sector_D,2024-12-17,Error: Pressure Drop,0.5666717877625671,0
SHP-6082,64.35280461350624,119.91306745516331,Sector_A,2024-04-01,None,0.7431732640541389,0
SHP-6083,59.050559926223904,81.19532116979009,Sector_D,2024-09-29,None,0.4273880157490343,1
SHP-6084,42.58802413925353,338.96962197447414,Sector_B,2024-11-16,None,0.7020346135911522,0
SHP-6085,42.999809218757854,682.6633321586911,Sector_D,2024-09-09,Warning: High Temp,0.5976246163052112,1
SHP-6086,32.48395529137913,840.6369902889929,Sector_D,2024-07-30,None,0.3038835053382256,1
SHP-6087,36.73738664790955,293.25955649831786,Sector_C,2024-07-18,Warning: High Temp,0.4186228480641012,1
SHP-6088,67.74594115909946,1692.4159011282782,Sector_C,2024-05-13,Warning: High Temp,0.6325920648076526,1
SHP-6089,34.91249857464429,307.91426115487565,Sector_D,2024-07-08,None,0.7691969600951706,0
SHP-6090,46.36645084254536,1067.5549791044546,Sector_B,2024-03-29,None,0.22506006092792852,1
SHP-6091,66.89090441522355,523.3676901880731,Sector_D,2024-07-16,None,0.06404444303939139,1
SHP-6092,55.21196124178996,888.8028278785984,Sector_D,2024-03-15,Warning: High Temp,0.7271300203744354,0
SHP-6093,73.96083896698423,11.98570228061877,Sector_A,2024-09-13,None,0.19829759236264077,0
SHP-6094,50.926645748049026,6.2714895803408695,Sector_A,2024-08-05,None,0.8848008973292498,0
SHP-6095,41.868110779666296,700.2160406223297,Sector_D,2024-07-06,Error: Pressure Drop,0.37605558362655367,1
SHP-6096,51.45623206365018,689.5027673044642,Sector_A,2024-04-22,None,0.7684172192392474,0
SHP-6097,43.024983307605304,203.30217061639615,Sector_D,2024-05-31,None,0.2694767844862218,1
SHP-6098,53.2624197616315,2145.9878434174893,Sector_D,2024-07-21,Warning: High Temp,0.6123582407265051,1
SHP-6099,43.875914683808105,506.88824661147856,Sector_C,2024-08-21,None,0.21327055780024973,0
SHP-6100,64.55315037253789,250.5370732950104,Sector_A,2024-03-20,None,0.43206759602393463,1
SHP-6101,41.89068289981904,350.8512929311353,Sector_C,2024-04-15,None,0.7213500976813143,1
SHP-6102,57.98822667356866,90.83137080592233,Sector_B,2024-05-30,None,0.806136496965393,1
SHP-6103,43.76460699147564,2020.7016646599172,Sector_B,2024-04-24,None,0.6204870834283872,1
SHP-6104,49.14184688706878,600.5994041378931,Sector_C,2024-11-11,None,0.5879228663817719,0
SHP-6105,48.39847375960223,480.0638451312603,Sector_D,2024-03-25,None,0.203525919435119,0
SHP-6106,49.95937347375569,642.8767912851771,Sector_D,2024-11-13,Warning: High Temp,0.010025242213242636,1
SHP-6107,55.5128846059323,362.2231969587788,Sector_B,2024-07-07,Warning: High Temp,0.21011030330167846,0
SHP-6108,65.93705434044422,786.8906332197168,Sector_B,2024-09-08,None,0.18873410578285232,1
SHP-6109,52.84246160916475,211.27695416696176,Sector_A,2024-07-03,None,0.7771164988115128,1
SHP-6110,33.07295197937592,341.3754782250364,Sector_C,2024-03-28,None,0.02820254928307997,0
SHP-6111,51.18508613701806,26.279513867216718,Sector_A,2024-10-24,Warning: High Temp,0.4986434689460949,0
SHP-6112,54.000941556169636,130.99597775292227,Sector_C,2024-03-17,None,0.33737440125827656,0
SHP-6113,39.42160056077349,95.23937069948083,Sector_B,2024-05-25,None,0.23670419680066013,1
SHP-6114,55.13923746848228,3150.0218270627406,Sector_C,2024-03-29,None,0.7448906368001785,1
SHP-6115,49.182430434305026,1617.3968293183225,Sector_B,2024-11-24,None,0.25710451353685426,1
SHP-6116,46.793951191638406,2757.02736153045,Sector_C,2024-12-29,Error: Pressure Drop,0.26008574064831413,1
SHP-6117,51.81125105870384,2127.4428208479494,Sector_B,2024-04-22,Error: Pressure Drop,0.8241673567729413,0
SHP-6118,51.53220633457746,1872.7611389420363,Sector_B,2024-11-03,Warning: High Temp,0.4599254035593957,0
SHP-6119,62.47173485998831,1601.3189094036813,Sector_A,2024-05-13,Warning: High Temp,0.6835542124126694,1
SHP-6120,40.66588242964993,779.6047538886345,Sector_B,2024-08-30,None,0.9955663479124546,1
SHP-6121,56.574077674013964,1382.7855483681944,Sector_D,2024-08-19,Warning: High Temp,0.707870386363772,0
SHP-6122,55.96628916573904,1163.322647478984,Sector_A,2024-09-21,Warning: High Temp,0.6116762937713759,0
SHP-6123,64.34373487497629,944.5368521722136,Sector_A,2024-12-14,Error: Pressure Drop,0.3610548224253104,0
SHP-6124,56.15325665840257,1981.388554473295,Sector_C,2024-02-10,None,0.24265197033335206,1
SHP-6125,47.90447148683637,3844.188897194066,Sector_A,2024-03-10,None,0.1450048202690395,0
SHP-6126,49.39695391564866,2783.058881364407,Sector_D,2024-10-16,None,0.6780206962249831,1
SHP-6127,41.23385271838494,246.47564697714733,Sector_C,2024-10-04,Error: Pressure Drop,0.9628953757423742,1
SHP-6128,52.618591775929296,516.1107024637885,Sector_B,2024-08-24,None,0.5435236017151436,1
SHP-6129,38.88749907967041,117.58030366039004,Sector_B,2024-06-02,None,0.42092766652679015,0
SHP-6130,54.56805591649142,156.3822298807924,Sector_C,2024-07-20,None,0.9547735672457669,1
SHP-6131,48.71976713737648,672.3309806536231,Sector_C,2024-11-29,None,0.2801736072495149,0
SHP-6132,49.78881630728853,775.469352835928,Sector_B,2024-03-21,None,0.3065075662505997,1
SHP-6133,56.26566079812101,708.2777250612579,Sector_D,2024-08-11,None,0.7361265119075778,1
SHP-6134,55.8830067232948,2249.1495731677137,Sector_D,2024-02-14,None,0.38266852063075407,1
SHP-6135,45.830276897702085,1788.9633725615474,Sector_A,2024-04-20,Warning: High Temp,0.6152892459895496,0
SHP-6136,41.10561014627415,1064.4857158905224,Sector_A,2024-05-15,None,0.6140296264498256,1
SHP-6137,50.96831089909093,288.6769929372006,Sector_B,2024-09-03,Error: Pressure Drop,0.35768431084791985,1
SHP-6138,51.9489195922212,1434.4248709367155,Sector_D,2024-06-23,Warning: High Temp,0.47906691974850957,1
SHP-6139,42.59278532530605,168.22755144753071,Sector_C,2024-02-29,None,0.997313330077787,0
SHP-6140,56.04327054361355,404.7929104703422,Sector_B,2024-08-19,None,0.9201738297487306,0
SHP-6141,51.05459393412953,840.0448007403427,Sector_A,2024-11-20,Warning: High Temp,0.07608270392061789,0
SHP-6142,41.25213136169754,800.0645463407757,Sector_B,2024-10-08,Error: Pressure Drop,0.32795308932670697,1
SHP-6143,41.90559591850718,224.81678104760104,Sector_D,2024-05-24,None,0.8123805059442996,0
SHP-6144,62.40183884690045,1766.6322539626647,Sector_B,2024-08-02,None,0.06484525452307544,1
SHP-6145,31.580853148042483,41.39344124574616,Sector_D,2024-08-31,None,0.6860384633214621,1
SHP-6146,45.037072279373874,135.43129830473032,Sector_B,2024-01-21,None,0.6434843572456175,0
SHP-6147,66.35649025679977,888.9669128270284,Sector_A,2024-02-17,None,0.44845389979015804,0
SHP-6148,55.49792495331329,600.3616052295694,Sector_A,2024-02-15,None,0.23512844052816229,1
SHP-6149,46.61155832296502,28.922148747345577,Sector_C,2024-06-14,None,0.03430666670015392,1
SHP-6150,73.25575333596018,5929.009580746385,Sector_C,2024-10-30,None,0.03747391981252368,0
SHP-6151,56.26435982521988,5423.145309363464,Sector_D,2024-09-20,None,0.9590162050630266,0
SHP-6152,46.086003440439704,458.0979020743262,Sector_A,2024-08-03,None,0.9039060877572475,0
SHP-6153,56.28800629992037,13.005992441078332,Sector_C,2024-06-14,Warning: High Temp,0.41137094810063146,0
SHP-6154,43.54017863624473,980.2365750091095,Sector_D,2024-09-06,None,0.7298322891072813,0
SHP-6155,47.97410141264103,128.2684333286327,Sector_A,2024-01-04,Warning: High Temp,0.8960571564521878,0
SHP-6156,47.53967091011218,3190.7042927034486,Sector_D,2024-08-02,Warning: High Temp,0.5564590835662907,0
SHP-6157,35.13447347041239,563.2953080378206,Sector_A,2024-11-02,Error: Pressure Drop,0.04918129624647727,0
SHP-6158,41.75681748968755,1597.5895406404009,Sector_A,2024-03-28,Warning: High Temp,0.8183332387999307,1
SHP-6159,47.09376637003576,645.3161058927233,Sector_B,2024-05-01,Error: Pressure Drop,0.7281870373635573,1
SHP-6160,40.63053541405909,179.77624806999705,Sector_D,2024-01-25,Error: Pressure Drop,0.8253635547402925,0
SHP-6161,81.74926342251685,673.7247581487799,Sector_B,2024-05-16,Warning: High Temp,0.8827224231306848,0
SHP-6162,58.32834514757911,2032.031376325699,Sector_C,2024-07-01,None,0.29954147343086135,0
SHP-6163,34.845360051564406,860.0746796699318,Sector_A,2024-03-01,None,0.8471835861085559,1
SHP-6164,57.89799042498466,1626.1959807158917,Sector_D,2024-03-11,None,0.953057803767732,0
SHP-6165,41.41215907852994,1848.96097402468,Sector_D,2024-01-31,Warning: High Temp,0.8647030127763435,1
SHP-6166,47.85248948905602,148.42678480649252,Sector_D,2024-01-19,None,0.9847322039782074,0
SHP-6167,56.71960199980678,1235.7984300350613,Sector_C,2024-07-23,None,0.6351036779093923,1
SHP-6168,47.44777008303515,158.18554349549933,Sector_D,2024-10-06,Error: Pressure Drop,0.40720296151062496,0
SHP-6169,66.66712942906906,674.1129203103498,Sector_A,2024-10-23,None,0.31775463592164366,0
SHP-6170,57.076247002461926,761.6318185980081,Sector_A,2024-01-27,Warning: High Temp,0.9114615636885625,1
SHP-6171,48.90198225048537,672.6529046393155,Sector_A,2024-05-31,None,0.18713411646282763,1
SHP-6172,60.250460358035625,361.5823462355134,Sector_C,2024-06-19,Error: Pressure Drop,0.4774119507728123,0
SHP-6173,49.46606837003328,2680.229666075229,Sector_C,2024-12-26,None,0.23668679219443522,1
SHP-6174,47.731586826692514,561.3905293075306,Sector_A,2024-02-08,None,0.9020050280542165,1
SHP-6175,47.13708680577192,1309.5886724940874,Sector_C,2024-08-11,Warning: High Temp,0.5666529797786801,1
SHP-6176,52.55681215508268,556.120220811546,Sector_D,2024-09-24,None,0.8303403967168489,1
SHP-6177,46.19128055109961,635.4168414204169,Sector_C,2024-10-25,Error: Pressure Drop,0.27636931721590374,0
SHP-6178,45.70618921061044,361.84091821862324,Sector_C,2024-07-10,Warning: High Temp,0.9684350760155801,1
SHP-6179,53.152657406027416,322.2884211184923,Sector_B,2024-08-19,None,0.8345367744573392,0
SHP-6180,61.25344493365227,201.12662755080024,Sector_A,2024-04-29,Warning: High Temp,0.4622582920585251,1
SHP-6181,59.172385039724574,56.57780080446972,Sector_C,2024-04-08,None,0.9741170581330926,1
SHP-6182,32.182310711592095,1340.2259317233593,Sector_D,2024-06-19,None,0.638917093770183,0
SHP-6183,49.4744896741104,296.44296936177386,Sector_A,2024-04-09,None,0.21182737802295126,1
SHP-6184,54.04992393030958,4893.182379039121,Sector_C,2024-01-03,Error: Pressure Drop,0.08691502233177772,0
SHP-6185,51.87125041565379,2310.459701117232,Sector_A,2024-01-17,None,0.08593245748604739,1
SHP-6186,58.584547949526446,1231.8706288032017,Sector_B,2024-02-24,Error: Pressure Drop,0.28478730630240645,1
SHP-6187,43.60066853244713,1615.2290713080813,Sector_B,2024-03-14,Error: Pressure Drop,0.6712094337401815,0
SHP-6188,46.91808524617623,1844.865890182559,Sector_A,2024-01-15,None,0.0538624359592077,0
SHP-6189,44.66894685768707,537.1654746638502,Sector_A,2024-02-16,None,0.4754141079409644,0
SHP-6190,50.895813964686155,684.5052214957232,Sector_C,2024-09-29,Error: Pressure Drop,0.6333462878501338,1
SHP-6191,49.317839978158894,129.29150748176485,Sector_B,2024-08-10,Error: Pressure Drop,0.3337242889608528,0
SHP-6192,45.728906286381054,262.4290089382431,Sector_C,2024-02-29,None,0.05893047121160355,0
SHP-6193,49.65251290653737,386.10113695017924,Sector_B,2024-03-08,None,0.060175311153329525,0
SHP-6194,45.425081290266675,49.64309628996312,Sector_C,2024-06-01,Warning: High Temp,0.8013043199864157,0
SHP-6195,33.34139913245642,986.9577120874613,Sector_B,2024-02-21,None,0.25568633083610104,0
SHP-6196,47.835903728863094,1107.2012229239683,Sector_D,2024-04-05,None,0.8405272959990107,1
SHP-6197,45.92601648287971,149.58482332686748,Sector_A,2024-08-14,Warning: High Temp,0.3249187388416396,0
SHP-6198,45.24164471537987,84.50209561625717,Sector_A,2024-04-13,Warning: High Temp,0.9348734860761039,1
SHP-6199,43.03035152041852,1791.4463341180685,Sector_B,2024-07-23,Warning: High Temp,0.9952509441967848,1
SHP-6200,33.727766805469145,1903.6933562786185,Sector_B,2024-05-12,Warning: High Temp,0.7977210407742847,1
SHP-6201,46.69762768459324,670.9853287712267,Sector_D,2024-12-17,Error: Pressure Drop,0.5985575165738202,0
SHP-6202,49.20313555371023,3427.0563265876012,Sector_D,2024-01-11,Error: Pressure Drop,0.03517131306335386,0
SHP-6203,40.581612954929554,554.3179393158389,Sector_D,2024-04-20,Error: Pressure Drop,0.5713451986168244,1
SHP-6204,56.7331162995006,61.83326442047525,Sector_B,2024-05-27,Error: Pressure Drop,0.05118624643662384,1
SHP-6205,45.09815691597745,611.4954472385443,Sector_D,2024-11-08,None,0.8861767693645333,0
SHP-6206,56.91944432851571,1356.72998533612,Sector_A,2024-06-24,None,0.23055495115145874,0
SHP-6207,37.78620882694158,1717.2613464499261,Sector_D,2024-05-27,None,0.6419143378186654,1
SHP-6208,54.813267337681054,1621.1779116047967,Sector_B,2024-05-18,Error: Pressure Drop,0.47395524428747915,1
SHP-6209,64.74421716216115,41.179602689328966,Sector_B,2024-07-20,None,0.5484726129553193,0
SHP-6210,46.650247224448606,4091.948670990579,Sector_A,2024-08-19,None,0.3919123249129258,1
SHP-6211,64.44972133048492,52.54190106078543,Sector_C,2024-05-10,None,0.25724159718700335,1
SHP-6212,36.945761076431154,91.4623889993918,Sector_B,2024-05-26,Warning: High Temp,0.0445657626649727,1
SHP-6213,48.49989991334514,123.59045196402298,Sector_C,2024-10-03,None,0.5242064166889637,0
SHP-6214,42.62358844248044,2799.2571663558274,Sector_D,2024-03-20,Warning: High Temp,0.048225551672216094,0
SHP-6215,61.14841629294253,666.1421045848116,Sector_C,2024-08-24,None,0.920622280352159,0
SHP-6216,45.561056410254466,1538.2725605399812,Sector_A,2024-04-18,None,0.8257750270327924,1
SHP-6217,50.160744242754156,150.60895087046464,Sector_A,2024-02-12,Warning: High Temp,0.9495109589463341,1
SHP-6218,42.47809160483351,444.7393653420396,Sector_D,2024-09-04,None,0.6258782779055817,1
SHP-6219,57.102102440630546,897.5765568952334,Sector_D,2024-10-30,Error: Pressure Drop,0.8861604331599491,1
SHP-6220,54.356211807986725,1593.1602346181742,Sector_B,2024-07-11,Warning: High Temp,0.09098680087951838,1
SHP-6221,49.45653351833453,3083.9186905171696,Sector_C,2024-09-21,None,0.3445744070668728,0
SHP-6222,53.59043462555819,3227.2495353707914,Sector_C,2024-01-17,None,0.8404797389871975,0
SHP-6223,51.714062369995844,886.5162261855473,Sector_A,2024-06-24,None,0.1258393972237165,0
SHP-6224,52.32383451164334,2618.1580942044193,Sector_A,2024-12-08,Error: Pressure Drop,0.3439623837796878,1
SHP-6225,53.269125234455906,9.161619286466127,Sector_B,2024-01-29,None,0.37886616974955956,0
SHP-6226,56.58532148858831,2472.4813354628577,Sector_A,2024-02-08,None,0.6817990626698986,0
SHP-6227,43.999491371322804,286.282059458406,Sector_B,2024-11-13,None,0.2322812158781068,0
SHP-6228,53.14385348816159,260.7312039063248,Sector_D,2024-09-13,None,0.7147596520931032,0
SHP-6229,49.71985239478834,3235.5298419285045,Sector_A,2024-12-31,None,0.15403188694896364,1
SHP-6230,32.25505191642299,2604.65051903145,Sector_B,2024-02-11,Error: Pressure Drop,0.5413355791025569,0
SHP-6231,45.97058644966374,1113.601017678799,Sector_D,2024-10-05,Error: Pressure Drop,0.6203170527763688,1
SHP-6232,45.58847154569901,1143.159552696772,Sector_D,2024-01-25,Error: Pressure Drop,0.42955532964037213,0
SHP-6233,45.319743778108865,26.064892355918236,Sector_D,2024-08-15,Error: Pressure Drop,0.23197878276742334,0
SHP-6234,50.5915136859503,3009.638339797097,Sector_B,2024-06-19,None,0.9362569814741194,0
SHP-6235,55.161722474170865,636.9091989769203,Sector_A,2024-05-31,None,0.284306774561247,0
SHP-6236,41.957718398272185,25.26741065465485,Sector_A,2024-05-06,Error: Pressure Drop,0.8720164895013829,1
SHP-6237,34.947136354859246,322.54214939830325,Sector_B,2024-08-15,Error: Pressure Drop,0.6943567185936438,0
SHP-6238,43.97050828672694,526.6416790316429,Sector_B,2024-11-11,None,0.6489757817232962,0
SHP-6239,58.175927062383664,55.929487914289176,Sector_D,2024-02-28,None,0.9641365464266255,1
SHP-6240,43.02679147276573,279.8445254403065,Sector_B,2024-07-11,None,0.18344043157771217,1
SHP-6241,61.514661790281636,489.10712788309087,Sector_C,2024-07-05,Warning: High Temp,0.44990868491698977,0
SHP-6242,61.92797921785005,422.4367877614472,Sector_B,2024-08-28,None,0.8632479448924584,0
SHP-6243,51.29393104688598,639.7545787907793,Sector_B,2024-09-13,Warning: High Temp,0.7800645912546453,1
SHP-6244,35.89543540688076,1131.708898626759,Sector_D,2024-06-05,Error: Pressure Drop,0.17477756034805414,1
SHP-6245,41.133321115859395,1583.4131938734688,Sector_C,2024-10-13,Warning: High Temp,0.23628080951696728,0
SHP-6246,59.0563835461266,797.1864436542844,Sector_A,2024-04-03,None,0.2562369548341026,1
SHP-6247,46.43449468554578,198.02476564137197,Sector_B,2024-07-03,None,0.3736202969877058,0
SHP-6248,38.440313076415514,916.272684666881,Sector_B,2024-12-20,Warning: High Temp,0.6027511713561045,1
SHP-6249,45.53672207948774,1282.8392858149048,Sector_C,2024-01-16,None,0.4681704302595433,1
SHP-6250,55.194534150389636,673.7484957036936,Sector_B,2024-05-15,Error: Pressure Drop,0.7223816167627315,1
SHP-6251,48.34185748090822,3443.579812456464,Sector_A,2024-03-28,None,0.5897875679970414,1
SHP-6252,59.42766885510219,1298.884491336741,Sector_C,2024-07-30,None,0.8196453304388551,0
SHP-6253,33.08313588745116,1026.7697072113738,Sector_C,2024-12-06,None,0.8720896173061554,0
SHP-6254,47.41974464483222,17.306959353147054,Sector_C,2024-11-24,Error: Pressure Drop,0.742500427082095,1
SHP-6255,70.46106260372993,234.03215874909964,Sector_C,2024-07-11,None,0.797165291704799,0
SHP-6256,46.83314837813599,1145.8333583075664,Sector_D,2024-01-18,None,0.12096670457414327,0
SHP-6257,65.36422509349173,1114.6963959432617,Sector_B,2024-04-20,Warning: High Temp,0.7483092055311444,0
SHP-6258,45.44148668284674,113.87428457023015,Sector_A,2024-10-04,Error: Pressure Drop,0.33887328962868557,1
SHP-6259,45.23671279916542,2703.003295881261,Sector_D,2024-12-08,None,0.6452905452580493,1
SHP-6260,35.59546818545378,435.8319325307724,Sector_D,2024-05-22,None,0.3619252342934266,1
SHP-6261,67.55809648344739,931.4764952638591,Sector_C,2024-11-01,None,0.04539576255545108,0
SHP-6262,65.09807340286909,1498.8757172908263,Sector_A,2025-01-01,None,0.0006368360269750628,1
SHP-6263,55.17755270369835,1831.1159087486594,Sector_B,2024-05-19,Error: Pressure Drop,0.6760304813334521,1
SHP-6264,34.77018265244824,133.47409768703636,Sector_D,2024-07-03,None,0.4497510070460615,0
SHP-6265,25.96484447978422,353.72312525571346,Sector_B,2024-06-28,None,0.3916249530470326,1
SHP-6266,48.97048671177281,885.1275899117627,Sector_D,2024-02-27,Warning: High Temp,0.8721301076797623,1
SHP-6267,45.73174182939782,220.38461855531287,Sector_B,2024-07-02,None,0.1903803051460139,1
SHP-6268,45.39756361354694,2521.1859399961645,Sector_A,2024-05-19,Warning: High Temp,0.33642134594366824,0
SHP-6269,41.549290531070774,350.6611489773569,Sector_C,2024-08-16,None,0.7128327914822793,1
SHP-6270,48.63156309812093,325.5222402825836,Sector_C,2024-02-28,None,0.5669198484977862,1
SHP-6271,51.69275029462054,332.60439030426306,Sector_B,2024-04-12,Error: Pressure Drop,0.2551157708442876,0
SHP-6272,55.080398520687304,255.8183870283215,Sector_A,2024-05-23,Warning: High Temp,0.355479772037239,1
SHP-6273,49.94778244255625,1701.0971014126576,Sector_C,2024-07-18,Error: Pressure Drop,0.6676563103590707,1
SHP-6274,39.96726749452353,238.629945630109,Sector_D,2024-11-19,Warning: High Temp,0.8164903704008278,0
SHP-6275,56.28743550329212,70.52016091394964,Sector_B,2024-10-20,None,0.3579190331716413,0
SHP-6276,49.01856872800884,585.1337684454636,Sector_B,2024-08-20,None,0.9045634076634143,1
SHP-6277,62.86725297796123,1377.58157095299,Sector_A,2024-05-01,Error: Pressure Drop,0.39464447743208897,0
SHP-6278,33.50575232350022,1949.130831854417,Sector_D,2024-01-14,Error: Pressure Drop,0.578287422402905,0
SHP-6279,60.89860597685151,3528.226249304127,Sector_A,2024-06-06,Warning: High Temp,0.7602761710293218,0
SHP-6280,31.020428270750276,541.6365196026642,Sector_C,2024-10-28,Warning: High Temp,0.8546775860960268,1
SHP-6281,43.988553362682644,518.2196603877678,Sector_A,2024-04-04,Warning: High Temp,0.27488674985441497,0
SHP-6282,30.807417206925916,2478.191827266024,Sector_B,2024-08-23,Warning: High Temp,0.5190811764255693,1
SHP-6283,44.822597015745956,2166.294855976301,Sector_A,2024-10-14,None,0.7574284691465359,1
SHP-6284,,512.0010114148484,Sector_C,2024-07-05,None,0.6214955862020136,0
SHP-6285,58.017901790834564,1535.1542302730575,Sector_B,2024-03-02,None,0.8552524577889377,1
SHP-6286,57.98384322592616,2776.72092890458,Sector_C,2024-06-19,None,0.18587158546909854,0
SHP-6287,67.35851388167511,1594.456021861559,Sector_B,2024-08-11,None,0.880446575263891,1
SHP-6288,44.14313360548199,3579.0886763884555,Sector_A,2024-06-14,None,0.577506593342249,0
SHP-6289,55.726797664900126,1391.4917732922427,Sector_B,2024-07-28,None,0.9777841064211755,0
SHP-6290,64.13971760320938,625.9504043525562,Sector_A,2024-08-29,None,0.05782569768005674,1
SHP-6291,51.79503923610858,932.0927081992653,Sector_B,2024-02-25,Error: Pressure Drop,0.6434017372523487,0
SHP-6292,58.793813359177356,989.4421273504469,Sector_A,2024-07-23,None,0.029754697396265017,0
SHP-6293,68.68856347862159,700.6502450763754,Sector_C,2024-11-12,Error: Pressure Drop,0.32807670522150745,0
SHP-6294,57.28526809226297,62.13357376013272,Sector_D,2024-06-03,Warning: High Temp,0.01859832886870194,0
SHP-6295,42.04817475152489,1369.4500350278256,Sector_C,2024-06-26,None,0.0015602620788474075,1
SHP-6296,50.524564601608226,227.84843211974834,Sector_C,2024-03-30,None,0.6097038137498665,0
SHP-6297,48.89654280647995,882.1722944928787,Sector_A,2024-05-08,Warning: High Temp,0.34930415175715,1
SHP-6298,38.00041056777699,142.3261846725593,Sector_D,2024-12-30,None,0.3811654250613633,0
SHP-6299,38.84517563184012,123.91130848337735,Sector_B,2024-06-27,Warning: High Temp,0.3079036258751603,1
SHP-6300,60.93901985102454,1991.3798199090625,Sector_A,2024-03-28,Warning: High Temp,0.978958341575439,1
SHP-6301,55.96486981796389,364.12258573376954,Sector_D,2024-04-23,None,0.17173789616399437,1
SHP-6302,56.42693022728431,1388.659585464562,Sector_A,2024-12-26,None,0.3114410193894599,0
SHP-6303,53.011885208087705,2488.563313349476,Sector_B,2024-06-01,Warning: High Temp,0.21748394272135163,0
SHP-6304,50.54070098511937,167.6007527052658,Sector_A,2024-03-02,None,0.587548230086591,1
SHP-6305,43.57446892160877,5.7794125758959805,Sector_C,2024-12-31,Error: Pressure Drop,0.6777440245067922,0
SHP-6306,67.1306439352365,23.00566185428647,Sector_C,2025-01-01,None,0.7605573187582128,1
SHP-6307,51.531125392558614,555.4832643429214,Sector_B,2024-07-10,None,0.46037734034715705,0
SHP-6308,34.441664649507864,2323.6830531329724,Sector_A,2024-01-15,None,0.702792840192349,1
SHP-6309,45.75119335009941,569.7561809255911,Sector_B,2024-01-25,None,0.7990845038316657,0
SHP-6310,48.49661621174039,616.0052745967091,Sector_D,2024-08-21,None,0.6330635150197718,1
SHP-6311,49.44997666512762,1121.8958602008815,Sector_D,2024-01-28,None,0.5492034503000864,0
SHP-6312,61.07290152992897,5174.047712852673,Sector_B,2024-07-14,Error: Pressure Drop,0.8672490981524409,0
SHP-6313,48.52783868008427,604.4687580596251,Sector_D,2024-07-24,None,0.6316347243979381,1
SHP-6314,51.61238206218746,15.324912295476862,Sector_A,2024-05-04,Error: Pressure Drop,0.5300802476877244,1
SHP-6315,59.29502916265728,308.9561237980464,Sector_B,2024-09-29,Warning: High Temp,0.5823337883640808,0
SHP-6316,59.40774250760416,1282.9756121664545,Sector_B,2024-11-20,None,0.3612648329810739,1
SHP-6317,36.2226012203674,731.9199804153559,Sector_B,2025-01-01,Error: Pressure Drop,0.5546184984623104,0
SHP-6318,,475.9029119341803,Sector_C,2024-01-18,None,0.41860006986267884,1
SHP-6319,57.25654858033391,305.5378143162996,Sector_C,2024-04-15,None,0.9128152696095762,1
SHP-6320,69.2835704946036,491.9024079550541,Sector_B,2024-08-24,Error: Pressure Drop,0.9334727406693564,0
SHP-6321,50.08946163774495,183.2886069119128,Sector_C,2024-09-16,None,0.4744362231436131,1
SHP-6322,54.217309181554384,220.28391277762253,Sector_D,2024-09-15,Error: Pressure Drop,0.7072412455671828,1
SHP-6323,54.684741959507036,736.547869633668,Sector_D,2024-06-03,Warning: High Temp,0.6440898485805798,0
SHP-6324,52.20018430555696,3010.0574093129385,Sector_A,2024-11-19,None,0.7168816793056927,1
SHP-6325,34.86468326805836,1297.892437397602,Sector_A,2024-05-12,None,0.5613288819646142,1
SHP-6326,37.32247505333876,415.79225797289104,Sector_A,2024-08-19,None,0.6791150980200027,0
SHP-6327,46.58037690551289,490.5593293596839,Sector_C,2024-08-05,Warning: High Temp,0.5788907659382513,1
SHP-6328,37.94243690130484,449.3860397943825,Sector_D,2024-08-25,None,0.7137358317807719,1
SHP-6329,49.12556577347259,1055.7529689694718,Sector_B,2024-03-07,None,0.9160272536844453,1
SHP-6330,41.63066132659552,1851.6992167809685,Sector_C,2024-02-26,None,0.5557684517759113,0
SHP-6331,41.212457771242974,754.6009727401084,Sector_C,2024-01-05,Warning: High Temp,0.7834105719075363,1
SHP-6332,38.987502178841744,250.98462057047843,Sector_C,2024-10-25,None,0.35798854488785536,0
SHP-6333,49.60978712920447,2133.204918663389,Sector_C,2024-09-07,Warning: High Temp,0.1551902445941563,0
SHP-6334,56.67047997011524,95.95537334738971,Sector_C,2024-07-22,Warning: High Temp,0.8897355985106318,0
SHP-6335,53.2497708525146,271.0735259503078,Sector_D,2024-04-25,Error: Pressure Drop,0.709130551111646,0
SHP-6336,41.3096118110327,685.3407670579415,Sector_B,2024-05-10,None,0.18481199438035956,1
SHP-6337,69.63449360221695,163.13696091017675,Sector_A,2024-12-24,None,0.3552164641876181,0
SHP-6338,43.62696238453731,821.9267375689953,Sector_B,2024-07-09,None,0.3704702553619107,0
SHP-6339,54.896253347001085,398.7078981466362,Sector_C,2024-08-31,None,0.16233075689867715,0
SHP-6340,47.81429926525563,496.64127584628375,Sector_B,2024-01-18,None,0.08328675033832467,1
SHP-6341,59.476863690652046,593.878161417314,Sector_B,2024-11-19,None,0.29979274038905124,1
SHP-6342,46.26734760441681,1141.1321914170337,Sector_C,2024-07-12,Warning: High Temp,0.5919722519316543,1
SHP-6343,64.14828358477295,169.65515331055576,Sector_D,2024-06-03,Warning: High Temp,0.47377556461392434,1
SHP-6344,50.10181348145715,3442.649038718012,Sector_D,2024-03-14,Error: Pressure Drop,0.5016092388631626,1
SHP-6345,39.065926232460875,193.69495818844638,Sector_D,2024-09-03,None,0.29982592866146685,0
SHP-6346,51.40146317733204,263.1521533427823,Sector_D,2024-03-03,None,0.743821747385357,1
SHP-6347,56.107257327406444,1.7102850066738677,Sector_A,2024-01-07,None,0.8019268419808331,0
SHP-6348,47.74285347735348,3325.1483232616756,Sector_D,2024-11-25,None,0.8502336409689382,0
SHP-6349,52.75088070451483,585.245332851856,Sector_B,2024-07-08,None,0.5875093922769042,0
SHP-6350,60.26339682168357,810.3152396608454,Sector_B,2024-06-20,None,0.9047310228136681,1
SHP-6351,39.601128071877305,4182.529208695463,Sector_D,2024-03-31,None,0.1383726485927369,0
SHP-6352,43.489849671607814,1822.0999328171463,Sector_B,2024-09-11,None,0.6174015245594996,0
SHP-6353,57.6360985930807,2639.121746501224,Sector_D,2024-05-21,None,0.5617119325816889,0
SHP-6354,38.391078557497146,1610.8901348643847,Sector_B,2024-08-14,None,0.4435426145745237,1
SHP-6355,43.12245416961466,1034.968163843314,Sector_D,2024-07-22,Error: Pressure Drop,0.5486454378023949,0
SHP-6356,50.113560401437724,427.67991538186345,Sector_B,2024-05-31,None,0.06554596623786535,1
SHP-6357,61.32130360836051,243.86133235595688,Sector_B,2024-02-16,Error: Pressure Drop,0.7120327869339196,1
SHP-6358,54.37640234685233,550.8029997647394,Sector_B,2024-02-12,None,0.4615866707766534,1
SHP-6359,44.25863167372471,1878.792415178859,Sector_C,2024-02-06,None,0.8258095224261757,0
SHP-6360,39.394047758473214,3691.3942545823193,Sector_C,2024-06-18,None,0.7565161114636224,1
SHP-6361,50.29822815888861,2661.7525367099497,Sector_B,2024-02-05,Error: Pressure Drop,0.7578984646677936,1
SHP-6362,50.48506004134295,570.3483903803686,Sector_B,2024-10-29,None,0.2943642844973,0
SHP-6363,48.86904864239164,209.50593031864574,Sector_C,2024-05-08,None,0.6492220698812364,1
SHP-6364,53.06986000483003,490.5057033976189,Sector_D,2024-11-30,None,0.8007264821121042,0
SHP-6365,48.06916566231267,3248.4540716436773,Sector_D,2024-11-19,None,0.56273986562898,1
SHP-6366,56.163403002291275,2539.1009942459496,Sector_D,2024-03-17,None,0.14016818208891424,1
SHP-6367,43.919953461371456,574.4619588092115,Sector_C,2024-07-22,None,0.7463506774693214,1
SHP-6368,70.25756814934444,192.47155063713288,Sector_D,2024-06-14,None,0.8373917634306234,0
SHP-6369,41.71345332749385,1842.1883596827283,Sector_C,2024-10-24,Warning: High Temp,0.11678556825990749,0
SHP-6370,41.437489441987246,1054.5395797764304,Sector_B,2024-01-04,Error: Pressure Drop,0.46260048010580634,1
SHP-6371,60.175010423260915,308.10839845555455,Sector_A,2024-07-01,None,0.1705125209637981,1
SHP-6372,62.29473170486935,1454.1453493453341,Sector_A,2024-07-31,Error: Pressure Drop,0.5686578490149593,0
SHP-6373,48.545960982833655,3005.9129649360902,Sector_A,2024-10-02,None,0.9527181571243079,1
SHP-6374,48.77801063466867,205.93572424558312,Sector_C,2024-04-30,None,0.019876486314870934,0
SHP-6375,,221.0891289239536,Sector_D,2024-01-21,Warning: High Temp,0.19509673247843995,0
SHP-6376,61.07565779715571,1289.2472658917552,Sector_A,2024-03-03,Warning: High Temp,0.3640531185908287,1
SHP-6377,62.40907062685806,77.93805554073425,Sector_C,2024-05-28,None,0.10271069426090995,1
SHP-6378,43.17439702111984,770.5821227654965,Sector_C,2024-11-29,None,0.22499224840127863,1
SHP-6379,46.39882382380073,425.1184909843229,Sector_B,2024-09-11,Error: Pressure Drop,0.7081870619726505,1
SHP-6380,55.8652958756817,240.2274418516221,Sector_A,2024-10-18,None,0.01191470516754145,0
SHP-6381,51.11245883589194,379.81592325199165,Sector_B,2024-07-16,None,0.2155606551354683,1
SHP-6382,49.13777160650203,1208.2557144953619,Sector_C,2024-05-19,Error: Pressure Drop,0.43066976161743153,1
SHP-6383,34.61181635752739,502.7049629189728,Sector_C,2024-04-12,None,0.42305261520046245,1
SHP-6384,62.6064384858259,1874.1069849634607,Sector_C,2024-01-05,None,0.7585498580958033,0
SHP-6385,43.78941446822354,1848.605701796155,Sector_A,2024-02-29,None,0.03409457322990794,1
SHP-6386,33.83906519790662,1038.649160401258,Sector_C,2024-02-26,None,0.12635848814287365,0
SHP-6387,46.6318893446399,962.3898058207207,Sector_D,2024-11-14,Warning: High Temp,0.2013067730013527,1
SHP-6388,44.922183018468246,78.41838855959608,Sector_A,2024-01-13,None,0.4099752748212494,1
SHP-6389,54.77862808712308,1593.1977203387733,Sector_B,2024-03-12,None,0.6249355554597755,0
SHP-6390,44.041426927790035,2470.1065936237815,Sector_B,2024-05-18,None,0.1610989251422036,0
SHP-6391,43.59381340851506,1837.5664297524863,Sector_C,2024-07-26,Error: Pressure Drop,0.5630660476598705,1
SHP-6392,61.22213556713434,253.8095690035487,Sector_A,2024-08-21,Warning: High Temp,0.7449330143462254,0
SHP-6393,38.138603730047286,185.41060834844444,Sector_B,2024-03-17,None,0.9314209864595452,0
SHP-6394,50.64720126309975,522.9363831663135,Sector_C,2024-11-19,None,0.5210003910006769,0
SHP-6395,39.582143273982496,2537.6992784300824,Sector_D,2024-02-10,None,0.21213959903888946,0
SHP-6396,46.154249886875775,1041.6962077164815,Sector_D,2024-07-29,None,0.10574473697872089,0
SHP-6397,41.77783389895793,564.8715209372981,Sector_B,2024-10-18,None,0.3878688462116521,0
SHP-6398,50.25910428428555,227.23354479451086,Sector_C,2024-07-08,Error: Pressure Drop,0.9140248532733266,0
SHP-6399,36.96974616778853,1522.0077730097019,Sector_C,2024-10-06,Warning: High Temp,0.4370719818891772,0
SHP-6400,52.47360632806306,1472.775291615598,Sector_D,2024-03-02,None,0.7202304698490597,1
SHP-6401,37.682651822706106,310.29781571087096,Sector_A,2024-02-14,None,0.9890238152717963,0
SHP-6402,31.675742221206256,1098.5598193559301,Sector_A,2024-04-08,None,0.8712473959662721,0
SHP-6403,38.22655828531558,294.3620418522994,Sector_D,2024-01-17,None,0.8932251303088556,0
SHP-6404,50.58671953218226,1516.3789181243174,Sector_D,2024-09-30,Warning: High Temp,0.9567598568670167,0
SHP-6405,58.640176082516554,29.67522937541938,Sector_B,2024-01-06,None,0.7278369572604018,0
SHP-6406,22.735318518070518,2138.2896293656577,Sector_C,2024-07-06,None,0.999321006293845,1
SHP-6407,63.547435789245846,784.363963435041,Sector_A,2024-08-21,None,0.19925185578398608,1
SHP-6408,65.69861746512905,219.18450577035358,Sector_D,2024-09-17,Warning: High Temp,0.37873144039006346,1
SHP-6409,51.16229441482189,896.0514982255378,Sector_C,2024-10-02,Error: Pressure Drop,0.6938867149015004,0
SHP-6410,63.0733451365592,1295.560822824572,Sector_B,2024-10-04,None,0.5096003548723299,0
SHP-6411,38.167761703604334,1343.3993563667714,Sector_D,2024-09-12,None,0.5666834556252799,1
SHP-6412,49.25199812210819,3003.1699161714896,Sector_A,2024-09-13,Error: Pressure Drop,0.7246371921225863,1
SHP-6413,54.10313521253367,489.81498983174725,Sector_A,2024-12-24,None,0.21795862216740314,0
SHP-6414,48.04605326848528,1987.194881733061,Sector_A,2024-02-04,Error: Pressure Drop,0.5342312773099105,0
SHP-6415,32.38196001554307,45.874416374075295,Sector_D,2024-07-18,Error: Pressure Drop,0.20380677375704503,1
SHP-6416,64.40216031581618,366.2760299956928,Sector_A,2024-03-09,None,0.7743642018229404,1
SHP-6417,48.167750093208504,734.8735081533089,Sector_D,2024-07-03,None,0.7742964033945551,1
SHP-6418,32.7184715470173,1976.6945801369652,Sector_B,2024-12-04,None,0.7140192007258909,1
SHP-6419,34.77454924588898,666.8414376929777,Sector_C,2024-09-18,None,0.49677445524894315,1
SHP-6420,45.32640593487305,909.2446252230473,Sector_C,2024-09-06,Error: Pressure Drop,0.5383689974631826,1
SHP-6421,54.56073586353185,266.0525726093252,Sector_C,2024-02-11,None,0.7918943198404503,0
SHP-6422,68.16733508950861,336.00691331510745,Sector_C,2024-06-15,Error: Pressure Drop,0.7818687340884036,1
SHP-6423,49.324203729286296,1188.65007965935,Sector_C,2024-05-11,Warning: High Temp,0.9945294595999754,1
SHP-6424,61.023339253070205,8289.05631456125,Sector_D,2024-10-08,Warning: High Temp,0.6682445338133077,0
SHP-6425,50.821723674356534,2275.4231182908984,Sector_B,2024-01-18,Warning: High Temp,0.9131491023126328,1
SHP-6426,44.916449814372804,1481.6149906747942,Sector_A,2024-07-23,Warning: High Temp,0.3440967749506406,1
SHP-6427,52.943394655449836,172.0187527297927,Sector_B,2024-10-13,None,0.9255714156625969,1
SHP-6428,50.55141371421798,1640.2664431337769,Sector_A,2024-06-14,None,0.9064652508702884,0
SHP-6429,45.636651855122246,1438.966243942882,Sector_C,2024-08-23,Error: Pressure Drop,0.9320265128018425,1
SHP-6430,38.7012363039198,96.47960631797862,Sector_A,2024-06-18,Warning: High Temp,0.6357313506899006,0
SHP-6431,58.31316151786183,266.69865362993437,Sector_D,2024-03-19,None,0.2732154889609094,1
SHP-6432,51.852466287752144,424.22171868641294,Sector_C,2024-07-11,None,0.37402315239962247,0
SHP-6433,74.73240328853727,1045.0881305159721,Sector_B,2024-12-07,Warning: High Temp,0.19623792028205067,0
SHP-6434,37.338948271421245,367.7097669162559,Sector_B,2024-10-07,None,0.9123423747359958,0
SHP-6435,47.84126188742195,124.70756239216306,Sector_A,2024-02-21,Warning: High Temp,0.25805276385692844,1
SHP-6436,61.749777121517454,45.607292247249866,Sector_B,2024-08-04,None,0.08060410634542892,0
SHP-6437,47.294076726963816,1114.086260338609,Sector_B,2024-12-26,None,0.11273969986359766,0
SHP-6438,66.06006522262095,209.93428157417284,Sector_D,2024-05-14,Warning: High Temp,0.40053385635601246,0
SHP-6439,53.182084970072886,1944.0606059831744,Sector_B,2024-07-24,None,0.8636539451483337,1
SHP-6440,38.60823772160386,4046.8424410532944,Sector_B,2024-06-04,Error: Pressure Drop,0.8567502984475396,1
SHP-6441,61.12463824629937,418.92954319853857,Sector_D,2024-08-29,None,0.47812232192096493,1
SHP-6442,26.736258204080134,2478.288020200626,Sector_A,2024-12-07,None,0.9242289900702927,1
SHP-6443,49.61486337934513,988.0910916563056,Sector_C,2024-07-26,None,0.45458180332828946,1
SHP-6444,41.10454835345913,576.2203520034255,Sector_A,2024-05-02,None,0.7152363466988231,0
SHP-6445,44.6955154826801,44.224705597064165,Sector_B,2024-09-30,Error: Pressure Drop,0.6859611590106812,1
SHP-6446,49.57838770888838,500.4176426249095,Sector_B,2024-05-13,Warning: High Temp,0.6433312271091147,0
SHP-6447,57.93806838257906,1844.3551647489176,Sector_D,2024-09-30,None,0.2423480918702986,0
SHP-6448,60.84346758953767,1630.3378650475843,Sector_A,2024-05-03,None,0.9524676079454649,1
SHP-6449,48.862712434162255,3484.693640571818,Sector_D,2024-07-28,Warning: High Temp,0.7711652995535286,1
SHP-6450,39.99581567261838,1287.9241032492994,Sector_A,2024-04-05,Warning: High Temp,0.16178999481228318,0
SHP-6451,42.65902159347172,1035.0754345527553,Sector_D,2024-03-18,None,0.2314796269362448,0
SHP-6452,40.48631048829654,920.6071678849469,Sector_C,2024-04-15,None,0.5912664933039063,1
SHP-6453,41.47213374079962,151.18931624732565,Sector_A,2024-08-03,None,0.9645515159793793,1
SHP-6454,42.21599831001309,52.292019440557176,Sector_B,2024-12-01,None,0.028651225254506474,0
SHP-6455,65.1118967529428,604.4833653861706,Sector_A,2024-02-03,Error: Pressure Drop,0.6468403204350341,1
SHP-6456,30.351312353849732,2181.9810048174086,Sector_B,2024-02-15,None,0.8804099948796867,0
SHP-6457,45.93732762119654,3074.482237227742,Sector_C,2024-06-28,Warning: High Temp,0.2858168493184585,1
SHP-6458,44.98454293906867,2518.7182127121264,Sector_B,2024-08-12,Error: Pressure Drop,0.1312798961084879,0
SHP-6459,46.343671935912184,234.59939023033746,Sector_B,2024-10-17,Error: Pressure Drop,0.9196807055583196,1
SHP-6460,44.76600698898814,1030.9233160247773,Sector_A,2024-12-15,Warning: High Temp,0.7772244589630404,0
SHP-6461,37.561729866148724,2018.095005505142,Sector_C,2024-11-08,Warning: High Temp,0.9503699277439459,1
SHP-6462,55.237401270042405,7.822534992366376,Sector_C,2024-07-18,None,0.5037149635317666,0
SHP-6463,56.4303890295868,113.77718366419317,Sector_C,2024-03-28,None,0.16768444613155553,1
SHP-6464,37.75803259240333,2524.7082206322398,Sector_A,2024-06-20,None,0.46954480261696463,1
SHP-6465,61.1121062862093,3477.061885168377,Sector_D,2024-07-29,None,0.2030833076534504,1
SHP-6466,60.480573691213294,3.872713822049851,Sector_C,2024-03-17,None,0.8744655328183811,0
SHP-6467,45.18146851347911,387.2357434111545,Sector_A,2024-08-28,Warning: High Temp,0.9655314618013657,1
SHP-6468,58.38372423743584,1677.6386772643864,Sector_A,2024-04-05,None,0.657139422174657,0
SHP-6469,41.03646866575686,80.86186525217946,Sector_C,2024-02-24,Warning: High Temp,0.0023055537612929333,0
SHP-6470,42.559659580255655,652.3672268037577,Sector_A,2024-12-24,None,0.7596629865231009,0
SHP-6471,40.52600489696983,2924.746607164489,Sector_A,2024-12-22,None,0.38586515722464976,1
SHP-6472,51.193824328278005,1051.2947143281342,Sector_C,2024-03-10,None,0.6222387080311367,0
SHP-6473,38.78222669109169,2408.1810802734913,Sector_D,2024-06-05,None,0.027991530086322602,0
SHP-6474,64.83031558287689,1151.4742510239796,Sector_C,2024-09-30,Error: Pressure Drop,0.7524637042852053,1
SHP-6475,28.344447889191407,5301.871900337069,Sector_B,2024-03-07,Warning: High Temp,0.6632689547063294,1
SHP-6476,55.984300161711786,198.1513890934694,Sector_B,2024-07-16,Warning: High Temp,0.708723255137879,1
SHP-6477,58.946874311674875,11.203045367653154,Sector_B,2024-08-27,None,0.7482022988776228,0
SHP-6478,61.907027264414324,156.95427122667004,Sector_A,2024-03-24,None,0.32538120714390095,1
SHP-6479,57.89198473336366,748.6241723022118,Sector_B,2024-02-18,None,0.6690559645351158,1
SHP-6480,46.93433135087744,377.58055349098896,Sector_D,2024-01-20,None,0.16393644095388693,1
SHP-6481,61.04514030009337,107.81685343272699,Sector_D,2024-09-09,Error: Pressure Drop,0.44659573234479943,1
SHP-6482,36.73617221504616,61.544766798131405,Sector_C,2024-02-26,Warning: High Temp,0.07725137250923164,1
SHP-6483,45.594246217194325,24.206513011648862,Sector_D,2024-04-09,None,0.6453784199241461,1
SHP-6484,36.590441311750425,106.00298667750295,Sector_D,2024-05-21,None,0.9246096143058825,1
SHP-6485,67.64072481997896,1253.1966860066389,Sector_C,2024-08-15,None,0.8183965979823494,1
SHP-6486,42.61587898466422,1576.6306047549197,Sector_D,2024-07-24,Error: Pressure Drop,0.12600755398149754,1
SHP-6487,39.30949178599945,1429.9193742218615,Sector_B,2024-06-08,None,0.4652031124385658,1
SHP-6488,47.27302629684031,863.3334512903492,Sector_A,2024-11-30,Error: Pressure Drop,0.038417788652281626,0
SHP-6489,50.54861218191415,733.8692796091159,Sector_D,2024-01-06,None,0.01565763806529996,1
SHP-6490,30.641883242768312,8641.949330858704,Sector_A,2024-10-21,None,0.09403319148109512,1
SHP-6491,53.42228633941202,2300.164552714579,Sector_B,2024-04-07,None,0.8603960277435445,0
SHP-6492,37.553890101725365,376.21129050031925,Sector_A,2024-07-12,None,0.7154930039503833,1
SHP-6493,51.096344721589524,265.5888424178077,Sector_A,2024-01-21,Error: Pressure Drop,0.9140466489173873,0
SHP-6494,57.20253261795233,458.3634524101568,Sector_B,2024-02-03,Error: Pressure Drop,0.9090102987377122,1
SHP-6495,46.35096738373406,703.3043651795067,Sector_B,2024-06-12,Warning: High Temp,0.5378666073406935,1
SHP-6496,51.485846090683104,328.76409397747847,Sector_C,2024-03-10,Error: Pressure Drop,0.38083216757036287,0
SHP-6497,36.11421231244128,767.4800672164579,Sector_C,2024-07-28,Error: Pressure Drop,0.4706769969456752,1
SHP-6498,36.45966331865098,760.0600418093292,Sector_C,2024-05-09,None,0.2170419168840153,1
SHP-6499,67.40953255314253,300.1063449987456,Sector_D,2024-08-23,None,0.971205753875412,1
SHP-6500,45.74748108680022,79.30339423957973,Sector_D,2024-12-04,Error: Pressure Drop,0.8863288028872849,1
SHP-6501,36.49443817271396,615.0069329363043,Sector_C,2024-11-15,None,0.3343441742103894,1
SHP-6502,59.2125666082788,618.3253932513439,Sector_B,2024-07-30,Error: Pressure Drop,0.48525912598211884,0
SHP-6503,47.2826909093989,17.353593754001714,Sector_A,2024-01-06,None,0.4363370224561006,0
SHP-6504,52.830494568836954,1313.6778773616911,Sector_A,2024-08-21,Error: Pressure Drop,0.6780252179819918,1
SHP-6505,71.64399442816833,452.3471331045328,Sector_A,2024-07-21,None,0.5882126530659855,0
SHP-6506,43.06750576106876,839.7376219936178,Sector_A,2024-10-18,None,0.47454378762051563,0
SHP-6507,60.79954217727875,13.781280052138486,Sector_A,2024-05-11,Warning: High Temp,0.48784605452599383,1
SHP-6508,36.156788395065725,102.60422229564892,Sector_C,2024-11-27,None,0.27081884382533206,1
SHP-6509,52.892721588950785,388.0704024413604,Sector_A,2024-06-03,None,0.3916250611274855,1
SHP-6510,33.49161410004174,3404.0469617743847,Sector_C,2024-02-02,Error: Pressure Drop,0.9740938275418136,1
SHP-6511,34.36881826457557,2233.905024973097,Sector_B,2024-08-08,None,0.8398398086934168,1
SHP-6512,43.7154574015872,3790.403828912728,Sector_C,2024-07-02,Warning: High Temp,0.9807544187162508,1
SHP-6513,49.90615063660112,577.2998511592842,Sector_D,2024-09-25,Warning: High Temp,0.3909139854925243,1
SHP-6514,39.76492069521357,23.616291428706273,Sector_A,2024-09-14,Warning: High Temp,0.2715666298743178,1
SHP-6515,57.71109026572256,562.6799035507543,Sector_C,2024-11-09,Warning: High Temp,0.87096890548312,1
SHP-6516,53.61844551536385,566.3686722184151,Sector_A,2024-07-06,None,0.6286495115755437,1
SHP-6517,45.13255825999487,3805.7060931894353,Sector_B,2024-08-23,Warning: High Temp,0.4837848360181415,0
SHP-6518,43.500990676617995,123.948788786618,Sector_D,2024-06-25,Warning: High Temp,0.7734680370984295,0
SHP-6519,66.23164502554877,118.97939872169934,Sector_D,2024-02-25,None,0.7429182075173114,1
SHP-6520,61.77799650542839,531.736000903705,Sector_D,2024-11-25,None,0.7050637086441216,0
SHP-6521,46.16307186477348,1094.647158164235,Sector_C,2024-01-06,None,0.02912912348240959,0
SHP-6522,50.44478935996672,1705.9822676199806,Sector_D,2024-09-08,Warning: High Temp,0.06219674604923364,1
SHP-6523,51.132009878234136,1036.842425010197,Sector_B,2024-12-24,None,0.47249975294857305,1
SHP-6524,51.167945156756055,2322.2917182279316,Sector_C,2024-11-21,Error: Pressure Drop,0.851847428769293,1
SHP-6525,69.82693551803477,435.21493961656574,Sector_B,2024-06-05,None,0.7379423679909412,1
SHP-6526,51.45580107342709,1126.6994744771223,Sector_D,2024-05-19,Warning: High Temp,0.9738603078798329,0
SHP-6527,30.69331479149574,738.3021964229325,Sector_C,2024-10-06,Error: Pressure Drop,0.8602274544110742,1
SHP-6528,43.900196342620305,292.0245430910425,Sector_D,2024-05-09,None,0.7955147949500181,0
SHP-6529,30.64465016318344,904.0614404328385,Sector_B,2024-02-10,None,0.8254438006497136,0
SHP-6530,47.95694342849814,1298.4641058793236,Sector_D,2024-11-18,None,0.615666564673485,1
SHP-6531,51.443988103384456,2127.60861030949,Sector_A,2024-10-09,Warning: High Temp,0.9645237239948824,0
SHP-6532,50.41901813324254,1154.43638978155,Sector_A,2024-02-03,None,0.3902721533945557,1
SHP-6533,55.11884686916566,1166.697282380125,Sector_A,2024-08-02,None,0.1774422889752566,0
SHP-6534,42.298463676070355,83.1126339231464,Sector_D,2024-07-23,None,0.5768453296647277,1
SHP-6535,38.617880051973,444.02136218006325,Sector_D,2024-12-22,None,0.926084847241649,0
SHP-6536,31.644645506585285,749.1253083359072,Sector_D,2024-09-11,None,0.45224247317780963,0
SHP-6537,35.665282771110164,964.6565458478237,Sector_C,2024-11-01,None,0.2140011144425008,1
SHP-6538,42.413632676026644,543.0267308114953,Sector_D,2024-06-15,Error: Pressure Drop,0.5658431989268793,0
SHP-6539,56.71815495911708,2409.989032743046,Sector_D,2024-11-13,None,0.7984654276090786,0
SHP-6540,53.99589775294531,146.24582981747636,Sector_D,2024-04-12,Error: Pressure Drop,0.7964231267923407,1
SHP-6541,60.053311454002504,1453.8483581472528,Sector_C,2024-10-31,Warning: High Temp,0.7907193929699993,1
SHP-6542,48.82992452712382,672.8098370098049,Sector_D,2024-03-30,None,0.5742973429550181,0
SHP-6543,72.08270621154747,60.64782463493874,Sector_B,2024-05-10,None,0.32947404432192073,1
SHP-6544,50.6858417513019,282.76975135968274,Sector_C,2024-02-18,None,0.8142602074246952,1
SHP-6545,50.523921314154244,184.6227764371503,Sector_A,2024-12-23,None,0.7542359300875399,1
SHP-6546,29.922014047741257,41.52524987252959,Sector_B,2024-08-20,None,0.6450704740954356,0
SHP-6547,54.24783420307988,977.6398312624644,Sector_C,2024-02-11,Error: Pressure Drop,0.8718905258667948,0
SHP-6548,33.57038869388144,702.8708046405973,Sector_D,2024-07-30,Error: Pressure Drop,0.4627550563463052,0
SHP-6549,64.29171381044254,1333.161940651354,Sector_D,2024-06-09,None,0.1516975718682988,1
SHP-6550,52.27074007117901,184.192564683535,Sector_B,2024-04-17,Error: Pressure Drop,0.5857012021504497,0
SHP-6551,50.992611520673165,3184.701583129982,Sector_B,2024-12-22,None,0.40417003443891,1
SHP-6552,43.74921909034761,287.0545842172626,Sector_D,2024-03-28,None,0.2335470008758337,0
SHP-6553,53.367688263181925,1501.755793994914,Sector_B,2024-12-13,None,0.5980727074502434,0
SHP-6554,58.290610152785604,4032.6058962597804,Sector_D,2024-03-08,Warning: High Temp,0.45794378796614743,1
SHP-6555,51.164652212634024,154.67048342510063,Sector_D,2024-03-19,None,0.1694170425885294,1
SHP-6556,60.749001303534975,141.24121948371058,Sector_B,2024-10-27,Warning: High Temp,0.6685501951021294,1
SHP-6557,27.829974297313914,1019.9802461812346,Sector_D,2024-04-27,None,0.17776451813553718,0
SHP-6558,57.37801758079618,3348.4468934595993,Sector_D,2024-11-30,Error: Pressure Drop,0.9593575487599962,0
SHP-6559,37.175493381563854,187.98063885871588,Sector_B,2024-10-31,None,0.23426771769941834,0
SHP-6560,63.18929598725593,358.1933416694096,Sector_D,2024-10-24,Error: Pressure Drop,0.6595254941505401,1
SHP-6561,49.51608869682024,247.3161017210485,Sector_D,2024-12-04,None,0.6763512920349489,0
SHP-6562,36.632115175765186,966.7168906188423,Sector_B,2024-10-10,None,0.3548975300499062,0
SHP-6563,50.079861162187875,482.80638550271436,Sector_D,2024-10-20,None,0.5765658495339624,1
SHP-6564,41.49644064560322,1510.9385486214453,Sector_D,2024-08-05,None,0.25740401170713534,0
SHP-6565,66.10121611630012,735.2911794734238,Sector_D,2024-10-09,None,0.4646032363975693,0
SHP-6566,36.028588642453045,987.804982827333,Sector_A,2024-05-30,None,0.0665143023552428,0
SHP-6567,,148.77737966386877,Sector_B,2024-02-07,Error: Pressure Drop,0.26228187076139164,1
SHP-6568,41.31950429727005,227.77429551602245,Sector_A,2024-01-29,Warning: High Temp,0.3559447517303652,1
SHP-6569,52.539936821019516,3935.259109965815,Sector_B,2024-10-30,Error: Pressure Drop,0.05208744662102638,0
SHP-6570,54.96799753874416,923.7134481981882,Sector_D,2024-07-31,None,0.20115959296414365,0
SHP-6571,55.80362099070149,2158.9305251276164,Sector_C,2024-02-21,Error: Pressure Drop,0.5863145597795676,1
SHP-6572,,338.4471821851628,Sector_C,2024-07-23,Warning: High Temp,0.37796785794190957,1
SHP-6573,52.31382769241121,409.6854450748747,Sector_C,2024-07-04,Error: Pressure Drop,0.5407673155805361,0
SHP-6574,67.3708292102046,58.34477026915236,Sector_C,2024-10-21,None,0.5707720256984039,0
SHP-6575,29.60467895247195,2303.901924995813,Sector_D,2024-12-22,None,0.37028906675672235,1
SHP-6576,40.257018171458974,158.3191677254451,Sector_C,2024-06-15,None,0.8104312149647546,0
SHP-6577,47.49121202633856,386.1461101822017,Sector_A,2024-09-12,Warning: High Temp,0.24356250420637604,1
SHP-6578,34.18643074884153,524.5931612967311,Sector_A,2024-12-01,None,0.5832453559461777,0
SHP-6579,37.75051646409718,1705.2398679637793,Sector_A,2024-06-24,None,0.08019901083627179,1
SHP-6580,32.25452254370411,984.0209171171363,Sector_B,2024-05-30,None,0.22023025711951327,0
SHP-6581,56.723736272102514,24.416034461884635,Sector_B,2024-11-04,None,0.06142390667770947,0
SHP-6582,61.64062842888288,527.2367814407693,Sector_A,2024-08-09,None,0.2114502944589759,0
SHP-6583,43.86512821199921,4284.828508232117,Sector_A,2024-12-17,None,0.4606468203941322,1
SHP-6584,42.842696397050815,1308.7266306348351,Sector_C,2024-06-01,Error: Pressure Drop,0.5505768227293184,0
SHP-6585,58.01367590806026,246.2744417334704,Sector_C,2024-12-10,None,0.2214621592625604,1
SHP-6586,54.04165043415364,3745.374267287264,Sector_C,2024-03-28,Error: Pressure Drop,0.9601338903405396,1
SHP-6587,42.08542174597561,1074.476826441792,Sector_D,2024-06-10,None,0.8160812998653361,1
SHP-6588,63.87911009681048,381.5557064990326,Sector_B,2024-08-27,None,0.7191654007904785,0
SHP-6589,53.38923932768738,2058.311933209996,Sector_B,2024-07-03,None,0.7927688473904441,1
SHP-6590,37.835596285349105,113.46843044408314,Sector_A,2024-08-16,None,0.8789457144457838,1
SHP-6591,36.84708902338338,196.86656433443449,Sector_C,2024-01-26,None,0.3435107994835057,1
SHP-6592,36.651066828153425,142.79397150019858,Sector_A,2024-03-23,Warning: High Temp,0.4192351456134028,0
SHP-6593,51.74746898678257,965.2701108462667,Sector_D,2024-04-13,None,0.7750373070443676,0
SHP-6594,24.291129204164996,849.9162680416612,Sector_B,2024-01-14,Warning: High Temp,0.7036219503648754,1
SHP-6595,54.564955377347985,1023.6758786248789,Sector_A,2024-04-10,Error: Pressure Drop,0.27503822585534576,0
SHP-6596,51.85067479250752,964.3212122788655,Sector_A,2024-02-17,Error: Pressure Drop,0.5589568405491947,0
SHP-6597,45.15583875285398,2421.433819192508,Sector_D,2024-09-22,Warning: High Temp,0.1172737561774313,0
SHP-6598,41.30472271453486,117.66433530087275,Sector_C,2024-09-22,None,0.2391996261578444,1
SHP-6599,49.54108426476128,554.1244296704135,Sector_B,2024-08-20,Error: Pressure Drop,0.49311561940661996,1
SHP-6600,62.36408688362048,177.2998830148342,Sector_D,2024-01-06,None,0.4071642822031961,1
SHP-6601,66.77387252667168,220.83214736209808,Sector_A,2024-10-14,Error: Pressure Drop,0.7039517377620461,0
SHP-6602,58.56867355170861,3827.1607131123624,Sector_D,2024-09-13,None,0.48958743469872124,1
SHP-6603,56.351778275558125,360.7394339105481,Sector_A,2024-11-06,Warning: High Temp,0.2449750285032779,0
SHP-6604,46.59324215151493,1559.729790953736,Sector_A,2024-04-20,Warning: High Temp,0.5751895484159895,1
SHP-6605,46.68071461706559,248.3109651655181,Sector_A,2024-04-17,None,0.12068148083863584,1
SHP-6606,46.139529326880066,45.519811669757964,Sector_D,2024-04-13,Warning: High Temp,0.994523193968014,1
SHP-6607,58.71696235886045,323.79042642709135,Sector_D,2024-11-17,Error: Pressure Drop,0.7990705325623276,0
SHP-6608,51.002092293702134,2455.5185701643713,Sector_B,2024-12-28,None,0.1530248334516674,0
SHP-6609,40.767263399674675,201.25108568204,Sector_B,2024-02-12,None,0.7250872277615088,1
SHP-6610,59.463251523803336,2495.380934961753,Sector_D,2024-11-26,None,0.5637398761166493,0
SHP-6611,28.110392365596027,260.9270122672664,Sector_C,2024-06-29,Error: Pressure Drop,0.7304713454289058,1
SHP-6612,55.769381640625596,55.60395910928844,Sector_B,2024-10-16,Error: Pressure Drop,0.3372751556339616,1
SHP-6613,42.46125071105405,30.032165794458056,Sector_A,2024-04-04,None,0.2630221141640753,0
SHP-6614,63.67753594443528,262.1169231915433,Sector_C,2024-03-31,None,0.41378290256287076,0
SHP-6615,60.23438130820581,172.50101248326774,Sector_A,2024-12-16,Error: Pressure Drop,0.804165721481785,0
SHP-6616,18.052453042475133,11.664191446897068,Sector_A,2024-07-01,None,0.9489091163387243,1
SHP-6617,46.39821215840008,770.3827622373618,Sector_C,2024-01-25,None,0.9718220289669273,0
SHP-6618,45.82644689963939,710.1770757093676,Sector_C,2024-05-09,None,0.757212808186773,0
SHP-6619,500.0,978.0511189387778,Sector_D,2024-02-16,None,0.9118594061205918,0
SHP-6620,49.22734254060028,3590.293216942846,Sector_B,2024-08-21,None,0.10967129816103882,0
SHP-6621,50.30010191341367,2736.732833676028,Sector_A,2024-07-18,Warning: High Temp,0.5416538527778348,1
SHP-6622,88.85874438956044,86.0849736093932,Sector_C,2024-02-12,Error: Pressure Drop,0.11554345429208945,1
SHP-6623,47.320771661266875,3442.8361628216535,Sector_A,2024-04-25,None,0.7395565042876279,0
SHP-6624,59.10759456703389,1054.042395066847,Sector_D,2024-08-19,Error: Pressure Drop,0.3832815897565348,1
SHP-6625,49.318868052820015,3016.8699846525496,Sector_C,2024-10-15,None,0.9737573584524598,1
SHP-6626,50.618540862263565,408.5660439026389,Sector_B,2024-02-15,Error: Pressure Drop,0.9202466261201538,0
SHP-6627,49.64501739999931,609.6702304723145,Sector_A,2024-06-07,None,0.07515894086905084,1
SHP-6628,44.27685044262619,826.564619860734,Sector_A,2024-04-28,None,0.072226321166588,1
SHP-6629,44.16764789418147,507.7958473309456,Sector_A,2024-03-01,None,0.6289320204138156,0
SHP-6630,53.212051219918216,204.92273568711286,Sector_A,2024-07-20,Error: Pressure Drop,0.6928941086127147,1
SHP-6631,51.21730872134273,1961.497519246413,Sector_D,2024-01-20,None,0.5242654115263723,1
SHP-6632,45.13584202718215,1303.0567104351014,Sector_D,2024-11-18,Error: Pressure Drop,0.23612085684286654,0
SHP-6633,46.13458713772429,3243.093631175965,Sector_A,2024-01-18,Error: Pressure Drop,0.2474001159889625,1
SHP-6634,42.26490560326762,711.0733948965649,Sector_C,2024-05-20,None,0.08030198496077445,0
SHP-6635,50.6970892084459,729.5067026355406,Sector_B,2024-09-11,None,0.9938611982000228,0
SHP-6636,56.82426303181873,716.5677301372384,Sector_A,2024-04-22,None,0.49464200242052025,1
SHP-6637,54.48271179361651,196.3077807024165,Sector_C,2024-07-01,None,0.6667849362741873,0
SHP-6638,40.409984816512846,1496.541166728583,Sector_A,2024-07-30,Warning: High Temp,0.7941400686731812,0
SHP-6639,60.2000996162691,446.498353096934,Sector_A,2024-02-19,Warning: High Temp,0.4456387868041217,0
SHP-6640,58.06661565152363,1450.5118976227052,Sector_B,2024-09-07,Error: Pressure Drop,0.9888608677136053,1
SHP-6641,50.58560478869698,1843.7868176402133,Sector_B,2024-11-24,None,0.5360277305739336,0
SHP-6642,52.65729958001549,268.2173588876696,Sector_B,2024-09-16,Error: Pressure Drop,0.3885593653373671,0
SHP-6643,59.573546770480654,41.99290520316586,Sector_A,2024-11-13,None,0.15675344864352836,1
SHP-6644,46.6923826174236,464.0623816753713,Sector_B,2024-06-17,None,0.3720567194312798,0
SHP-6645,44.37578978924519,2624.3065286019814,Sector_D,2024-01-17,None,0.42951273592201156,0
SHP-6646,53.777330165171946,1039.628678802324,Sector_B,2024-08-23,Warning: High Temp,0.8231290158540193,0
SHP-6647,66.96807557903061,311.9424313051407,Sector_B,2024-09-14,Warning: High Temp,0.6590855246382284,1
SHP-6648,52.607733785959404,808.6372339331482,Sector_D,2024-09-30,None,0.78940980354809,0
SHP-6649,54.920081964942796,2914.634120459989,Sector_A,2024-06-13,None,0.4110144423054546,0
SHP-6650,51.25163878873316,646.5771900422282,Sector_B,2024-11-26,Error: Pressure Drop,0.22770052902996774,0
SHP-6651,54.73276219693482,39.29697650558747,Sector_A,2024-05-27,None,0.04502486391333582,1
SHP-6652,31.911376587028784,761.454773177305,Sector_A,2024-12-28,Warning: High Temp,0.8674312770188656,1
SHP-6653,40.94069504813574,359.2499333133435,Sector_B,2024-12-25,Warning: High Temp,0.4019438205442082,0
SHP-6654,58.14941503122177,489.61939105150935,Sector_B,2024-12-12,None,0.2758915862842847,1
SHP-6655,33.63448286064967,2398.007145191235,Sector_B,2024-10-25,None,0.5109522735107943,1
SHP-6656,,1008.0069917144152,Sector_C,2024-06-02,None,0.6276791741750452,1
SHP-6657,54.150012596127915,205.78075216349325,Sector_A,2024-10-31,Warning: High Temp,0.46049351162851904,0
SHP-6658,52.1473079755833,72.29805661209646,Sector_C,2024-08-24,None,0.1878397023118532,0
SHP-6659,38.01973084732314,429.12928507419576,Sector_B,2024-05-01,Error: Pressure Drop,0.7867479640655668,1
SHP-6660,55.02225743904369,2460.178221653369,Sector_D,2024-11-28,None,0.0618620330813594,0
SHP-6661,35.937502815289726,1493.4062227215097,Sector_B,2024-12-06,Warning: High Temp,0.27496035153965737,0
SHP-6662,47.48477195159341,465.1193150991054,Sector_A,2024-03-04,Warning: High Temp,0.5082972691814093,0
SHP-6663,44.83551343281036,2712.3158989751732,Sector_B,2024-07-25,None,0.07707755479260647,0
SHP-6664,44.291633225261684,1940.7176406395656,Sector_A,2024-07-04,None,0.3610504854859722,0
SHP-6665,38.900279234222864,616.175717698906,Sector_A,2024-11-29,Warning: High Temp,0.8157541617277337,0
SHP-6666,51.7000493731387,247.13515626450993,Sector_B,2024-01-03,None,0.17714457966046326,0
SHP-6667,56.08963694897932,107.01836314466509,Sector_A,2024-10-27,None,0.8762353693190466,1
SHP-6668,52.4675316315086,1600.6492540839395,Sector_A,2024-01-20,Warning: High Temp,0.30438226436788696,1
SHP-6669,58.79283450480374,210.94836552141408,Sector_B,2024-04-24,None,0.6665626946334582,1
SHP-6670,37.193198315986805,432.9944913043941,Sector_B,2024-06-14,None,0.5101803371492415,0
SHP-6671,67.1625455057197,1982.3314707970549,Sector_B,2024-07-06,None,0.9690632293377538,1
SHP-6672,41.77311897208799,1595.4886784445516,Sector_A,2024-12-18,Error: Pressure Drop,0.4132845155901259,0
SHP-6673,48.96212383300997,101.85023452199006,Sector_B,2024-03-27,Error: Pressure Drop,0.22487730718776944,1
SHP-6674,50.00523421692613,1464.8938769178787,Sector_D,2024-06-23,Warning: High Temp,0.3108323739044805,0
SHP-6675,31.825447349998782,2862.658354822645,Sector_C,2024-09-21,Error: Pressure Drop,0.7737113295435659,1
SHP-6676,40.612236744354696,2170.9908304025475,Sector_C,2024-05-25,None,0.7038548433527873,0
SHP-6677,59.75156429398055,390.72768856663697,Sector_B,2024-08-08,None,0.6122222327771513,0
SHP-6678,33.6687091900681,4356.3865063322355,Sector_C,2024-06-23,None,0.832062794596609,0
SHP-6679,42.9537782903268,127.56072248055911,Sector_A,2024-08-24,None,0.7245636864640547,1
SHP-6680,49.02396885679288,1955.9189476135236,Sector_B,2024-04-20,None,0.061559621916175145,0
SHP-6681,49.292417628539226,335.6288344514278,Sector_A,2024-03-10,Warning: High Temp,0.20388030001594026,0
SHP-6682,52.68566795955281,208.62297577036355,Sector_D,2024-11-30,Warning: High Temp,0.5243709971799014,1
SHP-6683,53.912126480241454,3114.8258503033835,Sector_A,2024-02-08,Warning: High Temp,0.26493012391182735,0
SHP-6684,36.38690017284572,1379.514561004759,Sector_D,2024-06-15,Warning: High Temp,0.6912887633325384,0
SHP-6685,48.81138921346894,888.513017206632,Sector_A,2024-08-05,Warning: High Temp,0.3516945207640815,1
SHP-6686,39.47536369214636,585.7438535129671,Sector_A,2024-10-13,None,0.5468232061751175,0
SHP-6687,65.08796280745445,898.1014695300863,Sector_A,2024-08-12,None,0.9184048927215319,0
SHP-6688,50.54926785299891,591.4485685493452,Sector_A,2024-04-28,None,0.1318941222317096,0
SHP-6689,65.49590602936999,1286.9160678609992,Sector_C,2024-09-08,None,0.3322479588041066,1
SHP-6690,47.54060196836947,1942.7300174139787,Sector_C,2024-08-26,None,0.7641421019949605,0
SHP-6691,43.463094490891336,0.6393052588662917,Sector_A,2024-12-16,None,0.05622681850801314,1
SHP-6692,65.91615104577137,3914.112035313627,Sector_B,2024-04-24,None,0.4652751918305793,0
SHP-6693,46.21189168364555,520.7608725551919,Sector_A,2024-10-15,None,0.3901325151460038,0
SHP-6694,44.46508438356222,135.3156841638254,Sector_D,2024-08-14,None,0.810396173052913,1
SHP-6695,48.197059750795994,1051.2578288643863,,2024-09-20,None,0.15005647598089267,0
SHP-6696,52.06216291904066,17.96990058794912,Sector_D,2024-05-17,None,0.9928451863074751,1
SHP-6697,44.00634428663496,1580.639728343635,Sector_A,2024-09-28,None,0.9064168539830122,0
SHP-6698,62.61885909417507,2681.7538757052475,Sector_A,2024-08-08,None,0.3305218010496349,0
SHP-6699,43.23969912267102,564.1680096603982,Sector_A,2024-09-01,Error: Pressure Drop,0.3860591860827708,0
SHP-6700,47.336198535279294,2009.517211194861,Sector_A,2024-12-25,Error: Pressure Drop,0.17618911128261983,0
SHP-6701,40.983482205973175,25.22869216265345,Sector_D,2024-12-03,None,0.6702052586678768,1
SHP-6702,59.89654710214149,675.7591803529543,Sector_C,2024-07-11,None,0.6519752860066608,0
SHP-6703,34.12659091462213,1287.0001649408712,Sector_C,2024-06-01,None,0.3478373167679455,0
SHP-6704,48.044036473509344,19.498657794363506,Sector_A,2024-04-08,Error: Pressure Drop,0.9543985859812041,1
SHP-6705,60.035290020347304,241.9093140946051,Sector_C,2024-07-26,Warning: High Temp,0.7610269994172213,0
SHP-6706,38.901467274891175,2944.713196982503,Sector_D,2024-05-24,None,0.8616648273076046,1
SHP-6707,59.1366339037565,949.8849126461506,Sector_A,2024-11-26,None,0.3177165358082896,0
SHP-6708,42.614179601671296,3726.286444010041,Sector_A,2024-12-24,None,0.08043664320380528,0
SHP-6709,41.033667057854224,57.51979355208626,Sector_D,2024-11-12,None,0.6353917204931904,0
SHP-6710,47.57525281124897,1133.9290758317627,Sector_B,2024-09-26,Error: Pressure Drop,0.2662164048502672,0
SHP-6711,71.87193352830579,444.3842040134646,Sector_D,2024-05-09,None,0.46558967034838905,0
SHP-6712,78.90249064442062,1615.6378663013245,Sector_A,2024-09-11,None,0.8326642488401536,1
SHP-6713,55.25890801914026,614.3047911727098,Sector_C,2024-11-20,None,0.7388460323335059,0
SHP-6714,61.5634109837333,3904.9092676545883,Sector_A,2024-03-16,None,0.5597305253773199,1
SHP-6715,68.05652814533062,1719.9102460531628,Sector_B,2024-03-20,Warning: High Temp,0.8913848711469923,1
SHP-6716,52.37559019267206,123.74017482156361,Sector_A,2024-10-22,None,0.32941461230712754,0
SHP-6717,59.995889681168585,85.79780172344444,Sector_A,2024-01-13,None,0.9933737627751262,0
SHP-6718,60.37571172926896,906.8501151786218,Sector_C,2024-12-02,None,0.06451924159936673,0
SHP-6719,46.52633790783717,366.2071330481124,Sector_A,2024-01-05,Warning: High Temp,0.19833062421432213,1
SHP-6720,52.137242295015746,617.4807426051773,Sector_D,2024-03-21,None,0.5879239925472021,0
SHP-6721,70.23269719782887,444.46911556440665,Sector_C,2024-09-06,None,0.44779503916610597,0
SHP-6722,50.310611731091015,2219.754939651444,Sector_C,2024-04-12,None,0.7658732129246552,1
SHP-6723,38.93832834574332,105.21432838784942,Sector_C,2024-01-27,None,0.5635592394774525,0
SHP-6724,67.99530156208385,154.90227569946043,Sector_A,2024-02-01,None,0.23654365445377112,1
SHP-6725,54.66823978645288,301.16886418170617,Sector_B,2024-11-14,Warning: High Temp,0.48552137879068846,0
SHP-6726,54.11643493674921,804.6309992762581,Sector_A,2024-07-19,None,0.4800849093272439,0
SHP-6727,47.04941482952549,7.617769742313086,Sector_B,2024-02-26,None,0.013742397187442523,1
SHP-6728,63.13844989132719,159.0986598360441,Sector_A,2024-03-16,None,0.6930184903437018,0
SHP-6729,42.885614521951965,1146.6484189745568,Sector_D,2024-05-16,Error: Pressure Drop,0.8680497190095163,0
SHP-6730,54.584924228613666,684.0874233874406,Sector_A,2024-09-26,None,0.8632943317880604,0
SHP-6731,49.77872807385652,2845.494020579687,Sector_A,2024-01-23,Warning: High Temp,0.9685475691285499,0
SHP-6732,46.84411794554962,1770.9756123559807,Sector_B,2024-12-30,Warning: High Temp,0.56341995364238,0
SHP-6733,39.70344915584522,1053.5650162828945,Sector_C,2024-07-20,None,0.030012468592186647,0
SHP-6734,45.93995516695844,731.4024880700873,Sector_D,2024-06-16,None,0.49341775962892176,0
SHP-6735,57.312793921984365,1338.3829338619068,Sector_C,2024-09-24,None,0.908692076912696,1
SHP-6736,29.86600742630209,1494.865633371648,Sector_C,2024-10-06,Warning: High Temp,0.1723661784013908,1
SHP-6737,54.93561108820946,3173.8260756301283,Sector_C,2024-09-08,Error: Pressure Drop,0.7834125068984914,0
SHP-6738,53.70086302021964,1519.2521037731958,Sector_A,2024-06-01,Error: Pressure Drop,0.08007001099803579,1
SHP-6739,58.25015033269657,1167.6730237341365,Sector_D,2024-01-18,None,0.8252795078621948,1
SHP-6740,42.90206244442361,2563.8191269569766,Sector_A,2024-10-27,None,0.6657179820841083,0
SHP-6741,39.302832184045364,7.293632667672605,Sector_B,2024-10-26,None,0.9681457891147311,1
SHP-6742,49.2903899250369,4020.0256957007223,Sector_D,2024-02-06,Warning: High Temp,0.643334479659983,0
SHP-6743,37.34233988925859,685.1588730202518,Sector_A,2024-03-19,None,0.1036849384601457,0
SHP-6744,42.75573755626424,1360.5099738032623,Sector_A,2024-08-25,Warning: High Temp,0.9317750148286805,0
SHP-6745,54.593467455419194,623.3444804156794,Sector_B,2024-09-08,None,0.3470204418100912,0
SHP-6746,62.4596024842082,2792.042263988015,Sector_C,2024-07-31,None,0.34670030809259544,0
SHP-6747,60.43531203490432,1557.6154459370775,Sector_A,2024-08-01,None,0.6796158847715523,1
SHP-6748,52.859270404826,126.87061373390446,Sector_A,2024-04-15,None,0.804560299605016,0
SHP-6749,42.147992986172824,176.88684308876796,Sector_C,2024-05-13,None,0.31787128582145385,0
SHP-6750,31.641503358377033,2955.496250832443,Sector_C,2024-10-24,Warning: High Temp,0.8196226181849108,1
SHP-6751,40.78274411890881,733.6121417325697,Sector_B,2024-07-15,Error: Pressure Drop,0.7371895062423433,1
SHP-6752,69.08437568436541,153.30224731125043,Sector_D,2024-06-06,None,0.47393466771085924,0
SHP-6753,31.512578527865166,1398.610361328921,Sector_C,2024-06-08,None,0.8985280458854273,0
SHP-6754,42.95713071183918,649.5241414483362,Sector_B,2024-03-04,Error: Pressure Drop,0.5763100909054342,0
SHP-6755,52.138347363051565,225.10141610432174,Sector_A,2024-11-13,None,0.821221415443806,1
SHP-6756,52.435217566890735,395.8200943452245,Sector_C,2024-01-26,Error: Pressure Drop,0.47637685436280264,1
SHP-6757,54.55480343091617,133.07361453613223,Sector_C,2024-09-15,None,0.5834311408207138,0
SHP-6758,47.998044344552106,1096.2192849758276,Sector_B,2024-12-29,Warning: High Temp,0.5709838024604862,0
SHP-6759,,1353.5992552100893,Sector_A,2024-06-25,None,0.3150812543164063,1
SHP-6760,30.022444395911915,16.93134285643385,Sector_D,2024-06-21,None,0.6616431784051436,1
SHP-6761,54.034400894541,1101.006481763441,Sector_D,2024-01-05,None,0.7272749780751339,0
SHP-6762,40.34153406271458,379.0220745363667,Sector_C,2024-01-15,None,0.24121347090991285,0
SHP-6763,29.41458801948948,2842.766724059545,Sector_C,2024-10-16,Error: Pressure Drop,0.8421354186831272,1
SHP-6764,58.15259166096905,250.0754847534925,Sector_A,2024-03-08,None,0.9295537383722126,1
SHP-6765,39.98298614284673,491.1507745680734,Sector_A,2024-09-26,Error: Pressure Drop,0.5004216523753826,1
SHP-6766,49.20186278821081,3440.4006437278526,Sector_A,2024-09-27,None,0.41371991319494017,1
SHP-6767,55.04796664076512,968.0466642206718,Sector_B,2024-06-26,Warning: High Temp,0.8566861130971755,1
SHP-6768,33.20037385502032,125.11421570851259,Sector_B,2024-06-22,None,0.238688346779227,1
SHP-6769,34.98013784045588,339.3349079003376,Sector_B,2024-01-29,Warning: High Temp,0.776366579412954,1
SHP-6770,67.65650918157003,837.1913946709959,Sector_C,2024-02-17,None,0.33013535319552134,1
SHP-6771,58.54319056314212,957.6553431688089,Sector_A,2024-03-25,None,0.37007834862470557,1
SHP-6772,42.106215562331556,41.04059555319756,Sector_A,2024-02-16,None,0.6327592294211867,0
SHP-6773,45.63125875833428,1164.819007600573,Sector_A,2024-06-09,None,0.39766358471462826,0
SHP-6774,47.159330006285266,353.903442484273,Sector_D,2024-12-01,None,0.36243541159498593,0
SHP-6775,57.022501001108616,426.80117369998845,Sector_C,2024-03-20,None,0.40453092690586134,0
SHP-6776,51.050097321330824,901.173189275729,Sector_C,2024-12-22,Error: Pressure Drop,0.4566352219647909,1
SHP-6777,43.96292708385824,827.1300170868839,Sector_A,2024-10-15,Warning: High Temp,0.6901598082797266,0
SHP-6778,49.71265106035959,194.25930468964137,Sector_D,2024-11-13,Warning: High Temp,0.7259293411006008,0
SHP-6779,27.87311200062847,726.9681294888936,Sector_B,2024-03-11,None,0.3329734680991715,0
SHP-6780,47.309647256804816,1119.7590011477562,Sector_C,2024-04-19,Error: Pressure Drop,0.05367258368385819,1
SHP-6781,44.549001764381664,1078.9897762700075,Sector_B,2024-08-24,None,0.4521186316993234,1
SHP-6782,56.45940528518797,79.188102218531,Sector_D,2024-11-16,Warning: High Temp,0.18521739894624112,1
SHP-6783,48.53747338339729,1216.8793792008205,Sector_D,2024-10-15,None,0.42530690359451084,1
SHP-6784,36.865444156077935,451.8097750276953,Sector_C,2024-02-23,None,0.36717950459770776,0
SHP-6785,62.475742732027356,445.7995948608888,Sector_A,2024-05-13,Error: Pressure Drop,0.07662174747491768,0
SHP-6786,50.51221298428167,2701.7477734723698,Sector_B,2024-10-16,Error: Pressure Drop,0.046298364598293285,1
SHP-6787,44.169489633905684,2123.4808813114278,Sector_B,2024-02-05,None,0.7325977896579087,0
SHP-6788,52.99542040872466,383.9736142352354,Sector_C,2024-11-04,None,0.058645479850141236,0
SHP-6789,54.197670826601154,363.7989348959034,Sector_D,2024-01-20,None,0.8559950532877701,0
SHP-6790,64.71953561171006,128.13240166323806,Sector_A,2024-11-08,None,0.3514781265011082,1
SHP-6791,53.19336617695758,112.00380043446175,Sector_B,2024-11-12,None,0.6487783470372145,1
SHP-6792,43.54472611830719,105.05758614823922,Sector_C,2024-10-16,Error: Pressure Drop,0.7851884000675389,1
SHP-6793,42.60651410944745,168.84723146141565,Sector_D,2024-05-25,Error: Pressure Drop,0.8235721003445615,0
SHP-6794,25.176311631938656,63.06791733174244,Sector_B,2024-08-17,Warning: High Temp,0.1395256323106061,0
SHP-6795,44.38301238320638,448.1947146765459,Sector_C,2024-12-08,Error: Pressure Drop,0.4379235000160008,1
SHP-6796,52.590455056093184,1081.218442009154,Sector_C,2024-06-10,None,0.5032479503143564,1
SHP-6797,47.919645489704116,1061.8630730877314,Sector_D,2024-05-27,Error: Pressure Drop,0.2909290495574893,1
SHP-6798,35.09850154574069,355.44827478110733,Sector_B,2024-03-21,None,0.12176143559320318,1
SHP-6799,56.992161310552724,253.5936551057954,Sector_A,2024-07-08,Error: Pressure Drop,0.8433673972123196,0
SHP-6800,47.137587052412584,135.6027651960236,Sector_C,2024-03-30,None,0.3593876644220555,1
SHP-6801,49.55409409033172,643.8238673381213,Sector_C,2024-06-16,None,0.30662834235989755,0
SHP-6802,34.23323970388292,541.1855253683116,Sector_B,2024-12-31,Error: Pressure Drop,0.7005558973854442,0
SHP-6803,54.7667990668672,1462.3262223631875,Sector_C,2024-04-14,None,0.12586533830878754,0
SHP-6804,47.27633198262403,3002.6726248138975,Sector_B,2024-05-12,None,0.5190142538450153,0
SHP-6805,57.869293702217455,1122.8748089942007,Sector_D,2024-01-27,None,0.8619706487930976,1
SHP-6806,52.776189998062755,290.22178964721775,Sector_A,2024-10-04,Warning: High Temp,0.4966578605870213,1
SHP-6807,33.90026189083763,82.8903684426765,Sector_C,2024-12-10,Warning: High Temp,0.9465772054947632,0
SHP-6808,44.00526981249685,484.708753358748,Sector_A,2024-02-07,None,0.371494950222923,0
SHP-6809,55.7239338188979,778.3243895906795,Sector_B,2024-01-06,Warning: High Temp,0.9625024328345346,1
SHP-6810,61.67104833225563,2659.738338334318,Sector_A,2024-10-14,Error: Pressure Drop,0.041708557431963444,1
SHP-6811,53.355213279700486,858.5630943401434,Sector_C,2024-12-27,None,0.8345243803701586,1
SHP-6812,44.063091279153795,783.4463908866161,Sector_A,2024-02-22,None,0.6675743100275136,0
SHP-6813,39.33513664279177,587.4145109032421,Sector_B,2024-05-24,Error: Pressure Drop,0.18185574777152047,0
SHP-6814,57.04669659565903,224.7748438711631,Sector_A,2024-07-26,None,0.07581616580384531,0
SHP-6815,64.01896123043089,38.6839447528981,Sector_D,2024-04-24,None,0.06810470392637558,0
SHP-6816,53.680934448186285,58.824855508825074,Sector_D,2024-01-14,None,0.6791428494128958,0
SHP-6817,47.62088097959938,618.0322999858034,Sector_D,2024-02-21,None,0.3756813301568024,1
SHP-6818,56.71624842657512,514.7291445864583,Sector_B,2024-11-01,Warning: High Temp,0.9313243497095637,1
SHP-6819,47.972185590023656,1216.1987706724449,Sector_B,2024-01-08,Error: Pressure Drop,0.3298303123946903,1
SHP-6820,60.55918913440016,2495.089809536646,Sector_C,2024-04-09,None,0.9129976636033253,0
SHP-6821,51.95967093435147,1185.2622091394169,Sector_D,2024-12-04,Error: Pressure Drop,0.9515526527792854,1
SHP-6822,47.037233059698416,1418.497845879992,Sector_B,2024-10-01,Warning: High Temp,0.5475526428697534,0
SHP-6823,50.205515315862534,814.6798692150034,Sector_B,2024-08-27,None,0.4315258510910571,0
SHP-6824,69.22653588635379,380.4195836659878,Sector_A,2024-09-02,Error: Pressure Drop,0.4132457875188992,0
SHP-6825,72.58832914845615,663.1710874887435,Sector_B,2024-10-07,Warning: High Temp,0.2624139765821897,0
SHP-6826,61.93765229935265,184.29402220908634,Sector_A,2024-04-14,None,0.2174054028978467,1
SHP-6827,41.400679282853616,529.2199429513313,Sector_A,2024-01-18,None,0.14357908348130466,1
SHP-6828,49.14062209878341,1191.9307430647475,Sector_A,2024-07-20,None,0.5827427921334888,1
SHP-6829,51.354512989676856,453.41515922380324,Sector_A,2024-05-15,Warning: High Temp,0.9191025087490033,0
SHP-6830,42.84522782484531,495.09142169356136,Sector_D,2024-08-02,None,0.22182280304257385,1
SHP-6831,50.050957601938954,2047.5138350987731,Sector_A,2024-08-13,Error: Pressure Drop,0.3775136021253712,0
SHP-6832,41.174955465700656,1003.0553249828598,Sector_B,2024-09-25,Warning: High Temp,0.7513076134836527,0
SHP-6833,37.3601733146437,24.808909898132864,Sector_D,2024-07-12,None,0.13113716845869727,0
SHP-6834,49.7192990754654,27.83718033073112,Sector_D,2024-11-08,Error: Pressure Drop,0.6818139003554968,0
SHP-6835,73.14666674389863,1340.9515426939035,Sector_B,2024-09-23,None,0.3748681437584602,0
SHP-6836,50.323690526169315,3036.390902334909,Sector_C,2024-01-23,None,0.5309570305324993,1
SHP-6837,49.77752684701483,2695.4345626774902,Sector_A,2024-07-12,None,0.2626229142093103,1
SHP-6838,50.395053025795484,20.9070380541626,Sector_C,2024-03-28,Warning: High Temp,0.8815739068544195,1
SHP-6839,50.54070793394791,562.0682835493699,Sector_D,2024-11-29,None,0.4167107703792745,0
SHP-6840,36.165505186835205,506.7828753799273,Sector_B,2024-03-05,None,0.9158488146768328,0
SHP-6841,65.97356798013598,175.8853207885837,Sector_A,2024-01-03,Warning: High Temp,0.23478502714262894,1
SHP-6842,59.959590332263254,997.5809290491562,Sector_B,2024-09-11,None,0.6804099711085425,0
SHP-6843,33.721143697702395,162.69207041272026,Sector_B,2024-10-30,None,0.10984003547996946,1
SHP-6844,56.419886553325014,893.8110922546119,Sector_C,2024-07-26,None,0.15324693175525506,1
SHP-6845,51.608114729887646,1382.562950004578,Sector_C,2024-12-28,None,0.4743519922231658,1
SHP-6846,58.97037148650065,381.44883206218293,Sector_C,2024-04-28,Error: Pressure Drop,0.20605830652949275,1
SHP-6847,42.74523120954668,286.32086576436967,Sector_A,2024-11-30,Warning: High Temp,0.8188577615333315,0
SHP-6848,52.156454428139156,207.20154927491515,Sector_C,2024-11-18,None,0.9577564867207853,0
SHP-6849,45.14268877759075,341.7482178249535,Sector_B,2024-09-05,None,0.37527228171938076,1
SHP-6850,57.85751934940712,14.337037774701546,Sector_D,2024-09-13,Error: Pressure Drop,0.7684158814545171,1
SHP-6851,52.87649907038518,719.6860752489276,Sector_A,2024-04-02,None,0.9891021832815667,1
SHP-6852,58.634451205070654,1429.0365400912622,Sector_D,2024-09-29,Warning: High Temp,0.20461946919887763,1
SHP-6853,47.95710995657639,346.52676131529086,Sector_B,2024-09-23,Error: Pressure Drop,0.3709990208058018,1
SHP-6854,39.602196593640514,849.5893890205979,Sector_D,2024-06-02,None,0.4943087497575188,0
SHP-6855,63.95762646888893,894.7630781676133,Sector_B,2024-09-21,None,0.7041511598382127,1
SHP-6856,56.07874846689706,183.66525826793614,Sector_C,2024-05-25,None,0.877209213372975,1
SHP-6857,41.118828162565585,789.032151792043,Sector_B,2024-02-10,None,0.41999209592017694,1
SHP-6858,57.97739198386733,79.64485945815014,Sector_C,2024-07-05,None,0.6637498493369614,1
SHP-6859,47.776797563850494,763.777987129532,Sector_A,2024-08-11,None,0.7627727925476948,0
SHP-6860,46.4909023750515,5102.591198674975,Sector_C,2024-05-16,None,0.34967123857451354,0
SHP-6861,32.3552258380357,512.2475617501894,Sector_A,2024-04-06,None,0.9220855477852913,0
SHP-6862,58.6480565501834,376.7052929550122,Sector_B,2024-06-14,None,0.48416878299531907,1
SHP-6863,59.15622720029594,228.97825791253095,,2024-05-01,None,0.38137001898359324,1
SHP-6864,50.369474141351105,1595.3273066205563,Sector_C,2024-05-26,None,0.41864886678603275,1
SHP-6865,47.8528222817458,609.9484163722882,Sector_B,2024-03-26,None,0.4258998092657339,0
SHP-6866,43.49801269321021,1590.1489263817225,Sector_A,2024-10-12,Warning: High Temp,0.3024357234947589,1
SHP-6867,38.97164053818802,2476.333889168536,Sector_A,2024-10-22,None,0.6490813496699936,1
SHP-6868,61.81017225914444,2005.7776872457232,Sector_A,2024-11-20,None,0.9264434295001478,1
SHP-6869,43.48382878654667,1915.9782969786768,Sector_D,2024-11-17,None,0.47223424827333726,1
SHP-6870,60.391697660929616,244.43874494668162,Sector_A,2024-05-03,Error: Pressure Drop,0.5983084692320738,1
SHP-6871,54.40683076850233,784.5155684760298,Sector_B,2024-03-30,Warning: High Temp,0.4960353459347233,0
SHP-6872,42.79479764515356,923.9568806201135,Sector_A,2024-03-02,Error: Pressure Drop,0.8417835887157993,1
SHP-6873,45.64141923791329,181.37800368224563,Sector_A,2024-06-15,None,0.23186802250697658,1
SHP-6874,42.96018903134335,1372.410052681382,Sector_C,2024-09-10,Error: Pressure Drop,0.48421317671793174,0
SHP-6875,35.51353832870918,54.85465977914572,Sector_A,2024-01-16,None,0.5506982106475642,1
SHP-6876,57.26447356726957,1323.4314269926867,Sector_A,2024-12-16,Warning: High Temp,0.5729486951602731,0
SHP-6877,37.2565461119542,313.93693520661714,Sector_C,2024-01-20,Error: Pressure Drop,0.8918308322061516,1
SHP-6878,53.90229279490147,157.79771919342207,Sector_C,2024-12-11,Warning: High Temp,0.9311687467836184,0
SHP-6879,48.60198055103954,205.86974633387663,Sector_B,2024-01-09,None,0.6370976357397082,1
SHP-6880,34.51728975599517,561.4643125655821,Sector_A,2024-02-20,None,0.7834382646700832,0
SHP-6881,52.158908977214395,605.0235239812191,Sector_C,2024-05-14,None,0.5507763374163985,0
SHP-6882,42.1535436548914,641.8440305327299,Sector_C,2024-09-21,Error: Pressure Drop,0.3707966076544583,1
SHP-6883,67.78641247495142,634.4374244250023,Sector_B,2024-02-17,Error: Pressure Drop,0.9449591971426334,0
SHP-6884,50.01056630220051,1135.1980810166046,Sector_D,2024-11-07,None,0.4841605972988787,0
SHP-6885,47.71497390039135,159.51723010924968,Sector_D,2024-08-16,None,0.8811074959783327,0
SHP-6886,53.98287380897858,475.65618543771075,Sector_B,2024-09-16,None,0.12944359477560008,0
SHP-6887,26.73477713208071,388.1831913939685,Sector_B,2024-01-25,None,0.6613643134742713,0
SHP-6888,40.87599911133175,118.50929198981508,Sector_C,2024-08-07,None,0.6966829034705342,1
SHP-6889,46.59944669828502,2891.1653978969252,Sector_B,2024-01-07,None,0.7660747327094104,1
SHP-6890,44.11653818729466,125.03930504641775,Sector_D,2024-10-18,Error: Pressure Drop,0.8581819199101578,1
SHP-6891,68.63241577470812,4462.527829946553,Sector_C,2024-10-04,None,0.1030530176582336,1
SHP-6892,41.19641576456887,297.61680646364346,Sector_C,2024-01-19,None,0.4106063820303566,1
SHP-6893,55.516038611683136,457.92596493867654,Sector_C,2024-11-28,None,0.3054955809967139,0
SHP-6894,44.434978980540556,2640.4055988892906,Sector_C,2024-12-16,Error: Pressure Drop,0.48752384305343266,1
SHP-6895,59.54365122655295,1082.2122974395852,Sector_D,2024-03-23,None,0.45976722513938106,0
SHP-6896,39.45144314672442,729.9845888892952,Sector_C,2024-09-17,None,0.14130896108157365,1
SHP-6897,52.57963068726606,1038.0336779098088,Sector_B,2024-11-15,Error: Pressure Drop,0.050982758786087934,0
SHP-6898,51.83191287022607,84.0717189598503,Sector_D,2024-11-08,None,0.0551339859625819,0
SHP-6899,55.13887085336563,67.9913608478469,Sector_A,2024-06-27,None,0.4710045548308569,0
SHP-6900,61.28291557157731,2807.923137069375,Sector_A,2024-01-09,None,0.4632958134093361,1
SHP-6901,31.00260890710197,900.8083140090356,Sector_C,2024-04-06,None,0.8466208056482817,0
SHP-6902,37.926821568792874,1460.716433387221,Sector_D,2024-04-11,Error: Pressure Drop,0.03334220556633172,0
SHP-6903,53.932388904122085,2444.0985561961184,Sector_C,2024-05-17,None,0.4527660986201302,1
SHP-6904,53.00394202655076,1648.2716558519041,Sector_A,2024-12-15,None,0.18687913911620335,1
SHP-6905,32.99900905898076,261.3658854077999,Sector_C,2024-07-24,None,0.3892443117491319,1
SHP-6906,45.62886588046725,33.05388555366832,Sector_C,2024-04-18,Warning: High Temp,0.9415619281939173,0
SHP-6907,31.980348367145574,409.63170379578315,Sector_A,2024-07-12,Warning: High Temp,0.08240624848465206,1
SHP-6908,56.222826404145536,173.76320602352817,Sector_B,2024-12-16,None,0.06570145579723519,0
SHP-6909,40.67830406213452,304.4108315651558,Sector_A,2024-08-28,None,0.6310306879428326,0
SHP-6910,55.95713450383832,2613.926493464164,Sector_D,2024-03-02,None,0.2244466134259001,1
SHP-6911,46.79755290341208,55.73507299039594,Sector_D,2024-11-15,None,0.4418470909082137,1
SHP-6912,60.7895254919244,872.9367376690371,Sector_C,2024-05-27,None,0.5903870325198005,0
SHP-6913,44.09641304133251,2375.150431251506,,2024-11-14,None,0.5268782720843739,1
SHP-6914,62.82940963135724,1320.6607089579202,Sector_B,2024-07-13,None,0.17260034910635302,1
SHP-6915,55.24890873143057,274.9162282111046,Sector_C,2024-05-24,None,0.4905595927149301,0
SHP-6916,40.020781237288766,313.7136275029561,Sector_B,2024-08-14,None,0.6225004326072346,1
SHP-6917,47.86198994502213,233.0597610496594,Sector_A,2024-09-28,Error: Pressure Drop,0.9792166815440317,1
SHP-6918,38.472399515517495,344.90310618842506,Sector_B,2024-05-04,Error: Pressure Drop,0.790067287729187,0
SHP-6919,54.96214804487008,567.4319721855703,Sector_C,2024-10-12,None,0.2558011117741672,0
SHP-6920,51.01688055643566,2990.388301092312,Sector_C,2024-12-02,Warning: High Temp,0.6386413283278353,0
SHP-6921,68.43704953989013,595.5013822442318,Sector_A,2024-03-05,None,0.7162370918180783,0
SHP-6922,37.358817083945205,63.7747623521103,Sector_C,2024-06-08,Error: Pressure Drop,0.01863018631956248,1
SHP-6923,51.128574200098136,84.2308612320498,Sector_A,2024-07-28,Error: Pressure Drop,0.7254912390854757,1
SHP-6924,65.9582176516321,2767.4888471776644,Sector_D,2024-02-02,Error: Pressure Drop,0.6796111128664908,1
SHP-6925,52.989348548556606,457.3910970834495,Sector_C,2024-08-01,Warning: High Temp,0.28393489813397543,1
SHP-6926,39.100282207815084,1012.932924052448,Sector_D,2024-04-21,None,0.407666213201373,1
SHP-6927,61.85192370203088,154.54410571427613,Sector_B,2024-07-11,None,0.4369172693143114,0
SHP-6928,47.71909022807353,406.5461429743006,Sector_A,2024-12-26,Error: Pressure Drop,0.7116834473453174,0
SHP-6929,45.32747207668981,724.4743815719247,Sector_C,2024-07-13,None,0.09407191140507565,1
SHP-6930,42.31986478937885,363.4406000513796,Sector_C,2024-11-05,Error: Pressure Drop,0.9163243770639531,0
SHP-6931,54.53317377294371,98.82274614403582,Sector_D,2024-05-29,None,0.011337455177677813,1
SHP-6932,54.21477067899989,293.98041750624265,Sector_C,2024-09-18,Warning: High Temp,0.4121963163061769,1
SHP-6933,45.87041253829464,440.87542244542317,Sector_D,2024-12-12,Warning: High Temp,0.05623928503096787,1
SHP-6934,48.940164047016665,1561.761214265244,Sector_B,2024-07-09,Error: Pressure Drop,0.28383152180540405,1
SHP-6935,60.11446117844089,7.601203133901084,Sector_B,2024-02-27,None,0.05913438724132114,0
SHP-6936,49.80304663492298,3350.989879446671,Sector_D,2024-04-13,None,0.5319197419122546,0
SHP-6937,53.22379905551264,146.29387103998226,Sector_B,2024-02-28,None,0.9003976167872673,1
SHP-6938,62.01421831051078,826.1913524921864,Sector_A,2024-09-02,None,0.28576729576300763,1
SHP-6939,60.98020716186934,2690.1974503380115,Sector_D,2024-07-26,None,0.9682821784018261,0
SHP-6940,53.62573910523182,617.6160112520498,Sector_B,2024-11-27,Warning: High Temp,0.4407219462079419,0
SHP-6941,55.3064366668394,2949.928384645827,Sector_B,2024-07-31,Warning: High Temp,0.8523820295580038,1
SHP-6942,43.82894009165075,452.8823516051209,Sector_B,2024-05-13,None,0.6553116644549675,1
SHP-6943,45.40778834765968,391.1924092443076,Sector_D,2024-12-14,Error: Pressure Drop,0.20463308960054072,0
SHP-6944,43.58491045799967,410.70431201337885,Sector_A,2024-05-24,None,0.5768252383602922,1
SHP-6945,53.62580075029144,1281.9989629223353,Sector_A,2024-11-07,Warning: High Temp,0.7985741396849073,0
SHP-6946,32.10074792416198,1920.925678172756,Sector_C,2024-02-06,None,0.23103750312532,0
SHP-6947,43.56150199988208,1060.944926207542,Sector_B,2024-08-18,None,0.5581361056722551,1
SHP-6948,33.4947398767544,1860.771826706911,Sector_C,2024-08-01,Warning: High Temp,0.7253810552343252,1
SHP-6949,56.17207490210888,403.41908647755747,Sector_A,2024-04-07,Warning: High Temp,0.15769056523368807,0
SHP-6950,66.11394787468006,912.975323731284,Sector_A,2024-04-26,Warning: High Temp,0.587103496810399,1
SHP-6951,50.36994665297441,66.43329237443554,Sector_D,2024-06-21,None,0.6271307492219956,0
SHP-6952,44.56271880443117,2.6430307676584426,Sector_A,2024-06-10,Warning: High Temp,0.12750660406637215,1
SHP-6953,36.475728842540875,99.1055167068524,Sector_B,2024-06-20,Warning: High Temp,0.5469820177837199,1
SHP-6954,42.98239124513813,2323.87687260206,Sector_C,2024-07-27,Warning: High Temp,0.45999765761231115,0
SHP-6955,47.83324640324041,270.3693668691056,Sector_D,2024-03-26,Warning: High Temp,0.56903648749494,0
SHP-6956,61.69806086830438,285.6675025983643,Sector_A,2024-05-06,None,0.7010373423171291,1
SHP-6957,56.016809435274325,1065.541926281004,Sector_B,2024-09-11,None,0.6465172042340798,0
SHP-6958,34.70216098060471,79.88930331781818,Sector_C,2024-08-24,None,0.5394713770823729,1
SHP-6959,52.92635485489307,679.8699407174224,Sector_B,2024-11-15,None,0.533015031156276,0
SHP-6960,43.20209288488371,427.83386336901594,Sector_B,2024-08-15,None,0.7898445827007078,0
SHP-6961,60.9822780738888,1141.1993042795468,Sector_D,2024-08-03,Error: Pressure Drop,0.8578379225487922,1
SHP-6962,48.83129198467178,419.89753357671214,Sector_B,2024-06-18,None,0.6000730677747869,1
SHP-6963,61.37482486556037,839.5725360501817,Sector_D,2024-03-01,None,0.30779089555587014,1
SHP-6964,39.92733953173464,3473.246962948632,Sector_D,2024-08-01,None,0.00435654474230307,0
SHP-6965,57.123316765436094,5280.264307934903,Sector_D,2024-01-05,None,0.5939789535343644,1
SHP-6966,51.29988768065489,282.39909172700095,Sector_A,2024-02-12,Warning: High Temp,0.9117600420717191,0
SHP-6967,64.28040678660646,275.94512854146797,Sector_A,2024-05-02,Warning: High Temp,0.43669663196301556,0
SHP-6968,39.62524836544685,702.4191864703621,Sector_B,2024-07-25,Warning: High Temp,0.587401276179188,0
SHP-6969,71.38032150412418,72.41469745082522,Sector_D,2024-04-26,Warning: High Temp,0.8815665840701765,0
SHP-6970,52.9241184707823,3410.5078613576034,Sector_D,2024-07-26,None,0.5706861044837512,1
SHP-6971,58.52382932865509,281.967169193968,Sector_C,2024-12-31,Error: Pressure Drop,0.45056589785574064,0
SHP-6972,54.370489446744735,1256.6622113592266,Sector_D,2024-09-08,Warning: High Temp,0.29673461841368287,1
SHP-6973,65.35002234612053,1188.8360316122987,Sector_B,2024-07-12,Error: Pressure Drop,0.08998497612860468,1
SHP-6974,41.51264533455643,67.45934819997183,Sector_A,2024-06-17,None,0.3615443646870614,1
SHP-6975,38.70329214371628,466.41244902016615,Sector_D,2024-08-23,None,0.8728751413466966,1
SHP-6976,57.500821722295186,677.3536888917386,Sector_D,2024-04-28,None,0.07687472351057334,1
SHP-6977,48.746318482562806,1417.0245993209344,Sector_D,2024-10-22,None,0.15153481212231668,1
SHP-6978,39.18696842534482,1693.3852763053103,Sector_A,2024-01-25,None,0.0438615109693139,0
SHP-6979,54.203434755158305,1653.249145621297,Sector_B,2024-01-26,None,0.4875591197933141,0
SHP-6980,57.75967373511938,1308.0486022543664,Sector_C,2024-02-10,Warning: High Temp,0.6587114592442623,0
SHP-6981,53.02247474548004,452.0075069478236,Sector_A,2024-02-12,Warning: High Temp,0.9254527208092445,0
SHP-6982,44.354783942663104,1786.5818198373777,Sector_D,2024-12-26,None,0.9338089009787048,1
SHP-6983,49.06034435878531,1309.4813389496485,Sector_A,2024-03-31,Error: Pressure Drop,0.9847698455823046,1
SHP-6984,53.80844238476155,373.0162411433352,Sector_C,2024-01-21,None,0.9737525598564353,1
SHP-6985,41.79153157738082,542.2148799350583,Sector_D,2024-05-03,None,0.7016819138248883,0
SHP-6986,39.15773861007818,248.74249555575275,Sector_C,2024-02-18,Warning: High Temp,0.5572556313575047,1
SHP-6987,56.46163886384681,27.702432610873633,Sector_C,2024-07-21,Warning: High Temp,0.6453207056599869,0
SHP-6988,52.82579540912341,111.46188363307118,Sector_D,2024-05-21,None,0.04055998301866337,1
SHP-6989,45.40556241850673,132.52410121884532,Sector_A,2024-11-25,Warning: High Temp,0.3854934069569115,0
SHP-6990,60.58969212806644,454.2952807242875,Sector_A,2024-02-20,None,0.3980852591339382,1
SHP-6991,70.99642042392853,160.91274127520825,Sector_B,2024-11-12,None,0.5429152104981003,0
SHP-6992,23.299747312851856,1277.553022185439,Sector_B,2024-08-05,None,0.3392471427928848,1
SHP-6993,60.441743701233754,1270.7869435019147,Sector_D,2024-07-13,None,0.31797610914295193,0
SHP-6994,80.71608467585762,283.3537478178688,Sector_D,2024-12-17,None,0.952754004098088,1
SHP-6995,50.04086846964567,343.0710438121974,Sector_C,2024-01-28,None,0.2613351320964391,1
SHP-6996,55.60163096219211,391.9969695481034,Sector_B,2024-08-18,None,0.4333613094500717,1
SHP-6997,53.62799482587748,428.83216062004925,Sector_B,2024-05-20,None,0.3034779103708374,0
SHP-6998,50.79979851763242,357.31708445081387,Sector_A,2024-02-10,None,0.4051070412752307,0
SHP-6999,65.02669311500938,29.36840117556642,Sector_A,2024-12-11,Error: Pressure Drop,0.299865742954911,0
SHP-7000,59.5828819381156,322.98023546202484,Sector_C,2024-08-21,Error: Pressure Drop,0.7520975814964223,0
SHP-7001,57.758081832544434,67.09461605520538,Sector_C,2024-09-29,None,0.6362607779894048,0
SHP-7002,64.4537210571163,1293.5169883046758,Sector_C,2024-08-01,None,0.7990315756734244,0
SHP-7003,39.15812474070747,1023.5621127217995,Sector_D,2024-03-28,Warning: High Temp,0.45559923893942933,0
SHP-7004,64.55115912106113,602.1573428795396,Sector_B,2024-12-31,Error: Pressure Drop,0.9288960789670041,1
SHP-7005,45.66767135969476,319.2948065449399,Sector_D,2024-04-18,None,0.18378399959696545,0
SHP-7006,61.10649486583868,1348.6690437715981,Sector_D,2024-10-09,None,0.7220399546303242,0
SHP-7007,37.4891681323598,277.83392273863717,Sector_C,2024-04-17,None,0.4822689110871219,1
SHP-7008,22.118464325454706,78.37260962685629,Sector_C,2024-04-11,Warning: High Temp,0.1163501477351987,1
SHP-7009,49.564277778671105,107.45285332010538,Sector_D,2024-05-11,None,0.5645274322390958,0
SHP-7010,41.11698542417224,234.04791203034586,Sector_D,2024-01-17,Error: Pressure Drop,0.9877340747972724,0
SHP-7011,63.7535229593736,30.026883262226,Sector_C,2024-05-02,Error: Pressure Drop,0.7431756191608276,0
SHP-7012,48.609106713289826,1641.9577397121784,Sector_B,2024-09-29,Error: Pressure Drop,0.042545601427901314,1
SHP-7013,38.362380898470306,647.6276937359543,Sector_C,2024-10-07,None,0.7797616580029461,1
SHP-7014,41.178103894561445,91.12589921817548,Sector_D,2024-12-31,None,0.05035328354910351,0
SHP-7015,34.475979384391295,1235.5003956250107,Sector_B,2024-09-10,None,0.504404509905422,1
SHP-7016,55.33606274466524,3692.817470235876,Sector_A,2024-01-26,Warning: High Temp,0.07285299796126377,1
SHP-7017,52.540125562718444,356.8346402293834,Sector_D,2024-12-18,None,0.3567880302357196,1
SHP-7018,44.888519013394095,2313.761764994526,Sector_C,2024-12-10,None,0.7996054746346835,0
SHP-7019,64.1782335862777,1655.1011313859092,Sector_A,2024-04-14,Error: Pressure Drop,0.7509732198577481,0
SHP-7020,48.38218933428833,631.2252226826541,Sector_C,2024-08-11,Warning: High Temp,0.3542587897653455,0
SHP-7021,27.989033204748313,52.519324742893495,Sector_D,2024-02-22,None,0.29717317038726687,1
SHP-7022,63.06233554910489,148.8934010792708,Sector_C,2024-03-30,Error: Pressure Drop,0.5827569313072333,0
SHP-7023,66.15543523366617,1589.795048271013,Sector_C,2024-01-31,None,0.8484278104013845,0
SHP-7024,40.28841291375976,1768.8486484101738,Sector_C,2024-10-15,None,0.29900552069334874,0
SHP-7025,31.469088655712433,3.240678573034285,Sector_A,2024-09-28,Error: Pressure Drop,0.1587680304747361,1
SHP-7026,49.77647702665893,378.5365193466544,Sector_B,2024-02-02,Warning: High Temp,0.9041893623414309,1
SHP-7027,61.548349229707846,480.9971778845201,Sector_B,2024-05-14,None,0.3751656801093367,1
SHP-7028,49.33166963149363,927.8342658418619,Sector_A,2024-09-20,Error: Pressure Drop,0.669454659113855,1
SHP-7029,46.53456569131473,189.29266283038604,Sector_D,2024-06-02,Error: Pressure Drop,0.2512167760872154,0
SHP-7030,66.36672568898064,263.84962858528917,Sector_A,2024-05-30,Error: Pressure Drop,0.1891460978276227,0
SHP-7031,40.558980451868436,6347.965440187739,Sector_D,2024-03-29,Warning: High Temp,0.6558710259009923,1
SHP-7032,63.20352141285503,1420.8334793428583,Sector_B,2024-07-06,None,0.3744599976185684,1
SHP-7033,57.72195870558562,1593.8020049192494,Sector_B,2024-08-25,None,0.1626424414394596,0
SHP-7034,50.679308069913574,2524.6111841093566,Sector_C,2024-01-26,None,0.11085914527606533,1
SHP-7035,52.49892331321855,3151.6548290355345,Sector_C,2024-05-10,None,0.2408554742409924,1
SHP-7036,53.36093563110356,800.2551805540771,Sector_C,2024-08-14,None,0.3033789612119011,0
SHP-7037,46.7366381183447,17.440267855483032,Sector_B,2024-08-31,Error: Pressure Drop,0.465799838232936,1
SHP-7038,52.91689317577281,2356.8775930534443,Sector_A,2024-02-13,Error: Pressure Drop,0.8452997622002887,1
SHP-7039,62.11703066217156,298.7433546210511,Sector_A,2024-09-17,Warning: High Temp,0.6217707343589334,0
SHP-7040,50.22405742324964,1318.7567958045547,Sector_D,2024-01-21,Warning: High Temp,0.10374095136338646,0
SHP-7041,51.17363194136671,496.1428806860699,Sector_A,2024-11-15,None,0.7900801675744521,0
SHP-7042,48.067226547359894,1771.6102403666298,Sector_A,2024-05-14,Error: Pressure Drop,0.013606182796625732,1
SHP-7043,43.68005681100555,714.1880017353883,Sector_B,2024-11-20,None,0.3010867315255097,0
SHP-7044,55.62078348230356,488.0935103796856,Sector_A,2024-03-14,None,0.5289593520078074,0
SHP-7045,62.71485521981248,55.45113458420087,Sector_B,2024-05-02,None,0.7326270046220694,0
SHP-7046,44.38290139410734,4263.420240283923,Sector_D,2024-10-06,None,0.11084761540973331,1
SHP-7047,40.06644006917663,1191.7075656417921,Sector_A,2024-05-07,None,0.11972544810241847,0
SHP-7048,48.743326827965696,431.6555604952512,Sector_D,2024-12-20,None,0.9487684941917364,1
SHP-7049,48.41922581532826,860.9422669878165,Sector_D,2024-11-25,Warning: High Temp,0.8172006322855286,0
SHP-7050,52.11022461111109,368.2626295384847,Sector_A,2024-10-12,None,0.11395895949243462,0
SHP-7051,52.696397155700836,745.3760264535953,Sector_C,2024-04-02,Error: Pressure Drop,0.6338859647218864,0
SHP-7052,71.87241231770227,205.59385157439615,Sector_C,2024-10-01,None,0.9465674726873771,1
SHP-7053,69.9848501990289,1250.1623938057903,Sector_C,2024-05-21,None,0.7572191151800516,0
SHP-7054,59.042299196240876,1297.5648158263746,Sector_D,2024-05-24,Error: Pressure Drop,0.18730324002242527,0
SHP-7055,45.0912507240389,433.8541780702076,Sector_B,2024-07-29,None,0.9507038748267178,1
SHP-7056,49.12959661593992,1661.366651672408,Sector_A,2024-08-02,None,0.9823869726799503,1
SHP-7057,22.099957992604914,1212.158077143895,Sector_D,2024-11-30,None,0.6377641463331941,0
SHP-7058,51.08765594821263,346.6312625138666,Sector_A,2024-07-24,Error: Pressure Drop,0.7440592474334369,1
SHP-7059,58.380320823977804,16.627471380134974,Sector_B,2024-10-06,None,0.28626723516462094,0
SHP-7060,48.42380567219188,2538.7921739588223,Sector_C,2024-06-02,Warning: High Temp,0.7387757365144576,1
SHP-7061,44.000261402248924,1561.2204622069971,Sector_C,2024-07-14,None,0.31087475568444234,0
SHP-7062,55.24061630264438,42.93066142428299,Sector_C,2024-11-06,Warning: High Temp,0.047146592577827384,1
SHP-7063,41.91507588671593,190.92529384831226,Sector_B,2024-01-08,Warning: High Temp,0.708185593213147,1
SHP-7064,19.35072293255282,872.6268927721287,Sector_B,2024-02-10,None,0.447888091834146,0
SHP-7065,31.284926531014708,432.7048800990363,Sector_D,2024-06-03,Error: Pressure Drop,0.05385144893001048,0
SHP-7066,48.592996331694195,125.42442919986118,Sector_A,2024-09-25,None,0.11019616312403457,1
SHP-7067,59.047289263840945,1331.3065189066283,Sector_C,2024-04-08,None,0.2438673372241662,0
SHP-7068,50.049477699398395,6017.85009935358,Sector_B,2024-06-02,None,0.18124483398105873,1
SHP-7069,33.53598723681969,1929.7621344540462,Sector_A,2024-02-16,None,0.839959133912785,1
SHP-7070,53.286876876548426,1004.0085172278732,Sector_A,2024-05-28,Warning: High Temp,0.37306698005093686,1
SHP-7071,37.37810041786164,666.040651842231,Sector_A,2024-01-17,None,0.08263880192904138,1
SHP-7072,49.28768914175351,715.865670125577,Sector_B,2024-07-16,Error: Pressure Drop,0.4888827292591843,0
SHP-7073,53.016148041376816,582.1350312303487,Sector_A,2024-04-09,Warning: High Temp,0.16514187155335935,1
SHP-7074,68.47466655691164,1824.6127096208984,Sector_A,2024-07-12,None,0.13511813458917954,0
SHP-7075,42.33308050101946,1176.8415897478178,Sector_D,2024-06-15,None,0.5211231647583513,0
SHP-7076,56.06599295556129,2181.1380783030595,Sector_D,2024-04-01,None,0.22011457981472637,1
SHP-7077,50.4702090271304,390.5404393118021,Sector_B,2024-08-22,None,0.23302338943373635,0
SHP-7078,45.49576186573908,1622.0316586359527,Sector_D,2024-04-20,None,0.543015721299452,1
SHP-7079,26.228504104158695,18.159801996608486,Sector_A,2024-04-23,None,0.9908245387019167,1
SHP-7080,61.01098701710684,3015.567808970991,Sector_D,2024-03-18,None,0.9851983418450031,1
SHP-7081,61.19409550390023,411.3522546601036,Sector_C,2024-08-15,None,0.9954801167080265,0
SHP-7082,63.09019565579258,326.36038165159977,Sector_D,2025-01-01,Warning: High Temp,0.06377715011473784,1
SHP-7083,68.50767459870872,638.1815209476753,Sector_C,2024-06-07,None,0.8811394396765132,0
SHP-7084,43.99856422679347,46.32196555921172,Sector_B,2024-12-09,None,0.5554988316669055,0
SHP-7085,44.74594261098206,1346.4732720761942,Sector_A,2024-05-13,Warning: High Temp,0.8963328222942574,0
SHP-7086,51.43134335306562,1456.017053308996,Sector_C,2024-11-05,Warning: High Temp,0.8845481936960624,0
SHP-7087,53.20311238009047,90.76490778529262,Sector_A,2024-01-21,Error: Pressure Drop,0.6624176366900677,0
SHP-7088,56.94751070991999,1847.7530885668991,Sector_A,2024-06-27,Warning: High Temp,0.10777864502388657,0
SHP-7089,39.46238221516282,2634.536962106788,Sector_A,2024-05-13,None,0.9533534326372114,0
SHP-7090,55.27369947666403,1420.9400426165182,Sector_B,2024-09-26,Error: Pressure Drop,0.7417346141162232,0
SHP-7091,44.88958011225945,1009.962933783766,Sector_B,2024-02-14,Error: Pressure Drop,0.5979077456435433,1
SHP-7092,43.41696614883237,1727.6832010350618,Sector_B,2024-08-21,Error: Pressure Drop,0.59117494257405,0
SHP-7093,61.697149481795954,2944.1582673459952,Sector_D,2024-08-29,None,0.7310460545691108,0
SHP-7094,42.971538450726534,3226.4933585237136,Sector_D,2024-11-22,Warning: High Temp,0.6030536867639136,1
SHP-7095,44.895310175034076,387.895723275706,Sector_B,2024-07-07,None,0.3148205979242056,0
SHP-7096,50.09636737305281,17.17326576125726,Sector_B,2024-06-06,Warning: High Temp,0.6168777460649407,0
SHP-7097,54.17314742758594,499.7503947148154,Sector_D,2024-04-04,None,0.9870561067426187,1
SHP-7098,51.38921049761736,3492.883675941893,Sector_C,2024-02-11,None,0.5814625223706748,1
SHP-7099,36.504262273705834,274.43857879341255,Sector_D,2024-02-07,Error: Pressure Drop,0.23707563682373278,1
SHP-7100,37.4646788473541,1767.6812085462177,Sector_B,2024-10-12,Warning: High Temp,0.6197060810857058,0
SHP-7101,44.98581108281245,866.2807335103404,Sector_A,2024-03-06,None,0.9692004280228789,1
SHP-7102,45.591734299097396,1282.7765673678912,Sector_C,2024-01-31,None,0.8487066875181869,0
SHP-7103,66.98354991387886,1062.187129353379,Sector_A,2024-07-13,None,0.2246945766511722,1
SHP-7104,50.00888866070081,1118.8368895495971,Sector_C,2024-01-04,Warning: High Temp,0.5431751538377232,0
SHP-7105,32.719773109697314,285.98866202376394,Sector_A,2024-12-26,None,0.23996400605759893,1
SHP-7106,41.559385123563054,1205.8254672433857,Sector_C,2024-10-14,Error: Pressure Drop,0.6347915801823869,0
SHP-7107,46.64363248309044,1195.1504159663382,Sector_D,2024-05-14,Warning: High Temp,0.38095483590217505,0
SHP-7108,54.43042846545541,334.7028562760352,Sector_D,2024-09-04,None,0.29764678903606334,0
SHP-7109,59.64582332324777,1696.699691291786,Sector_A,2024-01-25,None,0.2746354455621144,0
SHP-7110,60.57985074974098,289.45537052838677,Sector_D,2024-01-13,Warning: High Temp,0.32158019969764495,1
SHP-7111,45.34093815631519,1319.6447570999662,Sector_D,2024-12-20,None,0.8155155874642188,0
SHP-7112,69.87939644872155,647.6680997564353,Sector_B,2024-04-05,None,0.840786544580917,1
SHP-7113,37.85236472609817,8.264467686599419,Sector_B,2024-06-12,Warning: High Temp,0.8795812438116699,1
SHP-7114,36.53435524585578,1841.1954848271707,Sector_B,2024-09-24,Error: Pressure Drop,0.0931879169703621,0
SHP-7115,68.81023608141295,16.81113087206822,Sector_C,2024-04-16,Warning: High Temp,0.14806499480996593,1
SHP-7116,43.56691574366305,1456.6004093612146,Sector_C,2024-12-24,None,0.1658919822879017,1
SHP-7117,55.5231936585611,1017.2433527750288,Sector_C,2024-09-20,None,0.515063184838615,0
SHP-7118,37.19657635204512,266.73564539102904,Sector_C,2025-01-01,Error: Pressure Drop,0.245701195561296,0
SHP-7119,36.571793993103924,2773.1524835012788,Sector_A,2024-08-14,Error: Pressure Drop,0.7640804246386259,0
SHP-7120,64.70018244461107,251.48548799265762,Sector_B,2024-07-22,None,0.9055792004687221,1
SHP-7121,42.85964032092132,532.483861819446,Sector_B,2024-04-03,None,0.8123465516617959,0
SHP-7122,35.197532225178946,231.2933615736612,Sector_B,2024-01-25,Warning: High Temp,0.4053798428758755,0
SHP-7123,54.01182177883286,2584.6061177101237,Sector_C,2024-05-18,Error: Pressure Drop,0.4568226682904597,0
SHP-7124,40.68054948035415,2610.7783258771733,Sector_B,2024-01-19,Warning: High Temp,0.040650684601268416,1
SHP-7125,68.47877319545502,356.41717477080823,Sector_D,2024-12-08,None,0.10112629836704923,0
SHP-7126,50.408469722884334,1020.6699179154037,Sector_D,2024-08-08,Warning: High Temp,0.6350830750297688,0
SHP-7127,52.50376178825736,553.3363802513968,Sector_A,2024-07-24,Error: Pressure Drop,0.13492321827827836,1
SHP-7128,62.40883543808449,1393.6470682094732,Sector_B,2024-03-26,None,0.646696199704565,1
SHP-7129,67.08092022102443,1209.3623800777489,Sector_D,2024-06-03,None,0.29196805776180124,1
SHP-7130,59.956130470364776,271.56970276113765,Sector_D,2024-07-28,None,0.9136065570203192,1
SHP-7131,40.88001124965517,2109.2701254310564,Sector_B,2024-11-24,None,0.5167790328409165,0
SHP-7132,47.458622280930705,377.93893148260497,Sector_D,2024-06-10,None,0.4499912390802605,1
SHP-7133,53.31594390689408,436.34760887191436,Sector_C,2024-02-12,Warning: High Temp,0.19863262609751875,1
SHP-7134,46.09844627138711,27.049520747463895,Sector_C,2024-06-05,None,0.9412959575715719,1
SHP-7135,49.417485689351004,3225.5636079347864,Sector_B,2024-10-30,Warning: High Temp,0.8447192843495993,0
SHP-7136,36.17659116741963,236.6284829701591,Sector_B,2024-03-29,None,0.370769475400509,1
SHP-7137,48.9504545975599,1174.3519726767674,Sector_D,2024-08-04,Warning: High Temp,0.5738438600332517,1
SHP-7138,55.8669943771444,368.80626178900627,Sector_C,2024-04-25,None,0.5017123938444205,0
SHP-7139,46.87354750541776,1469.9066516780929,Sector_D,2024-04-19,None,0.9384205580325449,0
SHP-7140,66.62291764961383,52.74206102267095,Sector_A,2024-10-20,None,0.9052309249969341,1
SHP-7141,44.1956541416756,39.93024662241265,Sector_C,2024-12-07,Error: Pressure Drop,0.13125267136952634,1
SHP-7142,50.94249193568991,2115.2209247248875,Sector_C,2024-11-06,None,0.9166302579681526,1
SHP-7143,45.000555716183655,1098.4935448151878,Sector_B,2024-04-06,None,0.1976055482512974,1
SHP-7144,59.063452954638656,792.4917831695903,Sector_C,2024-01-03,None,0.9191647645879776,0
SHP-7145,50.73146561108921,1833.4382490711046,Sector_A,2024-06-02,None,0.9117279892999665,0
SHP-7146,59.19375786561089,1360.1171466129563,Sector_D,2024-01-31,None,0.17081125627846405,1
SHP-7147,62.03398105158008,276.8133426074782,Sector_A,2024-11-08,Warning: High Temp,0.6680185760822794,0
SHP-7148,58.56585173592001,1034.1224228916706,Sector_B,2024-04-20,None,0.2865188886953204,0
SHP-7149,55.979957460963924,22.021309020387584,Sector_B,2024-02-08,None,0.16994945754302193,0
SHP-7150,60.180562584968854,1076.3446280752976,Sector_A,2024-02-03,None,0.682916641301341,1
SHP-7151,70.26537115853972,1634.281510018598,Sector_A,2024-02-01,Error: Pressure Drop,0.6916207508034348,1
SHP-7152,35.11326072279046,563.8626064417994,Sector_D,2024-07-14,Error: Pressure Drop,0.32557244094152904,0
SHP-7153,42.890174135387845,493.3241943235197,Sector_D,2024-10-15,Warning: High Temp,0.6052360218941777,1
SHP-7154,30.42917450339454,488.0026150511518,Sector_A,2024-08-13,Error: Pressure Drop,0.2670292182533447,0
SHP-7155,67.37050767879465,15.638130917799614,Sector_B,2024-10-07,Warning: High Temp,0.6909685638965488,0
SHP-7156,49.4059456743673,261.80724895864256,Sector_A,2024-08-10,Warning: High Temp,0.7645494256663572,0
SHP-7157,54.35422926194646,49.564623436981336,Sector_C,2024-09-07,Warning: High Temp,0.39362827539292733,0
SHP-7158,59.835499363347,1074.5620181459494,Sector_C,2024-02-22,None,0.2758544893232122,0
SHP-7159,62.94719710056396,664.5354163805782,Sector_D,2024-09-27,None,0.1499388055171611,1
SHP-7160,32.810397444707,499.7838869379634,Sector_D,2024-02-19,None,0.9773139003687401,0
SHP-7161,48.01611209577767,1598.1953128330572,Sector_C,2024-03-02,Error: Pressure Drop,0.6946111861921334,1
SHP-7162,38.56014305501425,3612.5153323015506,Sector_D,2024-04-09,Warning: High Temp,0.2871321739507444,1
SHP-7163,48.99587842495952,1279.3907880662284,Sector_D,2024-03-15,None,0.22039894787116787,0
SHP-7164,32.520408744945335,81.33566108326583,Sector_D,2024-02-01,Error: Pressure Drop,0.7710847439095425,0
SHP-7165,46.981358457364585,581.4048852892123,Sector_D,2024-06-13,None,0.7132131190602352,0
SHP-7166,53.342727424406064,451.5955211193422,Sector_A,2024-02-03,None,0.33755048511055097,0
SHP-7167,53.339859003307005,2123.7663281875125,Sector_A,2024-02-04,None,0.7684648088180257,0
SHP-7168,70.23896947775806,924.7480860289521,Sector_D,2024-05-22,Error: Pressure Drop,0.553562729768711,1
SHP-7169,40.01985522557283,5969.154356500622,Sector_A,2024-03-15,Error: Pressure Drop,0.6735315832704035,1
SHP-7170,31.171691555502953,1059.9244922522919,Sector_D,2024-12-11,None,0.004590619391536599,0
SHP-7171,53.75981238830863,83.44422785244753,Sector_D,2024-09-22,None,0.10450593652888718,1
SHP-7172,23.450372234394333,1319.0296774218825,Sector_A,2024-09-05,Warning: High Temp,0.8932373955451887,0
SHP-7173,63.17769846195674,455.6726434406426,Sector_D,2024-03-13,None,0.2242653956401922,1
SHP-7174,53.78381062307592,331.71078631365197,Sector_B,2024-11-07,None,0.15905933868073896,1
SHP-7175,46.73282468691407,874.9486773559643,Sector_B,2024-08-04,None,0.16322461459885684,1
SHP-7176,32.56614824192438,1074.1530775143344,Sector_B,2024-02-19,None,0.8825151313629248,0
SHP-7177,47.09970556322968,1926.7984697749275,Sector_C,2024-04-03,Warning: High Temp,0.9176839802899892,0
SHP-7178,27.578669723924378,274.61001241809277,Sector_C,2024-04-22,Warning: High Temp,0.4006953823815844,0
SHP-7179,60.984702723029336,752.219620996559,Sector_D,2024-01-20,None,0.6793005680230584,0
SHP-7180,46.697090183469506,803.3256265448489,Sector_D,2024-12-17,None,0.8171294425815805,1
SHP-7181,57.05299279908839,592.887202671806,Sector_B,2024-03-07,None,0.9873244996779711,0
SHP-7182,53.50131848308254,14.347857326615594,Sector_A,2024-01-26,Error: Pressure Drop,0.7408989911575443,1
SHP-7183,49.633536987353565,782.8961501250998,Sector_C,2024-02-27,None,0.9439856932809844,1
SHP-7184,37.04002547492783,387.4158104533443,Sector_C,2024-10-22,Error: Pressure Drop,0.6506941209561978,0
SHP-7185,36.53276604949894,121.32608278276469,Sector_D,2024-05-19,Warning: High Temp,0.032677082676098035,1
SHP-7186,32.456977420755535,1294.7162341750134,Sector_A,2024-11-04,None,0.6460049640364337,0
SHP-7187,50.31992932702199,1303.52487224741,Sector_B,2024-08-07,Error: Pressure Drop,0.557048932848418,0
SHP-7188,37.26131920095972,2361.9671543251725,Sector_A,2024-01-22,Warning: High Temp,0.5862967569682332,0
SHP-7189,66.08595708652257,36.41204805771699,Sector_C,2024-01-12,Error: Pressure Drop,0.04342742624567997,0
SHP-7190,57.81742255592738,310.4366880229302,Sector_D,2024-09-28,Error: Pressure Drop,0.2508969584096177,1
SHP-7191,65.43941346918803,1025.100593863235,Sector_D,2024-02-17,None,0.3919649821005238,0
SHP-7192,43.64536875911687,1912.1535923498188,Sector_A,2024-03-25,None,0.9327496009157497,0
SHP-7193,50.18466645629617,154.01453535094174,Sector_D,2024-09-11,None,0.5031014388870356,0
SHP-7194,43.0110318942417,275.6961257590687,Sector_C,2024-09-03,None,0.14819604031510525,1
SHP-7195,41.797051623800414,799.8665864607245,Sector_C,2024-12-09,None,0.6520617708321589,1
SHP-7196,62.254883759018895,141.07171537081513,Sector_B,2024-09-17,None,0.20029510665285222,0
SHP-7197,45.64105033555654,274.04448514393977,Sector_D,2024-01-20,None,0.8712415529289689,1
SHP-7198,57.040972523703026,892.4422867348808,Sector_B,2024-12-09,Warning: High Temp,0.7261689391929425,0
SHP-7199,50.97152171000235,462.52703747655175,Sector_A,2024-12-23,None,0.2168673878838291,0
SHP-7200,51.036621401772436,967.3814698658466,Sector_D,2024-06-12,Warning: High Temp,0.6535789525330016,0
SHP-7201,51.08430631434931,566.597914842716,Sector_C,2024-10-21,None,0.8556582749667838,0
SHP-7202,57.82164507875319,2415.7804519894066,Sector_B,2024-05-17,Warning: High Temp,0.669351319661359,0
SHP-7203,40.58077437432477,2329.9673496246546,Sector_C,2024-12-20,Error: Pressure Drop,0.3663272474840664,0
SHP-7204,45.730236779085985,5785.260068813863,Sector_C,2024-12-19,None,0.9575997890153541,0
SHP-7205,45.330377624677794,90.72065844798014,Sector_A,2024-10-31,Error: Pressure Drop,0.007090772920341992,1
SHP-7206,51.775493070936555,727.6527055010469,Sector_A,2024-10-22,Warning: High Temp,0.07515105775019049,0
SHP-7207,50.81552771236691,649.0610174372781,Sector_C,2024-03-18,Error: Pressure Drop,0.2955753012279929,1
SHP-7208,42.75427844615848,1086.8199819934628,Sector_C,2024-10-19,None,0.35434233895636436,0
SHP-7209,57.08191447857901,259.1718828069949,Sector_C,2024-11-04,Warning: High Temp,0.634358001144424,0
SHP-7210,60.02174689181938,32.60829526654669,Sector_D,2024-04-19,None,0.3750609517963739,1
SHP-7211,82.94946811195385,1676.6425345410933,Sector_C,2024-12-28,None,0.7464843438057279,1
SHP-7212,45.40026177274958,4638.125581857441,Sector_C,2024-09-12,Warning: High Temp,0.25942609025879426,0
SHP-7213,51.24933488954905,352.9199801296982,Sector_D,2024-07-26,Error: Pressure Drop,0.1485113673317311,1
SHP-7214,47.21621278432455,1507.0181386316885,Sector_D,2024-04-19,None,0.6216450148983325,0
SHP-7215,52.959766107451685,749.8598876454986,Sector_D,2024-08-14,None,0.20921104044581873,0
SHP-7216,61.89658900571899,1207.847955050053,Sector_D,2024-06-19,None,0.33985167799787197,1
SHP-7217,58.757034817123824,476.3399775195731,Sector_D,2024-04-23,Warning: High Temp,0.09879307275547788,1
SHP-7218,73.06055569045661,1103.1975954915588,Sector_C,2024-08-31,None,0.8878519437714832,0
SHP-7219,50.709130203475304,433.3234268486833,Sector_A,2024-07-17,None,0.13667313301094397,1
SHP-7220,51.769059381573065,286.9882061947147,Sector_D,2024-06-29,None,0.8115113786933369,1
SHP-7221,33.10134561649387,104.94296301391788,Sector_A,2024-04-23,Error: Pressure Drop,0.1630992141894394,0
SHP-7222,60.316204382920596,165.80770504658494,Sector_B,2024-05-21,Error: Pressure Drop,0.47484842197084465,1
SHP-7223,47.860833295068176,280.02355944035685,Sector_D,2024-07-30,None,0.4632019907292566,1
SHP-7224,43.732223599265886,1307.211829237672,Sector_C,2024-10-08,Error: Pressure Drop,0.5717208550088889,0
SHP-7225,49.70355609913922,1424.2444725671212,Sector_C,2024-12-28,Error: Pressure Drop,0.08763720796626939,1
SHP-7226,66.11584622957864,253.126916654625,Sector_A,2024-05-03,None,0.5693415578978386,0
SHP-7227,60.042465407939034,2359.0961711136333,Sector_A,2024-02-10,None,0.03988182942004326,0
SHP-7228,55.20996656520586,511.4977234975907,Sector_D,2024-02-19,None,0.9807702143249075,0
SHP-7229,45.31708334419259,1607.1432233294709,Sector_C,2024-08-10,Warning: High Temp,0.7357879754834743,1
SHP-7230,46.22139554265733,258.11348253767085,Sector_B,2024-05-03,Error: Pressure Drop,0.7549463909460772,0
SHP-7231,63.72484546433159,1301.1039107347274,Sector_A,2024-07-26,None,0.2342745139889203,1
SHP-7232,42.50591150807816,569.1211203601522,Sector_D,2024-09-09,Warning: High Temp,0.7420326367722305,1
SHP-7233,46.293529948535834,121.72323012966316,Sector_B,2024-04-01,None,0.08013882950013518,0
SHP-7234,43.440857767837215,88.71439408349143,Sector_D,2024-10-28,None,0.2572206419169363,1
SHP-7235,69.98268216776064,175.55079987771012,Sector_C,2024-08-19,Error: Pressure Drop,0.04302549056123883,0
SHP-7236,46.44889827416043,1156.7449187040954,Sector_B,2024-10-29,Error: Pressure Drop,0.31593546151477714,1
SHP-7237,44.801952960258724,442.28150802759313,Sector_D,2024-02-01,None,0.10894714319084953,0
SHP-7238,53.052956603752754,3645.7381217359193,Sector_A,2024-02-11,None,0.16083235482179303,0
SHP-7239,53.73134965731293,1093.336313085583,Sector_B,2024-01-15,Warning: High Temp,0.4910005181486903,1
SHP-7240,33.61545466117684,11.233524659155593,Sector_C,2024-08-14,Warning: High Temp,0.22752181663156823,0
SHP-7241,40.95590442687481,120.60711604797172,Sector_D,2024-12-24,None,0.13268801965476584,0
SHP-7242,67.89503458457301,1435.5233022594298,Sector_B,2024-08-05,Error: Pressure Drop,0.09789633815191834,1
SHP-7243,23.930349802270655,329.0063158555138,Sector_B,2024-04-14,Warning: High Temp,0.30103539702983684,0
SHP-7244,39.13134145016284,1892.695313701689,Sector_D,2024-05-07,None,0.05320012177403066,1
SHP-7245,51.49348292096382,868.0062037420062,Sector_A,2024-02-12,Error: Pressure Drop,0.38836712535294093,0
SHP-7246,54.68849975301678,843.4897645892445,Sector_B,2024-05-12,None,0.43397280123891246,1
SHP-7247,45.96533574705968,81.06240820580608,Sector_A,2024-12-24,None,0.2591222568548601,1
SHP-7248,57.17607547458535,59.03556492679708,Sector_B,2024-05-03,None,0.4032749712451609,1
SHP-7249,44.2155241335524,6.980305227841802,Sector_A,2024-09-23,None,0.08235422903839806,0
SHP-7250,59.76123457369413,1904.0891579049019,Sector_C,2024-01-12,Error: Pressure Drop,0.11999542409853303,1
SHP-7251,41.46646516446151,2155.417890412247,Sector_D,2024-02-06,None,0.651677631215065,1
SHP-7252,52.40468171453977,732.1261067658216,Sector_C,2024-06-24,Error: Pressure Drop,0.16992078996964743,0
SHP-7253,42.091762180802185,392.52616235921914,Sector_D,2024-01-31,None,0.19594866965409952,1
SHP-7254,47.74226176155459,867.563736905718,Sector_C,2024-09-06,Warning: High Temp,0.754953842128968,0
SHP-7255,63.57356355149594,719.2520586352667,Sector_C,2024-02-27,Error: Pressure Drop,0.32439828540423354,0
SHP-7256,57.04912088111023,2397.5924708689327,Sector_B,2024-12-23,None,0.49094521154864035,1
SHP-7257,52.12592835624921,286.063371777665,Sector_B,2024-07-22,Warning: High Temp,0.9696561452429977,0
SHP-7258,64.29329623588183,3403.4292099009863,Sector_B,2024-12-05,Warning: High Temp,0.5033152830126767,0
SHP-7259,25.520410099896832,38.308998626663104,Sector_D,2024-07-23,Error: Pressure Drop,0.39345375005327576,1
SHP-7260,52.95749807556928,1561.213953578506,Sector_D,2024-03-04,Error: Pressure Drop,0.4197522670164807,1
SHP-7261,55.89571688178488,1937.1972763645904,Sector_A,2024-06-18,Error: Pressure Drop,0.5633821576267589,1
SHP-7262,66.65297415506414,254.12347366902222,Sector_B,2024-04-07,Error: Pressure Drop,0.7031917423574745,1
SHP-7263,48.89624025406186,38.908402034900504,Sector_D,2024-03-13,None,0.660621237640378,0
SHP-7264,27.03246790018053,403.05752174017937,Sector_A,2024-11-07,Warning: High Temp,0.6557433302737753,1
SHP-7265,45.51587501854321,41.476847370429745,Sector_D,2024-09-08,Error: Pressure Drop,0.3272099269086267,1
SHP-7266,58.82653583737706,301.8087446685851,Sector_C,2024-12-22,Error: Pressure Drop,0.9823368617136887,1
SHP-7267,46.24554529501694,20.17089747816215,Sector_A,2024-08-12,None,0.31817637526470155,1
SHP-7268,41.67224359587293,385.2605653010206,Sector_D,2024-07-12,Error: Pressure Drop,0.44943058923129353,1
SHP-7269,46.769774882632774,488.23458627527793,Sector_C,2024-07-11,None,0.05290245978159702,1
SHP-7270,61.10955821922606,27.461223545523264,Sector_C,2024-10-25,None,0.983010986590565,0
SHP-7271,58.94109976887293,588.9461025822865,Sector_C,2024-11-11,None,0.6117375005834942,1
SHP-7272,37.204440086982444,2283.8567651680837,Sector_B,2024-01-12,None,0.3863690530007642,1
SHP-7273,48.57025776190454,2071.481719870485,Sector_B,2024-05-17,None,0.8190232420648408,1
SHP-7274,36.692655171644375,1829.0423773508885,Sector_B,2024-02-27,None,0.05343598783291159,1
SHP-7275,59.796872010241685,784.6508382789391,Sector_B,2024-06-10,Warning: High Temp,0.8330387889303191,0
SHP-7276,64.62197351874714,296.9025235419161,Sector_B,2024-11-01,Warning: High Temp,0.22458813604042038,0
SHP-7277,50.6318134308086,206.13641048405384,Sector_C,2024-06-06,None,0.7768268717496926,0
SHP-7278,48.12345277925874,811.1906881498169,Sector_B,2024-06-05,Warning: High Temp,0.41940413639503415,1
SHP-7279,54.86359103476629,157.0791081273069,Sector_C,2024-03-18,None,0.8065814127800399,1
SHP-7280,67.0453984874617,209.1519634392712,Sector_A,2024-02-23,None,0.08020488740554133,0
SHP-7281,39.486738877387374,483.96378884413986,Sector_C,2024-10-29,None,0.31330181262757517,1
SHP-7282,41.928951333656215,476.6020522082528,Sector_D,2024-06-07,Error: Pressure Drop,0.4969174667692069,1
SHP-7283,38.678052032370296,3.4245883296686808,Sector_B,2024-10-31,None,0.4674775403303062,0
SHP-7284,34.70919876371888,3347.153162034148,Sector_C,2024-04-27,None,0.34600488143727337,1
SHP-7285,49.533937486852665,1663.1508796637556,Sector_C,2024-01-19,None,0.30999953953425285,0
SHP-7286,40.9436199324308,864.7371318577851,Sector_C,2024-07-11,Warning: High Temp,0.35660345019974315,0
SHP-7287,44.07664199936271,176.95689742415303,Sector_A,2024-09-20,Warning: High Temp,0.1292524208835646,1
SHP-7288,48.465409155551086,189.56219571703804,Sector_C,2024-04-30,None,0.5966543446820901,0
SHP-7289,44.00281393222978,1110.7312230493083,Sector_B,2024-03-30,None,0.08385514861529753,1
SHP-7290,70.08397627055552,358.3550222264061,Sector_B,2024-06-10,None,0.8008556031672379,1
SHP-7291,44.788915928692596,1148.4910106908167,Sector_D,2024-03-22,None,0.7031861927686555,1
SHP-7292,53.941401853457435,2694.2902535946314,Sector_B,2024-04-20,Error: Pressure Drop,0.30995332099929596,1
SHP-7293,47.15022291241183,1798.1744004624718,Sector_B,2024-08-25,None,0.11748994244059285,0
SHP-7294,55.61818714462341,1239.4200847522472,Sector_A,2024-03-31,Error: Pressure Drop,0.7380917464153072,0
SHP-7295,50.67923881622967,751.0285734822613,Sector_A,2024-08-02,Warning: High Temp,0.9561423220202205,1
SHP-7296,36.73985845561885,195.5895400014695,Sector_C,2024-04-08,None,0.6847481950974276,0
SHP-7297,54.33960632519549,1836.247096836733,Sector_D,2024-11-19,None,0.1660917564639034,1
SHP-7298,36.35080697707256,252.0657636075696,Sector_B,2024-11-11,None,0.20325309284895876,1
SHP-7299,39.6860882162303,1538.6557796495697,Sector_A,2024-02-11,None,0.475933952971216,0
SHP-7300,30.817732480959787,231.77876214789333,Sector_A,2024-09-02,Warning: High Temp,0.7117490723419507,1
SHP-7301,56.10079166432501,1453.3092203844806,Sector_C,2024-09-17,None,0.4248289393948088,1
SHP-7302,61.49301235624547,174.18403900896394,Sector_D,2024-10-30,None,0.815419097314323,1
SHP-7303,54.84885300835645,333.66306905395993,Sector_D,2024-09-08,None,0.05984018744399955,0
SHP-7304,44.59071560407056,93.65862964254005,Sector_B,2024-07-29,None,0.5980584972837724,1
SHP-7305,76.69453402410197,174.6834555846949,Sector_A,2024-03-18,None,0.9982264961005068,0
SHP-7306,56.105203863188045,47.295481576553236,Sector_A,2024-05-25,Warning: High Temp,0.3512120492322609,1
SHP-7307,43.5123118563523,209.1214146740708,Sector_B,2024-10-13,Error: Pressure Drop,0.38457221034615985,1
SHP-7308,53.52545268518986,766.4962726323965,Sector_A,2024-04-13,None,0.00883576950032372,1
SHP-7309,53.688325045499234,3005.7222301460447,Sector_B,2024-06-22,None,0.8757472948633743,1
SHP-7310,63.975435003319404,23.505088826721423,Sector_B,2024-02-15,Error: Pressure Drop,0.1910861805069014,0
SHP-7311,53.46352365834222,944.0284458469384,Sector_A,2024-04-27,None,0.5456218478017502,1
SHP-7312,51.41063896024352,2312.1315863656746,Sector_A,2024-04-07,None,0.6168025669062843,1
SHP-7313,59.475530759530905,374.3599271843428,Sector_D,2024-10-25,None,0.3028378760361272,0
SHP-7314,71.55641490093919,954.1774392712575,,2024-07-04,Warning: High Temp,0.6325383160770897,1
SHP-7315,44.879403624702505,1038.0450329961295,Sector_A,2024-07-15,None,0.22089620945110422,0
SHP-7316,50.11113891574296,2170.265685683212,Sector_C,2024-12-01,Error: Pressure Drop,0.3915844733714394,0
SHP-7317,53.07195546097364,451.626366316136,Sector_D,2024-05-21,Warning: High Temp,0.38078212175453063,0
SHP-7318,50.82896891544404,343.5083276589829,Sector_A,2024-02-26,None,0.7417706091076822,0
SHP-7319,49.291202515489466,527.6058656353119,Sector_B,2024-03-03,Error: Pressure Drop,0.041952016377264756,1
SHP-7320,47.88959595837666,22.285507775266375,Sector_D,2024-05-14,None,0.35486698001246686,1
SHP-7321,51.39260108721722,986.6575309603729,Sector_B,2024-03-11,Error: Pressure Drop,0.5454965414823216,1
SHP-7322,42.488765093485156,597.8810830167022,Sector_B,2024-08-02,Error: Pressure Drop,0.2958283087202841,1
SHP-7323,42.68760718014455,159.943089811696,Sector_C,2024-08-03,None,0.2255505163837086,0
SHP-7324,46.35143000485757,1249.5786735141448,Sector_D,2024-12-19,Warning: High Temp,0.61657339290256,1
SHP-7325,50.64995365294364,496.6902508698987,Sector_D,2024-08-18,None,0.7173287377904157,0
SHP-7326,60.99088970668407,351.104488170276,Sector_D,2024-12-11,None,0.7410236504425591,1
SHP-7327,54.04297911860541,3811.1532572333517,Sector_A,2024-12-13,Warning: High Temp,0.838482007866794,1
SHP-7328,64.94995386793644,563.7968207663074,Sector_C,2024-09-14,Warning: High Temp,0.9208777271032199,0
SHP-7329,34.381663243105145,656.4094324695265,Sector_D,2024-07-20,None,0.12457857090450675,0
SHP-7330,55.298425110134424,13.284499848374375,Sector_C,2024-08-17,Warning: High Temp,0.0195235542706943,0
SHP-7331,38.68907186661767,179.0838333760228,Sector_C,2024-12-13,None,0.14631948117519677,0
SHP-7332,43.717407226613155,2097.7421286334275,Sector_A,2024-08-21,Error: Pressure Drop,0.3021437624349087,0
SHP-7333,64.0633721881998,44.27513327081911,Sector_A,2024-06-05,None,0.7849814537620079,1
SHP-7334,46.4125218629214,1246.2400373813077,Sector_C,2024-11-15,Error: Pressure Drop,0.9220781685963475,1
SHP-7335,38.309458040693386,917.5655023440582,Sector_C,2024-12-04,None,0.0646412349722163,1
SHP-7336,53.50232552254464,1093.4641340451547,Sector_B,2024-03-03,Warning: High Temp,0.07701165919551933,0
SHP-7337,41.063442360578165,1489.8378350069768,Sector_D,2024-05-04,None,0.011112277387662406,1
SHP-7338,54.3702756739281,440.52485422322883,Sector_C,2024-01-28,Warning: High Temp,0.5262652727016889,0
SHP-7339,47.847313636215105,1037.0505040675,Sector_B,2024-02-06,Warning: High Temp,0.2814146786342153,0
SHP-7340,64.02062217113858,339.18181004266205,Sector_C,2024-12-16,None,0.6242041900618953,0
SHP-7341,61.22649774107948,491.4407918177402,Sector_A,2024-10-02,None,0.6986097579061893,1
SHP-7342,32.284072059738406,1565.327805059576,Sector_D,2024-01-23,Error: Pressure Drop,0.31154491558017916,0
SHP-7343,53.22085230792536,1826.6171663533694,Sector_A,2024-01-07,Warning: High Temp,0.8912597983479524,1
SHP-7344,54.31398142261316,86.83293680854378,Sector_A,2024-03-11,None,0.9679145918156229,1
SHP-7345,60.54580474113008,1506.878830511288,Sector_A,2024-04-13,None,0.4746176345268729,1
SHP-7346,54.695704754257115,401.6561810933398,Sector_C,2024-08-31,None,0.8802762282329214,1
SHP-7347,40.05643963673738,1422.741607444006,Sector_A,2024-04-18,None,0.30551832569693693,0
SHP-7348,57.573235400552285,922.5349721665699,Sector_D,2024-02-25,None,0.3503112975403486,0
SHP-7349,38.814920211970495,1789.576537994852,Sector_A,2024-01-20,None,0.1163110027924984,0
SHP-7350,42.29562938101448,167.73127889245137,Sector_A,2024-07-30,None,0.44663234084861136,0
SHP-7351,60.34798837780436,1839.7814952258893,Sector_D,2024-01-28,None,0.19691298586132322,0
SHP-7352,54.17323991977048,782.6634398133331,Sector_D,2024-07-26,Error: Pressure Drop,0.10989029567699138,0
SHP-7353,62.20417496778784,2597.9802570039324,Sector_B,2024-12-14,None,0.10656821343417566,0
SHP-7354,56.7824505123195,183.76296517067792,Sector_A,2024-07-04,None,0.8112085018129608,0
SHP-7355,50.3908577869179,90.30849731777461,Sector_B,2024-03-02,None,0.8893424386909994,0
SHP-7356,58.56317422616668,1243.3571570155657,Sector_A,2024-01-11,None,0.9587354834109788,0
SHP-7357,45.508500355082994,2.907562696746598,Sector_C,2024-04-06,None,0.292950929858273,1
SHP-7358,44.52931591408529,1317.6056123474489,Sector_A,2024-07-27,Error: Pressure Drop,0.8722797576384455,0
SHP-7359,44.603856419418456,217.2360726621197,Sector_C,2024-10-11,None,0.47802691741189385,1
SHP-7360,51.79374054072126,1190.1343354563946,Sector_A,2024-07-20,None,0.8265015362771098,1
SHP-7361,49.783425770306415,1931.3774666576396,Sector_D,2024-02-23,None,0.6628381545645687,1
SHP-7362,65.69934660675463,42.24644535901807,Sector_A,2024-04-19,None,0.6668506221893031,0
SHP-7363,40.61197462258485,453.38714629878115,Sector_B,2024-03-22,Error: Pressure Drop,0.43770175071437256,1
SHP-7364,39.99697416455393,859.6166209748847,Sector_C,2024-11-18,None,0.01106332068090754,0
SHP-7365,43.34468631547325,1010.5970503511666,Sector_D,2024-07-08,Warning: High Temp,0.8863265957281525,1
SHP-7366,55.57635590076976,1656.4477846241248,Sector_B,2024-10-17,None,0.26541121178697935,0
SHP-7367,56.17160362562997,1181.100158701445,Sector_C,2024-08-17,None,0.4621488118572824,0
SHP-7368,44.72024934912295,195.53689463994903,Sector_B,2024-04-21,None,0.9825810110575373,0
SHP-7369,39.7283972201274,85.31609363868088,Sector_B,2024-12-19,None,0.7655802858188853,0
SHP-7370,55.4213761969462,2661.828977036754,Sector_B,2024-11-27,None,0.07673024043182575,0
SHP-7371,36.671024082727115,468.1198622896411,Sector_C,2024-05-03,Error: Pressure Drop,0.9958130708278269,0
SHP-7372,59.32407644079647,673.4772444417748,Sector_C,2024-03-24,Error: Pressure Drop,0.9816487002883192,0
SHP-7373,32.998014088334486,321.01634655252855,Sector_C,2024-04-30,Error: Pressure Drop,0.6640180670432767,1
SHP-7374,45.382697202665135,424.27266434783576,Sector_D,2024-06-19,Error: Pressure Drop,0.7501642469685159,1
SHP-7375,43.65222221758097,840.5068986832092,Sector_B,2024-08-13,None,0.42395659449544787,0
SHP-7376,59.28072428938899,646.5975145219512,Sector_A,2024-02-08,None,0.8140994277320293,1
SHP-7377,46.39242625129632,4305.1964828157425,Sector_B,2024-10-29,None,0.2284559177749833,1
SHP-7378,54.05512262377276,578.8681047523016,Sector_C,2024-01-08,Error: Pressure Drop,0.31140527731469325,1
SHP-7379,41.17283630125459,812.2507669668595,Sector_B,2024-11-15,Warning: High Temp,0.714389771350346,1
SHP-7380,30.010463716040803,1657.0417306808952,Sector_C,2024-05-15,None,0.0570289570172372,0
SHP-7381,55.27129110513622,2919.071980720385,Sector_D,2024-01-27,None,0.04512286453214798,1
SHP-7382,50.29820797714786,1874.9325981385914,Sector_B,2024-02-15,None,0.9580548265854502,0
SHP-7383,43.26238951502832,1001.1545828065822,Sector_B,2024-07-17,None,0.0767925592055253,0
SHP-7384,57.81523406256151,105.43466557077372,Sector_C,2024-08-04,Warning: High Temp,0.7251561553071871,0
SHP-7385,63.55074130832185,2591.551388194581,Sector_C,2024-09-21,Error: Pressure Drop,0.08838204769650282,0
SHP-7386,61.34817630025837,3300.0660219802307,Sector_A,2024-09-27,Warning: High Temp,0.2721274014756463,1
SHP-7387,45.41197041773084,843.5856756446033,Sector_D,2024-07-27,None,0.5337403835486537,0
SHP-7388,73.87296930985256,209.3342596655344,Sector_C,2024-06-27,None,0.7368543425997112,0
SHP-7389,35.563545439847054,68.62638645742267,Sector_A,2024-11-11,Error: Pressure Drop,0.3568476743199557,0
SHP-7390,63.13964995902404,11.143171081741073,Sector_A,2024-05-03,Warning: High Temp,0.4045620320001223,0
SHP-7391,49.83123505941039,1195.800727125385,Sector_C,2024-03-15,None,0.056331715005839555,0
SHP-7392,44.5318246391013,461.5998044639531,Sector_D,2024-05-21,None,0.8516978559847929,0
SHP-7393,51.53710566084813,417.98495633565,Sector_B,2024-07-16,None,0.6584878441816585,0
SHP-7394,63.244937938808384,191.97127942156447,Sector_A,2024-06-16,None,0.09392082204594399,1
SHP-7395,25.999452051733186,807.4826539930399,Sector_B,2024-02-25,None,0.16766845779742034,1
SHP-7396,58.94100018055979,3798.3323564642646,Sector_B,2024-06-15,None,0.2711561386187924,1
SHP-7397,43.77708546269441,437.4310683792673,Sector_C,2024-11-05,Warning: High Temp,0.019629430468284803,0
SHP-7398,52.487082845222275,727.8371985681908,Sector_B,2024-02-10,None,0.26125146873977356,0
SHP-7399,71.73850040768255,372.8735723335631,Sector_D,2024-10-12,Error: Pressure Drop,0.9288780306114159,1
SHP-7400,40.70416968919827,152.31248066910817,Sector_C,2024-07-11,Error: Pressure Drop,0.3770598609155915,0
SHP-7401,56.62389084021451,707.4005794335017,Sector_C,2024-03-04,None,0.4878255212746271,1
SHP-7402,43.26578604656338,212.64605105663145,Sector_D,2024-10-09,None,0.8861021524278313,1
SHP-7403,29.92193609667114,883.2677235616294,Sector_B,2024-05-23,Warning: High Temp,0.3271889547361889,0
SHP-7404,74.27080353414172,303.4010873444503,Sector_D,2024-02-29,None,0.7928361195512815,1
SHP-7405,,563.2624283638879,Sector_D,2024-11-20,None,0.09852981183388732,1
SHP-7406,44.888705842483986,1736.1350743319422,Sector_D,2024-11-06,None,0.1989540389367409,1
SHP-7407,49.427619969978956,254.26603041114103,Sector_C,2024-12-09,None,0.0812124652507672,1
SHP-7408,46.618528529985994,1377.5800932244176,Sector_D,2024-01-12,None,0.7272225758578815,0
SHP-7409,41.9337199745562,1017.9426379487586,Sector_C,2024-01-24,None,0.0573534976946829,0
SHP-7410,41.021516916928,2069.6874485837375,Sector_B,2024-05-17,Warning: High Temp,0.4051149400524201,0
SHP-7411,48.350334963856774,3571.868812509119,Sector_D,2024-10-15,None,0.8726683789579426,0
SHP-7412,63.01767823181211,184.88222190591353,Sector_D,2024-07-27,None,0.5574753979383479,1
SHP-7413,41.73927538839252,2547.797307773668,Sector_A,2024-09-03,Warning: High Temp,0.5773405809433056,1
SHP-7414,56.170276069210615,991.5985837983227,,2024-03-25,Error: Pressure Drop,0.09640474556305412,1
SHP-7415,53.5584586045993,630.080971421364,Sector_B,2024-12-11,Warning: High Temp,0.2892262758138616,0
SHP-7416,47.399980645594596,928.7803074798059,Sector_C,2024-10-11,None,0.16296656428611345,0
SHP-7417,45.620360428443355,732.7011035079648,Sector_A,2024-01-30,None,0.4954333980215557,0
SHP-7418,54.55359207718602,3030.7571664767975,Sector_D,2024-11-13,Error: Pressure Drop,0.74796362887441,1
SHP-7419,56.4527659639169,216.3041002800676,Sector_D,2024-08-07,None,0.23731850410228095,1
SHP-7420,28.408645163682316,312.7227175661367,Sector_B,2024-12-13,Error: Pressure Drop,0.8393984537472683,1
SHP-7421,46.18951934107236,1233.785586591355,Sector_A,2024-12-31,Error: Pressure Drop,0.28471438323636256,0
SHP-7422,48.43711042155207,1477.8855564716055,Sector_B,2024-02-15,Error: Pressure Drop,0.4575359674236782,1
SHP-7423,46.545209704462806,1114.9191828432415,Sector_C,2024-03-16,None,0.02060966817167842,0
SHP-7424,80.58837029129258,884.9739216072835,Sector_B,2024-02-23,Warning: High Temp,0.14938117830263908,0
SHP-7425,45.256947385555854,219.44723251267433,Sector_D,2024-12-08,None,0.8708770719316237,1
SHP-7426,59.927382562675824,1247.8273866578295,Sector_D,2024-01-14,Error: Pressure Drop,0.4298425049886747,1
SHP-7427,46.63892201829179,907.0473626493042,Sector_B,2024-03-20,None,0.03426876218525865,0
SHP-7428,56.1123844443717,697.0390515953561,Sector_A,2024-02-18,None,0.5606190691982005,1
SHP-7429,54.52764265966577,752.2773582719652,Sector_A,2024-09-26,None,0.2655304684737312,0
SHP-7430,48.553870161989735,223.8505704670068,Sector_A,2024-03-06,Warning: High Temp,0.6755844414710415,1
SHP-7431,69.61294635379093,566.8199361919595,Sector_C,2024-12-08,None,0.2849766494069108,1
SHP-7432,52.82395546327471,1311.7986129908018,Sector_A,2024-12-14,None,0.7022154376588019,1
SHP-7433,46.612965856548335,562.2990865739187,Sector_A,2024-07-08,Warning: High Temp,0.5282084327545925,1
SHP-7434,44.45097803990156,1584.0944598756864,Sector_C,2024-04-15,Warning: High Temp,0.09917096978871254,1
SHP-7435,53.84131502283553,190.62290786164584,Sector_B,2024-10-24,None,0.24822431344990592,1
SHP-7436,60.91211636567367,810.1784325151928,Sector_D,2024-07-30,None,0.815289185949567,0
SHP-7437,66.24608134898371,598.0245529319991,Sector_C,2024-01-12,None,0.5619086101326038,0
SHP-7438,38.92070111731093,2516.850417522424,Sector_A,2024-11-20,None,0.523636317612909,0
SHP-7439,45.6214456336481,591.006721885667,Sector_B,2024-05-10,None,0.09787354752896993,0
SHP-7440,46.354489046777644,2095.5835079039402,Sector_B,2024-03-16,Warning: High Temp,0.6496635013639527,1
SHP-7441,43.24490874297978,68.01771809213434,Sector_A,2024-09-17,Warning: High Temp,0.6571680430048931,0
SHP-7442,61.67895439746344,30.04187290554394,Sector_C,2024-06-08,Error: Pressure Drop,0.7844438795055522,1
SHP-7443,44.90995083561449,575.1461473394003,Sector_B,2024-04-22,None,0.41460149871103247,0
SHP-7444,44.45111848044446,983.1075581955707,Sector_C,2024-10-18,None,0.812458467111493,0
SHP-7445,50.26408050450488,635.3018690216743,Sector_D,2024-08-16,Error: Pressure Drop,0.507999715976063,0
SHP-7446,30.63238506761769,625.1042016622605,Sector_A,2024-05-28,Error: Pressure Drop,0.6809575552439313,0
SHP-7447,45.50925720851665,2666.7591814627094,Sector_B,2024-12-13,None,0.3087807847063154,1
SHP-7448,65.55011467976934,4564.577302279598,Sector_A,2024-04-24,None,0.008150454669792029,1
SHP-7449,67.14938285428278,377.133556935524,Sector_A,2024-12-16,Warning: High Temp,0.2589918979506054,0
SHP-7450,59.198787620587986,1190.2182077906155,Sector_C,2024-02-29,Warning: High Temp,0.08751685047213309,0
SHP-7451,47.413990886849,485.6355939292666,Sector_D,2024-02-12,None,0.29510653899915085,0
SHP-7452,35.95817449883434,222.98775857126566,Sector_B,2024-09-28,None,0.010588707123120766,1
SHP-7453,70.98974415936331,716.5469708229119,Sector_B,2024-11-14,None,0.5740246334699728,1
SHP-7454,74.59964813637698,361.80107818367475,Sector_D,2024-08-18,Error: Pressure Drop,0.14000382498020225,1
SHP-7455,18.921429352529803,145.66039109642475,Sector_C,2024-10-01,Error: Pressure Drop,0.04438117630977634,1
SHP-7456,60.1400520766393,83.43609259799769,Sector_C,2024-02-10,Warning: High Temp,0.5667315838972687,0
SHP-7457,48.86006696032492,478.9640120951466,Sector_D,2024-07-08,Warning: High Temp,0.6739536299186139,0
SHP-7458,74.25835680832657,98.16191646415226,Sector_A,2024-01-20,Error: Pressure Drop,0.46391215977329237,1
SHP-7459,51.640148788805234,1293.849217716439,Sector_A,2024-11-25,Warning: High Temp,0.2530558731561985,0
SHP-7460,44.82600137722472,327.9257184455469,Sector_B,2024-05-21,Warning: High Temp,0.5026325989834276,1
SHP-7461,53.72762054766456,564.3700455044581,Sector_A,2024-03-24,Error: Pressure Drop,0.6077870385503843,1
SHP-7462,41.240561248993814,215.23208410754864,Sector_C,2024-09-19,None,0.3070691743386428,0
SHP-7463,28.11859197479915,684.7840941365328,Sector_D,2024-05-24,None,0.11004618170901892,0
SHP-7464,48.65502881376962,555.550253558161,Sector_C,2024-10-12,Error: Pressure Drop,0.8661445411522795,1
SHP-7465,33.7367378817989,1563.9484838285177,Sector_B,2024-12-16,None,0.4433872556977261,0
SHP-7466,49.936973279738645,2215.2177933893895,Sector_B,2024-12-11,None,0.9115837173609701,0
SHP-7467,31.96582382626858,72.78349115261622,Sector_C,2024-12-14,Error: Pressure Drop,0.8802603975219003,0
SHP-7468,56.244961193149,512.8444028054661,Sector_A,2024-10-07,Warning: High Temp,0.3288318190206828,1
SHP-7469,39.30139483666042,1718.1952145667653,Sector_A,2024-11-07,None,0.1921368616551843,0
SHP-7470,50.728152356233934,1510.1180446017916,Sector_B,2024-02-28,None,0.22732274733677194,1
SHP-7471,35.424607498054975,384.737287978504,Sector_B,2024-07-03,None,0.7286154648677382,1
SHP-7472,35.04179481751826,138.22467409173805,,2024-06-05,Error: Pressure Drop,0.2887442916198387,1
SHP-7473,43.23660158265368,684.8795729623641,Sector_A,2024-11-04,Warning: High Temp,0.723599756390031,0
SHP-7474,53.813425914500684,351.9525538263927,Sector_A,2024-04-13,None,0.6984723751517182,0
SHP-7475,36.59548216558428,1129.4003003506152,Sector_A,2024-10-24,None,0.5889819340211954,0
SHP-7476,60.78215049923135,289.10094118519453,Sector_C,2024-01-08,None,0.6128043902165259,0
SHP-7477,43.80324542565946,3.0559943583968834,Sector_D,2024-06-01,None,0.9923351830436556,1
SHP-7478,53.31692059618326,889.9537466826852,Sector_D,2024-09-10,Error: Pressure Drop,0.5522249047902502,1
SHP-7479,50.497792222163646,1866.3813731676703,Sector_D,2024-05-26,Warning: High Temp,0.43607404728763977,1
SHP-7480,54.397058682433645,1881.640196115297,Sector_D,2024-03-08,Warning: High Temp,0.24476430399934923,1
SHP-7481,39.43278680161211,148.47196668093594,Sector_B,2024-04-16,None,0.934293744317132,1
SHP-7482,43.892362382277504,958.6840376815705,Sector_A,2024-08-27,None,0.8562234754195193,1
SHP-7483,44.743345843951204,1460.7369302392513,Sector_C,2024-09-25,Warning: High Temp,0.014104216781646417,0
SHP-7484,45.50182680966667,209.90628605477477,Sector_B,2024-08-01,None,0.4849343338766807,0
SHP-7485,41.11142985482132,458.72312450958185,Sector_B,2024-01-04,None,0.44692166920771426,1
SHP-7486,36.52362335215903,599.8654562132682,Sector_C,2024-01-06,Warning: High Temp,0.8984878420215422,0
SHP-7487,70.9424312437773,250.69552374718046,Sector_A,2024-12-19,None,0.05129771120069149,1
SHP-7488,52.038911828885446,325.30120774480633,Sector_A,2024-02-11,None,0.8770549833214014,1
SHP-7489,45.287081567918,5.399392428047748,Sector_C,2024-08-14,None,0.45814349261122533,0
SHP-7490,44.117671879020186,254.34627516554136,Sector_A,2024-04-12,Error: Pressure Drop,0.13522057162286638,1
SHP-7491,70.23503114959144,271.32039601414897,Sector_B,2024-05-29,None,0.08019887567086403,1
SHP-7492,58.70084781991499,779.0502933392362,Sector_A,2024-11-04,Error: Pressure Drop,0.9293272201909039,1
SHP-7493,44.91771565163604,282.38667393364784,Sector_C,2024-03-13,None,0.03609031460371914,1
SHP-7494,50.989333718920314,22.49804205158012,Sector_C,2024-08-19,Error: Pressure Drop,0.8218799032757608,1
SHP-7495,51.648929381891406,1318.6346939949196,Sector_A,2024-10-27,Error: Pressure Drop,0.6028338616428162,0
SHP-7496,49.43327773012417,102.83929451340697,Sector_C,2024-08-19,Warning: High Temp,0.03405327952332049,1
SHP-7497,49.372995813143866,87.17792709499554,Sector_A,2024-06-09,None,0.7382675522549985,0
SHP-7498,59.11617407601683,533.2747612895463,Sector_D,2024-12-12,None,0.07637458322914414,0
SHP-7499,57.95148268676117,616.7719761512336,Sector_B,2024-05-19,None,0.8050655268581416,0
SHP-7500,63.00269226355808,1121.7299153827357,Sector_A,2024-12-05,None,0.7611927559210674,0
SHP-7501,53.075911806425246,172.4572812209761,Sector_B,2024-12-15,None,0.09143331091321161,1
SHP-7502,39.870493351307076,745.0037380987533,Sector_A,2024-04-11,None,0.06981074567096879,1
SHP-7503,63.09871743138482,672.9305535421479,Sector_A,2024-10-18,None,0.05312423224042773,1
SHP-7504,39.26741286982411,1747.9197008267126,Sector_C,2024-04-15,None,0.4036165964613231,0
SHP-7505,65.87836031579381,218.17135683797187,Sector_A,2024-09-09,None,0.0016550858576193095,1
SHP-7506,36.71313663063466,384.9494179892688,Sector_D,2024-10-19,Error: Pressure Drop,0.2881632507029044,0
SHP-7507,39.86210898771463,1038.5257674787545,Sector_A,2024-12-14,Warning: High Temp,0.3526603171617857,0
SHP-7508,27.30258926224128,159.20333775688275,Sector_B,2024-05-11,None,0.7134468515461392,0
SHP-7509,61.21425966126452,383.1592898453004,Sector_A,2024-11-15,None,0.35951156076396884,1
SHP-7510,57.831886612716,267.51123780463615,Sector_D,2024-06-22,Error: Pressure Drop,0.5528753174893315,0
SHP-7511,42.819423798844355,40.04550367567485,Sector_D,2024-02-09,Error: Pressure Drop,0.3535919112789362,1
SHP-7512,48.83920217187916,1429.905114235453,Sector_C,2024-04-20,Warning: High Temp,0.26439520330399136,0
SHP-7513,41.530356717214474,1139.4264746328524,Sector_C,2024-11-28,None,0.9128396251652343,1
SHP-7514,46.46515863919088,95.83299405327675,Sector_A,2024-06-02,None,0.26993276754043916,1
SHP-7515,67.2407541039916,254.3458281009039,Sector_D,2024-08-04,Error: Pressure Drop,0.8595966361718533,1
SHP-7516,50.76986811687128,33.75751958087062,Sector_A,2024-02-29,None,0.843984006543598,0
SHP-7517,38.2021676938759,378.8591895740916,Sector_A,2024-02-02,None,0.6620116873452077,0
SHP-7518,44.27029569514836,720.6087378637241,Sector_A,2024-07-30,Warning: High Temp,0.5571839723519976,1
SHP-7519,38.246736599803924,46.25171109368672,Sector_D,2024-11-29,None,0.9147266411641899,0
SHP-7520,50.05829418648145,183.03004397800336,Sector_C,2024-01-07,Warning: High Temp,0.004926215758764951,0
SHP-7521,34.45973014414268,481.6831130756003,Sector_C,2024-12-19,None,0.4616222454201685,0
SHP-7522,56.759510286768524,284.4832851246044,Sector_C,2024-05-12,None,0.5938002022274372,1
SHP-7523,38.634365729507124,321.38415686311623,Sector_C,2024-11-06,None,0.209006378547423,1
SHP-7524,43.41814929291679,434.75823069827504,Sector_D,2024-07-24,Warning: High Temp,0.41807481469543406,1
SHP-7525,85.27778703304192,1095.4842822075295,Sector_C,2024-05-06,Warning: High Temp,0.783673363473913,1
SHP-7526,46.65849986020725,324.9861795594926,Sector_C,2024-03-06,Error: Pressure Drop,0.969462719493239,0
SHP-7527,63.40132116836914,1388.0567385803397,Sector_C,2024-02-16,None,0.8863855588041788,1
SHP-7528,38.202814767488825,933.0452100608452,Sector_C,2024-11-07,None,0.14183401541092389,1
SHP-7529,57.26875856258244,3778.7312275627764,Sector_D,2024-09-01,Warning: High Temp,0.314463477285162,0
SHP-7530,50.05666915292527,1419.882852874227,Sector_B,2024-02-23,Warning: High Temp,0.7754543648738746,1
SHP-7531,43.36891919714,588.1840370250746,Sector_A,2024-09-04,Error: Pressure Drop,0.5694904854286962,0
SHP-7532,49.31098057003469,217.81121158801773,Sector_C,2024-04-21,None,0.8626003007428146,0
SHP-7533,60.28250700532037,236.18047663628766,Sector_C,2024-10-19,Warning: High Temp,0.7870328163449158,1
SHP-7534,62.14477976140594,66.1298981304381,Sector_C,2024-06-11,None,0.672348465010828,0
SHP-7535,33.611607908320174,242.93914304310493,Sector_C,2024-04-29,Warning: High Temp,0.34741552852859525,0
SHP-7536,34.283860708432975,1328.8650978168464,Sector_B,2024-05-03,None,0.5324434805765522,1
SHP-7537,53.28482961664846,115.01879860028886,Sector_C,2024-02-25,None,0.06435967312575863,0
SHP-7538,46.35206944605391,184.83384303487216,Sector_B,2024-12-17,Warning: High Temp,0.7851458268099957,0
SHP-7539,43.37870651071589,1179.1860080824802,Sector_D,2024-08-28,Error: Pressure Drop,0.7185175465753668,0
SHP-7540,48.8751645629798,768.4335864185989,Sector_C,2024-09-03,None,0.3627882798088401,0
SHP-7541,42.42714808675762,89.32211802086262,Sector_B,2024-03-23,Error: Pressure Drop,0.8715168991115544,0
SHP-7542,44.307137186836606,59.162617978878394,Sector_C,2024-04-15,None,0.6831143308272338,0
SHP-7543,49.20847983349974,3572.3299152663203,Sector_B,2024-02-27,None,0.7367200318197034,0
SHP-7544,52.15477507171867,1339.631940927629,Sector_C,2024-06-25,Warning: High Temp,0.4828442219618124,0
SHP-7545,63.33762994973736,2339.890800553312,Sector_C,2024-09-06,Warning: High Temp,0.5722055395301731,0
SHP-7546,38.31239891301287,576.2638499471807,Sector_A,2024-10-30,Warning: High Temp,0.702408495064443,0
SHP-7547,52.00589296299677,857.2201828135156,Sector_C,2024-02-18,None,0.054869456312486076,0
SHP-7548,47.10922583710186,671.5464052203782,Sector_C,2024-02-14,Warning: High Temp,0.7117510728814933,1
SHP-7549,46.305489562958,493.8603227132102,Sector_D,2024-03-17,None,0.578562528097614,0
SHP-7550,45.76904174576312,1560.1474267529038,Sector_C,2024-04-29,None,0.007241030244934832,0
SHP-7551,56.163321614922275,616.8821811535607,Sector_B,2024-04-11,Warning: High Temp,0.6573212142503214,0
SHP-7552,32.04649451167248,283.8344073931308,Sector_C,2024-02-05,None,0.8825457415556948,1
SHP-7553,54.543402008226785,627.538080816712,Sector_D,2024-01-16,None,0.6132955805271093,1
SHP-7554,53.07631216939324,698.319858800222,Sector_A,2024-01-14,Warning: High Temp,0.29082335850338736,0
SHP-7555,47.247452718187354,858.7358217900636,Sector_C,2024-05-03,None,0.24093980808868032,1
SHP-7556,47.77502252662361,999.6383521115923,Sector_A,2024-11-14,None,0.31026932939755736,0
SHP-7557,42.417940219280275,828.2178842048942,Sector_B,2024-03-04,None,0.7073871640380976,1
SHP-7558,39.99507620252184,1772.7247453436974,Sector_B,2024-03-26,Error: Pressure Drop,0.5042045939737043,0
SHP-7559,47.74036186522789,163.71245102264132,Sector_C,2024-06-09,Warning: High Temp,0.6194851747856531,0
SHP-7560,51.34615186984799,1729.4115042563112,Sector_D,2024-01-26,Error: Pressure Drop,0.6562692203133996,0
SHP-7561,50.6198193191189,1312.7674453710401,Sector_C,2024-11-14,None,0.6158960938307452,0
SHP-7562,61.48928054876392,859.2195604579422,Sector_C,2024-04-17,Warning: High Temp,0.2747732745496304,1
SHP-7563,49.02068914497149,101.7884759156911,Sector_A,2024-07-29,None,0.12433342572923756,1
SHP-7564,48.17879815379688,248.87097833346968,Sector_C,2024-02-06,None,0.25180035589478156,1
SHP-7565,58.32809148677868,145.48665927318396,Sector_A,2024-06-05,None,0.04637303599291631,0
SHP-7566,54.37888321728345,236.24061759172062,Sector_C,2024-11-16,Error: Pressure Drop,0.8301787956857366,0
SHP-7567,25.285077985402594,68.45716349755348,Sector_A,2024-06-22,None,0.8187009733112575,1
SHP-7568,46.85820148205756,791.7804422547568,Sector_C,2024-06-11,None,0.9304097385287455,1
SHP-7569,48.685722955215546,687.1138201264376,Sector_A,2024-06-16,None,0.07330916255133213,1
SHP-7570,51.06012052198345,801.3356577276135,Sector_A,2024-09-20,None,0.9059306815679521,0
SHP-7571,48.30715163210938,374.58130339157304,Sector_D,2024-07-24,None,0.40976134216584237,0
SHP-7572,35.76472119495931,1571.6325349457486,Sector_D,2024-09-07,Error: Pressure Drop,0.4575315578376109,0
SHP-7573,68.04540450574899,480.5001509078169,Sector_D,2024-02-10,None,0.458904129324159,0
SHP-7574,45.01768825431723,84.02237779660923,Sector_A,2024-02-16,None,0.975680509197979,1
SHP-7575,62.37464256397673,264.4811411103265,Sector_B,2024-03-18,Warning: High Temp,0.01529037746474271,0
SHP-7576,36.064580525461686,327.37804830680113,Sector_C,2024-10-16,None,0.6050667226538422,0
SHP-7577,71.35932804351107,2300.918235027902,Sector_D,2024-08-21,Warning: High Temp,0.260276125992714,0
SHP-7578,64.15996577764258,489.20916069323977,Sector_B,2024-11-11,Warning: High Temp,0.9901971220464932,1
SHP-7579,35.87694038792639,186.2467301505289,Sector_B,2024-10-14,None,0.6219062520565933,0
SHP-7580,42.28425278635824,641.9943075583742,Sector_A,2024-01-22,None,0.016740652113625742,1
SHP-7581,60.72647131240518,1820.5286759837416,Sector_C,2024-07-19,None,0.6946895665987904,0
SHP-7582,51.99138289192028,279.80074248881226,Sector_A,2024-11-07,Warning: High Temp,0.5069673899733694,0
SHP-7583,54.79421918405259,360.54474987565857,Sector_C,2024-06-29,Warning: High Temp,0.9004464105945581,0
SHP-7584,38.7621133640953,3107.7536437708795,Sector_D,2024-03-28,None,0.7784147957882882,0
SHP-7585,46.065065701228654,354.22846503808165,Sector_A,2024-03-14,None,0.7281557441855095,1
SHP-7586,63.11244735061532,228.86024154250305,Sector_B,2024-01-30,None,0.21734449948088286,1
SHP-7587,46.610414986386736,1905.0219349750103,Sector_A,2024-10-23,None,0.836695456678621,0
SHP-7588,49.31569992465869,1595.9366958973378,Sector_C,2024-12-19,None,0.9782312394121546,1
SHP-7589,61.74787674982874,110.03341636324679,Sector_B,2024-09-24,None,0.5935388571900901,1
SHP-7590,55.11460864187679,854.7036271774598,Sector_B,2024-07-03,None,0.17504364528555638,1
SHP-7591,54.95465265660916,536.0197082494474,Sector_D,2024-05-24,None,0.6458635673900719,0
SHP-7592,53.25629418175648,528.1425353471604,Sector_A,2024-07-04,Error: Pressure Drop,0.721428852551962,0
SHP-7593,44.77221536930099,614.4181260305877,Sector_C,2024-06-22,None,0.16132595445404208,1
SHP-7594,47.81804267492093,693.6358805553143,Sector_D,2024-10-17,None,0.22428368693653045,1
SHP-7595,46.71032015420653,1882.1670876536834,Sector_A,2024-10-26,None,0.4698937680997891,1
SHP-7596,45.81604145372081,31.778712202094507,Sector_D,2024-01-21,Warning: High Temp,0.8068276969733476,0
SHP-7597,48.063190514051975,4857.68395640342,Sector_A,2024-08-14,Error: Pressure Drop,0.8494787545787248,0
SHP-7598,54.58708427399675,558.0986060501706,Sector_C,2024-12-27,Warning: High Temp,0.7343977866224155,1
SHP-7599,,462.44020563584775,Sector_B,2024-10-26,None,0.022941432272252094,0
SHP-7600,72.88655370942473,447.2723573824813,Sector_C,2024-12-24,Error: Pressure Drop,0.5436928921991381,1
SHP-7601,42.02409478832966,1172.0845337936469,Sector_A,2024-11-27,None,0.2214358141833388,1
SHP-7602,55.50557676225622,1037.5187748570047,Sector_C,2024-12-25,Error: Pressure Drop,0.8719124694687647,0
SHP-7603,46.54928631033042,1125.9154788214541,Sector_A,2024-02-25,Error: Pressure Drop,0.6951599375084578,1
SHP-7604,33.60779364484577,1101.6954187860335,Sector_B,2024-07-28,None,0.9250093567056034,0
SHP-7605,44.20372809310332,749.3931253436638,Sector_A,2024-01-22,Error: Pressure Drop,0.7925832895370872,1
SHP-7606,41.18841197743248,1042.2883654788234,Sector_C,2024-08-09,None,0.5420434907476566,0
SHP-7607,51.713541234201756,54.82177999434308,Sector_C,2024-03-14,Warning: High Temp,0.6168588297398374,0
SHP-7608,50.60305328915987,2253.639913513278,Sector_B,2024-05-31,None,0.0683626109319797,1
SHP-7609,65.28259636053882,17.707177515682137,Sector_A,2024-12-14,None,0.6255697287108986,0
SHP-7610,50.12013917718956,9.400397692326885,Sector_D,2024-12-16,Error: Pressure Drop,0.05665223586749113,1
SHP-7611,56.70193241350458,1386.5081372684576,Sector_D,2024-04-22,Warning: High Temp,0.513051252974485,0
SHP-7612,26.913400380639253,435.32462263727166,Sector_A,2024-06-20,None,0.8619648092565586,1
SHP-7613,50.996518517948836,594.7537417460323,Sector_A,2024-06-09,Error: Pressure Drop,0.22725405554396894,0
SHP-7614,46.392117098584094,422.13087738650404,Sector_D,2024-10-03,Error: Pressure Drop,0.483399400747081,0
SHP-7615,39.33000092862528,117.45811333313345,Sector_C,2024-12-22,None,0.07803215717105261,1
SHP-7616,66.09114928109486,1195.3609116543303,Sector_A,2024-04-25,None,0.2937798433541411,0
SHP-7617,49.566523353303495,41.81716489289844,Sector_A,2024-02-11,None,0.8859481765882816,0
SHP-7618,46.508068886300066,1005.7657338585256,Sector_A,2024-02-11,None,0.11496162975238788,0
SHP-7619,35.8252076589782,2875.6437259149075,Sector_B,2024-04-30,None,0.41307117620135836,1
SHP-7620,37.50714074651107,519.5304195585775,Sector_A,2024-06-21,None,0.2178564783319965,0
SHP-7621,74.63820482840089,345.87566281971027,Sector_B,2024-04-13,Warning: High Temp,0.9206627215352199,1
SHP-7622,37.15161584427898,747.8132611695153,Sector_D,2024-06-23,None,0.6650502470429756,1
SHP-7623,57.215568029941785,853.3769961336733,Sector_A,2024-05-05,Error: Pressure Drop,0.5259257990682602,1
SHP-7624,43.920144124404565,2799.397680042567,Sector_C,2024-02-03,None,0.7542597088070182,0
SHP-7625,57.64564581705125,937.4375909025865,Sector_D,2024-03-28,Error: Pressure Drop,0.4826999923157893,0
SHP-7626,43.00269760257282,802.1615984333158,Sector_B,2024-10-31,None,0.5956225419316541,0
SHP-7627,54.5064345599061,94.60106831341173,Sector_B,2024-04-18,None,0.6961263742465368,0
SHP-7628,43.219374276828674,2174.286570192724,Sector_A,2024-08-17,Error: Pressure Drop,0.44974129706572885,1
SHP-7629,33.952399705601096,1522.3327876283113,Sector_B,2024-10-03,Warning: High Temp,0.40442042276572665,0
SHP-7630,63.853287391797785,432.51104071383094,Sector_C,2024-10-24,Warning: High Temp,0.098687693987218,1
SHP-7631,30.818346712298855,77.4885179773346,Sector_D,2024-12-09,None,0.9909670960095543,1
SHP-7632,38.245627442748756,180.20787688189057,Sector_B,2024-03-12,Error: Pressure Drop,0.41927012881741066,0
SHP-7633,64.9388213678692,1702.6979827847506,Sector_A,2024-04-06,Warning: High Temp,0.6055189720543689,1
SHP-7634,48.782837580983085,1756.6545688997462,Sector_C,2024-12-24,Warning: High Temp,0.09395181868531421,0
SHP-7635,48.30276821094023,132.9552134296368,Sector_C,2024-10-29,None,0.6226704281991662,0
SHP-7636,60.076395384129185,560.2917802259146,Sector_B,2024-07-29,None,0.7185714101656105,0
SHP-7637,68.23530994666802,939.3591534736836,Sector_C,2024-06-28,None,0.75040923337949,0
SHP-7638,46.8486895236104,429.3635006156081,Sector_A,2024-09-12,None,0.873173774692252,1
SHP-7639,57.020481989128356,708.7457317127667,Sector_B,2024-03-10,None,0.4086193628689725,1
SHP-7640,56.026051088376136,226.73128782853433,Sector_D,2024-08-27,Warning: High Temp,0.35689000156947737,1
SHP-7641,45.82433813996072,1460.6565954470723,Sector_A,2024-12-14,Error: Pressure Drop,0.48354764156282803,1
SHP-7642,46.520872157573926,1847.4668721503208,Sector_D,2024-03-25,None,0.7959738540983841,1
SHP-7643,51.98651741139932,960.2104138850508,Sector_C,2024-05-29,Error: Pressure Drop,0.5684420305174638,1
SHP-7644,54.55020634541147,589.9319535197072,Sector_D,2024-02-14,Warning: High Temp,0.9334087727145561,1
SHP-7645,50.75068469887039,1272.6003167292845,Sector_C,2024-03-02,Error: Pressure Drop,0.5369106808636146,1
SHP-7646,48.14053831805852,2764.793659125639,Sector_C,2024-06-12,Error: Pressure Drop,0.17970464805732578,1
SHP-7647,45.27545573852041,750.0635704839565,Sector_B,2024-01-25,None,0.9300482635289795,0
SHP-7648,38.458575578988714,355.25827510693756,Sector_D,2024-02-16,None,0.5798141311156005,1
SHP-7649,33.76133108381501,534.9362657200303,Sector_C,2024-10-14,None,0.5697755803895649,1
SHP-7650,44.06090647607996,628.9037194472432,Sector_D,2024-10-03,None,0.5853252950687075,0
SHP-7651,56.98455391259439,269.89857602324173,,2024-01-15,None,0.3985837726178101,0
SHP-7652,30.15336659974302,152.23950079443622,Sector_B,2024-05-25,None,0.9670018779379574,0
SHP-7653,40.60186151348536,775.4115946369249,Sector_D,2024-08-06,None,0.07096937869225728,0
SHP-7654,46.96405616089099,148.7307675302875,Sector_C,2024-06-16,None,0.3510591405762308,0
SHP-7655,55.13410101259307,1333.835845590367,Sector_C,2024-05-21,Warning: High Temp,0.5444719260620345,0
SHP-7656,58.85840151507586,1520.165873092373,Sector_A,2024-04-16,None,0.5304229155982458,1
SHP-7657,58.956971554649485,843.6461178142567,Sector_A,2024-12-10,None,0.5594307800164925,1
SHP-7658,62.35460539674345,3351.2527255755426,Sector_D,2024-10-15,Error: Pressure Drop,0.8246179892586877,1
SHP-7659,41.861039622748685,1135.9181022373186,Sector_B,2024-04-05,None,0.12331880167196241,0
SHP-7660,48.205947827201086,1736.478290324999,Sector_D,2024-12-15,None,0.9157762816583811,0
SHP-7661,36.76989772206892,1001.474093427738,Sector_C,2024-02-05,None,0.6052107401320554,1
SHP-7662,45.82121740138787,28.048136149414244,Sector_B,2024-08-05,None,0.010114927931979767,1
SHP-7663,43.82659612467866,301.6514012714343,Sector_C,2024-02-08,Warning: High Temp,0.3954368039695223,0
SHP-7664,41.70552682229471,485.86399496705747,Sector_B,2024-07-03,Warning: High Temp,0.18096501127497056,1
SHP-7665,41.675054158004855,91.12132243910621,Sector_D,2024-01-28,Error: Pressure Drop,0.4069905684397658,0
SHP-7666,61.88204081881158,2258.3161806939424,Sector_A,2024-10-05,Error: Pressure Drop,0.7172587429774663,0
SHP-7667,41.97944024466737,1327.8968960581547,Sector_B,2024-10-01,None,0.2858547156988732,0
SHP-7668,58.054266016281375,501.55392118933895,Sector_B,2024-07-14,Error: Pressure Drop,0.25963399240844587,0
SHP-7669,55.34100831526112,563.1300401230981,Sector_C,2024-01-07,Warning: High Temp,0.38724678592311823,0
SHP-7670,43.92698877840277,1621.5343117095292,Sector_B,2024-03-14,None,0.1337525505253232,0
SHP-7671,37.334555783912954,360.84001611573296,Sector_D,2024-01-17,None,0.9814646027922014,0
SHP-7672,48.523274100240506,864.1582879007092,Sector_D,2024-08-26,Error: Pressure Drop,0.6613823772790285,1
SHP-7673,60.0125773620971,3963.617256476091,Sector_A,2024-06-07,Warning: High Temp,0.991587438023289,0
SHP-7674,47.44394841783762,240.17878851816127,Sector_D,2024-08-29,Warning: High Temp,0.49781516421525174,1
SHP-7675,50.64645118996918,1242.0906367042398,Sector_B,2024-09-14,None,0.9167873210090787,1
SHP-7676,47.67113696104834,940.1682751505579,Sector_D,2024-07-07,None,0.7434107875860104,1
SHP-7677,59.37702088116692,547.437424562879,Sector_D,2024-03-26,None,0.9069245098600854,1
SHP-7678,58.27054317420279,53.31940180688796,Sector_B,2024-07-27,Warning: High Temp,0.7850451302377688,1
SHP-7679,31.525434390424913,626.3741301066118,Sector_B,2024-03-29,None,0.04574653603278778,1
SHP-7680,47.482503061791554,86.22262439584495,Sector_B,2024-09-23,Warning: High Temp,0.38686051742746075,1
SHP-7681,64.7750528350835,535.8362614520096,Sector_C,2024-05-23,Warning: High Temp,0.49106095753329904,0
SHP-7682,67.28112963298224,1001.3747553933081,Sector_B,2024-02-16,Warning: High Temp,0.5831161486577355,0
SHP-7683,33.79616348731346,283.11979197028785,Sector_B,2024-12-01,None,0.6706971080042878,1
SHP-7684,52.536787945463914,1778.2573748733637,Sector_C,2024-05-02,Error: Pressure Drop,0.015439804534207235,0
SHP-7685,55.56144155194972,1480.8491253518478,Sector_D,2024-06-05,Error: Pressure Drop,0.24249365162425252,1
SHP-7686,50.046007238285675,16.445995211071196,Sector_D,2024-01-29,Warning: High Temp,0.928426108786119,1
SHP-7687,51.13216332720842,226.3085759461274,Sector_D,2024-04-17,None,0.5183707706520341,1
SHP-7688,33.51786563005941,855.7957595830028,Sector_A,2024-01-31,None,0.7273048894710684,0
SHP-7689,62.279611905544066,808.2922924882326,Sector_A,2024-12-31,Warning: High Temp,0.11402466806345446,0
SHP-7690,52.66211272818464,96.97034419214864,Sector_C,2024-02-28,None,0.1687765043324757,0
SHP-7691,46.53075946521974,217.67656332414924,Sector_C,2024-12-27,Warning: High Temp,0.4816640220606295,1
SHP-7692,49.59742710770227,572.8851031077894,Sector_B,2024-08-21,Error: Pressure Drop,0.808957895541142,1
SHP-7693,46.16433493376314,1011.761785130832,Sector_D,2024-05-12,Error: Pressure Drop,0.7211511922449639,0
SHP-7694,35.37561467201007,1030.633032512621,Sector_A,2024-08-24,Error: Pressure Drop,0.2945513129913274,0
SHP-7695,54.93799910297187,381.46652307045565,Sector_B,2024-11-10,None,0.7054805763025138,0
SHP-7696,45.35730763979411,1398.1706982836788,Sector_D,2024-03-24,None,0.38560265096340496,1
SHP-7697,49.42555165703841,768.2038566339226,Sector_A,2024-12-30,None,0.4675647876448057,1
SHP-7698,41.962007125571546,269.17978796549943,Sector_B,2024-10-15,None,0.020800417692241502,0
SHP-7699,34.286985165301665,729.8215312189184,Sector_B,2024-12-05,Error: Pressure Drop,0.06653900749887176,0
SHP-7700,66.63608990678054,325.3114753931325,Sector_D,2024-12-01,None,0.4642790446965248,1
SHP-7701,54.65753286548326,249.8979277972254,Sector_B,2024-06-19,None,0.7367555612909708,1
SHP-7702,66.22535974807552,2229.355901993965,Sector_C,2024-11-20,None,0.03539839732595662,0
SHP-7703,38.7214078373009,1348.88193684276,Sector_B,2024-08-11,None,0.9143605151151792,0
SHP-7704,39.632487082257505,932.2808626233416,Sector_A,2024-04-07,None,0.9778029671246093,0
SHP-7705,59.46235568098396,7.77184006369145,Sector_C,2024-08-25,Warning: High Temp,0.4851762501580946,0
SHP-7706,50.59683854863883,572.629921910865,Sector_D,2024-04-10,None,0.6777341669996825,0
SHP-7707,56.85060849535612,1050.2774244971831,Sector_B,2024-10-07,None,0.6066048638322943,1
SHP-7708,60.803290078372896,1167.927403249504,Sector_D,2024-07-05,Error: Pressure Drop,0.279856240944826,1
SHP-7709,35.3975363958845,1703.4538385524893,Sector_D,2024-06-21,Warning: High Temp,0.4598766770904138,0
SHP-7710,32.43135144306413,372.1079377831309,Sector_C,2024-12-13,None,0.23918248392692254,1
SHP-7711,44.770717696986395,92.97084999323036,Sector_B,2024-11-07,Error: Pressure Drop,0.848331589058239,0
SHP-7712,52.00570318789217,1677.2811447180013,Sector_B,2024-01-31,Warning: High Temp,0.06827649098372457,0
SHP-7713,44.55791581477605,1415.9631273318623,Sector_B,2024-09-14,Warning: High Temp,0.5111658996335225,1
SHP-7714,72.67002180664397,115.21693580143352,Sector_D,2024-08-02,None,0.09864489306086477,1
SHP-7715,28.802431540518214,315.287610081471,Sector_C,2024-02-29,None,0.06553795210115598,0
SHP-7716,46.94548952999809,719.6552718065429,Sector_C,2024-03-10,None,0.24567148627443325,1
SHP-7717,49.04691706843848,52.13336110619567,Sector_C,2024-08-19,None,0.5527934851734525,0
SHP-7718,31.049190046386784,603.6396892976026,Sector_B,2024-10-14,None,0.7211775073163454,1
SHP-7719,45.10546503417554,325.44623527755385,Sector_B,2024-12-01,None,0.3623375527523516,0
SHP-7720,60.42171148184371,15.182987466844072,Sector_A,2024-08-17,None,0.3556382014692755,1
SHP-7721,50.027726863031205,3129.769078202616,Sector_B,2024-11-07,None,0.8020897770033567,1
SHP-7722,34.36891423563602,1056.8352634688374,Sector_C,2024-12-26,Warning: High Temp,0.7112997593518511,0
SHP-7723,41.874472618908904,1491.1244497988348,Sector_B,2024-07-11,None,0.9155125571874583,1
SHP-7724,47.78030141395128,642.1259680482182,,2024-03-26,Error: Pressure Drop,0.846697658330377,1
SHP-7725,65.56202045471042,942.3892796529295,Sector_D,2024-09-08,None,0.17408588662114044,1
SHP-7726,44.15211957251484,118.5602935797866,Sector_D,2024-03-21,None,0.9298194251559025,1
SHP-7727,36.204641535990895,854.4296988680076,Sector_D,2024-10-03,Error: Pressure Drop,0.8111149292256553,0
SHP-7728,47.982944727506826,121.10874092252278,Sector_A,2024-08-23,None,0.2631247594703743,0
SHP-7729,44.594100684471115,1133.5076445440136,Sector_C,2024-03-31,None,0.6300706199869258,1
SHP-7730,54.361491231388264,1049.7176885997317,Sector_D,2024-10-20,None,0.23551688659724823,0
SHP-7731,58.39275711293705,557.0394418644505,Sector_D,2024-06-25,None,0.677798702101164,0
SHP-7732,53.59515051609536,347.8631490934621,Sector_B,2024-11-11,Error: Pressure Drop,0.7055953576164776,1
SHP-7733,56.40069458775409,159.72329593419482,Sector_D,2024-05-23,Error: Pressure Drop,0.9976690141232653,0
SHP-7734,55.001985688892546,1071.3606809101009,Sector_A,2024-02-22,Error: Pressure Drop,0.799976229685015,0
SHP-7735,47.87165006427356,2858.262920162717,Sector_B,2024-02-23,None,0.008029441037051277,0
SHP-7736,44.25815885619791,586.6528774539371,Sector_A,2024-04-09,Error: Pressure Drop,0.8434199375224977,0
SHP-7737,45.65586635738324,2990.2008847292072,Sector_D,2024-03-08,None,0.32208786807614775,1
SHP-7738,50.11125194700395,1503.470654730986,Sector_A,2024-03-27,None,0.5650442126454764,0
SHP-7739,56.98151072480203,1590.2968439856354,Sector_B,2024-03-24,Warning: High Temp,0.26111639311226365,0
SHP-7740,55.79105956545654,1465.3171633871375,Sector_B,2024-03-10,None,0.10814509207872136,1
SHP-7741,64.54502670453807,49.66050448297333,Sector_A,2024-04-13,Warning: High Temp,0.16585546803285445,0
SHP-7742,65.6328681226156,2589.0163092219505,Sector_D,2024-03-01,None,0.4011281335656146,1
SHP-7743,59.443119153727494,1417.33611600808,Sector_B,2024-10-05,None,0.9994817944267986,0
SHP-7744,54.27455542498334,30.398006943111355,Sector_B,2024-10-09,Warning: High Temp,0.6644462283762698,0
SHP-7745,34.67672308460366,219.39529408838206,Sector_A,2024-11-18,None,0.9664709776927888,0
SHP-7746,46.006668681550316,410.6319601140287,Sector_C,2024-11-20,Warning: High Temp,0.06194506824183843,0
SHP-7747,46.85723559508945,1035.256809459701,Sector_A,2024-02-21,Error: Pressure Drop,0.46836092917780303,1
SHP-7748,33.66548181780844,1040.8045999562746,Sector_B,2024-10-27,None,0.5786606441440214,1
SHP-7749,52.891322464467976,753.5303385774919,Sector_D,2024-02-21,Warning: High Temp,0.3499539607210119,0
SHP-7750,56.257779831704084,1098.993136089735,Sector_A,2024-11-13,Error: Pressure Drop,0.21995011739334813,1
SHP-7751,53.63534587115605,479.9924845789861,Sector_D,2024-02-07,Error: Pressure Drop,0.453133750238092,0
SHP-7752,34.84292155289399,2259.4977028732947,Sector_B,2024-10-10,Warning: High Temp,0.8301320784751738,0
SHP-7753,42.89664339043745,0.8038801394604311,Sector_C,2024-03-15,None,0.40702186716900346,1
SHP-7754,28.657990543498325,453.40719259090866,Sector_C,2024-11-13,None,0.7474231520921322,0
SHP-7755,47.36939790279347,541.3406846419424,Sector_B,2024-07-03,Error: Pressure Drop,0.9727128019032606,0
SHP-7756,56.79929770743172,564.3362509370784,Sector_A,2024-12-01,Warning: High Temp,0.492703992795275,1
SHP-7757,31.30556401032079,300.6543824192346,Sector_A,2024-12-23,Error: Pressure Drop,0.2847848768591791,1
SHP-7758,54.684427828450694,753.8075215281264,Sector_A,2024-06-02,None,0.29879960583331977,1
SHP-7759,62.288820356569815,574.9436539686544,Sector_A,2024-04-26,None,0.3650628146072551,0
SHP-7760,39.854533452421556,533.5339767437628,Sector_B,2024-11-29,None,0.5956076606892452,1
SHP-7761,36.92886360575399,432.0807328855437,Sector_D,2024-03-26,None,0.9493454239858151,1
SHP-7762,42.24842219152691,2938.646488727328,Sector_C,2024-04-17,None,0.22273955070440576,0
SHP-7763,48.126127075885925,1677.2367404117651,Sector_D,2024-01-03,None,0.17314643427647713,1
SHP-7764,54.9459178726961,887.9382708851927,Sector_D,2024-04-29,Warning: High Temp,0.978003551283521,1
SHP-7765,38.92185911482413,296.65411672324313,Sector_A,2024-07-08,None,0.05139788636734266,0
SHP-7766,55.93049967498162,379.6427620785799,Sector_B,2024-05-31,None,0.9643750447492735,0
SHP-7767,46.28866968857625,147.53479973492597,Sector_C,2024-12-15,None,0.7658851260213823,0
SHP-7768,36.42848131492367,141.15472474615981,Sector_C,2024-02-10,None,0.23598614736766976,1
SHP-7769,56.01765507713328,1417.109442513637,Sector_B,2024-08-22,None,0.31199878140250337,0
SHP-7770,79.42395383528766,359.1427357931567,Sector_A,2024-11-11,Warning: High Temp,0.023717627222906046,0
SHP-7771,33.286478403902905,250.23461721499402,Sector_D,2024-08-06,None,0.5874917314795396,0
SHP-7772,51.9661614781108,484.1124585349582,Sector_D,2024-12-02,Warning: High Temp,0.8985891012086075,0
SHP-7773,58.472894940498904,1330.1565357762672,Sector_A,2024-03-16,None,0.05761000890178347,1
SHP-7774,49.975046949284675,224.3709579621026,Sector_B,2024-01-22,None,0.19402535801754395,0
SHP-7775,57.98567293270005,569.5913352224011,Sector_A,2024-12-05,None,0.6274106651009937,1
SHP-7776,50.186040300713394,771.3421461403128,Sector_D,2024-05-02,None,0.4840697441384427,1
SHP-7777,51.33754998819854,1353.9491096350735,Sector_C,2024-10-14,None,0.7389365328032675,0
SHP-7778,49.278690751690064,41.46413893335668,Sector_A,2024-11-27,None,0.5825457862308924,1
SHP-7779,54.14139177934295,462.7966751292714,Sector_C,2024-04-21,None,0.17323046653078167,1
SHP-7780,44.54580223358792,939.2932066598182,Sector_C,2024-12-29,None,0.8185664766412454,0
SHP-7781,67.68437444438361,1867.0892158897325,Sector_A,2024-01-29,Warning: High Temp,0.08206108221220143,0
SHP-7782,63.98726767966417,2422.572829059023,Sector_A,2024-05-02,None,0.9004304388112443,1
SHP-7783,39.32033492213738,486.253362112181,Sector_C,2024-01-14,None,0.37667911324747905,1
SHP-7784,24.37239583098686,21.754974227719664,Sector_A,2024-09-10,None,0.6456571826052971,0
SHP-7785,48.13624794056964,52.67331024449259,Sector_B,2024-11-06,Warning: High Temp,0.796594388949045,1
SHP-7786,40.63917093111269,770.615642149202,Sector_D,2024-01-04,Warning: High Temp,0.1704474573614867,0
SHP-7787,52.326147552334106,718.5443203577497,Sector_A,2024-06-21,None,0.25172840964734267,0
SHP-7788,43.54172978942948,283.28405782600765,Sector_C,2024-01-22,None,0.67956714212407,1
SHP-7789,52.588298948713344,731.4985876236664,Sector_D,2024-01-26,None,0.2753430411092821,1
SHP-7790,53.91846780500973,1097.687510577274,Sector_A,2024-09-05,None,0.19687820839257808,1
SHP-7791,30.71190852888186,567.9661780920363,Sector_B,2024-06-09,None,0.20845383769824843,0
SHP-7792,67.08979680131246,101.35990481962075,Sector_B,2024-09-17,Warning: High Temp,0.4987106258441807,0
SHP-7793,42.606587463070156,395.8396781700777,Sector_D,2024-12-01,None,0.2803043031648491,0
SHP-7794,52.24147974955755,1053.1038927890395,Sector_B,2024-08-16,Error: Pressure Drop,0.3746906361356621,0
SHP-7795,56.20402475245636,464.94456664892317,Sector_B,2024-08-10,Error: Pressure Drop,0.49885814802017314,0
SHP-7796,43.75526666489505,98.08017087175688,Sector_B,2025-01-01,None,0.09390493375392583,0
SHP-7797,35.67900157813973,602.2704916673682,Sector_A,2024-04-25,Error: Pressure Drop,0.6991745080632559,1
SHP-7798,57.055646802575346,656.6800306004022,Sector_B,2024-02-21,Error: Pressure Drop,0.4621090246665168,0
SHP-7799,65.25276167916749,696.039457019854,Sector_C,2024-12-09,Warning: High Temp,0.961373440744068,0
SHP-7800,47.18699678080837,656.5161286150845,Sector_A,2024-08-06,Error: Pressure Drop,0.6475276413086553,0
SHP-7801,36.12834901833806,427.4878594533666,Sector_A,2024-11-18,None,0.17618467076957922,1
SHP-7802,40.24252905046672,805.6282023366172,Sector_B,2024-07-27,Warning: High Temp,0.8066795461475894,1
SHP-7803,43.84789592508374,142.29870189838223,Sector_B,2024-10-24,Warning: High Temp,0.39187243579193864,0
SHP-7804,54.694126699544775,474.86931626029366,Sector_A,2024-01-29,Error: Pressure Drop,0.8299688853391568,1
SHP-7805,40.04046782809746,345.689077156883,Sector_B,2024-08-07,None,0.48700012858278174,0
SHP-7806,58.0234759497443,275.4527911220133,Sector_D,2024-10-22,Warning: High Temp,0.5668204792518148,0
SHP-7807,44.5508190195562,624.8000163375624,Sector_C,2024-03-28,None,0.7944796205879275,1
SHP-7808,34.32092638105829,1505.206477631944,Sector_D,2024-11-20,None,0.03861068505584042,1
SHP-7809,49.74771399370521,992.2266649898112,Sector_A,2024-03-10,None,0.15787275330474437,1
SHP-7810,53.53037071327139,102.88547237518232,Sector_C,2024-02-02,None,0.005518665570175885,1
SHP-7811,45.58603982542602,654.9535634269389,Sector_C,2024-10-29,Warning: High Temp,0.7366159931227166,0
SHP-7812,56.76880810245625,2014.0444554397052,Sector_B,2024-01-13,None,0.029077343368821396,0
SHP-7813,28.638572286497883,2743.9058027668184,Sector_C,2024-06-22,None,0.5659560252846773,1
SHP-7814,45.47580168496328,942.2930374920501,Sector_A,2024-04-21,Warning: High Temp,0.94055681672095,1
SHP-7815,56.73060003894046,870.5939603080527,Sector_B,2024-06-12,None,0.33609039839733135,1
SHP-7816,53.23857207428209,882.2028265881777,Sector_A,2024-05-04,None,0.410846880376183,1
SHP-7817,,1438.4701122368294,Sector_C,2024-01-23,None,0.7652436747715204,1
SHP-7818,47.61171223922169,1906.735842810455,Sector_C,2024-11-13,None,0.5330872555380539,0
SHP-7819,61.23479337748857,740.5880445740497,Sector_B,2024-04-09,None,0.7333942366061341,0
SHP-7820,44.298725649295015,491.22664928981493,Sector_C,2024-07-12,Warning: High Temp,0.665076635208961,0
SHP-7821,47.43808843784161,3111.677867664754,Sector_D,2024-05-26,Error: Pressure Drop,0.3922824896025451,1
SHP-7822,47.632948242884375,312.00435748077155,Sector_B,2024-10-03,None,0.013870406309642647,1
SHP-7823,50.48172761302387,503.0863282417625,Sector_C,2024-08-07,Error: Pressure Drop,0.806453444407802,0
SHP-7824,28.349617092428016,1633.056637113883,Sector_D,2024-01-30,Warning: High Temp,0.7568887225907027,0
SHP-7825,56.50207477012346,68.6252029258924,Sector_C,2024-04-18,Warning: High Temp,0.28088346492224026,0
SHP-7826,36.96603051644627,584.9793821781628,Sector_A,2024-06-05,Warning: High Temp,0.3526693392702821,0
SHP-7827,56.89122404818064,584.0132303630346,Sector_C,2024-01-12,None,0.3165447642384295,1
SHP-7828,53.03446087234758,1577.5665857453366,Sector_C,2024-10-03,None,0.4024337310926578,1
SHP-7829,25.88169410229792,970.3138507718601,Sector_C,2024-08-03,None,0.9076342377242897,0
SHP-7830,57.71554130322144,175.9611817712138,Sector_B,2024-09-13,None,0.9012336388696005,0
SHP-7831,56.21638770132147,389.77486583669526,Sector_B,2024-06-14,None,0.9858891221318508,1
SHP-7832,49.12457450597281,1088.5692668104482,Sector_D,2024-01-16,Error: Pressure Drop,0.41303795160920076,1
SHP-7833,43.949288700474824,326.71644278266865,Sector_C,2024-03-12,None,0.8108167460380163,0
SHP-7834,73.96807600926809,1109.0058988873009,Sector_B,2024-09-24,None,0.4104675929503002,0
SHP-7835,45.09350063493082,103.63899248016278,Sector_B,2024-10-21,None,0.910941748612493,0
SHP-7836,64.15541692233099,238.05087828862813,Sector_C,2024-11-22,None,0.8329199271584119,0
SHP-7837,45.332019567125556,1026.3259184123558,Sector_D,2024-08-11,Error: Pressure Drop,0.24026626573097576,1
SHP-7838,49.90322802714027,63.85555244231822,Sector_A,2024-08-17,None,0.46247500103944317,0
SHP-7839,56.009773537366065,3265.513280035072,Sector_A,2024-11-10,None,0.21025081538675483,1
SHP-7840,58.17627904562768,1633.445198282099,Sector_C,2024-06-11,None,0.46559851133385255,0
SHP-7841,37.808197339118685,908.8050669433263,Sector_B,2024-05-18,Warning: High Temp,0.7574189437341152,1
SHP-7842,59.10749982173423,299.62704011089534,Sector_A,2024-09-25,None,0.1214241036676238,1
SHP-7843,35.45175757902338,1105.8869763078317,Sector_D,2024-12-19,Warning: High Temp,0.1649741620152101,0
SHP-7844,36.24679752461217,743.6037787983697,Sector_C,2024-04-16,None,0.8245663776580068,0
SHP-7845,49.443299894300736,1044.0154445330704,Sector_C,2024-02-07,Error: Pressure Drop,0.08263941757452697,0
SHP-7846,43.41469635561584,840.295291663449,Sector_A,2024-09-27,None,0.403588731711193,1
SHP-7847,43.51959677141559,78.74319629816863,Sector_B,2024-10-15,None,0.9405571151800722,0
SHP-7848,52.03145208351385,2014.9266521958302,Sector_C,2024-01-25,None,0.36851701708142914,0
SHP-7849,49.334257871643125,323.3535629819965,Sector_A,2024-06-21,None,0.15836006476066977,1
SHP-7850,34.08114003100937,291.82936955600155,Sector_D,2024-08-14,None,0.7657886966724583,0
SHP-7851,58.207393251005854,339.9968191857006,Sector_B,2024-10-17,None,0.9004255712921377,0
SHP-7852,70.91212719135858,446.69810065379335,Sector_C,2024-12-05,Error: Pressure Drop,0.4753394536608573,1
SHP-7853,58.3096187639598,158.74969621365108,Sector_C,2024-10-17,None,0.05206681009988945,1
SHP-7854,60.291191333979626,283.5605974568845,Sector_D,2024-03-26,None,0.8312318068527227,0
SHP-7855,43.72411754757487,418.68527205814013,Sector_C,2024-12-25,None,0.3910719785737652,1
SHP-7856,52.37633692748216,151.3455817232908,Sector_B,2024-04-18,Error: Pressure Drop,0.9120228158536201,1
SHP-7857,48.27561934849211,802.6087523863062,Sector_B,2024-06-22,Warning: High Temp,0.09063406044916156,1
SHP-7858,54.50713045247492,138.82819249560654,Sector_C,2024-07-16,None,0.12709531703954502,0
SHP-7859,41.83905017017285,142.31540905394706,Sector_A,2024-02-02,Warning: High Temp,0.9653913335762138,1
SHP-7860,55.203410597350825,1079.9543914979656,Sector_A,2024-10-15,Error: Pressure Drop,0.3722007221284328,1
SHP-7861,62.41551208094418,2817.4203439411212,Sector_C,2024-04-30,None,0.9034774748623416,0
SHP-7862,42.178263430956825,606.7044987095447,Sector_A,2024-07-05,Error: Pressure Drop,0.6426013325277683,0
SHP-7863,51.532440158645485,420.47290024816124,Sector_A,2024-03-23,Warning: High Temp,0.5589547254917296,1
SHP-7864,36.95970638532238,1356.0232875064507,Sector_B,2024-04-14,Error: Pressure Drop,0.8695560324624336,0
SHP-7865,45.70807745523637,798.6918331043722,Sector_C,2024-07-16,Error: Pressure Drop,0.5476060092726338,1
SHP-7866,43.45163620971978,662.3821605423315,Sector_B,2024-08-07,None,0.7692429195854765,0
SHP-7867,42.94752005169528,820.7931181396767,Sector_A,2024-05-09,None,0.15950520775003663,0
SHP-7868,57.00006368422713,3800.1415538453352,Sector_A,2024-09-04,None,0.9129706122559965,1
SHP-7869,51.852210441103395,1737.0898512130896,Sector_C,2024-11-25,Warning: High Temp,0.05508345613934906,0
SHP-7870,33.36402988720217,3361.38191588421,Sector_A,2024-11-02,None,0.8233004244185289,1
SHP-7871,42.804706875722594,495.1727448247022,Sector_A,2024-02-13,Error: Pressure Drop,0.5982610643611166,0
SHP-7872,53.080033854783196,1098.343144032434,Sector_A,2024-06-08,None,0.16107271912968424,1
SHP-7873,27.018315503890076,1277.0695057886542,Sector_A,2024-06-27,Warning: High Temp,0.587172267710093,0
SHP-7874,52.48952786883474,23.405460813255978,Sector_A,2024-07-21,None,0.9767061850478929,1
SHP-7875,50.89147150137223,875.3856553205912,Sector_A,2024-10-22,Warning: High Temp,0.18507305373096172,1
SHP-7876,52.76168371655436,468.4834890985037,Sector_C,2024-08-15,None,0.6858021182518829,0
SHP-7877,36.36541327673759,2007.6032205982074,Sector_C,2024-03-11,None,0.11978826011234334,0
SHP-7878,57.932361833697094,118.13902063478629,Sector_A,2024-05-14,Error: Pressure Drop,0.30696403509489767,1
SHP-7879,54.971174340382916,20.122394971252483,Sector_D,2024-05-27,Error: Pressure Drop,0.266550076800651,0
SHP-7880,58.61297119728552,766.2146968021625,Sector_C,2024-01-19,Error: Pressure Drop,0.7216971114900999,1
SHP-7881,37.03755875976531,1131.1908137709775,Sector_B,2024-04-04,None,0.15815075131440037,0
SHP-7882,42.02835468740337,904.9107730030457,Sector_A,2024-01-18,None,0.8494846055783913,1
SHP-7883,23.700185600321074,621.4199922666741,Sector_A,2024-02-02,None,0.08330948265520255,1
SHP-7884,38.75779457014624,2612.945337392263,Sector_D,2024-04-28,None,0.1383476561975846,1
SHP-7885,51.13784959922988,6.195623146220299,Sector_B,2024-05-22,None,0.7873634981807481,0
SHP-7886,55.542129572975114,199.99267221390434,Sector_D,2024-07-24,Error: Pressure Drop,0.4011246374233163,0
SHP-7887,40.44497017425019,570.7345438144224,Sector_C,2024-06-26,Error: Pressure Drop,0.9929029558490146,0
SHP-7888,63.11109113766017,49.092852595881865,Sector_D,2024-02-06,None,0.23487366870159754,1
SHP-7889,50.22484718547868,3722.2606175151777,Sector_D,2024-11-12,Error: Pressure Drop,0.47652012911653896,1
SHP-7890,41.78999430975871,375.4973153240592,Sector_B,2024-04-26,Error: Pressure Drop,0.616328640058968,1
SHP-7891,49.180328473265355,365.33741298044373,Sector_D,2024-02-14,Warning: High Temp,0.6946400919592687,1
SHP-7892,52.361264668639194,1373.4632848766673,Sector_C,2024-04-17,None,0.1953128524706471,1
SHP-7893,44.05156246721648,699.5255755401407,Sector_A,2024-05-13,None,0.612550995663072,1
SHP-7894,54.84936353260603,354.18374674530054,Sector_A,2024-12-19,None,0.24076680791656535,0
SHP-7895,29.929692573257366,790.4894607486648,Sector_A,2024-10-27,Warning: High Temp,0.5167536775286106,1
SHP-7896,32.88276326415193,1329.307823496502,Sector_C,2024-09-28,Warning: High Temp,0.685376971363343,0
SHP-7897,63.21950525052465,9.086457186804735,Sector_D,2024-10-14,None,0.6298068532627312,1
SHP-7898,58.11531920534035,2444.0785391618865,Sector_C,2024-03-14,None,0.5611882776404655,1
SHP-7899,46.066992832359546,2655.229569753571,Sector_C,2024-08-27,None,0.9806160623577637,1
SHP-7900,60.74825764253924,2357.2044576753296,Sector_A,2024-01-16,Warning: High Temp,0.6658576061385366,1
SHP-7901,59.384068183069665,304.2854876930511,Sector_A,2024-04-29,None,0.4801679225029273,0
SHP-7902,53.53914449333414,263.15983015716074,Sector_A,2024-07-21,None,0.9765597515982939,1
SHP-7903,43.657400760277866,83.66432874032185,Sector_A,2024-01-23,Warning: High Temp,0.07772887063025946,0
SHP-7904,62.61309061010197,84.73687173869922,Sector_A,2024-05-27,None,0.31811776002751246,0
SHP-7905,34.40661174416483,808.6094324190786,Sector_A,2024-11-10,None,0.24617237571723527,0
SHP-7906,45.828254322771635,27.25030659721353,Sector_A,2024-05-09,Error: Pressure Drop,0.21478638292549412,0
SHP-7907,42.13249571692277,581.2134369158879,Sector_A,2024-10-17,None,0.6290528011374966,1
SHP-7908,69.85899222449734,920.01391220586,Sector_D,2024-08-28,None,0.03788336515985424,0
SHP-7909,47.00946701170116,322.5192913706905,Sector_A,2024-04-16,None,0.21452150510778623,1
SHP-7910,48.08316109488382,1072.7012321724305,Sector_B,2024-02-11,None,0.20144402042349807,1
SHP-7911,36.939973914140566,87.46383250212442,Sector_D,2024-03-19,None,0.7277172533982595,0
SHP-7912,37.59744755697908,118.11567823513539,Sector_B,2024-04-05,Warning: High Temp,0.2875207541389383,0
SHP-7913,42.38142059723558,1043.2276966140407,Sector_B,2024-07-05,None,0.5392293535098139,0
SHP-7914,45.37461083523829,826.5964537458965,Sector_D,2024-12-11,None,0.08068503556244244,0
SHP-7915,46.49585767982948,322.29007830294944,Sector_C,2024-11-24,Warning: High Temp,0.7371203664300676,1
SHP-7916,52.84081064848486,1149.1977827079868,Sector_A,2024-10-18,Warning: High Temp,0.4576962113535502,0
SHP-7917,49.253957285253904,277.5769515097789,Sector_D,2024-03-29,None,0.8275220497464157,0
SHP-7918,43.13884014208014,21.650743818932852,Sector_B,2024-11-06,None,0.8562564653533339,1
SHP-7919,48.993399150529655,204.4735312210138,Sector_D,2024-07-03,None,0.25085488841761283,1
SHP-7920,48.58257044964227,1087.4250797931575,Sector_C,2024-04-30,None,0.04447315411294139,0
SHP-7921,68.44674773400756,632.0889726508317,Sector_B,2024-05-08,Error: Pressure Drop,0.6348428500021299,0
SHP-7922,52.270091693362865,1028.4915854666415,Sector_C,2024-03-12,None,0.5490953862771922,1
SHP-7923,38.10524258304691,530.4859667459319,Sector_C,2024-11-03,Warning: High Temp,0.19738919514664932,1
SHP-7924,66.90258652625867,632.3205657943033,Sector_A,2024-05-27,Error: Pressure Drop,0.48465274513427004,0
SHP-7925,42.98756504793286,54.53469918281343,Sector_D,2024-06-08,None,0.2744136250759548,0
SHP-7926,43.47362956677135,2122.4137201312606,Sector_C,2024-08-09,None,0.17371881365435293,1
SHP-7927,51.06544606867475,178.13252377058518,Sector_C,2024-01-10,Warning: High Temp,0.2453490159059164,0
SHP-7928,25.80431192494934,93.53976204596407,Sector_B,2024-08-18,Warning: High Temp,0.276319134570961,0
SHP-7929,45.75639226938592,919.0847289783833,Sector_D,2024-03-03,None,0.7251850185288182,0
SHP-7930,33.812669493409324,366.8874056742015,Sector_D,2024-03-21,Warning: High Temp,0.7524242230485497,0
SHP-7931,59.32246082962556,2816.2276949161164,Sector_C,2024-09-07,Warning: High Temp,0.9871561824150112,1
SHP-7932,67.27691602045097,394.298282627186,Sector_C,2024-04-16,None,0.3177595098430398,0
SHP-7933,27.235218774106144,2788.4493389269683,Sector_C,2024-02-06,Error: Pressure Drop,0.27715037549405963,0
SHP-7934,69.47108610322053,897.1090091908079,Sector_D,2024-02-27,None,0.674408217579041,1
SHP-7935,52.520785423238735,3552.466323276704,Sector_C,2024-05-26,Warning: High Temp,0.8723812873671901,1
SHP-7936,44.137366924073014,85.21625371139156,Sector_D,2024-09-08,None,0.8037861109066078,1
SHP-7937,58.071749793522365,3736.2767496407905,Sector_A,2024-05-18,Warning: High Temp,0.3128602160322643,1
SHP-7938,46.287699559519986,610.947813640404,Sector_C,2024-03-31,None,0.1403746379785089,1
SHP-7939,52.58825310364831,517.8833509415933,Sector_C,2024-09-20,None,0.24345000343230405,1
SHP-7940,67.8278649391315,1108.594376299641,Sector_C,2024-03-24,Warning: High Temp,0.24102523933155517,0
SHP-7941,34.45509098493211,1649.8199584284664,Sector_B,2024-12-01,Error: Pressure Drop,0.42757614281187806,1
SHP-7942,44.68665327607725,2321.3538843681445,Sector_C,2024-08-20,None,0.41106861328009225,0
SHP-7943,55.40938086900683,1534.1923949790616,Sector_A,2024-07-20,None,0.03247010502274639,0
SHP-7944,49.846046181298284,717.3518417649359,Sector_D,2024-12-21,None,0.5878902480222473,0
SHP-7945,47.762244694397424,1715.351289825618,Sector_D,2024-11-21,None,0.12717755456194313,1
SHP-7946,49.105502052381304,1190.1147397010693,Sector_B,2024-10-10,Error: Pressure Drop,0.9074818102899961,1
SHP-7947,59.090764280721714,968.7087020701174,Sector_C,2024-06-19,None,0.7927135526451077,1
SHP-7948,62.920147990072564,721.4628620774884,Sector_C,2024-06-25,Error: Pressure Drop,0.031350458714373475,1
SHP-7949,42.30895123813736,484.29387098801453,Sector_C,2024-09-01,Warning: High Temp,0.5884443970587456,1
SHP-7950,58.44943720395527,29.277228679689042,Sector_C,2024-09-09,None,0.6042578727508554,1
SHP-7951,57.31190100185587,2.1733469428120578,Sector_C,2024-07-21,None,0.6220673045785847,0
SHP-7952,54.73264535596369,213.98284983882337,Sector_B,2024-08-21,Warning: High Temp,0.5708208403356907,0
SHP-7953,45.57299586835794,1059.9205575768988,Sector_C,2024-01-25,Warning: High Temp,0.2137010070895592,1
SHP-7954,60.53474371963348,1381.8675405419897,Sector_C,2024-03-16,Error: Pressure Drop,0.6460602393718169,0
SHP-7955,52.62458699489829,4197.6318123551955,Sector_D,2024-10-21,None,0.8575447856732352,1
SHP-7956,36.78933356000294,2748.850404530281,Sector_C,2024-10-10,Error: Pressure Drop,0.28462754259671186,1
SHP-7957,39.96946949487336,2643.998341876363,Sector_B,2024-09-06,None,0.997812651085122,0
SHP-7958,59.03003692056342,109.05726217663452,Sector_D,2024-05-02,Error: Pressure Drop,0.2456823381759885,1
SHP-7959,54.063451409662164,2203.0990794696895,Sector_A,2024-05-26,Warning: High Temp,0.9954369867697759,1
SHP-7960,59.922469744453636,2129.4949656976596,Sector_A,2024-12-26,None,0.34388160540270074,1
SHP-7961,34.7815983704337,181.09228363103978,Sector_C,2024-12-23,None,0.40276443293922437,0
SHP-7962,35.952704617006496,732.1498857203669,Sector_D,2024-11-30,Warning: High Temp,0.9280467866288897,1
SHP-7963,45.36207835242024,2199.4240019191266,Sector_D,2024-07-14,Warning: High Temp,0.3234571051211679,0
SHP-7964,44.99937163560979,94.6011639681588,Sector_B,2024-04-23,Error: Pressure Drop,0.6248729148367046,1
SHP-7965,42.00077349344039,59.543298742907766,Sector_A,2024-11-17,Error: Pressure Drop,0.1494988029463823,1
SHP-7966,65.13142827717022,1942.6435781260977,Sector_B,2024-10-25,None,0.48134185621160275,1
SHP-7967,58.755139126510954,2086.6142359085675,Sector_D,2024-02-09,None,0.09695335203588862,0
SHP-7968,47.48948522747712,47.51733486308085,Sector_C,2024-01-08,Warning: High Temp,0.6360866659323293,1
SHP-7969,60.456352864200866,235.99474989562736,Sector_D,2024-03-11,None,0.854870927659085,1
SHP-7970,53.911589134654676,2294.4395337814367,Sector_D,2024-09-15,Error: Pressure Drop,0.39461091568735307,0
SHP-7971,59.555486988997764,183.82293634956326,Sector_C,2024-04-28,None,0.4483277054321705,0
SHP-7972,43.36438269853938,1282.3123295520177,Sector_A,2024-01-17,Warning: High Temp,0.4980002854986235,0
SHP-7973,78.30493276626434,339.5287954790351,Sector_B,2024-04-06,Warning: High Temp,0.6017887491940622,1
SHP-7974,53.657416441386566,2569.3776349087525,Sector_A,2024-08-15,None,0.16133452963293538,1
SHP-7975,54.76108608841262,959.2207374954124,Sector_B,2024-01-26,Warning: High Temp,0.014348458330153635,0
SHP-7976,35.5364623624552,2825.0179326008415,Sector_B,2024-12-28,None,0.2619519593369042,0
SHP-7977,50.784717601181335,1542.6668058646742,Sector_B,2024-12-19,Error: Pressure Drop,0.5116740444462362,1
SHP-7978,54.792831788831855,526.3474665367286,Sector_C,2024-02-20,None,0.6435440499268639,1
SHP-7979,35.80287241408895,3066.9055786496056,Sector_A,2024-06-03,None,0.23296905512698318,1
SHP-7980,41.89981299963586,543.991045383114,Sector_B,2024-03-10,Warning: High Temp,0.20030191082048476,0
SHP-7981,56.636225072400116,297.955475090652,Sector_C,2024-06-02,Warning: High Temp,0.7924411760505026,0
SHP-7982,55.8078126080269,1778.9375049793086,Sector_C,2024-03-13,None,0.012874571065911389,1
SHP-7983,59.316957054428336,1070.1554918391162,Sector_A,2024-04-12,None,0.8245024223257856,0
SHP-7984,47.316613930608945,132.12160556768518,Sector_A,2024-02-21,Warning: High Temp,0.29280590050818556,1
SHP-7985,44.384366763971926,14.508963253492533,Sector_B,2024-03-09,None,0.9938758034247984,0
SHP-7986,57.702453667509154,608.2506924966578,Sector_C,2024-07-20,Error: Pressure Drop,0.07594434643300774,1
SHP-7987,58.08851273834149,1151.5925094133856,Sector_B,2024-06-07,None,0.3268903332240868,0
SHP-7988,48.07675014778303,1922.4116349114258,Sector_D,2024-04-03,Error: Pressure Drop,0.1774322290987237,0
SHP-7989,50.46409343753992,3132.1401099194054,Sector_A,2024-07-16,Warning: High Temp,0.8526523585381166,0
SHP-7990,60.946706968097516,1506.3635182844912,Sector_A,2024-12-08,None,0.6313161592816922,0
SHP-7991,42.77217703844957,1938.5184907735868,Sector_B,2024-01-29,None,0.23310637106389143,1
SHP-7992,41.850566077946986,514.6438582298593,Sector_C,2024-01-04,Error: Pressure Drop,0.9088339795344358,0
SHP-7993,50.49412054139012,64.74139480202888,Sector_A,2024-04-05,Error: Pressure Drop,0.3445865665288972,1
SHP-7994,58.62835300840134,709.8483035032152,Sector_B,2024-12-04,Warning: High Temp,0.35095308322945473,1
SHP-7995,32.3252365489867,828.0236338801656,Sector_A,2024-02-10,None,0.35002536592175026,0
SHP-7996,48.735360052340994,695.9431452127466,Sector_D,2024-03-11,Error: Pressure Drop,0.7978571861058851,0
SHP-7997,52.24395706748615,82.00876693800694,Sector_C,2024-11-15,None,0.47806883445336956,1
SHP-7998,58.98750777442787,474.6173229125998,Sector_D,2024-07-09,None,0.7587831751442212,0
SHP-7999,53.798812959867156,96.99290286151434,Sector_B,2024-09-10,None,0.3379003382425424,0
SHP-8000,49.42965175899659,3453.097847370292,Sector_B,2024-12-30,None,0.5943823131182396,1
SHP-8001,48.12636854403187,193.70717553711103,Sector_C,2024-07-15,Warning: High Temp,0.18005194936309998,0
SHP-8002,61.65469114619313,301.43829378201843,Sector_A,2024-12-24,Error: Pressure Drop,0.2893875655540299,0
SHP-8003,63.97242367764056,326.55133964932463,Sector_B,2024-12-11,None,0.8444460634273917,1
SHP-8004,44.05595320213036,505.28067817852906,Sector_A,2024-11-03,None,0.09719880216321242,1
SHP-8005,38.61343683369592,1456.790069378117,Sector_C,2024-08-24,Error: Pressure Drop,0.6394906544350675,1
SHP-8006,54.03313559344384,282.0099199788444,Sector_B,2024-02-27,None,0.7071359024364774,1
SHP-8007,49.66083696563922,1704.6203773683144,Sector_D,2024-01-18,None,0.5629836687237836,0
SHP-8008,43.99200644991791,57.10792632106585,Sector_C,2024-11-04,None,0.17180972565895292,0
SHP-8009,46.2341671034631,1229.960320803243,Sector_D,2024-07-01,Error: Pressure Drop,0.5913630761667293,1
SHP-8010,54.51105321420884,1475.145542641747,Sector_A,2024-06-20,Warning: High Temp,0.1663453952227426,0
SHP-8011,37.67157477645091,9.318518452145097,Sector_A,2024-06-08,None,0.5445183834713706,0
SHP-8012,79.83026188239599,218.90166571868306,Sector_B,2024-06-10,Error: Pressure Drop,0.5537349661716867,0
SHP-8013,46.75009081900104,493.35875224723213,Sector_B,2024-09-01,None,0.31150008086812764,1
SHP-8014,60.21194683077404,212.47142492272204,Sector_C,2024-04-24,Error: Pressure Drop,0.28866163947064793,1
SHP-8015,46.67387399001594,1918.069574914366,Sector_B,2024-02-27,None,0.5599589323859508,0
SHP-8016,46.66591463212616,315.83847736935445,Sector_B,2024-08-27,None,0.49150231573402914,1
SHP-8017,61.34407080074215,209.35148722544372,Sector_D,2024-03-26,Warning: High Temp,0.09188211130136592,1
SHP-8018,39.1772666428012,166.16349060964,Sector_B,2024-07-03,Warning: High Temp,0.5374044556418583,1
SHP-8019,44.12585801739644,1282.243131678476,Sector_D,2024-12-07,None,0.7398340139876646,1
SHP-8020,35.932581349519204,1967.8924097162578,Sector_B,2024-11-29,Warning: High Temp,0.23909845097092086,0
SHP-8021,49.704282011475875,96.71494462443232,Sector_B,2024-07-08,Error: Pressure Drop,0.23058160748738854,1
SHP-8022,58.668474415169506,2584.9450922772703,Sector_B,2024-02-21,None,0.6637911034682591,1
SHP-8023,56.71183977653595,1608.7875005948126,Sector_A,2024-03-12,Warning: High Temp,0.17429036686700905,1
SHP-8024,51.93270893519273,127.11447449857289,Sector_C,2024-06-13,Warning: High Temp,0.9789740706625603,0
SHP-8025,34.517118880957064,1284.6302049078813,Sector_B,2024-05-01,Error: Pressure Drop,0.2354416501231703,0
SHP-8026,50.33056118439228,4630.713965739953,Sector_A,2024-11-27,None,0.4766444666639389,0
SHP-8027,40.52667166471334,440.6429431854189,Sector_C,2024-10-26,Warning: High Temp,0.2860853042164735,0
SHP-8028,44.94547324610929,1285.9796204584065,Sector_B,2024-03-06,None,0.441077444803212,0
SHP-8029,65.20305440333173,73.99189268972044,Sector_D,2024-06-02,None,0.7046916836864091,1
SHP-8030,46.9821831248429,2149.333845647037,Sector_B,2024-10-17,None,0.1110501779965819,1
SHP-8031,45.03901387009512,863.7882446101366,Sector_C,2024-07-24,Warning: High Temp,0.6781885814825538,1
SHP-8032,59.23715315172872,383.90466933300246,Sector_B,2024-10-19,None,0.7625433963765758,1
SHP-8033,36.64713153642368,772.6301097386802,Sector_D,2024-06-24,None,0.7507213267540914,0
SHP-8034,32.897493196772274,2070.1061750978415,Sector_C,2024-12-19,None,0.5632483726992472,0
SHP-8035,58.410388045684265,278.0711443881784,Sector_A,2024-07-28,None,0.8962883164950359,0
SHP-8036,38.113623622321285,105.7929674775636,Sector_A,2024-08-16,Warning: High Temp,0.3322820797195867,0
SHP-8037,28.25888726136263,266.3050607412405,Sector_A,2024-07-20,Error: Pressure Drop,0.8021118634073459,0
SHP-8038,30.113472245646427,120.11890789005275,Sector_B,2024-08-23,None,0.6921293115908462,1
SHP-8039,55.67635064951015,670.9005042888463,Sector_B,2024-09-24,None,0.3302964834674402,0
SHP-8040,50.10687808166037,896.7468533815274,Sector_B,2024-06-30,None,0.20258965305414456,1
SHP-8041,62.03889558158861,583.6896030130029,Sector_D,2024-12-11,None,0.9063144844196107,0
SHP-8042,55.1063741515491,61.01781985462909,Sector_B,2024-11-14,None,0.9722723690787564,0
SHP-8043,51.557481297700434,843.9333721451126,Sector_A,2024-02-23,None,0.9021504829297354,0
SHP-8044,57.16570279630441,546.6454946027934,Sector_A,2024-08-17,Warning: High Temp,0.500668976524975,1
SHP-8045,36.24150927617271,1566.774565089055,Sector_A,2024-04-25,None,0.27486124462873884,0
SHP-8046,61.90857904658965,2016.3733785348552,Sector_C,2024-12-15,None,0.5186315333994453,0
SHP-8047,43.274137701032274,2913.7359190378147,Sector_D,2024-01-05,Warning: High Temp,0.30203597265502624,1
SHP-8048,38.25802323710262,978.0952155261067,Sector_B,2024-12-26,None,0.7856209601287854,1
SHP-8049,63.34661014900294,2188.0141064286227,Sector_D,2024-11-12,Error: Pressure Drop,0.9234918289964388,1
SHP-8050,65.35181910414671,504.80434919456906,Sector_A,2024-05-28,None,0.6411755089626555,1
SHP-8051,49.85475977376126,1406.5427429784195,Sector_C,2024-01-31,None,0.44210301426715626,1
SHP-8052,42.63731935310528,4.742083008397981,Sector_C,2024-04-21,Error: Pressure Drop,0.45968249596419475,0
SHP-8053,50.47721572041313,62.04059946702303,Sector_D,2024-10-10,Warning: High Temp,0.8961562102198477,0
SHP-8054,51.284808752691745,1110.7946495030542,Sector_A,2024-10-21,None,0.419210135609806,1
SHP-8055,54.981147123097166,2936.914066001717,Sector_C,2024-02-02,Error: Pressure Drop,0.018911407618342535,1
SHP-8056,40.216854312141386,1430.1467447118973,Sector_C,2024-09-15,Warning: High Temp,0.5820964896766935,0
SHP-8057,62.648554332183636,21.97557747152815,Sector_B,2024-07-16,None,0.7330202494306136,1
SHP-8058,46.60577969361859,4648.324245488527,Sector_C,2024-06-14,None,0.6131595706318277,1
SHP-8059,49.540098160830304,977.4491891953221,Sector_B,2024-09-21,None,0.09054006149317573,0
SHP-8060,47.73623301698025,164.92990078173878,Sector_C,2024-07-10,Error: Pressure Drop,0.1718417980023036,1
SHP-8061,33.17556522732427,228.92395832059864,Sector_B,2024-12-30,Error: Pressure Drop,0.031649497348675726,0
SHP-8062,42.972658500906455,1321.0000799840286,Sector_B,2024-03-23,Warning: High Temp,0.9654833556324673,1
SHP-8063,44.83066633577932,436.71965052275743,Sector_C,2024-11-13,Warning: High Temp,0.76185843144905,0
SHP-8064,46.12926164021729,3594.6956636680784,Sector_B,2024-03-02,None,0.5428994459652076,0
SHP-8065,50.14375741241712,1388.9258210870719,Sector_C,2024-10-30,Error: Pressure Drop,0.38000965787251917,0
SHP-8066,44.314451022806004,980.7673349795075,Sector_D,2024-06-27,None,0.43640488125358434,0
SHP-8067,62.300817914500776,1605.9902557993025,Sector_C,2024-10-30,Warning: High Temp,0.6563005844702723,1
SHP-8068,55.01222171603649,408.539472252198,Sector_B,2024-11-03,None,0.24654186492608554,1
SHP-8069,46.744614332367846,447.1835099374092,Sector_D,2024-01-30,None,0.6434836972867632,0
SHP-8070,57.17634413243397,1124.817353110986,Sector_A,2024-02-26,Warning: High Temp,0.09957733039559535,1
SHP-8071,46.90501195815244,1727.084357544525,Sector_C,2024-09-30,None,0.9839419727346881,0
SHP-8072,60.060837926134205,130.07625169287417,Sector_A,2024-05-25,Error: Pressure Drop,0.43543662416558526,1
SHP-8073,43.34250075530724,2199.036333025328,Sector_B,2024-09-27,Error: Pressure Drop,0.45262006413047684,1
SHP-8074,60.66667574007174,22.503959240742823,Sector_A,2024-07-24,None,0.8524523640556927,1
SHP-8075,46.69992451845627,4420.662894361331,Sector_B,2024-03-20,None,0.7455582889350193,0
SHP-8076,67.11332440141558,1077.920184240502,Sector_A,2024-10-15,None,0.9534709046735351,1
SHP-8077,58.00540912653629,3130.2168827408154,Sector_C,2024-03-10,None,0.3579916215287853,0
SHP-8078,50.52816157000397,604.4293969374339,Sector_D,2024-10-13,Error: Pressure Drop,0.6199746268345868,0
SHP-8079,73.52335251186453,1053.9890101173328,Sector_D,2024-04-10,None,0.25132919099273465,1
SHP-8080,46.54860294654981,940.8627132595111,Sector_C,2024-08-02,None,0.017529642236030707,1
SHP-8081,81.85770582259758,1362.659526740002,Sector_C,2024-05-14,Error: Pressure Drop,0.6651674340061541,0
SHP-8082,46.663141727664815,572.5033110987083,Sector_A,2024-11-11,None,0.5122023811658047,0
SHP-8083,60.601317436777904,239.0993398399522,Sector_C,2024-05-01,Warning: High Temp,0.6658017978285152,1
SHP-8084,48.82010622657976,2296.764846294813,Sector_A,2024-04-02,None,0.7693345381686137,1
SHP-8085,54.999085873346125,604.0826313962738,Sector_A,2024-02-20,None,0.8969898424363166,1
SHP-8086,41.41913214782575,111.77063967609219,Sector_A,2024-02-18,None,0.277929683054165,1
SHP-8087,63.74109879935236,148.79668400277595,Sector_B,2024-06-01,Warning: High Temp,0.9952868861830485,0
SHP-8088,54.63502394091758,978.8545918764854,Sector_D,2024-12-17,Error: Pressure Drop,0.9016555521944575,0
SHP-8089,51.49482879031049,53.993727736109854,Sector_D,2024-10-23,None,0.46272713437495305,0
SHP-8090,64.09060272989552,1019.9060281276707,Sector_D,2024-04-26,None,0.8827597429060418,1
SHP-8091,48.37624468707848,114.06250687991356,Sector_C,2024-08-03,None,0.5035730294110164,0
SHP-8092,57.176805832652384,1299.95270281535,Sector_D,2024-03-27,None,0.7890129857841449,0
SHP-8093,50.38400018827372,232.97514907386804,Sector_A,2024-02-06,None,0.7414160313602788,0
SHP-8094,43.200713992926495,1605.2143754678061,Sector_C,2024-01-29,None,0.6433918230281156,1
SHP-8095,33.082238657814464,428.5551867251788,Sector_A,2024-08-31,None,0.6580144283149052,0
SHP-8096,40.550392178276425,1164.198637732641,Sector_B,2024-10-12,Warning: High Temp,0.39872884043570433,1
SHP-8097,30.93677853457589,654.0933325269954,Sector_C,2024-06-29,Warning: High Temp,0.28291593004189064,1
SHP-8098,35.3340292930546,5530.877051020367,Sector_C,2024-06-19,Error: Pressure Drop,0.48897845928803985,1
SHP-8099,57.21129768578563,538.9734164372437,Sector_B,2024-04-19,None,0.2953216071751332,0
SHP-8100,41.298343258486675,2000.4843577234496,Sector_A,2024-12-10,Warning: High Temp,0.6548590286690132,1
SHP-8101,43.65092612299602,2453.587938150954,Sector_C,2024-09-25,Warning: High Temp,0.39781082394647227,1
SHP-8102,46.556516197795304,923.2424141425386,Sector_B,2024-10-01,None,0.5899576998779071,1
SHP-8103,48.28677524124804,240.3996617455481,Sector_A,2024-04-03,Warning: High Temp,0.3929426893408543,0
SHP-8104,37.72906995078796,1809.5570816239162,Sector_D,2024-12-23,None,0.33317723156698553,0
SHP-8105,59.53266273883626,1952.2100062735374,Sector_B,2024-11-28,None,0.44839800651214323,0
SHP-8106,58.05885618168145,36.941721593719365,Sector_D,2024-05-29,Error: Pressure Drop,0.08235071382475367,1
SHP-8107,62.498135669088605,3286.9295494905173,Sector_A,2024-06-09,Error: Pressure Drop,0.5128650501605556,1
SHP-8108,47.47061904725324,1322.7846300022507,Sector_B,2024-01-13,Warning: High Temp,0.35369265843420994,0
SHP-8109,49.12212977504199,467.6299263566244,Sector_D,2024-05-08,None,0.20343664175259546,0
SHP-8110,47.77994918272371,1539.5228036083704,Sector_B,2024-11-29,None,0.37976654080908,1
SHP-8111,64.9129460143798,718.2302299332272,Sector_A,2024-08-20,None,0.7837649552339552,1
SHP-8112,49.33687930233,40.03125775396452,Sector_A,2024-06-10,None,0.5290583258832775,0
SHP-8113,40.440298751058315,218.06353184232404,Sector_B,2024-07-12,None,0.5747151218635859,1
SHP-8114,49.09600560151458,945.4334573011469,Sector_D,2024-11-24,None,0.80284643322481,0
SHP-8115,51.099935734296714,1107.216488675086,Sector_C,2024-12-15,None,0.1998158889837458,1
SHP-8116,,2420.4395397844437,Sector_A,2024-03-30,None,0.4081375043459575,0
SHP-8117,58.01098474238626,1518.3073022597334,Sector_D,2024-12-08,None,0.042488033476299036,0
SHP-8118,57.76350973139655,1346.6003850220584,Sector_D,2024-01-09,None,0.8024285903288954,1
SHP-8119,41.69008427905598,807.2098954945777,Sector_A,2024-12-06,None,0.6544851731628554,1
SHP-8120,52.949093568886056,189.34048429711987,Sector_B,2024-07-01,None,0.3842253734078317,0
SHP-8121,58.86066502005805,1393.721732130061,Sector_B,2024-03-14,Warning: High Temp,0.42307997494994565,0
SHP-8122,55.62347436769723,598.0747053207085,Sector_C,2024-01-28,Error: Pressure Drop,0.9711495434151936,0
SHP-8123,40.135753707872425,176.39387981712954,Sector_A,2024-08-31,Error: Pressure Drop,0.19650272019643467,0
SHP-8124,43.18353417341204,470.93800640027223,Sector_C,2024-07-09,None,0.5637666354975138,1
SHP-8125,40.41007425417835,1125.5320314047065,Sector_A,2024-03-27,Warning: High Temp,0.9456028052477924,0
SHP-8126,46.000012714368886,775.2733301119151,Sector_B,2024-12-03,Error: Pressure Drop,0.22467009576538177,1
SHP-8127,40.62479147893596,1408.5580173668072,Sector_A,2024-04-05,None,0.17588049907682302,1
SHP-8128,63.683224047423316,1514.2650035430295,Sector_C,2024-09-29,None,0.8166833361641276,0
SHP-8129,67.74009647826537,3270.547169933471,Sector_A,2024-05-17,Warning: High Temp,0.40339992583119066,1
SHP-8130,49.403300088729054,245.34869084617083,Sector_D,2024-10-23,None,0.1904330840103241,0
SHP-8131,51.99580988305594,222.64500294817054,Sector_D,2024-02-08,Error: Pressure Drop,0.4493924510904316,0
SHP-8132,45.52150339898687,996.7328005163047,Sector_D,2024-04-23,None,0.9912251015105096,0
SHP-8133,44.479090939541095,348.4047849068895,Sector_B,2024-07-04,Error: Pressure Drop,0.2767210117297142,0
SHP-8134,42.11357450340227,886.3049145053889,Sector_D,2024-04-16,None,0.7416031196368725,1
SHP-8135,41.91544469110047,180.77563978053976,Sector_A,2024-03-25,None,0.0817371143540413,0
SHP-8136,45.201787519882025,459.707264678521,Sector_C,2024-11-01,None,0.6903019981209777,0
SHP-8137,40.871398664965085,675.18801589401,Sector_D,2024-03-24,Warning: High Temp,0.809603941710079,0
SHP-8138,65.36118257040124,95.42869028116878,Sector_C,2024-06-05,None,0.44950473598558394,1
SHP-8139,45.15158907332921,780.0547372868086,Sector_A,2024-07-13,None,0.7638482778974582,0
SHP-8140,51.01236111916045,856.301008275022,Sector_D,2024-04-17,Error: Pressure Drop,0.8179070308416488,0
SHP-8141,58.44792058112151,731.4087239135671,Sector_A,2024-06-22,Warning: High Temp,0.40997124951754216,1
SHP-8142,55.11233194464812,41.86419881119886,Sector_D,2024-12-04,None,0.6241311718237861,0
SHP-8143,41.354585611578116,736.4593815256414,Sector_D,2024-05-28,Error: Pressure Drop,0.17624556884861875,1
SHP-8144,65.56514173191329,1593.4271866318693,Sector_D,2024-07-16,None,0.974010849158382,1
SHP-8145,43.34834389248578,1393.1311393558149,Sector_C,2024-06-10,Error: Pressure Drop,0.10142785155669232,0
SHP-8146,45.11750472657919,259.3374855847347,Sector_D,2025-01-01,None,0.5960839644374991,1
SHP-8147,37.90149098407795,153.97542658107264,Sector_C,2024-08-16,None,0.48813509478691386,1
SHP-8148,60.34699431948192,275.31098649591314,Sector_A,2024-03-04,None,0.36276415391784955,1
SHP-8149,39.36926957128249,1780.095133994859,Sector_C,2024-04-05,None,0.28478266649821327,1
SHP-8150,46.62548907519633,1370.978684567997,Sector_A,2024-02-05,Error: Pressure Drop,0.5959416993088781,0
SHP-8151,43.35349262595567,879.0459252863177,Sector_D,2024-11-04,None,0.9378514087424595,0
SHP-8152,37.006939819210956,1724.0919285355403,Sector_A,2024-11-21,None,0.5798791707466214,1
SHP-8153,59.18418095193933,1757.6641517148937,Sector_C,2024-01-08,Error: Pressure Drop,0.2275329941792701,1
SHP-8154,53.658805252137554,3236.1319317296247,Sector_A,2024-01-26,Warning: High Temp,0.4336280187234801,1
SHP-8155,33.41479038756701,38.08094584682387,Sector_D,2024-07-28,Error: Pressure Drop,0.4047786170176244,0
SHP-8156,40.007697568219314,113.06156923124023,Sector_C,2024-03-12,Error: Pressure Drop,0.5759476291004442,1
SHP-8157,46.44893946591167,3408.192962730639,Sector_D,2024-12-27,None,0.17723794050165176,1
SHP-8158,39.62373739252269,1473.552586272916,Sector_A,2024-09-20,None,0.9779397588373792,1
SHP-8159,37.59586983948056,2795.0906942603083,Sector_C,2024-09-12,None,0.2960312909267988,1
SHP-8160,34.62449470589793,432.26961413237456,Sector_C,2024-01-25,Error: Pressure Drop,0.011198989538058646,0
SHP-8161,39.661855393722234,1094.7700835898984,Sector_D,2024-03-15,None,0.20441791954757205,1
SHP-8162,41.826166865815054,592.0762344258424,Sector_B,2024-02-29,None,0.5022476258997866,1
SHP-8163,59.365748702610404,443.553563339973,Sector_B,2024-09-05,Error: Pressure Drop,0.6947570791209138,0
SHP-8164,43.667924765439466,3346.8894319514066,Sector_C,2024-10-21,Warning: High Temp,0.7242662374500044,1
SHP-8165,32.68637893261882,289.84738337653516,Sector_D,2024-12-06,Warning: High Temp,0.8347629786813863,1
SHP-8166,53.33486276378126,315.58802119411877,Sector_A,2024-06-09,Warning: High Temp,0.90696187521712,0
SHP-8167,33.97456444907624,131.05922827957752,Sector_C,2024-03-21,Error: Pressure Drop,0.06485653406913339,0
SHP-8168,44.23468802190825,512.9666481109689,Sector_B,2024-03-26,Error: Pressure Drop,0.5389918816154635,0
SHP-8169,54.157976944748235,338.67233843360634,Sector_A,2024-05-14,None,0.5310307395599547,1
SHP-8170,44.11477743155732,759.0432971432609,Sector_B,2024-12-10,Warning: High Temp,0.8201936411303932,0
SHP-8171,52.10808003646426,1217.1647776859018,Sector_C,2024-10-14,None,0.5624569349304639,0
SHP-8172,49.2220289018895,3684.331885867496,Sector_C,2024-07-24,Warning: High Temp,0.18065783928002832,1
SHP-8173,55.17891969029242,567.4759613235935,Sector_D,2024-07-26,None,0.27655662211488563,0
SHP-8174,20.729359497173526,144.60475984705633,Sector_C,2024-11-04,None,0.3306235368366599,1
SHP-8175,47.98803997777408,1219.487985626144,Sector_C,2024-09-21,None,0.6900189702965395,0
SHP-8176,43.32078508087664,1401.7187193528816,Sector_C,2024-01-29,None,0.2953202744304694,0
SHP-8177,36.09110127293981,227.28641974637588,Sector_B,2024-07-13,None,0.3061264009350635,0
SHP-8178,75.10438643071734,371.0311143525875,Sector_C,2024-03-20,None,0.378414063794304,0
SHP-8179,37.06195842580687,249.70635241700347,Sector_A,2024-10-31,Warning: High Temp,0.5971550429574659,0
SHP-8180,43.620601356522634,1392.5467564993307,Sector_B,2024-12-03,None,0.4765175793382076,1
SHP-8181,55.213451587162055,433.1528447696221,Sector_C,2024-06-11,None,0.8514416913734714,1
SHP-8182,56.83266998759071,5273.357564091423,Sector_C,2024-03-14,Error: Pressure Drop,0.5677055268327164,1
SHP-8183,47.04605583273947,834.9220414333105,Sector_B,2024-08-31,None,0.6513514780760337,0
SHP-8184,45.123780803148115,1551.3258054845871,Sector_A,2024-09-21,None,0.6289933120267767,1
SHP-8185,55.994365767841536,469.15067269446865,Sector_B,2024-12-19,None,0.7266694195171317,0
SHP-8186,49.26935198401484,911.7345545674123,Sector_A,2024-04-07,None,0.838995555563292,1
SHP-8187,57.603002909061985,262.16608786992765,Sector_B,2024-03-27,None,0.5066989546451707,1
SHP-8188,65.83232502362287,820.9851769820491,Sector_B,2024-04-08,None,0.04691472211174119,1
SHP-8189,55.902639841751416,67.98433529155206,Sector_D,2024-03-17,Warning: High Temp,0.1024114782876342,0
SHP-8190,52.75737439080228,1989.8558066890996,Sector_A,2024-11-08,Error: Pressure Drop,0.2474067365578012,1
SHP-8191,55.78723396292784,101.75267494252388,Sector_C,2024-12-20,None,0.9233964298573626,0
SHP-8192,66.40174122072924,267.6954026982104,Sector_D,2024-11-29,None,0.6872967437378796,1
SHP-8193,55.89143574458701,1344.662818412448,Sector_C,2024-10-30,None,0.16763682279395298,0
SHP-8194,53.58650025202506,700.9574625789905,Sector_D,2024-07-25,None,0.42941888559307295,0
SHP-8195,53.14510450140584,3047.6913640115185,Sector_D,2024-03-11,None,0.8665569954998662,1
SHP-8196,66.99183400838074,72.94562322213365,Sector_D,2024-05-06,None,0.8300649816111332,1
SHP-8197,40.11423418789054,1547.510928539621,Sector_C,2024-08-29,None,0.9342284860593233,0
SHP-8198,38.76572861752277,1324.318538163649,Sector_A,2024-11-05,Error: Pressure Drop,0.39184279798704147,1
SHP-8199,38.956137916651336,328.9291216488071,Sector_A,2024-12-28,Warning: High Temp,0.9503844046518741,0
SHP-8200,,282.6924707435463,Sector_A,2024-05-19,Error: Pressure Drop,0.23010606905586428,0
SHP-8201,51.90610516681663,387.19452875540753,Sector_A,2024-07-17,Error: Pressure Drop,0.432400302849558,0
SHP-8202,55.49959948540966,538.512555771242,Sector_C,2024-02-11,Warning: High Temp,0.7739673631326026,1
SHP-8203,48.7931979986613,1349.2081190065715,Sector_A,2024-07-08,Warning: High Temp,0.7745165253848962,0
SHP-8204,40.28599687241669,890.8983250396736,Sector_B,2024-11-29,None,0.652367961049167,1
SHP-8205,56.034178419783316,350.70892113118896,Sector_B,2024-08-02,Error: Pressure Drop,0.8464163395734677,0
SHP-8206,37.29146209417441,34.45850532258638,Sector_A,2024-03-29,None,0.6170275966605959,0
SHP-8207,43.03270271979908,1900.2239580074759,Sector_D,2024-11-02,None,0.4740711213896621,0
SHP-8208,34.86270466961731,761.3109437851642,Sector_D,2024-04-08,Error: Pressure Drop,0.12323570224801161,0
SHP-8209,44.60612238165049,2194.6107663408948,Sector_A,2024-12-10,None,0.06485107389941058,0
SHP-8210,48.933608055262745,99.48645816282037,Sector_D,2024-06-23,Warning: High Temp,0.4525727778229033,0
SHP-8211,56.72626245146806,258.93879510988074,Sector_C,2024-07-31,None,0.8904409189635214,1
SHP-8212,,719.0132739931815,Sector_B,2024-10-10,Warning: High Temp,0.6231562028375581,0
SHP-8213,54.5053904184162,401.5464008567805,Sector_D,2024-11-15,Warning: High Temp,0.0831015286169855,0
SHP-8214,37.12523465305484,385.15520552061093,Sector_A,2024-10-29,None,0.538137837169095,0
SHP-8215,43.940030021837266,1567.2727383566803,Sector_B,2024-09-15,Error: Pressure Drop,0.4784138528918145,0
SHP-8216,39.46753733551547,317.43763308412247,Sector_D,2024-08-06,None,0.8232585818089175,0
SHP-8217,47.41565632336853,357.13940703839364,Sector_A,2025-01-01,None,0.4162624372444387,0
SHP-8218,41.01519147478871,369.2785745636226,Sector_B,2024-05-09,None,0.1625045317200714,1
SHP-8219,42.07071022488798,355.10379923554837,Sector_B,2024-05-10,Error: Pressure Drop,0.9987687708402133,0
SHP-8220,51.78001927405781,214.2391908480699,Sector_D,2024-03-08,Warning: High Temp,0.7820930021345561,1
SHP-8221,56.28898009510767,1271.3276072635445,Sector_B,2024-05-21,Warning: High Temp,0.01156741036264397,0
SHP-8222,43.758298220680594,416.7915861240973,Sector_B,2024-04-01,None,0.9749967127796579,1
SHP-8223,77.94327499567919,343.56853612031887,Sector_A,2024-05-30,Error: Pressure Drop,0.5750469329557887,0
SHP-8224,47.68186602042852,1756.903170866938,Sector_D,2024-11-02,None,0.11013309359670409,1
SHP-8225,62.21637462197277,747.7563741733741,Sector_A,2024-05-26,None,0.38571613071996047,0
SHP-8226,53.03527540714072,880.2142087754713,Sector_C,2024-07-25,None,0.01655937877179714,0
SHP-8227,49.18883660332271,913.1354978044955,Sector_D,2024-02-29,None,0.46099880784890457,0
SHP-8228,51.66427955991925,963.766269025857,Sector_C,2024-09-03,None,0.1599327213915488,1
SHP-8229,36.54690304376129,543.6834826656569,Sector_D,2024-07-30,Error: Pressure Drop,0.056538564336867325,1
SHP-8230,41.68212311226552,911.9633085939836,Sector_C,2024-08-16,Warning: High Temp,0.8101782036058844,1
SHP-8231,55.69400827984099,1806.4968721902292,Sector_C,2024-01-27,None,0.05439515944997986,1
SHP-8232,54.05773065781934,968.3132542975593,Sector_A,2024-11-17,None,0.5447410111317562,0
SHP-8233,60.02990080732005,431.1486070761918,Sector_C,2024-01-07,Error: Pressure Drop,0.7639000512889015,0
SHP-8234,63.42062324141464,116.48869170058121,Sector_C,2024-08-04,Error: Pressure Drop,0.8328810724379239,0
SHP-8235,58.33269860152394,497.94709221062914,Sector_D,2024-04-13,None,0.8340491701938535,1
SHP-8236,,4080.4532414138616,Sector_C,2024-05-07,Error: Pressure Drop,0.4184984384187662,0
SHP-8237,52.80354162426898,888.622082133496,Sector_B,2024-12-10,None,0.14185364823982582,0
SHP-8238,59.46619632529054,4499.7152596576825,Sector_D,2024-09-29,None,0.40739578634582563,1
SHP-8239,51.88512108448438,234.02963067114413,Sector_A,2024-09-13,Error: Pressure Drop,0.08729450972073138,1
SHP-8240,48.102373211255156,237.92594420568958,Sector_A,2024-11-23,None,0.7722592227465872,0
SHP-8241,59.50148567518614,396.11001864828415,Sector_C,2024-01-15,Error: Pressure Drop,0.5489553371041951,0
SHP-8242,66.99399006888946,2242.3678337439314,Sector_C,2024-07-18,Warning: High Temp,0.8476707165191671,1
SHP-8243,46.06160931513796,14.96183175545643,Sector_B,2024-01-28,None,0.49479364273951776,0
SHP-8244,43.160698380674596,1043.9365559901953,Sector_C,2024-11-23,None,0.7871528299638247,1
SHP-8245,44.741759157677016,1083.6560918750477,Sector_C,2024-05-08,None,0.3197026417331307,1
SHP-8246,59.80585001372786,86.19443223151623,Sector_A,2024-03-15,Error: Pressure Drop,0.09544362699977349,1
SHP-8247,56.407774688460904,2664.5898177149006,Sector_C,2024-06-29,Error: Pressure Drop,0.7928571575991955,1
SHP-8248,47.84368417019334,1192.6011832337108,Sector_B,2024-01-11,Warning: High Temp,0.001169930491860871,0
SHP-8249,46.439463422753036,573.4569755985045,Sector_A,2024-10-20,None,0.5617306950263996,0
SHP-8250,33.89196885451728,3699.3408543699907,Sector_C,2024-02-04,None,0.76414802979622,1
SHP-8251,56.372905608960785,748.7779309797851,Sector_A,2024-01-16,None,0.22333506476615794,0
SHP-8252,49.488496231752336,398.23897434560774,Sector_A,2024-06-20,Warning: High Temp,0.130067909829509,1
SHP-8253,57.33868070255508,738.8363440711638,Sector_C,2024-12-18,Error: Pressure Drop,0.2877497292759811,1
SHP-8254,47.201653305241585,1207.0194230764341,Sector_C,2024-04-08,None,0.2287391413794121,1
SHP-8255,68.05547394989104,3567.806751539582,Sector_A,2024-08-20,None,0.16557917690954616,1
SHP-8256,41.96993189591358,596.6371833056955,Sector_D,2024-05-11,None,0.5383862563666371,0
SHP-8257,38.513794732870736,461.0811622342465,Sector_C,2024-11-09,None,0.513984323880714,0
SHP-8258,32.35500505964794,2744.5844017612603,Sector_C,2024-12-25,None,0.6044167062977215,1
SHP-8259,57.01428883451372,1506.7269364172948,Sector_B,2024-06-01,Warning: High Temp,0.6644037910659959,0
SHP-8260,52.23568249125473,610.4108572785565,Sector_A,2024-04-19,Warning: High Temp,0.8552954124718603,0
SHP-8261,41.86399031683525,464.39976283132734,Sector_C,2024-05-14,None,0.24874688590789396,0
SHP-8262,40.869565822606575,533.840084028607,Sector_D,2024-05-28,None,0.9920262782648791,0
SHP-8263,61.23444739383578,15.572863144281207,Sector_D,2024-10-22,Error: Pressure Drop,0.7157641254104743,0
SHP-8264,46.26765899170888,636.9118775577278,Sector_A,2024-03-21,Warning: High Temp,0.4893363256059503,1
SHP-8265,44.59141635780327,63.773740170557105,Sector_A,2024-11-30,None,0.20082399419363184,0
SHP-8266,,1142.7307227871127,Sector_C,2024-03-06,None,0.09154908192585032,1
SHP-8267,72.32404385921315,2571.7451396158367,Sector_A,2024-08-10,None,0.6620700606095206,0
SHP-8268,37.66770281584237,4012.244333873717,Sector_D,2024-09-04,None,0.08185053981021773,0
SHP-8269,38.872044626322115,1014.4614859520188,Sector_A,2024-01-09,None,0.78514195134903,0
SHP-8270,50.50253007865161,442.2639460593627,Sector_B,2024-10-19,None,0.49739538469667743,1
SHP-8271,67.81662596790908,783.1011953762398,Sector_B,2024-01-03,Error: Pressure Drop,0.6240153976260095,1
SHP-8272,51.36797275009891,1954.8312491437732,Sector_D,2024-01-23,None,0.6897282602000963,1
SHP-8273,25.09865321070897,1206.3336637993748,Sector_D,2024-12-28,Warning: High Temp,0.7846129378684699,0
SHP-8274,33.24066762447556,714.2699244492924,Sector_D,2024-06-10,None,0.9854157206409407,0
SHP-8275,53.42216760997116,299.423042219733,Sector_B,2024-05-21,None,0.7876889657285011,0
SHP-8276,36.927914752722536,917.2190986289721,Sector_A,2024-09-17,Warning: High Temp,0.9259827475197582,0
SHP-8277,45.262549357117265,152.69539468740737,Sector_D,2024-12-03,None,0.7744425319783914,1
SHP-8278,41.46780025965529,718.6951724083942,Sector_A,2024-01-04,None,0.5903378074634115,1
SHP-8279,54.84626386317963,1292.145711121663,Sector_A,2024-11-12,None,0.863560431724683,1
SHP-8280,57.72219338851796,179.42210788977815,Sector_A,2024-07-26,None,0.8995254162285892,1
SHP-8281,73.96185103214897,1186.6965338338678,Sector_C,2024-01-07,None,0.0690323205074328,1
SHP-8282,48.93487241136086,160.60118549260005,Sector_B,2024-12-02,None,0.024739899778803753,1
SHP-8283,54.40838841437346,1779.9738236293945,Sector_C,2024-06-03,None,0.7824216107495625,1
SHP-8284,57.69002216346499,2056.1014037107357,Sector_A,2024-08-12,None,0.4757963993773765,0
SHP-8285,44.950352857739745,606.7936787816285,Sector_B,2024-07-11,None,0.5516846411637558,0
SHP-8286,75.54862706991993,1095.9059451215,Sector_B,2024-09-23,Error: Pressure Drop,0.8088042712310157,0
SHP-8287,52.60968067157161,93.56291239386462,Sector_B,2024-03-01,None,0.17680988780627727,1
SHP-8288,61.03048028757226,13.770851437064236,Sector_B,2024-06-06,None,0.7994863463400314,0
SHP-8289,65.22726680008171,184.90944600653398,Sector_C,2024-02-25,None,0.8856755210353309,0
SHP-8290,58.98069284040367,1164.3100375731353,Sector_C,2024-01-29,None,0.25156311217411864,1
SHP-8291,49.18541514898961,834.3924301462057,Sector_C,2024-12-15,Error: Pressure Drop,0.6471699633837039,0
SHP-8292,79.33421830990847,537.0578735599198,Sector_C,2024-07-12,None,0.9294249084306778,0
SHP-8293,49.186541493054236,1317.8559050380884,Sector_C,2024-05-10,None,0.6583321770844474,0
SHP-8294,54.73576458340423,1018.4771832562138,Sector_D,2024-06-16,Error: Pressure Drop,0.20757139647262557,0
SHP-8295,73.51829792269994,732.8568079934788,Sector_D,2024-12-29,Warning: High Temp,0.5637801987877314,1
SHP-8296,50.96325913313159,163.83819318667585,Sector_D,2024-01-12,None,0.9660132222285618,0
SHP-8297,66.11929560902132,459.2750971666003,Sector_A,2024-03-16,Error: Pressure Drop,0.9083353173376714,1
SHP-8298,65.03326477767,828.1162256423519,Sector_B,2024-03-30,Warning: High Temp,0.15052803616334143,1
SHP-8299,67.67523609659149,421.7193801062349,Sector_D,2024-01-17,Error: Pressure Drop,0.34483755428299867,0
SHP-8300,52.18672296784729,500.9584581414058,Sector_C,2024-10-04,None,0.04873550216296885,1
SHP-8301,60.6266084409093,1486.1909321198355,Sector_B,2024-04-20,None,0.48080465339776157,0
SHP-8302,44.33416898445822,1096.3323800478413,Sector_D,2024-01-12,Warning: High Temp,0.617965459462618,1
SHP-8303,51.44989318296715,1081.3744255494375,Sector_D,2024-06-22,Warning: High Temp,0.10476743940363509,1
SHP-8304,53.1294837947486,2121.5306576284434,Sector_D,2024-10-05,Warning: High Temp,0.249852722510978,0
SHP-8305,62.47191989257432,622.9946052870055,Sector_B,2024-10-06,Error: Pressure Drop,0.7515448344126772,1
SHP-8306,63.659272699509714,1718.8171617393696,Sector_B,2024-06-27,None,0.768268833088901,0
SHP-8307,51.58308451697302,273.1581890355176,Sector_B,2024-08-20,Error: Pressure Drop,0.8081526277841005,1
SHP-8308,56.021925677336796,1673.8931780711462,Sector_D,2025-01-01,None,0.10770582850002741,0
SHP-8309,54.75646399834176,76.83474145994757,Sector_B,2024-06-19,Warning: High Temp,0.5482126197597073,1
SHP-8310,55.60064604220745,1328.5092009595126,Sector_B,2024-06-07,Error: Pressure Drop,0.22260988803471848,0
SHP-8311,39.659515598789575,975.0310317956846,Sector_B,2024-03-15,None,0.8785615000891165,0
SHP-8312,34.33010235638146,3034.587095930279,Sector_D,2024-06-08,None,0.24490671793418584,0
SHP-8313,42.73420848633672,237.59858949118112,Sector_B,2024-07-24,Warning: High Temp,0.9356644855252977,1
SHP-8314,31.430007092910774,1745.7651576068827,Sector_D,2024-09-02,None,0.812704068072437,1
SHP-8315,37.95138856367589,364.5045541378347,Sector_A,2024-01-18,None,0.45642019846957393,0
SHP-8316,32.76049548819271,2167.9588118562215,Sector_A,2024-02-29,None,0.37948796577955124,0
SHP-8317,49.992788233450156,642.1796026132178,Sector_C,2024-09-14,None,0.2867373174700719,1
SHP-8318,48.717781332769846,115.73565850870378,Sector_D,2024-10-15,None,0.9195309858377648,0
SHP-8319,42.9162753358386,79.44228662142262,Sector_C,2024-11-01,None,0.21282327118235178,0
SHP-8320,47.148590775064164,246.59475967593875,Sector_C,2024-05-22,Warning: High Temp,0.620574196153011,1
SHP-8321,44.837693609262466,480.0130481101899,Sector_D,2024-05-31,None,0.420485649538897,1
SHP-8322,65.8729868047397,1193.858192618232,Sector_B,2024-08-08,None,0.03742817420561173,1
SHP-8323,61.24895371156967,432.544674669386,Sector_A,2024-04-17,Warning: High Temp,0.4570648585664657,0
SHP-8324,35.114048043071904,334.0895344087703,Sector_C,2024-11-14,Warning: High Temp,0.7086067225906683,1
SHP-8325,41.81835003630349,3935.7815671113913,Sector_B,2024-08-04,None,0.7748362274938047,0
SHP-8326,62.73372748967501,414.63399935043765,Sector_C,2024-12-31,Warning: High Temp,0.800840913054296,1
SHP-8327,55.226535872586176,1677.227983800267,Sector_A,2024-07-11,Error: Pressure Drop,0.2350231774140008,0
SHP-8328,41.65515873891638,176.77391379853123,Sector_C,2024-12-14,Warning: High Temp,0.9345701073603098,1
SHP-8329,55.72531602613877,481.0102375356416,Sector_B,2024-11-15,None,0.6293045251496389,1
SHP-8330,67.33819988288897,53.52854724558978,Sector_D,2024-01-24,Warning: High Temp,0.3092862240904647,0
SHP-8331,41.62575619287883,1747.0331913320706,Sector_D,2024-08-29,None,0.43287936849486386,0
SHP-8332,37.97228426335853,504.90897170665414,Sector_C,2024-12-17,None,0.5780083049104707,1
SHP-8333,54.23063845102192,445.64501055706586,Sector_D,2024-09-23,None,0.2110856051484702,0
SHP-8334,68.93606199841555,4674.940119381035,Sector_D,2024-03-26,None,0.9591540170931687,1
SHP-8335,44.24206530413786,772.7072610695969,Sector_C,2024-07-28,None,0.18040414014669903,1
SHP-8336,46.01918389124867,163.00670861348985,Sector_C,2024-07-10,Error: Pressure Drop,0.3678450010319936,1
SHP-8337,47.51438307701358,729.0326048258756,Sector_D,2024-08-07,None,0.6762917677119024,1
SHP-8338,56.094373042490666,86.32792149716033,Sector_C,2024-01-27,None,0.5648589838227497,0
SHP-8339,55.15116488377931,1300.277155805451,Sector_D,2024-07-21,Warning: High Temp,0.28941994152245876,1
SHP-8340,40.41189698670775,21.80808317332365,Sector_C,2024-09-27,None,0.6368405237268195,0
SHP-8341,51.953499533078855,1399.034893295672,Sector_C,2024-07-22,None,0.7376637708977074,1
SHP-8342,53.49762812064873,150.3791807696411,Sector_D,2024-03-23,Error: Pressure Drop,0.012358541573370463,1
SHP-8343,44.452512562698395,2476.372883087215,Sector_D,2024-06-21,Error: Pressure Drop,0.002565836004153499,0
SHP-8344,57.13919247294754,3070.1436421537605,Sector_A,2024-10-14,None,0.26024355519722153,0
SHP-8345,49.61847626399978,470.8220273043658,Sector_A,2024-10-15,None,0.679170587895782,1
SHP-8346,78.61910092158664,1335.3807814885272,Sector_C,2024-03-16,None,0.5938492965242407,1
SHP-8347,71.12734548412028,4574.777518139012,Sector_D,2024-02-14,None,0.5804478921831986,0
SHP-8348,57.58169465469452,2061.9882742203154,Sector_B,2024-06-16,None,0.23952624532373,1
SHP-8349,68.00096554109342,2803.2546011567524,Sector_A,2024-08-16,Error: Pressure Drop,0.7301585827255882,1
SHP-8350,42.70239605449293,3102.0322235961476,Sector_C,2024-07-23,Error: Pressure Drop,0.966842534714092,0
SHP-8351,45.926812584024404,1943.2697035074395,Sector_A,2024-05-08,None,0.4307547318723306,1
SHP-8352,40.059372557921485,604.5877831651817,Sector_A,2024-12-29,Error: Pressure Drop,0.49344612545241207,0
SHP-8353,38.1458868309561,955.3306934048566,Sector_B,2024-11-09,None,0.7749850192666295,0
SHP-8354,50.51260969647642,684.8741681118221,Sector_A,2024-07-23,None,0.6771875466341682,1
SHP-8355,43.39073731193092,1405.8610344095969,Sector_D,2024-01-25,Error: Pressure Drop,0.6833502021122123,1
SHP-8356,65.4933471652961,751.2469279511065,Sector_D,2024-12-12,None,0.37082223337336506,0
SHP-8357,63.78699239981599,1474.2962381638542,Sector_D,2024-11-04,None,0.5427717708049234,1
SHP-8358,37.73370564058627,371.7591940430707,Sector_B,2024-08-05,Error: Pressure Drop,0.5117346728104971,1
SHP-8359,25.51450472312232,53.32311331939844,Sector_C,2024-07-19,None,0.16260675934086444,1
SHP-8360,35.85701627499489,1953.1223563303822,Sector_B,2024-03-27,Error: Pressure Drop,0.4263293452482433,1
SHP-8361,49.98787452679861,1930.971251404551,Sector_A,2024-12-10,None,0.08461377392197644,0
SHP-8362,49.607874076334014,1423.051039552674,Sector_C,2024-08-17,Warning: High Temp,0.24005660387329908,0
SHP-8363,55.75573619742211,874.0856958308675,Sector_A,2024-10-29,None,0.32458517640865814,1
SHP-8364,44.02825505873222,992.1158394530552,Sector_D,2024-08-31,Error: Pressure Drop,0.23709711856132476,1
SHP-8365,47.100083015692476,358.7103039550265,Sector_C,2024-01-31,None,0.3146665145516747,0
SHP-8366,46.953403515429,638.2490084552015,Sector_D,2024-09-14,None,0.902588894479096,1
SHP-8367,47.7159968446853,2032.8339068200457,Sector_B,2024-06-30,None,0.051974700094227555,0
SHP-8368,55.98339508581958,2134.362000904244,Sector_A,2024-02-19,Warning: High Temp,0.1866075343357978,0
SHP-8369,30.96095606771658,891.2847027082302,Sector_A,2024-01-10,Warning: High Temp,0.46189906690734317,1
SHP-8370,64.59072600445151,452.5639873399467,Sector_B,2024-05-26,None,0.39204561161900586,0
SHP-8371,56.592012154266115,3048.766732204681,Sector_D,2024-12-28,None,0.8529256027967332,1
SHP-8372,62.039227406993184,263.20938657478797,Sector_D,2024-12-22,None,0.023613295169479187,0
SHP-8373,38.51747365855148,1316.6096796014124,Sector_D,2024-08-04,None,0.23796057077876998,0
SHP-8374,44.62876913174473,2024.2095993275252,Sector_D,2024-05-11,Warning: High Temp,0.6754975194867014,0
SHP-8375,47.06578584750627,3188.7487219314744,Sector_C,2024-08-05,None,0.21690733352152247,1
SHP-8376,66.36564732755232,36.32923208850553,Sector_C,2024-08-18,None,0.6500406577553929,0
SHP-8377,84.601562427573,970.9019078779244,Sector_A,2024-07-15,None,0.7385596103442057,1
SHP-8378,31.63887800010283,283.1237743056866,Sector_B,2024-02-10,None,0.8205406857387623,0
SHP-8379,46.4093787823295,125.63758836746511,Sector_C,2024-11-08,Error: Pressure Drop,0.28349154894748674,1
SHP-8380,34.248974852163116,185.19636650962622,Sector_A,2024-03-27,Warning: High Temp,0.29372257810935865,0
SHP-8381,50.06678123449288,40.31667085518851,Sector_D,2024-02-09,None,0.36870812019106336,0
SHP-8382,43.715684589569335,519.282797223606,Sector_D,2024-08-18,None,0.6537144643695503,1
SHP-8383,45.611470618495545,481.5454962306078,Sector_B,2024-12-25,None,0.5563120450740756,0
SHP-8384,51.25264875056849,498.5807122235898,Sector_D,2024-09-15,Warning: High Temp,0.1725831155114509,0
SHP-8385,59.59699780595281,1060.0227623888036,Sector_A,2024-10-08,None,0.29989152218292414,0
SHP-8386,35.79824558637461,156.42057022441801,Sector_B,2024-04-01,Error: Pressure Drop,0.8303189663774101,0
SHP-8387,48.08883470935873,733.0062096476827,Sector_C,2024-12-07,Error: Pressure Drop,0.2165171462812311,0
SHP-8388,76.51358606692635,343.61474173044513,Sector_C,2024-08-22,None,0.0892054144903307,1
SHP-8389,48.858392118073326,464.97942960764766,Sector_A,2024-02-25,Warning: High Temp,0.7592939970785257,1
SHP-8390,45.45077456320639,955.1528818055036,Sector_D,2024-02-23,None,0.08982317930799688,0
SHP-8391,63.162689208859305,1145.5011346465706,Sector_D,2024-11-25,Error: Pressure Drop,0.5764077408629569,1
SHP-8392,44.56377733463146,750.9099878512676,Sector_C,2024-10-20,Warning: High Temp,0.6602300765514365,1
SHP-8393,45.69275266938216,2174.082552825105,Sector_B,2024-04-22,Error: Pressure Drop,0.960931943581165,1
SHP-8394,44.565449704599324,444.8539754419279,Sector_C,2024-05-05,None,0.8421317823010929,1
SHP-8395,65.89200517810258,1647.9270940852473,Sector_C,2024-05-20,Warning: High Temp,0.0921684770232909,1
SHP-8396,51.85727097211186,67.28639628550957,Sector_C,2024-09-02,None,0.2758355706612561,1
SHP-8397,50.44690710839811,3722.8767276809817,Sector_C,2024-03-12,None,0.8393756024712845,0
SHP-8398,41.54337842557066,622.7843152589107,Sector_C,2024-01-03,Error: Pressure Drop,0.629662679519389,0
SHP-8399,55.92080312142867,1736.8923068099066,Sector_C,2024-02-14,Error: Pressure Drop,0.8473750387077671,0
SHP-8400,65.53618099616094,521.3297347072481,Sector_C,2024-05-05,None,0.41474677447977726,1
SHP-8401,40.76363707741066,389.41300467695476,Sector_D,2024-08-31,None,0.7104931682919963,1
SHP-8402,47.52429092557043,117.24848177479164,Sector_C,2024-04-13,None,0.13378576276600218,1
SHP-8403,34.10391454333097,1183.1836917512765,Sector_D,2024-08-19,Warning: High Temp,0.4614963608897218,1
SHP-8404,40.25048676654917,289.9590261281638,Sector_C,2024-02-13,Error: Pressure Drop,0.09419174708366751,1
SHP-8405,42.51309203354994,307.98166656420153,Sector_C,2024-05-03,Error: Pressure Drop,0.38493114559521924,0
SHP-8406,46.210248646489966,9.73812065086876,Sector_C,2024-01-17,None,0.8681931191261649,0
SHP-8407,52.67822039126173,313.7328113887727,Sector_C,2024-12-01,None,0.7355136334937133,0
SHP-8408,56.94591590420736,1534.544233736555,Sector_C,2024-06-13,None,0.08516318433283776,1
SHP-8409,55.95058835857557,185.38182289872924,Sector_A,2024-01-14,None,0.4940735023751276,1
SHP-8410,37.643935868013806,379.2788877993996,Sector_C,2024-06-05,None,0.9992516519308113,1
SHP-8411,53.825961943966924,433.5459705389187,Sector_B,2024-06-29,None,0.9240138048360842,1
SHP-8412,67.0858901517027,1900.178336174285,Sector_A,2024-12-11,Error: Pressure Drop,0.05671349512871793,0
SHP-8413,49.15378228797293,128.8271011725013,Sector_C,2024-04-03,None,0.7959295430311567,0
SHP-8414,62.449725367498665,63.78846840438074,Sector_C,2024-09-04,None,0.4896221217768889,1
SHP-8415,41.807522855138174,93.2660221828377,Sector_A,2024-11-21,None,0.13528550236710035,1
SHP-8416,49.056027596599634,442.55051486202143,Sector_B,2024-01-03,Error: Pressure Drop,0.03262648610994512,0
SHP-8417,33.18724443299937,127.21066675287435,Sector_C,2024-10-04,Warning: High Temp,0.7505493614790932,0
SHP-8418,46.157167515749734,1371.19649729914,Sector_C,2024-07-23,None,0.21063755111493965,0
SHP-8419,37.85838352395029,292.97080101434864,Sector_C,2024-11-09,Error: Pressure Drop,0.2760706209429894,0
SHP-8420,52.77603414440617,563.7405947172567,Sector_D,2024-09-17,Error: Pressure Drop,0.8026285421286352,1
SHP-8421,35.48388255209498,543.7505028723358,Sector_C,2024-12-21,Error: Pressure Drop,0.719129968959111,1
SHP-8422,51.12222447972918,103.50035311344776,Sector_D,2024-03-24,Error: Pressure Drop,0.6592911963701072,0
SHP-8423,44.51538580659232,1818.675968241131,Sector_D,2024-09-28,Error: Pressure Drop,0.10484851558624875,0
SHP-8424,51.159814582576175,2851.0791623569257,Sector_D,2024-01-17,None,0.05219132988287589,0
SHP-8425,59.25592681812685,751.242069789963,Sector_B,2024-06-01,None,0.2614547512125529,1
SHP-8426,28.778843326235638,114.4537921038588,Sector_B,2024-05-25,None,0.3803589759665911,1
SHP-8427,49.96550021981286,3709.917699732203,Sector_D,2024-08-08,None,0.18610111173848887,1
SHP-8428,64.51260555116576,1.0988664855680985,Sector_C,2024-06-01,Error: Pressure Drop,0.9568505601480171,1
SHP-8429,54.604638919973844,2825.4805937000433,Sector_D,2024-10-24,Warning: High Temp,0.14950635973492066,0
SHP-8430,39.32812590277117,802.9570392948106,Sector_A,2024-04-17,Error: Pressure Drop,0.8315771827484969,1
SHP-8431,55.242513153638114,724.4480368330392,Sector_A,2024-04-15,None,0.37300860048935025,0
SHP-8432,57.81353810354084,1935.4552004805698,Sector_A,2024-07-15,None,0.5570485970601405,1
SHP-8433,58.477412886035154,3782.5907465695527,Sector_A,2024-03-01,Error: Pressure Drop,0.491006347880546,1
SHP-8434,57.202588115778134,632.3920648136781,Sector_D,2024-09-05,Warning: High Temp,0.5105237207692247,1
SHP-8435,45.94729034159932,1091.18074510903,Sector_B,2024-04-06,None,0.03963376726638457,0
SHP-8436,51.38930123324031,311.6929792422947,Sector_D,2024-11-18,Error: Pressure Drop,0.17194110709105004,0
SHP-8437,64.95629963012951,7490.125448436515,Sector_B,2024-07-26,Error: Pressure Drop,0.6058878754540119,0
SHP-8438,54.35705698882808,1155.6581296202078,Sector_A,2024-07-27,None,0.13208137346189985,1
SHP-8439,46.13958049384195,600.0923880527308,Sector_B,2024-07-20,None,0.07680197068010497,1
SHP-8440,52.905332044260064,620.7152748125299,Sector_B,2024-03-23,None,0.5830770703702404,0
SHP-8441,62.62557489861882,2253.346859864383,Sector_C,2024-03-23,None,0.37790809230139377,0
SHP-8442,45.603736063011226,1878.0686625665744,Sector_B,2024-07-13,None,0.65413837764851,1
SHP-8443,46.90924522907157,170.75415659039453,Sector_D,2024-11-23,Error: Pressure Drop,0.3881644127549172,0
SHP-8444,56.30156896098797,401.42369539750183,Sector_C,2024-05-16,None,0.8564714295144009,1
SHP-8445,27.028785390188364,337.076888078256,Sector_A,2024-01-06,None,0.6097113060405208,1
SHP-8446,42.4986266323676,398.6796514479466,Sector_A,2024-08-22,None,0.033256883517197244,1
SHP-8447,41.03958338398938,294.6363858833844,Sector_A,2024-03-15,None,0.2234426613808379,1
SHP-8448,54.47189725357288,20.24327729353442,Sector_A,2024-07-18,Warning: High Temp,0.6803302028475238,0
SHP-8449,53.371935575949486,3229.8630542723877,Sector_A,2024-10-04,None,0.1333647591067677,0
SHP-8450,66.11077988003572,3885.807128049489,Sector_B,2024-12-09,Error: Pressure Drop,0.5008290889116875,0
SHP-8451,43.176421854771384,827.2616955475661,Sector_C,2024-09-13,None,0.568186403299087,0
SHP-8452,53.55649081109099,440.4342016711376,Sector_A,2024-09-28,Warning: High Temp,0.7672164815039014,1
SHP-8453,32.35617774380055,281.7637290154881,Sector_D,2024-09-22,None,0.9897317353980407,0
SHP-8454,40.85936878488786,712.5078617423472,Sector_D,2024-04-26,None,0.14049315910032312,1
SHP-8455,37.12535286067348,2360.193943215865,Sector_A,2024-09-30,Error: Pressure Drop,0.4723341517881986,1
SHP-8456,45.922028018825436,3364.887787819182,Sector_A,2024-09-19,None,0.49943049230154046,1
SHP-8457,63.507645953410574,1733.909030334028,Sector_D,2024-06-23,Warning: High Temp,0.09908914711371031,0
SHP-8458,29.03941011699045,215.8298937876751,Sector_A,2024-11-02,None,0.33305457054041643,0
SHP-8459,55.113605548654576,291.82456459970086,Sector_D,2024-03-25,Error: Pressure Drop,0.954768682525353,0
SHP-8460,37.329188145779234,533.3894343486049,Sector_A,2024-09-30,None,0.9036592033247529,0
SHP-8461,53.97045415336057,753.2968835225619,Sector_C,2024-09-29,None,0.379588224752368,1
SHP-8462,55.35921778351845,228.1480777334368,Sector_B,2024-08-10,None,0.9230881540517791,1
SHP-8463,61.16465090285269,36.986916182246205,Sector_B,2024-08-21,Error: Pressure Drop,0.3567227637645407,1
SHP-8464,58.514503749350915,639.1336920972699,Sector_B,2024-06-24,Error: Pressure Drop,0.6134629502443192,0
SHP-8465,56.29312329654476,1053.231055093601,Sector_C,2024-09-20,None,0.8575215293988238,0
SHP-8466,57.08084105524027,3898.4629536091024,Sector_D,2024-09-23,Warning: High Temp,0.17662834000647243,1
SHP-8467,67.30407884517393,920.3066066261546,Sector_B,2024-02-11,None,0.709925752415965,1
SHP-8468,38.40928467086686,306.39667455172406,Sector_B,2024-03-04,None,0.7202939876014317,1
SHP-8469,48.793628211684634,1283.5346788677484,Sector_A,2024-11-17,Error: Pressure Drop,0.21850446373914711,0
SHP-8470,54.974586741344616,112.98530786387609,Sector_D,2024-08-18,None,0.7215914358058274,1
SHP-8471,49.01357676443765,1150.8060602642638,Sector_D,2024-09-19,Warning: High Temp,0.565736425105493,0
SHP-8472,60.34524460199001,582.3014146142503,Sector_D,2024-01-14,None,0.26770088806629544,0
SHP-8473,64.09326068421085,3350.4784539943817,Sector_B,2024-01-26,Error: Pressure Drop,0.577979255962832,1
SHP-8474,42.46954925555479,1281.1516387703414,Sector_A,2024-05-14,None,0.5038065170249876,0
SHP-8475,64.3320366912049,613.1995435406621,Sector_D,2024-01-04,None,0.9646373310065565,1
SHP-8476,52.79429031184599,1158.8082721958713,Sector_C,2024-10-07,Error: Pressure Drop,0.9253354890000801,1
SHP-8477,43.20925197628683,131.8555828103019,Sector_A,2024-09-30,None,0.30047901058670046,1
SHP-8478,64.03310468844634,2955.565317017778,Sector_D,2024-10-21,Warning: High Temp,0.38393776673399493,1
SHP-8479,56.29575459452376,1118.1139878773643,Sector_D,2024-11-30,None,0.5329219938930958,1
SHP-8480,33.619381575291776,182.30146007092156,Sector_D,2024-09-13,Error: Pressure Drop,0.9122273721704663,0
SHP-8481,32.70201502019588,415.08476940824494,Sector_C,2024-09-16,None,0.24735117775107074,0
SHP-8482,50.48776179437193,777.5222471320479,Sector_C,2024-07-29,None,0.4270219315348561,0
SHP-8483,49.56612615771026,205.40559224758096,Sector_D,2024-10-02,None,0.15441328618794248,1
SHP-8484,67.31548149080687,2515.0686042150437,Sector_C,2024-04-08,None,0.22102768177967902,0
SHP-8485,60.59116906489295,394.1647450261982,Sector_C,2024-05-15,None,0.663734320148226,0
SHP-8486,61.8489865711534,1992.4273130083463,Sector_C,2024-01-26,None,0.7785208990069369,0
SHP-8487,57.09759823189417,1184.357706155245,Sector_D,2024-05-03,None,0.9455176417270261,1
SHP-8488,63.53510431636514,1378.4042676495076,Sector_B,2024-03-25,None,0.8662291521393851,0
SHP-8489,58.077376314699414,178.02079783015236,Sector_A,2024-06-03,None,0.8420024589854473,0
SHP-8490,42.92931767613182,2623.1336191111586,Sector_A,2024-12-11,Error: Pressure Drop,0.6746491736164305,1
SHP-8491,47.75195247925147,22.10667291558914,Sector_D,2024-11-18,Warning: High Temp,0.8714072143667974,1
SHP-8492,47.58994362189653,112.39481385090244,Sector_C,2024-08-09,None,0.8345523873065877,0
SHP-8493,48.92392620209124,259.49183677672755,Sector_C,2024-08-03,None,0.173591350053236,1
SHP-8494,44.16701777845009,1462.5019855291034,Sector_D,2024-06-09,None,0.30988964350100257,1
SHP-8495,50.820168495229545,2956.899401239643,Sector_D,2024-02-19,None,0.7544597876843532,0
SHP-8496,51.68030569770921,973.1311741956059,Sector_B,2024-03-30,None,0.586104390734204,0
SHP-8497,43.12551880193329,688.1613384941124,Sector_B,2024-04-20,None,0.37628589755544184,0
SHP-8498,37.075789432822475,1046.1925235426,Sector_A,2024-10-03,None,0.029624349989633925,0
SHP-8499,66.86333121584528,26.052226168671563,Sector_D,2024-08-14,None,0.8976321237924775,0
SHP-8500,41.617179983877364,21.34179354246999,Sector_B,2024-08-29,None,0.6023053829261662,0
SHP-8501,46.89241089662684,1011.8056637488569,Sector_B,2024-08-21,Warning: High Temp,0.7251846988379379,0
SHP-8502,66.65094798319572,2315.725253701327,Sector_B,2024-06-28,None,0.7658844955943539,0
SHP-8503,55.18421128233875,600.0924202933455,Sector_B,2024-04-04,None,0.4769908082880523,1
SHP-8504,55.659442617746805,856.9486122555991,Sector_B,2024-12-23,Warning: High Temp,0.8628907526000159,1
SHP-8505,52.960307985983974,134.4698462599078,Sector_A,2024-07-03,None,0.1973373734198337,0
SHP-8506,46.58913400710375,5.426404683912809,Sector_A,2024-04-05,None,0.7197031277488624,0
SHP-8507,55.893270778181886,598.6180226372982,Sector_D,2024-04-30,None,0.4278074848182726,1
SHP-8508,47.65375358633545,187.07421406799656,Sector_C,2024-01-29,None,0.41878059546472823,0
SHP-8509,49.7529484725487,197.93865462201444,Sector_B,2024-04-09,None,0.63496619476974,1
SHP-8510,57.17532776058449,1742.4697694729819,Sector_A,2024-08-05,None,0.3125847706528968,0
SHP-8511,52.597388052520984,1985.2904664622088,Sector_C,2024-10-17,Warning: High Temp,0.2972204243834262,1
SHP-8512,82.83267006643062,1781.2480763967442,Sector_A,2024-06-13,Error: Pressure Drop,0.6374890532001378,0
SHP-8513,45.62587666083641,1001.7025795953809,Sector_B,2024-03-16,None,0.4883475791587596,1
SHP-8514,50.38869365452409,1677.9326036561165,Sector_C,2024-12-22,None,0.719691505010637,1
SHP-8515,56.16570835032749,855.9540027245511,Sector_A,2024-07-31,Error: Pressure Drop,0.31662011321709504,0
SHP-8516,52.06822564655268,90.57999873909247,Sector_A,2024-06-15,Warning: High Temp,0.19186932498033427,1
SHP-8517,44.83345815998181,297.1891829925966,Sector_A,2024-12-20,None,0.6612127735303306,0
SHP-8518,46.18564483995663,1066.2552435107432,Sector_A,2024-07-08,Error: Pressure Drop,0.034502660628823234,1
SHP-8519,47.980661114282604,750.9012839058187,Sector_B,2024-09-04,None,0.43949557848848664,1
SHP-8520,51.242247598327175,115.74611210323837,Sector_B,2024-01-23,None,0.10442799342278586,0
SHP-8521,67.17681057215115,4698.15495713137,Sector_C,2024-09-10,None,0.802696560215051,0
SHP-8522,49.13377514542352,1103.4479792290167,Sector_C,2024-04-22,Error: Pressure Drop,0.5240152506793265,1
SHP-8523,57.10253611062361,946.6528278365986,Sector_D,2024-10-28,Warning: High Temp,0.9055610936686783,0
SHP-8524,61.71885271869805,4449.853693321568,Sector_A,2024-12-22,None,0.056473122108583795,1
SHP-8525,53.27711343737188,23.05110641920117,Sector_C,2024-05-09,None,0.44076363123345774,0
SHP-8526,58.83582087172673,852.0939414884228,Sector_A,2024-10-17,Warning: High Temp,0.8216883984834625,0
SHP-8527,46.52341276703584,477.9298534007247,Sector_A,2024-07-30,None,0.5865253845564472,1
SHP-8528,50.911961159657984,85.86831916750104,Sector_C,2024-08-17,Error: Pressure Drop,0.8639165840188652,0
SHP-8529,44.70023133690481,2808.0343373482947,Sector_A,2024-03-16,None,0.09214794267181703,0
SHP-8530,35.36438843477558,446.0585845017515,Sector_D,2024-03-17,Warning: High Temp,0.5566459674956238,0
SHP-8531,50.99752380041859,834.2477573033423,Sector_B,2024-08-22,None,0.9324837721918953,1
SHP-8532,39.941380290850056,252.12381515465327,Sector_D,2024-01-05,None,0.016929096674794586,1
SHP-8533,60.1526522735528,792.4472566125531,Sector_D,2024-04-29,Warning: High Temp,0.7476572664291434,0
SHP-8534,57.71079469723033,1816.9382329850455,Sector_B,2024-05-24,None,0.7888558533986793,0
SHP-8535,45.77288127466521,102.04751762166774,Sector_A,2024-01-08,Error: Pressure Drop,0.4138214111956108,0
SHP-8536,48.53260885114112,735.9759290613657,Sector_D,2024-04-14,None,0.2648727220177213,1
SHP-8537,57.13162617217211,494.8358162960584,Sector_C,2024-01-24,None,0.17710128848174578,1
SHP-8538,39.18090037703978,2907.2257304053455,Sector_A,2024-06-27,Error: Pressure Drop,0.7728124622293518,1
SHP-8539,64.61761510193351,389.76444827914486,Sector_D,2024-10-08,None,0.400207737133883,0
SHP-8540,51.853756798712624,799.6434210881811,Sector_C,2024-10-19,None,0.6582515375718243,1
SHP-8541,56.26833916714441,1536.0409731858506,Sector_A,2024-02-20,None,0.018772184519393664,0
SHP-8542,59.87011288348845,2216.148518425795,Sector_C,2024-08-09,Warning: High Temp,0.06823957790989998,1
SHP-8543,61.0658221137151,93.16086547067107,Sector_C,2024-10-01,Warning: High Temp,0.6809278861768161,0
SHP-8544,50.40737260490842,1358.8755784331759,Sector_D,2024-08-22,None,0.23373966316748795,1
SHP-8545,40.698947086512476,1477.4815808130877,Sector_A,2024-05-15,None,0.13419165655189325,1
SHP-8546,48.20644548930808,1306.0446467106526,Sector_C,2024-09-10,None,0.3389864780153258,1
SHP-8547,41.79545773398677,237.06017982645173,Sector_A,2024-01-16,None,0.9304083888159871,0
SHP-8548,64.0950143276782,162.82408287009773,Sector_D,2024-03-22,Error: Pressure Drop,0.40265300106397217,0
SHP-8549,45.871904644318825,380.89084548667785,Sector_D,2024-02-11,None,0.5769216431921877,1
SHP-8550,58.547625827827844,3573.8782563437567,Sector_B,2024-10-09,None,0.6685953808269328,0
SHP-8551,33.597350856357245,296.3694303708313,Sector_B,2024-09-17,None,0.5265425912468217,0
SHP-8552,64.922007058268,1088.2102664791378,Sector_B,2024-04-02,None,0.8103119779840448,1
SHP-8553,45.13204982012276,1459.2700100991995,Sector_B,2024-10-05,None,0.8478242379371671,0
SHP-8554,49.53745323169469,969.3612776947311,Sector_A,2024-04-22,None,0.6266251502621792,0
SHP-8555,40.02703871531499,704.9508470871589,Sector_A,2024-11-22,None,0.7643407550587462,0
SHP-8556,48.7780679056642,2911.8239390718118,Sector_C,2024-04-28,None,0.7048492793029013,1
SHP-8557,40.25187548032733,2040.3633787215006,Sector_A,2024-02-20,Error: Pressure Drop,0.1427331021776821,1
SHP-8558,47.552540986342805,316.7216925925155,Sector_C,2024-04-19,Warning: High Temp,0.5016183332787986,0
SHP-8559,56.87024765914682,3678.7495554364236,Sector_A,2024-10-16,Warning: High Temp,0.4672662546948736,1
SHP-8560,52.90955099980731,518.2565008123066,Sector_C,2024-05-10,Error: Pressure Drop,0.14607669216732966,0
SHP-8561,49.27348676976162,1557.2784332159595,Sector_A,2024-04-05,None,0.10844127851824858,1
SHP-8562,55.57076352797006,366.0267808105349,Sector_B,2024-09-23,Error: Pressure Drop,0.05307572338061761,1
SHP-8563,46.60196317843689,2422.117775794569,Sector_D,2024-03-19,None,0.06898871503892345,1
SHP-8564,55.779787430149476,2541.937514810305,Sector_B,2024-07-04,Error: Pressure Drop,0.08656649438021302,1
SHP-8565,47.573690730254064,61.423280171933776,Sector_C,2024-03-07,None,0.46067181061785034,1
SHP-8566,58.03580749637223,121.03587146136796,Sector_A,2024-08-12,None,0.1992927287052274,1
SHP-8567,64.5732760530515,961.0726119777783,Sector_D,2024-12-06,None,0.7618462150879255,0
SHP-8568,48.33822493681447,2849.110795207948,Sector_D,2024-02-05,None,0.12116769747229883,1
SHP-8569,52.53461550476132,179.5203657254722,Sector_D,2024-03-16,None,0.4737490869626133,0
SHP-8570,45.778536071929295,69.32972816470671,Sector_C,2024-10-03,None,0.6098566112428102,1
SHP-8571,52.775576907929405,757.1676004951894,Sector_C,2024-10-01,None,0.14479378620413264,1
SHP-8572,59.0606083550426,1879.6369647272554,Sector_B,2024-07-05,Warning: High Temp,0.1770385786643608,0
SHP-8573,67.04210402930498,291.3865192743665,Sector_B,2024-06-06,Warning: High Temp,0.2370114481215716,1
SHP-8574,57.952149434913906,422.4183512256167,Sector_D,2024-05-16,Warning: High Temp,0.49234319637079427,0
SHP-8575,44.89375616914234,911.3204036495883,Sector_D,2024-02-10,None,0.26288375427665767,0
SHP-8576,50.56907382613984,1876.822240133046,Sector_D,2024-11-17,None,0.983752548931307,1
SHP-8577,54.90483186429564,262.35064026164275,Sector_D,2024-09-12,None,0.636580230582737,0
SHP-8578,45.314827261451526,2456.909778655573,Sector_D,2024-02-06,Error: Pressure Drop,0.49681353731225264,1
SHP-8579,48.63068062445047,2190.239850004657,Sector_B,2024-11-13,Warning: High Temp,0.042467779670583905,1
SHP-8580,39.34091786291601,1495.9051267732661,Sector_B,2024-05-31,Error: Pressure Drop,0.9951859362879754,0
SHP-8581,48.02035336455699,2185.7770976110723,Sector_A,2024-08-25,Warning: High Temp,0.5072320344053705,0
SHP-8582,45.72479464831045,350.8311056157567,Sector_D,2024-04-26,Warning: High Temp,0.6744264051986527,0
SHP-8583,70.11903755366819,164.86283389972007,Sector_A,2024-01-13,Error: Pressure Drop,0.4835172804511968,0
SHP-8584,49.426358182213875,889.6235224395425,Sector_D,2024-02-04,Warning: High Temp,0.8826860831784307,1
SHP-8585,50.765251053211074,150.62410558291805,Sector_C,2024-06-14,None,0.9145585259883181,0
SHP-8586,55.45327257866053,1696.0226338256955,Sector_A,2024-12-31,Error: Pressure Drop,0.5425247704092526,0
SHP-8587,42.279082726178,852.7553187668933,Sector_C,2024-06-04,Error: Pressure Drop,0.7683278846672752,0
SHP-8588,46.79400540145037,1247.3237375006374,Sector_B,2024-03-26,Error: Pressure Drop,0.4830901464491112,0
SHP-8589,45.90714634011016,1491.8368481020013,Sector_A,2024-06-21,None,0.4269336401381907,1
SHP-8590,40.229341197479926,1415.6986042918115,Sector_C,2024-06-11,Warning: High Temp,0.3315157095864627,0
SHP-8591,39.12713526662443,3029.2092371209933,Sector_D,2024-11-30,None,0.21891450630327747,1
SHP-8592,41.76119895857753,67.89656108387207,Sector_C,2024-09-08,Error: Pressure Drop,0.6072369531370271,0
SHP-8593,37.53217882221546,1985.079795067657,Sector_B,2024-05-17,Error: Pressure Drop,0.48709409833800166,1
SHP-8594,58.14073872509257,349.77111370046634,Sector_B,2024-08-02,Warning: High Temp,0.11163050605066194,1
SHP-8595,35.855704320300205,1353.5816310220314,Sector_A,2024-12-09,Error: Pressure Drop,0.4511864446603503,0
SHP-8596,47.020442054258126,1887.118434119322,Sector_A,2024-06-03,Error: Pressure Drop,0.42971291559985825,0
SHP-8597,73.17389618199397,41.66820235381919,Sector_D,2024-11-24,Error: Pressure Drop,0.5273813213492815,1
SHP-8598,25.293392968292142,141.30597574658896,Sector_C,2024-11-22,None,0.19825714211536227,1
SHP-8599,63.2925341488574,965.4345531298032,Sector_B,2024-03-05,None,0.5728067317129905,0
SHP-8600,51.86123930953192,508.683335674049,Sector_C,2024-02-17,Warning: High Temp,0.04933112929951655,0
SHP-8601,42.19675489216594,445.97033788927723,Sector_D,2024-07-17,None,0.8577419995879169,1
SHP-8602,47.87572348938787,2993.8050605227368,Sector_A,2024-06-14,None,0.42001795430822875,0
SHP-8603,36.01284125040091,257.91185736601636,Sector_A,2024-06-29,Error: Pressure Drop,0.626390558177398,0
SHP-8604,37.06482655029696,534.0663680060425,Sector_B,2024-10-17,None,0.18456277988659464,1
SHP-8605,60.1891557420615,932.430794452209,Sector_A,2024-08-16,None,0.5326895900781299,0
SHP-8606,52.89701017086747,686.6261319025812,Sector_D,2024-05-15,None,0.05009958984673046,0
SHP-8607,49.58785146248603,749.9936949367035,Sector_A,2024-04-02,Error: Pressure Drop,0.45138892224996097,1
SHP-8608,70.3374012372469,363.746151216159,Sector_D,2024-11-02,Error: Pressure Drop,0.43212526815235985,0
SHP-8609,52.289147394153396,723.2294524197583,Sector_A,2024-02-15,None,0.823631436585232,0
SHP-8610,49.02225678141988,298.3741353625981,Sector_D,2024-04-14,Error: Pressure Drop,0.9987669367400114,1
SHP-8611,45.60557535904972,1605.4458058807986,Sector_B,2024-06-22,None,0.9517789682090458,1
SHP-8612,56.908628107624025,3999.2244716785485,Sector_A,2024-03-10,Error: Pressure Drop,0.44658948451607106,0
SHP-8613,53.53838962089764,779.8842735991144,Sector_D,2024-03-26,None,0.47132528734222756,0
SHP-8614,49.06671377968006,213.27132878497827,Sector_B,2024-06-12,None,0.41164071644755973,0
SHP-8615,42.21707941724275,27.683862510900664,Sector_C,2024-04-05,None,0.9999026041043625,0
SHP-8616,54.16082820555331,1188.9971352232467,Sector_D,2024-12-28,None,0.9091663419140721,1
SHP-8617,53.44368612376805,465.45493142347857,Sector_D,2024-12-08,Warning: High Temp,0.8452838810236065,0
SHP-8618,42.64039702981758,129.6039612761171,Sector_B,2024-08-10,None,0.9006027511791265,1
SHP-8619,60.858950544169595,482.79308563004014,Sector_D,2024-10-21,Warning: High Temp,0.4727395972234554,0
SHP-8620,35.51030197773245,990.3194172031513,Sector_B,2024-11-09,None,0.12802414544116625,0
SHP-8621,67.2484044074545,73.04931081697072,Sector_C,2024-12-08,Warning: High Temp,0.538208913012716,1
SHP-8622,57.02763575425552,442.9595583722628,Sector_B,2024-08-18,Warning: High Temp,0.8393520662417145,0
SHP-8623,48.89221273938561,2038.4893884387752,Sector_B,2024-08-21,None,0.0018147123415854782,0
SHP-8624,42.19391842089395,398.8938851206774,Sector_B,2024-06-20,Warning: High Temp,0.212849707335942,0
SHP-8625,47.74352921182943,93.6930040038911,Sector_B,2024-03-17,Error: Pressure Drop,0.10814665519426703,0
SHP-8626,38.77988633100449,563.9282430673508,Sector_B,2024-12-18,None,0.3674025862366037,1
SHP-8627,42.232802240724304,262.5372423208147,Sector_D,2024-11-15,None,0.641944085895705,1
SHP-8628,45.31697939157327,1648.5194699861838,Sector_A,2024-11-02,Warning: High Temp,0.5058531849642114,1
SHP-8629,51.564056976783654,162.36231418470092,Sector_D,2024-05-18,Error: Pressure Drop,0.3389236246217665,0
SHP-8630,46.910239171756885,1168.9229072468286,Sector_D,2024-03-29,None,0.9276652770163323,1
SHP-8631,70.59776262140883,367.3289784305005,Sector_C,2024-09-18,None,0.5944389801584204,1
SHP-8632,32.54005468416664,528.572939216244,Sector_C,2024-03-25,Warning: High Temp,0.4029568278620357,1
SHP-8633,60.430155286204496,916.5480033851774,Sector_A,2024-09-06,None,0.1722704852771082,0
SHP-8634,65.63054094222642,5416.841039539323,Sector_A,2024-09-25,None,0.9704275286800861,1
SHP-8635,58.958700008115066,1101.61379822364,Sector_D,2024-01-11,None,0.02312318230635002,0
SHP-8636,49.05542104106234,186.95519799750315,Sector_B,2024-10-27,Error: Pressure Drop,0.85008474074444,1
SHP-8637,50.8630601442385,4582.8951308902815,Sector_D,2024-05-22,Error: Pressure Drop,0.7011376306030238,1
SHP-8638,47.075287555766025,160.5151437388962,Sector_C,2024-03-12,None,0.8758048526058739,1
SHP-8639,69.34818187582745,636.8563530139903,Sector_A,2024-08-29,Error: Pressure Drop,0.6721783436798526,0
SHP-8640,47.126498720014716,217.1220811050188,Sector_D,2024-06-12,None,0.5910893624756102,0
SHP-8641,51.25821772763734,5078.0107993877555,Sector_D,2024-06-01,None,0.7318702198510747,1
SHP-8642,47.3070043305596,444.78464876929513,Sector_B,2024-03-25,None,0.18622063570093572,1
SHP-8643,37.72865584297287,251.55625879220878,Sector_D,2024-04-08,None,0.37938401419634493,0
SHP-8644,52.3590193490433,794.3648239665181,Sector_C,2024-06-16,Warning: High Temp,0.8274539126145075,1
SHP-8645,38.910953356011774,1847.054356236472,Sector_B,2024-01-25,Warning: High Temp,0.20351836186674466,0
SHP-8646,40.93205567472649,10.446542548752422,Sector_D,2024-11-01,None,0.753901387702976,0
SHP-8647,61.57096822141941,397.9775426522983,Sector_A,2024-05-24,None,0.9855811425663807,1
SHP-8648,47.51185523504646,667.2852723693842,Sector_D,2024-03-17,None,0.4195923815186382,1
SHP-8649,60.51529552375671,2934.338050567521,Sector_C,2024-11-19,Error: Pressure Drop,0.18288028877422657,1
SHP-8650,35.99621994124799,395.469365101233,Sector_B,2024-05-27,None,0.32675455417111066,1
SHP-8651,61.68414397390764,168.26014757119225,Sector_A,2024-07-10,Error: Pressure Drop,0.06024169534221302,0
SHP-8652,50.40057964925378,271.12275802479604,Sector_A,2024-07-10,Error: Pressure Drop,0.195087669734057,0
SHP-8653,41.314266564131664,1200.2130609722662,Sector_A,2024-01-21,Error: Pressure Drop,0.029584757336047263,0
SHP-8654,47.46946501777408,5.4419571356071375,Sector_C,2024-05-03,None,0.326765878313935,0
SHP-8655,45.64052916558688,1828.9705814774088,Sector_D,2024-09-04,None,0.003743641173222567,0
SHP-8656,56.473817813002384,716.5430359232365,Sector_A,2024-09-02,None,0.308446159717794,1
SHP-8657,68.11762771890808,949.2876334233321,Sector_C,2024-11-02,Warning: High Temp,0.8316327111121318,0
SHP-8658,31.10606646906334,808.7319036413645,Sector_C,2024-02-09,Warning: High Temp,0.4362469559027484,0
SHP-8659,34.55928745454042,52.859227099045334,Sector_D,2024-06-20,Warning: High Temp,0.7849535047624657,0
SHP-8660,68.38712376253955,1438.947623617843,Sector_B,2024-12-13,None,0.5880695061429186,1
SHP-8661,59.4183159915691,1128.4319852862375,Sector_B,2024-05-06,None,0.5122437294488347,0
SHP-8662,59.50062556470997,218.10060156684983,Sector_C,2024-09-01,Error: Pressure Drop,0.31670596657330696,1
SHP-8663,40.01815420233405,446.79319891251055,Sector_A,2024-04-30,Warning: High Temp,0.976407026200411,0
SHP-8664,62.94305894519839,1879.664884418369,Sector_D,2024-02-01,Error: Pressure Drop,0.23585300483727334,0
SHP-8665,48.73299096271721,267.956254331769,Sector_A,2024-11-10,Warning: High Temp,0.16736502335350378,0
SHP-8666,51.54707940929261,232.05659401505534,Sector_B,2024-10-22,Error: Pressure Drop,0.313449903555562,1
SHP-8667,47.917059989957146,1671.5689386086985,Sector_A,2024-02-29,None,0.6101444789312545,0
SHP-8668,41.191728322173,187.553653261311,Sector_B,2024-10-06,None,0.22618874663512634,1
SHP-8669,53.541442926614884,2218.72925765896,Sector_A,2024-05-21,None,0.5072985850437018,0
SHP-8670,63.971736790332415,244.60230513425674,Sector_D,2024-11-07,Error: Pressure Drop,0.13560325585777722,0
SHP-8671,50.2251856057926,117.80472156394313,Sector_A,2024-10-25,None,0.8482691463041288,0
SHP-8672,53.429119630252956,21.2691995642503,Sector_C,2024-05-07,None,0.8265144223256887,0
SHP-8673,60.35714471180999,190.46152632087228,Sector_A,2024-10-21,None,0.8317184186774224,0
SHP-8674,58.31290239475818,700.6910931346156,Sector_B,2024-04-08,Error: Pressure Drop,0.41228344365055924,0
SHP-8675,74.018309430023,812.2450062597596,Sector_B,2024-09-11,Warning: High Temp,0.5614925054074249,1
SHP-8676,41.419057346512716,4921.7497296568845,Sector_B,2024-02-02,None,0.6405539519991027,0
SHP-8677,48.30693275211953,1774.5011946035982,Sector_C,2024-10-10,None,0.6698838301014766,0
SHP-8678,50.75889092898943,1221.8655597151128,Sector_B,2024-01-21,None,0.19572989351409387,0
SHP-8679,38.31838890994102,520.7810516597378,Sector_C,2024-06-23,Warning: High Temp,0.014383858724656418,0
SHP-8680,57.837177396208915,240.84655032375696,Sector_B,2024-01-20,None,0.6269231683077757,0
SHP-8681,56.774088829011376,1479.0505451824004,Sector_D,2024-03-23,None,0.8457207167117053,1
SHP-8682,75.90210371083148,3713.048548164999,Sector_B,2024-02-10,Error: Pressure Drop,0.43077897414359045,1
SHP-8683,46.82812714411333,943.8770329741624,Sector_C,2024-02-17,None,0.6221639534008381,0
SHP-8684,51.7083874440271,578.7450997437496,Sector_A,2024-01-03,None,0.48526201702502614,1
SHP-8685,41.85340523459693,910.052544834242,Sector_A,2024-01-23,None,0.8397412776066392,0
SHP-8686,54.985819852144246,217.97128097543617,Sector_B,2024-11-27,Warning: High Temp,0.5079677518311444,1
SHP-8687,62.423332829532455,2024.109784471154,Sector_A,2024-04-23,None,0.2600528548411949,1
SHP-8688,40.91586649559317,112.60815313750652,Sector_D,2024-04-10,Warning: High Temp,0.43568304782272926,0
SHP-8689,51.16519718468582,809.1795650110013,Sector_C,2024-04-23,Error: Pressure Drop,0.7091312064016587,1
SHP-8690,45.21942009503086,1125.5354743098194,Sector_C,2024-09-01,None,0.027727780766945598,1
SHP-8691,49.12664217402579,1768.2986291050088,Sector_C,2024-03-27,None,0.702731613273955,1
SHP-8692,50.699464791073666,872.294653268043,Sector_D,2024-04-18,None,0.15580290344495618,1
SHP-8693,57.118171437246225,100.89207346498253,Sector_A,2024-01-09,None,0.4410051328833112,0
SHP-8694,43.94146480489656,102.99614803765398,Sector_B,2024-04-04,None,0.7497980345150487,1
SHP-8695,47.72617042254306,715.24385499556,Sector_B,2024-03-03,None,0.6185459119933142,1
SHP-8696,48.00280606425576,834.4873061507022,Sector_B,2024-09-29,None,0.2503439394784829,1
SHP-8697,45.51561406220268,1625.5003997468846,Sector_A,2024-04-27,Error: Pressure Drop,0.5630262691541044,1
SHP-8698,71.37240217444489,696.1786077501924,Sector_A,2024-11-30,None,0.42214339627823094,0
SHP-8699,74.03867959831156,595.6049498509111,Sector_A,2024-05-10,Warning: High Temp,0.7917074134613226,1
SHP-8700,62.391074025141776,335.1757986220832,Sector_C,2024-02-10,None,0.2951445782445187,1
SHP-8701,63.487473874603694,870.4443281343059,Sector_C,2024-03-01,None,0.09593069171866353,1
SHP-8702,49.21382054966937,404.270519471762,Sector_D,2024-09-05,None,0.3437325957998376,0
SHP-8703,67.5890896321778,533.1248836822763,Sector_A,2024-12-02,None,0.9438122939630316,0
SHP-8704,53.541519954904516,4.343004740658765,Sector_A,2024-04-26,None,0.8543375106963143,0
SHP-8705,53.61168931079991,1212.3729886267558,Sector_A,2024-11-15,Warning: High Temp,0.8796062784688927,1
SHP-8706,45.5392971089855,1405.5126406088793,Sector_B,2024-02-18,Warning: High Temp,0.3632780401556599,0
SHP-8707,45.98770848561081,803.4756782525449,Sector_B,2024-05-23,None,0.9394185421849868,0
SHP-8708,45.37276130965631,683.1238065316833,Sector_D,2024-04-02,None,0.030153476574512394,0
SHP-8709,42.53264573291952,731.3447666971418,Sector_D,2024-06-15,Error: Pressure Drop,0.6195203988699307,1
SHP-8710,49.79643148680074,234.56371864584798,Sector_C,2024-10-03,None,0.824998589488393,1
SHP-8711,50.9077272512034,527.1311865087569,Sector_D,2024-01-14,None,0.8163928686995306,0
SHP-8712,42.98192198824682,879.548529830498,Sector_D,2024-01-13,Warning: High Temp,0.6974628533835265,1
SHP-8713,40.0470803125068,1007.9385330721225,Sector_A,2024-10-08,None,0.5257238780479793,1
SHP-8714,49.096872453703284,1078.9358953093927,Sector_D,2024-09-17,None,0.39559939419566614,1
SHP-8715,,274.2766681421337,Sector_C,2024-12-23,Error: Pressure Drop,0.414119235515353,1
SHP-8716,35.053440486574544,389.53726264646184,Sector_D,2024-08-15,None,0.11090642365633196,0
SHP-8717,34.061708460726365,821.4768192999112,Sector_B,2024-11-18,Error: Pressure Drop,0.3910587365058562,1
SHP-8718,48.75721891438167,1599.578995962873,Sector_A,2024-06-08,None,0.19228022395761912,1
SHP-8719,50.387134040188364,4409.184863566696,Sector_D,2024-07-13,None,0.05767141424328759,1
SHP-8720,68.73753120182138,870.0600418581066,Sector_A,2024-09-25,None,0.9606259721267902,0
SHP-8721,33.070969108141846,1283.7188989245083,Sector_A,2024-02-09,Warning: High Temp,0.9797310322400091,0
SHP-8722,47.52923042337494,847.224106972651,Sector_D,2024-05-09,None,0.5718930130996709,0
SHP-8723,42.341826360421344,31.19513327770156,Sector_B,2024-07-28,None,0.40649231178588385,0
SHP-8724,47.59350896351574,257.80427981434605,Sector_D,2024-02-21,None,0.9763500013442147,1
SHP-8725,55.673522463095345,1486.0967235079959,Sector_D,2024-12-24,Error: Pressure Drop,0.8998758284149118,1
SHP-8726,56.94542232186496,422.49461021945797,Sector_C,2024-06-16,None,0.7103822825891681,0
SHP-8727,34.240948836390416,4721.593358817075,Sector_A,2024-01-27,None,0.1570104732090727,0
SHP-8728,49.29857908558269,880.8590856974607,Sector_B,2024-11-24,Error: Pressure Drop,0.8307189565395452,1
SHP-8729,57.99124420593436,48.17316789900858,Sector_D,2024-06-23,None,0.5037062472543813,1
SHP-8730,38.64257894030237,258.3512669932992,Sector_A,2024-05-14,None,0.009370377469119728,0
SHP-8731,41.61570273148673,253.70296686947708,Sector_C,2024-04-18,Warning: High Temp,0.4699696900100706,1
SHP-8732,38.298031497747125,37.41828462383173,Sector_C,2024-11-23,None,0.5539416049148344,1
SHP-8733,34.17132848723943,535.8986665872125,Sector_B,2024-03-20,Warning: High Temp,0.5707951903316804,1
SHP-8734,49.13608221457439,1064.1642379426028,Sector_B,2024-04-07,Error: Pressure Drop,0.9880043013277643,0
SHP-8735,40.7641538658554,188.79241471683886,Sector_B,2024-06-02,Error: Pressure Drop,0.25587051421221674,0
SHP-8736,40.46150236373239,128.16136868062597,Sector_D,2024-06-05,Warning: High Temp,0.4691957816028506,0
SHP-8737,54.99412825308584,176.77091266702038,Sector_D,2024-10-05,Warning: High Temp,0.6529412885853138,1
SHP-8738,41.00322895309761,3547.411429490173,Sector_A,2024-08-09,None,0.5775499702060548,1
SHP-8739,60.2006646480519,2289.9557308115614,Sector_B,2024-10-09,None,0.29811319876348197,0
SHP-8740,44.15078532263199,2276.4523189083825,Sector_A,2024-07-02,Error: Pressure Drop,0.7408697446167127,1
SHP-8741,58.08744205869,2020.8199560516814,Sector_C,2024-04-15,Warning: High Temp,0.7322327784794698,0
SHP-8742,40.78698805764759,419.52517528680335,Sector_A,2024-01-24,Error: Pressure Drop,0.26704443389850274,1
SHP-8743,52.53756558823847,1778.0972249692893,Sector_A,2024-09-30,None,0.14812001912770456,1
SHP-8744,66.56243164911933,2792.72980774001,Sector_D,2024-02-18,Error: Pressure Drop,0.4798799361500802,0
SHP-8745,37.11903837476652,2214.5417833558545,Sector_B,2024-07-02,Warning: High Temp,0.36048081817748334,1
SHP-8746,53.276161336939104,54.884780426850575,Sector_D,2024-09-29,Warning: High Temp,0.7920484847546434,1
SHP-8747,57.09959005639087,1740.3701328626184,Sector_D,2024-12-05,None,0.7361786270090456,1
SHP-8748,61.054016094312246,756.6521507678037,Sector_B,2024-09-07,None,0.536824628673879,1
SHP-8749,45.41641760275347,815.0692956696727,Sector_D,2024-01-31,Error: Pressure Drop,0.3803330724939017,1
SHP-8750,40.742215966715875,252.08861763064255,Sector_B,2024-05-01,None,0.4885538227615748,0
SHP-8751,57.57577782629174,794.0266419525038,Sector_B,2024-12-18,Warning: High Temp,0.43391162992545185,1
SHP-8752,33.29933699959423,1647.8252526253825,Sector_A,2024-09-06,None,0.35483820046978287,1
SHP-8753,33.74153332258081,3025.85012521307,Sector_D,2024-12-31,None,0.30893862977552555,1
SHP-8754,48.63612521222073,638.2572645643017,Sector_B,2024-06-05,None,0.1164119276702944,0
SHP-8755,59.62802249366879,802.4040987047841,Sector_A,2024-12-03,Error: Pressure Drop,0.8990364413872347,0
SHP-8756,62.1423615545217,987.3949640402561,Sector_C,2024-04-11,None,0.017007154886631293,1
SHP-8757,38.21543242822183,2618.5834579408925,Sector_D,2024-07-22,None,0.9860942687262508,1
SHP-8758,55.686253572857325,2292.7200900807584,Sector_D,2024-06-08,None,0.15397286503278895,0
SHP-8759,54.66186962799169,3275.0181425338574,Sector_B,2024-06-04,None,0.6969829737912329,0
SHP-8760,56.01764729773044,1478.075216951396,Sector_C,2024-05-12,None,0.5301661033643579,1
SHP-8761,48.70239962496473,2255.1913113688147,Sector_D,2024-08-10,None,0.9423298821425513,0
SHP-8762,67.93248366614067,772.3391763925404,Sector_D,2024-09-04,None,0.5909647420574621,1
SHP-8763,61.78903342386097,518.6811941670561,Sector_A,2024-09-20,None,0.17218625316111047,1
SHP-8764,41.752858125726355,830.539500538779,Sector_C,2024-06-30,None,0.5993276133838789,0
SHP-8765,66.22102786937663,316.8176670672547,Sector_D,2024-06-17,None,0.21851574077086522,0
SHP-8766,52.374151563860586,788.3062407727655,Sector_C,2024-12-12,None,0.48561592254093455,0
SHP-8767,36.7177803173823,670.4094116138682,Sector_D,2024-03-27,Error: Pressure Drop,0.7815215052196813,0
SHP-8768,52.12489256896554,247.72588796876158,Sector_B,2024-04-05,None,0.06420276281818083,0
SHP-8769,42.828456559812075,459.7460151424139,Sector_D,2024-02-11,None,0.47821989595244985,1
SHP-8770,66.56911923658348,805.7917727126779,Sector_B,2024-11-28,None,0.008560068342220783,0
SHP-8771,43.65178200664996,1375.2241974446335,Sector_A,2024-09-21,None,0.9338631740905675,0
SHP-8772,53.35351860418249,418.14991506715285,Sector_D,2024-11-22,None,0.48745831622277813,1
SHP-8773,64.62623341121515,475.8506078936295,Sector_C,2024-07-20,None,0.904885506600475,1
SHP-8774,54.45123198905607,370.1084609638819,Sector_D,2024-03-08,None,0.031601920295702746,1
SHP-8775,40.54272495398926,1072.3959908084867,Sector_D,2024-08-01,None,0.4102807609801785,1
SHP-8776,27.906547932091073,429.80460453943357,Sector_A,2024-06-08,None,0.6524970028577909,1
SHP-8777,36.37698190550187,3059.9154366325442,Sector_A,2024-04-19,None,0.24341823900988757,1
SHP-8778,47.957411052209814,128.4104750874498,Sector_D,2024-09-28,Warning: High Temp,0.24424342762638873,0
SHP-8779,53.19963068056928,9.675365730370673,Sector_A,2024-10-26,None,0.9449014001286669,1
SHP-8780,60.04321217764952,257.20689489430316,Sector_C,2024-03-11,None,0.6117642456713156,0
SHP-8781,55.159979922749,401.32170284482015,Sector_D,2024-02-17,Warning: High Temp,0.41456566727427213,1
SHP-8782,51.6984296126017,583.7121094890935,Sector_A,2024-08-23,None,0.6509539832024633,1
SHP-8783,28.924278685087575,1589.2158032211655,Sector_C,2024-10-02,Warning: High Temp,0.3082482919569599,1
SHP-8784,48.28403998915127,633.5313996128261,Sector_A,2024-08-11,Warning: High Temp,0.9785680914825228,0
SHP-8785,31.787491329908114,1303.0796899830727,Sector_B,2024-09-16,None,0.3781223672416265,0
SHP-8786,67.90785330490726,46.16730343002243,Sector_D,2024-08-16,None,0.17235396430114547,1
SHP-8787,51.918028843410696,32.394039763696476,Sector_B,2024-07-14,Error: Pressure Drop,0.5238695416434132,1
SHP-8788,44.747575858896944,333.2468731176057,Sector_A,2024-01-15,None,0.878389656604216,1
SHP-8789,52.20231539918242,613.5922853295791,Sector_A,2024-08-20,None,0.3413042967711719,1
SHP-8790,29.118654942015954,265.2554603254377,Sector_D,2024-09-12,Error: Pressure Drop,0.7254297779139932,1
SHP-8791,55.732466607886685,1309.4133351941998,Sector_D,2024-08-01,Warning: High Temp,0.1305030436082253,0
SHP-8792,41.677717856627865,682.5764529765661,Sector_C,2024-10-06,None,0.44890157066173075,0
SHP-8793,32.434571885219704,6048.074466352482,Sector_A,2024-12-22,Warning: High Temp,0.12483781486224588,0
SHP-8794,56.787816562180794,633.575769509417,Sector_A,2024-08-01,None,0.2885540713788022,0
SHP-8795,66.03324603958482,1475.930815058504,Sector_C,2024-09-28,None,0.614090457559924,0
SHP-8796,51.54668207794904,164.6843686403051,Sector_A,2024-03-26,None,0.2024386488627894,1
SHP-8797,47.26112488263025,43.41634277179747,Sector_A,2024-06-12,None,0.4691252846648285,1
SHP-8798,66.60363116905697,782.8414038032869,Sector_A,2024-06-18,Error: Pressure Drop,0.7115102012029882,1
SHP-8799,53.30271560439294,15.131426897290082,Sector_B,2024-09-26,None,0.12350302260395785,0
SHP-8800,36.074525066533916,465.90546193724526,Sector_B,2024-01-29,Warning: High Temp,0.0637525738185929,1
SHP-8801,54.2006723281199,1141.203354851667,Sector_C,2024-09-08,Error: Pressure Drop,0.41063465655412845,1
SHP-8802,54.43993133178806,761.1135984163545,Sector_D,2024-07-06,None,0.31703622293139144,0
SHP-8803,34.401387181185655,796.8152227106194,Sector_C,2024-05-16,Error: Pressure Drop,0.8584705140003315,1
SHP-8804,43.76624735534039,347.92979153174076,Sector_B,2024-07-12,None,0.8915920274370169,0
SHP-8805,55.90092656328741,163.2254610211233,Sector_D,2024-06-18,Warning: High Temp,0.06291135846139706,1
SHP-8806,57.20260099510666,1071.029941910131,Sector_B,2024-06-28,None,0.27857353836730836,1
SHP-8807,44.457250877477115,1226.6527177658886,Sector_B,2024-11-04,None,0.29242435412341705,0
SHP-8808,56.845366753361,76.85374521465573,Sector_D,2024-04-24,Error: Pressure Drop,0.6279354995641999,1
SHP-8809,28.055441284045564,159.0223200126269,Sector_D,2024-06-25,Warning: High Temp,0.12967448235990287,1
SHP-8810,30.194733428478976,443.2758225945371,Sector_D,2024-02-18,None,0.5671689052649739,1
SHP-8811,60.018008941547386,2581.732239077643,Sector_A,2024-10-07,Error: Pressure Drop,0.22483737036812512,1
SHP-8812,57.64498882665883,1690.3024082797024,Sector_A,2024-04-08,None,0.262642020855374,0
SHP-8813,37.86480885094942,19.767794568928302,Sector_C,2024-07-19,Warning: High Temp,0.8244620482995707,1
SHP-8814,56.98789698380908,266.3235536324763,Sector_D,2024-08-11,None,0.35098948656609985,0
SHP-8815,53.633294738522665,1713.9883014651598,Sector_B,2024-02-28,None,0.6251492906873483,1
SHP-8816,50.889153843284404,95.56974222454703,Sector_A,2024-11-05,Warning: High Temp,0.9890232087901337,0
SHP-8817,47.07477043088459,3119.4719498163354,Sector_B,2024-10-02,None,0.9232068997600696,0
SHP-8818,32.205485997483066,2498.579222729391,Sector_C,2024-12-05,None,0.45256800025403654,1
SHP-8819,59.593111878712804,436.1686629801324,Sector_D,2024-05-29,Error: Pressure Drop,0.2657520721547395,0
SHP-8820,67.34061563996252,187.38445572962837,Sector_A,2024-02-11,None,0.22727299043737148,0
SHP-8821,45.72262415729183,2511.09630551441,Sector_C,2024-09-28,None,0.6379666204459379,1
SHP-8822,42.51733390555009,876.1411086665078,Sector_D,2024-06-26,Error: Pressure Drop,0.4181845394178142,0
SHP-8823,49.63655392723621,964.627079542268,Sector_A,2024-08-03,Error: Pressure Drop,0.48385168237920184,1
SHP-8824,58.80071869188671,1327.5084143651882,Sector_A,2024-03-05,None,0.7858257167696772,1
SHP-8825,55.32015158312588,568.102025991187,Sector_A,2024-11-02,None,0.8002080930544372,1
SHP-8826,45.989457438791405,778.4256282562112,Sector_A,2024-12-28,Warning: High Temp,0.6567205701159264,1
SHP-8827,57.98579646123893,503.81710754646923,Sector_B,2024-11-05,None,0.4291472678407271,0
SHP-8828,37.47202018705265,1185.9984564005217,Sector_A,2024-06-13,None,0.5603562339039684,0
SHP-8829,56.414102914883536,918.6096681494381,Sector_D,2024-07-27,Error: Pressure Drop,0.5271760100564303,1
SHP-8830,51.5490824578754,338.89814397305037,Sector_A,2024-08-24,None,0.7740863337292905,1
SHP-8831,39.918102392719895,29.686989297075666,Sector_C,2024-03-17,Error: Pressure Drop,0.13969819517476745,1
SHP-8832,59.457930774349705,258.97758220875664,Sector_A,2024-03-09,None,0.3696242080819159,0
SHP-8833,48.46389006639135,573.8560861502624,Sector_B,2024-10-06,Warning: High Temp,0.7763379085936993,1
SHP-8834,18.9172695265801,938.5505162972862,Sector_D,2024-03-15,None,0.5561622211428957,0
SHP-8835,34.99613814975635,994.2044641199799,Sector_C,2024-04-21,None,0.14211756946361487,1
SHP-8836,42.8669143797213,898.6289833448153,Sector_A,2024-11-26,None,0.06380777764409218,1
SHP-8837,39.203479723405835,1447.010610410149,Sector_A,2024-12-26,None,0.6779125211350614,1
SHP-8838,40.47873787718568,892.7351923011906,Sector_C,2024-11-16,Warning: High Temp,0.1498134513106909,0
SHP-8839,56.172184232856466,789.4846081296839,Sector_C,2024-03-30,None,0.7757728776249904,1
SHP-8840,44.40513755692165,2518.6987874904007,Sector_A,2024-02-01,None,0.5644789178027864,0
SHP-8841,41.48539272896967,150.59774334016527,Sector_D,2024-04-14,None,0.09657600475931116,1
SHP-8842,43.28302660991705,176.54540589692016,Sector_B,2024-04-05,None,0.7738953889895144,0
SHP-8843,50.32896912189277,657.9531741031375,Sector_A,2024-10-11,None,0.20038384222442773,0
SHP-8844,63.03629095240464,754.8754001438921,Sector_A,2024-07-16,None,0.274268880109947,1
SHP-8845,30.257912657544658,580.8824107935515,Sector_A,2024-12-30,None,0.9360680785828589,1
SHP-8846,52.994649134439555,579.0568509282732,Sector_A,2024-05-21,Warning: High Temp,0.12263772012127439,0
SHP-8847,43.802414664125834,2681.3861279305424,Sector_C,2024-06-29,None,0.42509911977681525,1
SHP-8848,48.2470579142995,1654.9970714531826,Sector_A,2024-12-24,None,0.40591628645479216,1
SHP-8849,38.503757892291816,248.08882038874853,Sector_C,2024-05-19,None,0.47818256243245805,0
SHP-8850,58.99374809629497,422.12202954538304,Sector_D,2024-11-18,None,0.212054338272757,1
SHP-8851,51.023107058263236,1290.0202316966295,Sector_A,2024-09-04,Warning: High Temp,0.24397460923014158,0
SHP-8852,40.4609452822113,1305.8382253843797,Sector_B,2024-12-30,Error: Pressure Drop,0.9117794015567494,1
SHP-8853,54.73800733812347,652.9498727082662,Sector_D,2024-09-12,None,0.3566125564036975,0
SHP-8854,62.76640491647089,99.79501991174293,Sector_C,2024-03-26,None,0.4583624867503072,0
SHP-8855,42.07398238313151,1891.7049129933969,Sector_B,2024-10-04,Error: Pressure Drop,0.014533339947222834,0
SHP-8856,55.81171433951624,632.4068435041243,Sector_C,2024-07-09,Error: Pressure Drop,0.18091226822295714,1
SHP-8857,54.03298612336881,1038.016880679125,Sector_B,2024-10-03,None,0.8466162853432875,1
SHP-8858,62.377393253127934,288.06955345069775,Sector_C,2024-10-12,Error: Pressure Drop,0.9012177434375847,0
SHP-8859,44.289457155274754,571.2302487481244,Sector_A,2024-03-20,None,0.9239806915539029,0
SHP-8860,55.91909121765788,2483.8835129751365,Sector_A,2024-07-14,None,0.6453614163783377,0
SHP-8861,64.26322644953292,592.4882563975171,Sector_B,2024-12-01,None,0.7294179580364252,1
SHP-8862,52.793616344232866,318.9788128340425,Sector_B,2024-03-19,None,0.1643805338792813,1
SHP-8863,46.306031982990525,180.83274601367253,Sector_C,2024-01-24,None,0.7585275889632208,0
SHP-8864,62.012931460608044,223.1204127589889,Sector_D,2024-02-18,None,0.9392669724872259,0
SHP-8865,39.11378802541876,73.55617228032538,Sector_B,2024-07-01,None,0.1840896585860735,1
SHP-8866,36.63318852543382,510.9191374259073,Sector_A,2024-04-23,None,0.21606697449815493,1
SHP-8867,45.056256077981935,881.8739964128431,Sector_B,2024-06-06,None,0.9321753947680433,0
SHP-8868,58.63381001213888,231.55187817622408,Sector_D,2024-02-27,None,0.05935898531343409,1
SHP-8869,41.99402755561043,341.23365323099324,Sector_A,2024-04-14,None,0.4418501055155487,1
SHP-8870,37.956802716100924,245.72333348860104,Sector_C,2024-02-18,Error: Pressure Drop,0.46218075569329853,0
SHP-8871,65.48246615093086,1068.1636572073987,Sector_C,2024-01-14,Error: Pressure Drop,0.3147597619845408,1
SHP-8872,56.83027380056087,2122.2279593208254,Sector_D,2024-07-07,None,0.2832166755176889,0
SHP-8873,39.80072922454424,200.11684407930716,Sector_A,2024-01-14,None,0.7222540479877442,1
SHP-8874,45.769202219130186,219.75931987644785,Sector_C,2024-09-03,Error: Pressure Drop,0.8737948561717979,0
SHP-8875,52.91512975376414,670.3108819999296,Sector_C,2024-03-08,None,0.26812596248117004,1
SHP-8876,59.64923601458388,24.406209994936322,Sector_D,2024-02-12,None,0.5742325026517026,1
SHP-8877,34.35795481603648,1271.884547135308,Sector_A,2024-01-22,None,0.16114057165970186,1
SHP-8878,48.780333116596715,625.8797675603998,Sector_B,2024-01-07,Warning: High Temp,0.029795782487023748,0
SHP-8879,45.9824153825914,1630.3117647649015,Sector_A,2024-09-07,None,0.05571184075125857,1
SHP-8880,54.642357805451404,550.4393581647398,Sector_D,2024-01-27,None,0.5081008396706463,0
SHP-8881,58.65932197493285,1344.5124612868672,Sector_D,2024-01-17,None,0.3428406289907473,0
SHP-8882,49.090532243605765,42.8366403766284,Sector_D,2024-10-17,Error: Pressure Drop,0.860121062798763,1
SHP-8883,30.22232345093123,28.767552563132856,Sector_D,2024-11-11,None,0.38442215700482996,0
SHP-8884,41.88180688813465,1305.979310630548,Sector_D,2024-02-01,None,0.5959185414754364,1
SHP-8885,38.07962599993212,1752.3779235199388,Sector_D,2024-05-15,Warning: High Temp,0.16484672765222874,0
SHP-8886,36.97884151914493,311.145535109889,Sector_D,2024-03-27,None,0.3191124380717555,1
SHP-8887,43.351736732698754,1597.2490185871295,Sector_A,2024-11-15,None,0.39492914150773695,1
SHP-8888,70.25907105328325,422.3006543949217,Sector_D,2024-11-20,None,0.5736269850967047,0
SHP-8889,52.24562038552001,463.95332150783827,Sector_B,2024-03-23,None,0.4746111458004806,1
SHP-8890,48.88976633823908,832.2465833637104,Sector_D,2024-05-18,None,0.24079459413285698,0
SHP-8891,37.55671143224295,115.1403629580408,Sector_C,2024-11-02,None,0.0912554597343943,1
SHP-8892,40.380967750784485,168.2321067087829,Sector_A,2024-01-12,None,0.6389126641123851,1
SHP-8893,68.34653240235966,2470.3630111988014,Sector_D,2024-03-13,None,0.8709406947982751,1
SHP-8894,53.339424753013105,484.69139170948836,Sector_D,2024-03-09,None,0.25605134505686367,1
SHP-8895,56.45393242809298,1614.0350329781163,Sector_D,2024-02-17,None,0.024144966831448733,0
SHP-8896,60.58369777538063,129.77430047374202,Sector_A,2024-01-17,Warning: High Temp,0.47856837594081403,1
SHP-8897,51.203003410101886,1308.8544600825253,Sector_A,2024-12-17,None,0.24312105050902533,0
SHP-8898,49.539415261695154,842.6594288085521,Sector_B,2024-07-22,Warning: High Temp,0.5333459359098501,0
SHP-8899,50.253947339355385,1595.3217043232407,Sector_B,2024-06-20,Warning: High Temp,0.21011797092057638,1
SHP-8900,66.81432075449771,251.6845351491412,Sector_A,2024-09-04,None,0.6500334557696755,0
SHP-8901,67.0552017581462,4538.061617073967,Sector_D,2024-12-21,Warning: High Temp,0.9748349142846066,0
SHP-8902,56.52307438851335,384.6512997544564,Sector_D,2024-04-30,None,0.6566755369524807,0
SHP-8903,42.946948598751575,614.3076680203602,Sector_D,2024-08-09,None,0.30761332720972956,0
SHP-8904,60.92665416464183,250.9689850543665,Sector_A,2024-12-21,None,0.8813834271351474,1
SHP-8905,58.56749900553906,383.80496403268285,Sector_B,2024-10-27,None,0.8407741604770664,0
SHP-8906,45.742171374107784,3491.6846289886885,Sector_C,2024-03-09,None,0.4232382016486764,0
SHP-8907,63.645938256308916,568.0891270534362,,2024-06-11,None,0.8543455597851954,0
SHP-8908,58.65635799984945,62.621178538263194,Sector_B,2024-12-05,None,0.5731086713134921,0
SHP-8909,47.94822920478955,674.6907039213816,Sector_C,2024-04-26,None,0.5920912171375777,1
SHP-8910,49.678277103485705,2005.7703020690392,Sector_C,2024-02-15,Warning: High Temp,0.44094093501066434,0
SHP-8911,30.14746846856672,1023.022231489675,Sector_D,2024-09-14,Warning: High Temp,0.8549131645852447,0
SHP-8912,66.73484799783637,670.0876014402611,Sector_C,2024-07-07,None,0.5975822163740425,1
SHP-8913,43.146609481139436,2562.5682061388425,Sector_C,2024-08-30,None,0.0773708796349003,0
SHP-8914,44.070838832763556,686.4568041089831,Sector_B,2024-08-04,Error: Pressure Drop,0.49489164260219987,1
SHP-8915,55.07851311677402,44.34740021418515,Sector_A,2024-03-11,None,0.4488998765897968,1
SHP-8916,53.614894274307375,501.3297633777385,Sector_A,2024-08-02,Warning: High Temp,0.7688104237965591,0
SHP-8917,49.59111671547998,2409.374832698602,Sector_D,2024-03-25,None,0.9843305296444914,0
SHP-8918,52.48505305217059,115.30529125678197,Sector_B,2024-08-27,None,0.41400384474972085,0
SHP-8919,47.13013247179241,959.8091665453176,Sector_C,2024-02-18,None,0.6015736930336315,1
SHP-8920,59.19627494513956,671.6194194558043,Sector_B,2024-11-21,Warning: High Temp,0.7843237577189333,1
SHP-8921,51.322404767911614,1222.2253891513776,Sector_B,2024-03-28,None,0.8177045337448108,0
SHP-8922,,202.7125142431383,Sector_D,2024-01-18,None,0.5035565417631314,0
SHP-8923,47.508238102223835,3410.2114082329285,Sector_B,2024-03-18,None,0.5371819968452243,1
SHP-8924,44.960813493356305,1248.0422818213535,Sector_B,2024-12-28,Error: Pressure Drop,0.23930468915061864,0
SHP-8925,51.366437957547994,479.1323110964466,Sector_A,2024-11-26,Warning: High Temp,0.9880732420146628,0
SHP-8926,63.80427424855888,211.04189373790084,Sector_A,2024-10-25,None,0.22476052330022778,0
SHP-8927,53.7807456937449,78.75314694291202,Sector_C,2024-10-16,Error: Pressure Drop,0.2982941580806723,1
SHP-8928,71.98562856613991,31.85230528980726,Sector_D,2024-09-26,Warning: High Temp,0.3954767054966908,0
SHP-8929,55.5619150581359,75.79085789206871,Sector_C,2024-10-21,None,0.34688322838596386,0
SHP-8930,56.047698385737036,2149.250162690556,Sector_B,2024-02-17,None,0.5727042179224989,0
SHP-8931,66.57422183516017,1458.7484083145832,Sector_D,2024-12-29,None,0.9368579393446403,0
SHP-8932,52.9472943500638,133.12522538536203,Sector_A,2024-11-01,None,0.06562038552214766,1
SHP-8933,55.46457817216402,1950.2565084176103,Sector_D,2024-10-21,Warning: High Temp,0.3604577186751933,0
SHP-8934,50.563458923791714,605.357490272247,Sector_B,2024-10-21,Warning: High Temp,0.4577186549561256,1
SHP-8935,58.28849157489354,2097.8070303737572,Sector_D,2024-06-10,None,0.4144811159971755,1
SHP-8936,69.09706681646372,754.2786083576383,Sector_C,2024-01-08,Error: Pressure Drop,0.17935109928799597,0
SHP-8937,69.88126281463651,425.6064776825437,Sector_A,2024-06-29,None,0.9952478912009307,0
SHP-8938,53.13608471664249,155.2714225649986,Sector_D,2024-06-06,Error: Pressure Drop,0.2845128471165118,1
SHP-8939,38.3368394713699,555.6648154492833,Sector_D,2024-07-06,Error: Pressure Drop,0.8249849246934914,1
SHP-8940,58.86090205813381,119.40381685797288,Sector_D,2024-01-06,None,0.32901148454460327,1
SHP-8941,46.56617651216965,849.7270625410066,Sector_D,2024-04-09,None,0.012013904872046233,0
SHP-8942,42.23829154123768,1732.412714445431,Sector_D,2024-03-05,None,0.1514404653174649,1
SHP-8943,51.88471604519226,467.58459620590133,Sector_A,2024-06-05,Warning: High Temp,0.48996266492606755,1
SHP-8944,45.30022012221075,307.55597394396887,Sector_D,2024-12-22,None,0.5166913461940117,1
SHP-8945,41.05178323768471,277.8151005265064,Sector_D,2024-10-23,Warning: High Temp,0.219248226592477,0
SHP-8946,39.59605833959682,68.4795846236864,Sector_D,2024-10-02,None,0.2468845158124573,0
SHP-8947,66.39216206155106,1084.8093914964804,Sector_C,2024-12-25,None,0.7577706108541652,1
SHP-8948,51.653715720933214,221.29329958033574,Sector_D,2024-08-14,Warning: High Temp,0.3913649023021889,0
SHP-8949,46.438015701838935,1666.1759996065398,Sector_B,2024-07-02,Error: Pressure Drop,0.94891244714124,0
SHP-8950,48.16453880085293,1324.1690988226821,Sector_A,2024-06-04,None,0.5011564202339546,1
SHP-8951,56.09458891513289,1301.5693692670493,Sector_B,2024-02-21,Error: Pressure Drop,0.3727624939060922,0
SHP-8952,53.42140351092873,1394.4727236407402,Sector_A,2024-02-04,None,0.43500343775905137,1
SHP-8953,42.17871039571348,126.64493080078537,Sector_D,2024-01-27,Error: Pressure Drop,0.8633740994569805,0
SHP-8954,55.312207567734355,1142.2899571327173,Sector_D,2024-03-19,None,0.09736704845395228,0
SHP-8955,47.95266817799062,22.714497291658905,Sector_A,2024-04-15,None,0.6141508300134237,0
SHP-8956,49.500978288423774,156.04310490211986,Sector_C,2024-05-28,Error: Pressure Drop,0.5773317063085044,0
SHP-8957,56.604873389979396,361.1155451897003,Sector_D,2024-10-27,Error: Pressure Drop,0.8953383174785415,0
SHP-8958,37.37173375286382,761.6980663610432,Sector_A,2024-05-14,None,0.43750795067861104,0
SHP-8959,48.41696561783712,609.1756859296619,Sector_A,2024-02-11,Error: Pressure Drop,0.785783441911777,1
SHP-8960,46.42664091361682,2452.0848600412046,Sector_B,2024-03-27,None,0.7352674056388071,0
SHP-8961,57.00393863018181,1374.269512987522,Sector_D,2024-04-06,None,0.6908898638030866,1
SHP-8962,41.356032158109805,29.938691706088072,Sector_D,2024-05-10,Error: Pressure Drop,0.4196927383567315,0
SHP-8963,43.75792217135094,585.5642467636645,Sector_B,2024-05-26,Error: Pressure Drop,0.969900322132615,1
SHP-8964,50.005183902840685,333.5905762387544,Sector_D,2024-07-03,Warning: High Temp,0.5509431498304127,0
SHP-8965,55.7166822509419,1982.6951798980265,Sector_A,2024-07-09,Warning: High Temp,0.05341344366259149,0
SHP-8966,52.218925931290656,1286.9215467895915,Sector_B,2024-06-09,None,0.48226821694923605,1
SHP-8967,30.690699963146965,833.5353944130405,Sector_B,2024-01-19,Error: Pressure Drop,0.5735379561127526,0
SHP-8968,58.79113468262987,626.002062590669,Sector_A,2024-07-01,None,0.4880015400866021,0
SHP-8969,41.88922541843356,333.58753397913455,Sector_A,2024-07-27,Error: Pressure Drop,0.8153857948933199,1
SHP-8970,48.14554704456542,147.67674249934933,Sector_D,2024-09-05,None,0.14125411482308192,1
SHP-8971,34.79578446239646,347.66613131995996,Sector_B,2024-11-18,Warning: High Temp,0.7392798755867047,0
SHP-8972,59.91520754173626,362.15222774671344,Sector_D,2024-09-25,Error: Pressure Drop,0.05451225170800211,0
SHP-8973,46.340196568708194,289.17805090105406,Sector_A,2024-06-30,None,0.828751111523111,1
SHP-8974,60.3321812786397,601.6634156722707,Sector_C,2024-05-27,None,0.20294877861325533,0
SHP-8975,46.504086295025715,458.68846486314845,Sector_A,2024-03-14,None,0.35581097521607197,1
SHP-8976,36.30456155014179,850.5782972429554,Sector_A,2024-08-11,Error: Pressure Drop,0.9412184326684401,0
SHP-8977,56.84990980957473,1021.1227993668666,Sector_B,2024-01-27,None,0.5848272599271032,0
SHP-8978,45.80312498144086,79.15789912437319,Sector_C,2024-10-03,None,0.2709632821311676,0
SHP-8979,36.753308079162686,2107.8009860403413,Sector_D,2024-11-18,Error: Pressure Drop,0.36957857492308066,1
SHP-8980,54.47976569442489,900.9421103647509,Sector_D,2024-05-09,None,0.7958482665170064,0
SHP-8981,66.78366065579684,346.8306089351516,Sector_A,2024-11-02,Warning: High Temp,0.24528845739884608,1
SHP-8982,58.915126714694324,87.23629485420325,Sector_B,2024-08-20,Warning: High Temp,0.48060733261726907,1
SHP-8983,39.21321967232984,675.6705885533858,Sector_D,2024-10-30,None,0.36362000900426883,0
SHP-8984,50.83629874860413,181.24927155229878,Sector_C,2024-08-27,None,0.35538654149771476,0
SHP-8985,43.138252157414584,781.5336732886885,Sector_A,2024-06-01,None,0.23986061918898105,1
SHP-8986,48.42257166439724,335.1930800797865,Sector_C,2024-04-17,None,0.08218520470078139,0
SHP-8987,54.540411997129176,646.0865691272957,Sector_D,2024-02-29,None,0.21104054981489107,1
SHP-8988,56.33646994434312,468.9641004443789,Sector_C,2024-10-24,None,0.35550467931768825,0
SHP-8989,44.38348296462634,576.9933595906099,Sector_A,2024-12-18,Warning: High Temp,0.09976227488717282,0
SHP-8990,48.05373289963319,93.05483370856936,Sector_D,2024-03-20,None,0.9998796850632663,0
SHP-8991,48.071873694200775,1047.466622944025,Sector_D,2024-09-03,None,0.33215420420401076,0
SHP-8992,41.358107239879374,306.12828786973637,Sector_C,2024-06-12,None,0.3315998540797319,0
SHP-8993,63.83924333602735,1814.2230785572895,Sector_B,2024-11-25,Warning: High Temp,0.9016637442577,1
SHP-8994,67.62927693357379,284.2546150254564,Sector_D,2024-08-06,Error: Pressure Drop,0.15947221847766757,1
SHP-8995,43.10667378873599,338.32791243478,Sector_C,2024-03-09,Warning: High Temp,0.09197445012566807,1
SHP-8996,39.860256610797485,78.02861390075581,Sector_C,2024-03-13,Error: Pressure Drop,0.33024859296122866,0
SHP-8997,62.40482832579265,1181.8150127584408,Sector_D,2024-02-20,Warning: High Temp,0.8902511701044186,1
SHP-8998,46.81629696657089,110.3204428861487,Sector_C,2024-06-23,Warning: High Temp,0.394470889755126,1
SHP-8999,58.198089099927934,4817.303116057231,Sector_C,2024-09-27,Warning: High Temp,0.531579975599959,0
SHP-9000,38.10238767479472,1910.6559069950988,Sector_D,2024-06-24,None,0.9948163239806808,0
SHP-9001,41.40559995729811,679.6877289703158,Sector_A,2024-07-02,None,0.3775656113430419,1
SHP-9002,45.48115646973741,274.27322358020206,Sector_A,2024-03-10,None,0.7940702972353213,0
SHP-9003,46.5059712137049,86.7379001646511,Sector_B,2024-02-22,Warning: High Temp,0.6864441396813371,1
SHP-9004,41.58101942296142,76.89864920664364,Sector_C,2024-09-26,Error: Pressure Drop,0.9198210463667603,0
SHP-9005,55.257984090783445,11.616371841618644,Sector_C,2024-06-06,Warning: High Temp,0.5133267063507169,0
SHP-9006,60.059972000943816,779.6678154128946,Sector_D,2024-11-21,None,0.8233649621305371,0
SHP-9007,43.03965189866428,304.10201198035713,Sector_A,2024-05-19,None,0.35937801425406635,0
SHP-9008,59.13092647741283,597.6840553423061,Sector_B,2024-02-29,None,0.591760849964858,0
SHP-9009,65.98194476316279,999.26354987565,Sector_B,2024-07-17,None,0.04439154409520396,0
SHP-9010,47.39942577044422,1006.7819062070787,Sector_B,2024-12-05,Error: Pressure Drop,0.45768257304365956,0
SHP-9011,59.24123164638971,618.6031609802336,Sector_C,2024-09-14,Error: Pressure Drop,0.45888911911926766,1
SHP-9012,30.35405913920538,228.45641630912226,Sector_B,2024-04-24,Warning: High Temp,0.8730169041602579,0
SHP-9013,60.218806786109674,2198.259464319577,Sector_B,2024-09-01,Warning: High Temp,0.1579745286001516,1
SHP-9014,59.84197374674869,102.50910947399971,Sector_D,2024-05-27,None,0.08098535727265144,0
SHP-9015,41.680875912260625,491.99334476911935,Sector_A,2024-08-27,Error: Pressure Drop,0.46501522449179467,1
SHP-9016,62.79892578970672,1559.3738299551917,Sector_D,2024-01-07,None,0.11219429078172571,0
SHP-9017,72.86176696930329,694.8491340419292,Sector_B,2024-03-23,Warning: High Temp,0.994987299147385,1
SHP-9018,51.60979123609603,329.93757434938084,Sector_B,2024-02-29,None,0.580189870847609,0
SHP-9019,64.86097063417034,1648.2944974505374,Sector_D,2024-11-26,None,0.1447094141094134,1
SHP-9020,46.42377056712483,1581.5319862707095,Sector_C,2024-03-27,None,0.9527015554201359,1
SHP-9021,63.895314463776316,758.2572308855,Sector_B,2024-07-24,None,0.22721271109069163,0
SHP-9022,50.04847550565533,357.23626296970133,Sector_C,2024-08-04,Warning: High Temp,0.3441295441124944,1
SHP-9023,62.49356518339927,1776.1325598622882,Sector_A,2024-01-06,None,0.8104366562788266,1
SHP-9024,53.323919989474376,172.4143788091766,Sector_C,2024-06-27,None,0.7644777628309771,0
SHP-9025,58.87095515761441,2391.7326603177817,Sector_A,2024-05-25,Error: Pressure Drop,0.3044145974879038,1
SHP-9026,45.95755148863661,1139.593745153057,Sector_C,2024-05-31,Error: Pressure Drop,0.05870940704912653,1
SHP-9027,74.1761651336657,50.363818003622846,Sector_D,2024-09-29,Error: Pressure Drop,0.8333931848490876,0
SHP-9028,23.449270539832227,3170.602756335556,Sector_A,2024-08-17,Warning: High Temp,0.5804337812394932,1
SHP-9029,47.472717958115176,1194.2488425769661,Sector_B,2024-04-13,Warning: High Temp,0.21259665937831362,1
SHP-9030,50.87495921644993,1219.9820395430088,Sector_D,2024-01-27,Error: Pressure Drop,0.054121169268331215,1
SHP-9031,47.59620384322092,218.80215897744307,Sector_A,2024-12-15,None,0.3633503128185134,0
SHP-9032,36.095451167809046,803.7547463560447,Sector_A,2024-05-06,None,0.08399656410436684,0
SHP-9033,66.07590852354164,1830.1996732967577,Sector_B,2024-07-17,None,0.2338354445609775,0
SHP-9034,65.76947551692709,1258.645399109688,Sector_C,2024-01-09,None,0.7557443057448212,1
SHP-9035,43.844432986496905,162.72548803761256,Sector_B,2024-01-13,None,0.07131185908542814,1
SHP-9036,31.00038985308889,366.86585126536784,Sector_A,2024-04-27,None,0.10415047128776567,0
SHP-9037,25.37740249339023,85.8586511478817,Sector_D,2024-12-05,None,0.7488799154583118,1
SHP-9038,53.70041091412511,147.95517332054885,Sector_A,2024-01-19,Warning: High Temp,0.9247552021007143,1
SHP-9039,33.86481667283482,433.5896545559821,Sector_B,2024-07-22,Error: Pressure Drop,0.6628300047508597,1
SHP-9040,67.17952306642901,431.5325710879311,Sector_B,2024-03-05,Warning: High Temp,0.9576793825303395,1
SHP-9041,72.82400577034436,2685.022206682525,Sector_D,2024-08-15,Error: Pressure Drop,0.8565565868277404,1
SHP-9042,56.49628809651016,249.09586111220904,Sector_C,2024-05-26,Warning: High Temp,0.28448586198099657,1
SHP-9043,37.324334119537916,2103.5215258657176,Sector_C,2024-01-24,None,0.6663809723859241,1
SHP-9044,56.62697795033703,1996.6887310317256,Sector_B,2024-08-04,Error: Pressure Drop,0.22275620658491924,0
SHP-9045,44.98535471078922,657.46210039426,Sector_B,2024-03-17,None,0.46436934942145625,1
SHP-9046,40.68238440795055,1741.7379047222987,Sector_B,2024-02-29,Error: Pressure Drop,0.20905080739891435,0
SHP-9047,39.32177440887506,1108.4284916512754,Sector_C,2024-06-20,None,0.662810991433806,0
SHP-9048,54.02176352512738,190.09787671588816,Sector_D,2024-06-14,None,0.6419277274596977,1
SHP-9049,59.648946682166866,210.76468990908623,Sector_B,2024-12-05,None,0.680450937690492,1
SHP-9050,43.215533390472885,259.8908278109879,Sector_D,2024-03-01,None,0.8191348319119334,0
SHP-9051,51.695736056715816,1438.5263236937171,Sector_D,2024-06-07,None,0.08898100658906194,1
SHP-9052,50.789063618048615,564.4532363839753,Sector_A,2024-02-02,None,0.570070694014853,1
SHP-9053,53.220803671565356,105.80045824126478,Sector_A,2024-08-08,None,0.5826036053343937,0
SHP-9054,38.97532255231694,1949.1063203600663,Sector_C,2024-11-14,None,0.8180608644412318,1
SHP-9055,40.925227648379774,523.480965286652,Sector_A,2024-08-03,None,0.5040270941317557,1
SHP-9056,43.80140981750585,260.1313191187382,Sector_B,2024-10-20,None,0.5335496764082251,1
SHP-9057,41.12586624941892,476.05783675904894,Sector_B,2024-03-27,None,0.1022989996526783,1
SHP-9058,70.01821779119344,770.8051475881857,Sector_A,2024-04-22,None,0.07437324273457913,0
SHP-9059,67.54844168370815,942.6386523709087,Sector_D,2024-03-14,Error: Pressure Drop,0.9445961309297174,0
SHP-9060,49.26734161439959,704.1063523776708,Sector_A,2024-09-15,None,0.1793811960305316,1
SHP-9061,66.41431487900421,6.197476419054969,Sector_B,2024-05-03,Error: Pressure Drop,0.6047503517846092,0
SHP-9062,42.89052706725414,1092.8008083438447,Sector_C,2024-09-02,None,0.6770498495734116,0
SHP-9063,51.86589480782379,867.2112734530002,Sector_B,2024-11-13,None,0.8915095963946915,1
SHP-9064,54.14960724451549,62.5334172836875,Sector_B,2024-07-02,None,0.561365066094782,1
SHP-9065,31.915485576520688,848.1622688186446,Sector_B,2024-01-12,Warning: High Temp,0.003971640681536326,1
SHP-9066,44.834870970725774,493.09802493207593,Sector_D,2024-12-06,None,0.465458359018621,1
SHP-9067,46.572691713722406,825.5714670118451,Sector_A,2024-03-22,None,0.823955600995876,0
SHP-9068,56.64043124505703,2605.343464378307,Sector_A,2024-04-27,None,0.6958748791387148,0
SHP-9069,48.103911534689445,241.18621156462902,Sector_D,2024-02-22,Warning: High Temp,0.6332544835506588,1
SHP-9070,33.336749763267825,192.88622306531587,Sector_B,2024-01-07,None,0.07176116617493233,1
SHP-9071,44.34263429655326,2007.8050657165152,Sector_B,2024-09-21,None,0.4896239452945337,1
SHP-9072,47.16160190630868,2315.573675945459,Sector_C,2024-11-05,None,0.13194280278990844,0
SHP-9073,52.42386719903628,2334.973090468043,Sector_A,2024-12-23,None,0.39185226277855456,0
SHP-9074,40.13793395931142,1787.1130688833402,Sector_B,2024-04-18,None,0.036903365317562,1
SHP-9075,39.01331130603023,960.1354288358531,Sector_D,2024-08-02,Error: Pressure Drop,0.26518897478764525,0
SHP-9076,67.09878199790795,1298.818491158037,Sector_D,2024-03-30,Error: Pressure Drop,0.3336395192778857,0
SHP-9077,49.17339265493494,39.881670268026326,Sector_A,2024-09-13,Error: Pressure Drop,0.6782585051550744,0
SHP-9078,46.15049503085772,228.29396900514246,Sector_C,2024-06-29,None,0.6567781207050849,1
SHP-9079,52.36258190720355,307.44933712478723,Sector_A,2024-04-18,Warning: High Temp,0.29182184624569774,1
SHP-9080,59.87683948906502,5024.7733238381525,Sector_D,2024-08-17,None,0.4687543594177218,0
SHP-9081,66.94318601460462,2642.10009303653,Sector_C,2024-09-04,None,0.6511616349739465,0
SHP-9082,57.98539265488904,270.412506977225,Sector_A,2024-10-01,None,0.07543631912195248,0
SHP-9083,46.43713853398988,151.78636438085613,Sector_A,2024-01-17,None,0.3836609571096593,1
SHP-9084,70.79424669955054,589.8188025871137,Sector_B,2024-02-11,Warning: High Temp,0.6617539241824244,1
SHP-9085,54.80194565592283,2132.405013378368,Sector_D,2024-11-15,Warning: High Temp,0.24297920582350785,1
SHP-9086,60.20854913448704,353.9083720414614,Sector_A,2024-10-19,None,0.3128413277954849,1
SHP-9087,54.30856837742974,1781.672277030661,Sector_A,2024-01-07,None,0.22387293212063553,1
SHP-9088,63.0810593873485,175.60247026390454,Sector_C,2024-02-29,None,0.864594266600837,1
SHP-9089,44.741042527802136,165.09034516743785,Sector_A,2024-03-15,None,0.12164645629290738,0
SHP-9090,44.27412686137321,800.0508557673783,Sector_B,2024-10-11,None,0.8688113289082994,0
SHP-9091,30.586445390598435,125.44455200316784,Sector_C,2024-11-01,Error: Pressure Drop,0.45810140850742365,0
SHP-9092,57.969562423040685,5468.37445716535,Sector_C,2024-01-11,Warning: High Temp,0.23271952127737028,0
SHP-9093,60.36697813152618,389.34822109141385,Sector_B,2024-08-13,None,0.877503831342869,0
SHP-9094,46.243793328078524,9.265877823335376,Sector_A,2024-12-05,None,0.9453101430782448,0
SHP-9095,53.158087989747045,474.5857033308094,Sector_B,2024-04-01,None,0.9753543752632876,1
SHP-9096,62.17066597978277,445.8018099767521,Sector_B,2024-09-24,None,0.06380592544799346,1
SHP-9097,43.58631888658139,736.891611444379,Sector_A,2024-12-13,None,0.8920790813898762,1
SHP-9098,56.77285271258486,778.4150197570565,Sector_B,2024-07-28,None,0.2230305569786667,0
SHP-9099,40.611371652625614,268.6805786803773,Sector_A,2024-10-21,Error: Pressure Drop,0.11858085287264442,0
SHP-9100,52.073295805766726,3017.4061934726124,Sector_D,2024-11-17,None,0.4619029758572405,1
SHP-9101,45.57841595697936,790.6758508294856,Sector_D,2024-01-10,Error: Pressure Drop,0.23150381942075116,1
SHP-9102,46.91840794805636,469.07956335233314,Sector_C,2024-05-07,None,0.20572299249718495,0
SHP-9103,45.06912247413716,1288.3767820123737,Sector_D,2024-08-04,None,0.1926531575157624,1
SHP-9104,38.953795516883275,15.448038999724783,Sector_B,2024-06-21,None,0.5603583493614392,0
SHP-9105,47.995930405244174,1217.2921894516128,Sector_A,2024-11-22,None,0.5771232665446847,0
SHP-9106,56.72973284748997,965.6011453962677,Sector_D,2024-09-04,Warning: High Temp,0.44259650617064983,0
SHP-9107,39.04401190592326,363.60487556332697,Sector_C,2024-02-18,None,0.059399972842667736,1
SHP-9108,35.42550915972056,942.7470757773643,Sector_D,2024-11-13,None,0.2517998521252721,1
SHP-9109,65.35089619805235,444.2641478970766,Sector_D,2024-07-31,None,0.678062295412994,1
SHP-9110,43.23881345126607,117.15668177487031,Sector_A,2024-03-30,None,0.9563526386942947,0
SHP-9111,70.13262715254793,980.7725677521335,Sector_B,2024-05-27,Warning: High Temp,0.5192961214247461,1
SHP-9112,34.80520800522366,184.8473390342379,Sector_A,2024-12-31,Warning: High Temp,0.3598082692194834,0
SHP-9113,45.092715881208456,1118.4519325609779,Sector_B,2024-01-22,Error: Pressure Drop,0.8912557748406793,1
SHP-9114,48.03412090451799,623.0774632596263,Sector_C,2024-07-14,Error: Pressure Drop,0.5737126515455178,1
SHP-9115,55.628545691431825,696.9863973849597,Sector_D,2024-01-11,Error: Pressure Drop,0.9826268351632574,1
SHP-9116,53.95356843506908,140.44971889708867,Sector_D,2024-01-16,Warning: High Temp,0.0851569516538464,0
SHP-9117,46.47239312781573,642.9824443100382,Sector_D,2024-03-07,None,0.25870912085148323,1
SHP-9118,35.748197236530316,1079.450011196035,Sector_B,2024-04-17,Error: Pressure Drop,0.9452617269286843,0
SHP-9119,49.81580341321394,3530.204107793706,Sector_B,2024-10-29,Error: Pressure Drop,0.8223862743863819,0
SHP-9120,73.10418398214178,34.78614104281574,Sector_C,2024-01-03,None,0.6670707592242952,1
SHP-9121,37.93048176342176,1201.80248667379,Sector_A,2024-05-01,Warning: High Temp,0.16579553960835047,0
SHP-9122,45.521093701028335,239.2596009353497,Sector_D,2024-10-25,Warning: High Temp,0.6767675698124425,0
SHP-9123,46.99718804528483,243.48700320474148,Sector_B,2024-10-08,Error: Pressure Drop,0.017400540138232667,1
SHP-9124,43.27245746562084,1337.3659892889045,Sector_B,2024-05-01,None,0.4441351989386938,0
SHP-9125,38.747201945197446,409.20117557074724,Sector_D,2024-07-05,Warning: High Temp,0.6990029494357958,1
SHP-9126,38.039090451029544,610.3206643011405,Sector_C,2024-02-20,None,0.7767598142211152,0
SHP-9127,51.67257431175151,2599.585277040173,Sector_B,2024-01-05,Error: Pressure Drop,0.8164065161794912,1
SHP-9128,65.9377123206909,8.834772971391903,Sector_A,2024-10-27,Error: Pressure Drop,0.727793612518243,0
SHP-9129,61.872976582233235,299.2293833947628,Sector_D,2024-09-03,None,0.9084265423798765,0
SHP-9130,41.32996533639903,250.14424723645885,Sector_D,2024-09-05,None,0.46801809344612144,0
SHP-9131,43.610218116347156,123.70644425828635,Sector_B,2024-01-06,None,0.4041290107286125,0
SHP-9132,45.55343762473054,1802.283264546053,Sector_B,2024-10-08,Warning: High Temp,0.9507014202643868,1
SHP-9133,53.40312743157814,312.98396645956063,Sector_A,2024-09-20,None,0.32328720290707413,1
SHP-9134,43.81489189890059,3513.3535714274694,Sector_C,2024-12-14,None,0.13097743120370753,0
SHP-9135,44.72389541220562,713.4740374031309,Sector_A,2024-04-03,None,0.2002232712996479,0
SHP-9136,33.02518492464879,1193.0257374504545,Sector_D,2024-03-09,Warning: High Temp,0.6909495671227128,0
SHP-9137,32.66227379817017,107.34736855614536,Sector_C,2024-05-20,None,0.960382262753768,0
SHP-9138,,1235.651564483008,Sector_C,2024-09-02,Error: Pressure Drop,0.04178995423580423,0
SHP-9139,55.34632441024254,267.8328699737759,Sector_C,2024-08-10,None,0.011086830105859757,1
SHP-9140,38.87346272257145,1450.511554877343,Sector_C,2024-08-14,None,0.965247780084165,0
SHP-9141,55.44136181840429,2927.523373202279,Sector_D,2024-09-07,None,0.44014991076764687,1
SHP-9142,44.64098715241847,481.9509998645196,Sector_B,2024-01-21,None,0.6893436323251856,0
SHP-9143,52.25022677073856,783.7028565407292,Sector_A,2024-09-22,Error: Pressure Drop,0.3473639467371311,0
SHP-9144,54.03302045380383,408.40212920479604,Sector_D,2024-02-01,None,0.11843491420846064,1
SHP-9145,19.415454921308,35.05014472985436,Sector_B,2024-02-22,Warning: High Temp,0.31512154805413517,1
SHP-9146,49.584085242945456,82.40835063505105,Sector_B,2024-11-15,None,0.6663604597519529,1
SHP-9147,51.10928104871624,593.6056377979896,Sector_A,2024-07-18,Warning: High Temp,0.6296488496895654,0
SHP-9148,53.09756049765123,8083.167633162624,Sector_B,2024-09-19,None,0.6815403703519688,0
SHP-9149,43.55951840551737,2209.2616539713304,Sector_D,2024-12-19,None,0.5650841950730552,1
SHP-9150,43.894490853972655,318.5013129529987,Sector_B,2024-05-23,Warning: High Temp,0.6923789398870153,0
SHP-9151,53.593860767689684,3062.043122178395,Sector_C,2024-04-25,Error: Pressure Drop,0.26653656201187526,0
SHP-9152,56.63680843314867,300.81516078572366,Sector_C,2024-05-19,None,0.5403114155762189,0
SHP-9153,53.22871890229124,2390.3354406784347,Sector_A,2024-12-09,None,0.6670382910748631,0
SHP-9154,59.985963005866395,192.47067260192165,Sector_A,2024-03-05,None,0.004742899976324044,0
SHP-9155,49.13553895729794,2687.454297843836,Sector_D,2024-04-24,Warning: High Temp,0.1711003239001373,0
SHP-9156,62.64429908658399,256.25962194523754,Sector_A,2024-06-28,Warning: High Temp,0.5374585245860357,1
SHP-9157,39.38229360586668,124.50431932852888,Sector_C,2024-03-15,Warning: High Temp,0.439888204475563,0
SHP-9158,66.73455394945947,849.9026821670527,Sector_D,2024-08-26,None,0.8944193728203101,0
SHP-9159,48.52818826495259,303.24035079494416,Sector_D,2024-06-19,Error: Pressure Drop,0.5904178898004495,1
SHP-9160,46.73085149083696,136.6753811368504,Sector_C,2024-11-15,None,0.20465560703868968,0
SHP-9161,49.11034929211905,532.9409502548635,Sector_A,2024-04-09,None,0.2868936041595471,1
SHP-9162,52.418367885120446,2878.6487228752944,Sector_D,2024-11-24,None,0.9692435248105046,0
SHP-9163,54.18001516276967,2581.6457920698895,Sector_D,2024-01-04,None,0.8361521670197751,0
SHP-9164,49.94444284913737,24.72061060882847,Sector_A,2024-07-02,None,0.37744053888483053,0
SHP-9165,59.67257408011223,1019.7831696728418,Sector_D,2024-11-06,None,0.9862516163644864,0
SHP-9166,68.2438662748866,816.1273055270464,Sector_A,2024-02-14,None,0.9179172725386779,1
SHP-9167,35.39027853317957,1268.8650487938214,Sector_A,2024-11-28,None,0.2475396099250451,1
SHP-9168,60.73740276980501,462.82370518962114,Sector_C,2024-12-23,None,0.4478587283506663,0
SHP-9169,51.62814212244433,622.8527825728754,Sector_B,2024-05-18,None,0.4290196753677197,0
SHP-9170,62.492700281654265,209.27333402345025,Sector_D,2024-06-07,None,0.047277505813068665,1
SHP-9171,43.779374200862456,1207.568319560305,Sector_A,2024-11-14,Warning: High Temp,0.723643718228778,1
SHP-9172,64.23328314341192,1766.7468924171337,Sector_B,2024-01-28,None,0.03145971085446886,1
SHP-9173,37.41876017684297,149.31120148615435,Sector_B,2024-02-17,None,0.5323740928507859,0
SHP-9174,56.50983080292973,278.5673519751823,Sector_D,2024-07-24,Error: Pressure Drop,0.8363041498462405,0
SHP-9175,65.3579022295617,767.7112574128705,Sector_B,2024-02-25,Warning: High Temp,0.5194004604173972,1
SHP-9176,56.828294044855305,525.9452724258488,Sector_D,2024-09-30,Error: Pressure Drop,0.005067824640468288,1
SHP-9177,47.72431685194808,333.1400922212175,Sector_B,2024-02-11,None,0.6298280713871305,1
SHP-9178,66.20005003818062,651.8476786796833,Sector_D,2024-09-06,None,0.7487032621099852,1
SHP-9179,54.37081000220622,91.75344044318628,Sector_D,2024-05-29,Error: Pressure Drop,0.6932872353774248,0
SHP-9180,49.97886046196109,438.15552375147826,Sector_C,2024-06-13,None,0.8083661779110732,0
SHP-9181,35.12277278584555,585.84465766726,Sector_D,2024-02-03,Warning: High Temp,0.23291400653067107,0
SHP-9182,44.121521142595185,84.26210307929603,Sector_D,2024-10-16,None,0.07617058509296892,1
SHP-9183,80.34369260978202,2391.577181927847,Sector_D,2024-12-12,Error: Pressure Drop,0.9843843227552921,1
SHP-9184,47.97247877879748,138.2275741530517,Sector_B,2024-11-05,Error: Pressure Drop,0.43572169123299564,0
SHP-9185,44.745998301478515,806.6147182809281,Sector_D,2024-07-05,Warning: High Temp,0.26140309757326274,1
SHP-9186,43.161707542149955,1380.4977543608402,Sector_D,2024-03-30,None,0.06281624662986485,1
SHP-9187,60.36387590090954,52.79314966928858,Sector_C,2024-11-19,Warning: High Temp,0.41258810941654356,0
SHP-9188,54.45243274430951,30.744676225393796,Sector_B,2024-07-25,None,0.46051992254603813,1
SHP-9189,62.58429215651144,930.7119890484678,Sector_A,2024-05-24,None,0.41519246673848287,0
SHP-9190,66.84577650212259,310.4868358256772,Sector_A,2024-09-16,None,0.1794218528192294,1
SHP-9191,54.53526284557692,266.4763848187517,Sector_A,2024-06-23,None,0.08245106706003302,0
SHP-9192,49.00907535318404,909.7015011806125,Sector_D,2024-06-06,Error: Pressure Drop,0.7372095062527153,1
SHP-9193,49.978595558983265,4030.807344551634,Sector_A,2024-06-12,None,0.49261637412743453,1
SHP-9194,53.426414419817156,362.4015683677556,Sector_A,2024-04-07,Warning: High Temp,0.7501408440876645,0
SHP-9195,49.36067556014758,1599.551393591598,Sector_B,2024-06-02,None,0.4477918377629063,1
SHP-9196,59.743580183171105,1307.0648164002873,Sector_B,2024-04-20,None,0.3174287463852631,0
SHP-9197,52.3362424439759,291.183141826715,Sector_A,2024-05-19,None,0.9878583854867956,0
SHP-9198,61.49420386725174,45.57231268209073,Sector_C,2024-08-31,None,0.28958958322005923,1
SHP-9199,43.64959195831103,556.5599855062047,Sector_C,2024-11-03,Warning: High Temp,0.7064998345493442,0
SHP-9200,47.41501203498069,2894.146506257677,Sector_A,2024-04-12,None,0.7571169361814412,0
SHP-9201,41.42840448352301,0.08706849061733665,Sector_A,2024-01-04,None,0.5816168433041057,1
SHP-9202,51.951094493663355,892.589796281152,Sector_B,2024-03-01,None,0.48235599944631935,1
SHP-9203,66.31081883000559,626.170905372869,Sector_C,2024-08-16,None,0.9177629441341868,0
SHP-9204,29.08950887621371,959.2563327799392,Sector_A,2024-12-10,Error: Pressure Drop,0.3142542720718807,0
SHP-9205,53.92622373980879,849.1964884711382,Sector_C,2024-12-16,None,0.4992763733278248,1
SHP-9206,40.77789478674114,206.61694189999136,Sector_C,2024-05-28,Error: Pressure Drop,0.7777356871902202,1
SHP-9207,56.95373488205021,1156.9886839028372,Sector_B,2024-04-21,Warning: High Temp,0.07122310732212078,1
SHP-9208,37.62621223790885,464.36464952429924,Sector_C,2024-02-05,None,0.254402784143849,0
SHP-9209,43.35768452570518,208.3289237020943,Sector_C,2024-05-09,Warning: High Temp,0.5342041555834023,1
SHP-9210,52.26777954481839,390.47264059146016,Sector_A,2024-09-13,None,0.972096582783359,0
SHP-9211,44.43719164074619,339.3222939225685,Sector_D,2024-10-04,Error: Pressure Drop,0.08325913389911832,0
SHP-9212,33.60493333204226,260.5142236330334,Sector_A,2024-05-08,None,0.925714378823226,0
SHP-9213,53.75802640117649,111.13203784798354,Sector_D,2024-02-19,None,0.6382393996849719,1
SHP-9214,44.98813894065543,2412.3964397034847,Sector_D,2024-10-06,Error: Pressure Drop,0.18075519822095643,1
SHP-9215,37.923322707969525,5932.382809219822,Sector_D,2024-12-13,None,0.5367671934478232,1
SHP-9216,51.859225540097995,1111.4875851416223,Sector_B,2024-02-14,None,0.04881023629171466,1
SHP-9217,28.184367958364206,2305.522673213126,Sector_D,2024-07-14,None,0.8529239516550012,0
SHP-9218,35.03551734499537,648.788363771973,Sector_C,2024-04-29,None,0.10857646900544715,1
SHP-9219,63.43342409081094,128.350855439237,Sector_C,2024-07-02,Warning: High Temp,0.9738378984913111,0
SHP-9220,49.728206119492256,948.4844877239391,Sector_A,2024-08-09,None,0.10367008951643175,1
SHP-9221,52.431479354574435,95.05971271393793,Sector_C,2024-04-20,None,0.4520926458180001,0
SHP-9222,36.580590571785535,86.24698632970254,Sector_C,2024-09-07,Error: Pressure Drop,0.9172370364555886,1
SHP-9223,37.54547887399872,3196.9655510304847,Sector_B,2024-02-21,None,0.8001022036075373,0
SHP-9224,47.74655807435943,2305.736795749207,Sector_B,2024-06-20,Error: Pressure Drop,0.4247454611877799,1
SHP-9225,51.12201431829265,1533.372003477268,Sector_B,2024-05-21,None,0.1057297688554617,1
SHP-9226,67.09338630175078,862.0354236919034,Sector_D,2024-01-23,None,0.08979971251189234,1
SHP-9227,59.92214517231881,1222.1545122862228,Sector_C,2024-07-24,None,0.780382498813215,0
SHP-9228,31.21790589271625,355.15744264597464,Sector_B,2024-05-26,None,0.2869866043107263,1
SHP-9229,58.99655611366717,663.9109305482788,Sector_B,2024-12-11,None,0.10805572539837915,0
SHP-9230,48.63442971242053,1476.2445229865625,Sector_B,2024-08-04,None,0.7513590258824984,0
SHP-9231,56.249919606592194,703.7330323715188,Sector_C,2024-02-27,None,0.8615615178884188,1
SHP-9232,49.35164447664344,2097.936046837344,Sector_A,2024-01-24,Error: Pressure Drop,0.844127692989815,0
SHP-9233,29.878125323103912,542.6712858429668,Sector_C,2024-01-20,Warning: High Temp,0.9676754560934618,0
SHP-9234,41.2098632066495,4.036446503115769,Sector_B,2024-04-10,Warning: High Temp,0.2352422994602914,1
SHP-9235,49.73106340989327,1021.9553710867361,Sector_B,2024-04-26,None,0.6368647103850716,0
SHP-9236,56.30360573129306,199.0620648791689,Sector_D,2024-07-04,Error: Pressure Drop,0.5450346512522132,0
SHP-9237,54.76845196958687,535.9999831546156,Sector_B,2024-01-28,None,0.08624604729146412,0
SHP-9238,40.48125920899641,230.4661550808633,Sector_A,2024-04-19,None,0.124507683689979,1
SHP-9239,61.18320799227262,1524.6033843191851,Sector_B,2024-08-05,None,0.1991496012311761,1
SHP-9240,47.32136805703906,1213.779139793315,Sector_C,2024-09-20,None,0.7764785000910424,0
SHP-9241,39.318216144450176,1287.72605178454,Sector_A,2024-06-01,Error: Pressure Drop,0.7643581857712459,0
SHP-9242,49.57986164714431,555.5672619181466,Sector_D,2024-02-08,None,0.4249302624708754,1
SHP-9243,31.538763208360997,1073.3912111258624,Sector_B,2024-12-11,None,0.5047903332274065,0
SHP-9244,56.005905598224764,80.16245119201582,Sector_A,2024-10-30,Error: Pressure Drop,0.45521240121073603,1
SHP-9245,56.08112144368864,283.93524754875887,Sector_D,2024-12-30,Warning: High Temp,0.229883160145945,0
SHP-9246,64.98166324543521,127.51741390067161,Sector_C,2024-09-06,None,0.5284943037752097,0
SHP-9247,57.09238591680582,1418.2935538281067,Sector_B,2024-06-19,Warning: High Temp,0.05675141648713178,0
SHP-9248,34.19867324662915,885.7178427886978,Sector_C,2024-11-11,Warning: High Temp,0.6135163345243214,1
SHP-9249,46.166187222930354,118.85350690252282,Sector_A,2024-09-03,None,0.8740080428655604,1
SHP-9250,44.73631740971278,2248.9446221135786,Sector_B,2024-10-12,Error: Pressure Drop,0.5657925005985371,0
SHP-9251,46.156322016401575,589.0397857569695,Sector_B,2024-12-05,None,0.8497042705887508,1
SHP-9252,50.44360983576626,787.6607040662874,Sector_C,2024-03-10,None,0.11722493943040158,1
SHP-9253,73.05501337515305,620.3269493555407,Sector_A,2024-07-02,Warning: High Temp,0.5941460764576112,0
SHP-9254,55.12501029582604,2.655158840216607,Sector_C,2024-09-23,None,0.09781113017691556,1
SHP-9255,41.33694630783953,5180.194790496158,Sector_A,2024-10-01,None,0.837059321980349,1
SHP-9256,71.23083925671429,635.6862339217714,Sector_B,2024-06-25,None,0.20989277655866323,0
SHP-9257,33.47827462567312,1379.3055173706612,Sector_A,2024-01-30,Warning: High Temp,0.16703051363239507,0
SHP-9258,49.05203803772462,2304.459757189686,Sector_B,2024-07-20,Error: Pressure Drop,0.224782746783173,1
SHP-9259,54.14817753793562,3724.6260219952997,Sector_B,2024-02-24,None,0.8917340343458044,1
SHP-9260,44.73145028869813,1551.1459511599062,Sector_B,2024-04-22,None,0.31065469167620396,1
SHP-9261,42.1151960167433,661.6975577436099,Sector_A,2024-04-20,None,0.7517029898963438,1
SHP-9262,52.40305998915658,1789.8256591919385,Sector_B,2024-06-07,None,0.5784360663752414,0
SHP-9263,39.253608464080436,681.5208605034915,Sector_C,2024-01-24,Error: Pressure Drop,0.9801986970202304,1
SHP-9264,37.143660500661696,725.9938878902151,Sector_A,2024-09-03,Error: Pressure Drop,0.5667263459065948,0
SHP-9265,47.939034209370625,684.806211589064,Sector_D,2024-05-11,None,0.1622914622762872,1
SHP-9266,38.76052963116196,1611.1622829144455,Sector_A,2024-11-21,Error: Pressure Drop,0.5555060543615219,1
SHP-9267,62.26966247934209,1392.3792256710437,Sector_C,2024-07-21,None,0.7750317107580593,1
SHP-9268,44.5571199823917,247.09838314308809,Sector_C,2024-02-16,None,0.6766152321138416,0
SHP-9269,45.64408587744925,104.35589372146254,Sector_C,2024-02-23,None,0.40808033304154623,1
SHP-9270,43.64773223512213,401.5566354414079,Sector_A,2024-12-04,None,0.9579759985856791,0
SHP-9271,62.92776656256733,311.17889216213797,Sector_D,2024-09-16,None,0.13525470570970388,0
SHP-9272,31.413027593481107,171.75301693338008,Sector_B,2024-02-09,Error: Pressure Drop,0.9928910986742886,1
SHP-9273,54.82347632074881,27.316091693030675,Sector_A,2024-07-10,None,0.6248466067177616,0
SHP-9274,58.87316723481439,479.5332389119251,Sector_C,2024-09-09,Error: Pressure Drop,0.8014308562858283,0
SHP-9275,51.733833705549245,26.19550791176875,Sector_D,2024-07-05,None,0.5399241699147586,1
SHP-9276,55.3863966030752,226.91368221705704,Sector_A,2024-04-07,None,0.6958345761043896,0
SHP-9277,50.42394287863164,65.23738495130569,Sector_A,2024-01-20,Error: Pressure Drop,0.8139490954463573,1
SHP-9278,51.99575563845669,1493.7353041261906,Sector_C,2024-10-10,None,0.0644679151943931,0
SHP-9279,58.43857501581078,933.9366915228295,Sector_C,2024-08-01,None,0.8855003905472673,1
SHP-9280,49.28487713149295,707.2215975194431,Sector_C,2024-04-13,None,0.6082021805843812,0
SHP-9281,46.82962765359759,2286.5108026425282,Sector_D,2024-05-01,None,0.5106852998239708,0
SHP-9282,68.48798809612457,271.3503330147107,Sector_D,2024-09-19,None,0.7774824063204944,1
SHP-9283,46.45750901769871,1715.7113347051418,Sector_B,2024-12-13,None,0.9998893902005603,1
SHP-9284,47.410524021189914,554.6953888251916,Sector_B,2024-12-03,Error: Pressure Drop,0.16551737266301225,1
SHP-9285,54.72981002119115,2220.1389712762357,Sector_C,2024-02-08,None,0.9440275603341364,1
SHP-9286,37.290940218419166,2655.534171632071,Sector_A,2024-07-21,Error: Pressure Drop,0.35046930185571523,1
SHP-9287,53.0722664545156,221.8100896222685,Sector_D,2024-04-27,Error: Pressure Drop,0.8872404408069683,0
SHP-9288,62.59252906135905,797.7168983666303,Sector_A,2024-07-11,None,0.714716069777175,0
SHP-9289,55.312198804833656,74.65179694687463,Sector_A,2024-02-29,Warning: High Temp,0.30019531936543054,0
SHP-9290,52.386573672939114,137.98134134016362,Sector_C,2024-07-09,None,0.3227429689531076,0
SHP-9291,45.472313891465646,2179.9972134718737,Sector_B,2024-08-13,None,0.36290849328935715,0
SHP-9292,38.53883525772465,2950.5276639787157,Sector_B,2024-06-22,None,0.36612408176538846,0
SHP-9293,40.12656792307618,1070.860862311737,Sector_A,2024-10-25,None,0.621670920635431,0
SHP-9294,,5867.151507355372,Sector_A,2024-05-22,Warning: High Temp,0.5481000702822799,1
SHP-9295,53.953732058061014,855.0255347282542,Sector_A,2024-08-04,None,0.2927775988542576,0
SHP-9296,58.01441108591484,1509.1660798647752,Sector_C,2024-08-26,Warning: High Temp,0.2582950513494019,1
SHP-9297,42.57785076014517,2224.7827953338337,Sector_D,2024-08-19,None,0.8464931504615552,1
SHP-9298,71.32803269123332,3813.628017664865,Sector_B,2024-04-06,Warning: High Temp,0.04333512963222008,0
SHP-9299,54.51833542749807,1241.3457093052475,Sector_C,2024-04-30,None,0.9805475747657034,1
SHP-9300,53.11518608500597,298.703292880508,Sector_D,2024-08-14,Warning: High Temp,0.1266754321796707,0
SHP-9301,59.04315767098618,169.22063870599519,Sector_D,2024-10-02,None,0.6169206240197885,0
SHP-9302,36.94735861706289,197.69236599253796,Sector_C,2024-01-30,None,0.7273747153514393,1
SHP-9303,52.92596015878925,2424.992702628188,Sector_D,2024-07-20,None,0.22477914977785762,0
SHP-9304,46.20893430752578,1990.4408835993136,Sector_A,2024-08-20,None,0.006269600114936047,1
SHP-9305,44.98043892536239,94.06306981634329,Sector_A,2024-06-07,Error: Pressure Drop,0.18498776264175243,1
SHP-9306,61.2166217389734,543.5060503330818,Sector_B,2024-05-02,Error: Pressure Drop,0.2821553748169825,1
SHP-9307,50.80135020164487,16.68669261290685,Sector_A,2024-07-04,None,0.3371483852166953,1
SHP-9308,40.578605432008125,3287.721230272035,Sector_C,2024-05-18,Warning: High Temp,0.6386044526976167,1
SHP-9309,48.835921229275314,123.93994864394291,Sector_C,2024-01-03,None,0.9460016975320913,0
SHP-9310,60.637222895932304,2630.9559430078825,Sector_C,2024-04-19,Warning: High Temp,0.5586284510431683,1
SHP-9311,51.482090863734165,724.4812919153965,Sector_D,2024-07-02,None,0.013200805180642816,1
SHP-9312,50.06227427951119,1572.0503219706973,Sector_A,2024-06-24,None,0.9612641225537227,1
SHP-9313,50.24826383195041,3097.1495526061876,Sector_B,2024-01-30,Error: Pressure Drop,0.024244024888424476,0
SHP-9314,87.78472352470493,994.1054702864217,Sector_C,2024-09-18,None,0.6200259986149674,0
SHP-9315,53.08932518447213,346.433831607098,Sector_B,2024-02-25,None,0.9123409528601929,0
SHP-9316,53.243106089080634,1352.6767161979237,Sector_B,2024-10-03,None,0.5801962721125762,0
SHP-9317,63.59189492635411,76.63165997512327,Sector_D,2024-03-26,Error: Pressure Drop,0.37997691362632524,0
SHP-9318,48.75900276587199,21.210198136262083,Sector_A,2024-03-03,Warning: High Temp,0.6220263360144207,1
SHP-9319,55.48215043223445,209.17423848516154,Sector_D,2024-05-30,None,0.759473319400116,1
SHP-9320,51.76692101516848,1355.2073516438722,Sector_A,2024-11-30,Error: Pressure Drop,0.4179257267926473,1
SHP-9321,51.654392380082655,913.3199526596734,Sector_C,2024-07-06,Warning: High Temp,0.6081652507146783,0
SHP-9322,42.3249917894493,2014.3184837707663,Sector_D,2024-01-12,None,0.6978547488075227,1
SHP-9323,47.56338274269096,1878.2033659825368,Sector_D,2024-02-25,None,0.29053312476044557,1
SHP-9324,39.86570983532264,472.1512313040304,Sector_D,2024-04-11,Warning: High Temp,0.24876193672482183,1
SHP-9325,45.319312165894964,204.02756514733838,Sector_B,2024-04-28,Warning: High Temp,0.9823551085245815,0
SHP-9326,38.70473256499503,92.90258465999487,Sector_D,2024-01-25,None,0.5358282386992611,0
SHP-9327,33.267630943216794,524.8320879026581,Sector_A,2024-06-03,None,0.23941249161881073,0
SHP-9328,41.73506758232875,2322.6513962279673,Sector_D,2024-02-10,None,0.6184855236681959,0
SHP-9329,59.917832472092684,692.8533744397631,Sector_C,2024-03-22,Warning: High Temp,0.6147403206793146,1
SHP-9330,54.2376776082358,718.5987844973859,Sector_A,2024-10-10,None,0.9406042990142416,0
SHP-9331,53.56338042113573,353.66470851329484,Sector_A,2024-12-15,None,0.9555918392836565,0
SHP-9332,49.02664447223823,3637.708320188269,Sector_A,2024-03-05,Error: Pressure Drop,0.5779105674073346,0
SHP-9333,51.965303380245864,160.82904238640867,Sector_D,2024-08-05,None,0.09203072892842112,0
SHP-9334,76.32582081799596,1304.8762874138558,Sector_A,2024-04-22,None,0.584224423623662,0
SHP-9335,56.61243698426855,542.1634004304425,Sector_B,2024-09-16,None,0.3429274044822672,1
SHP-9336,55.246468737616254,1138.9430275000686,Sector_B,2024-05-01,Warning: High Temp,0.654035178737831,1
SHP-9337,44.59860964473122,403.13654663413985,Sector_C,2024-08-19,None,0.4301515025429783,0
SHP-9338,44.47302075248021,386.64538052499245,Sector_A,2024-06-03,Error: Pressure Drop,0.49949409085803564,1
SHP-9339,57.79821097316112,1936.5535519380574,Sector_D,2024-09-17,None,0.8375937228654221,0
SHP-9340,44.258421061972776,564.1001042013405,Sector_A,2024-08-07,Warning: High Temp,0.7810647398917941,0
SHP-9341,48.31939385951842,170.67524756456726,Sector_B,2024-11-11,None,0.4167965634205969,0
SHP-9342,49.403123969149,309.02191111487355,Sector_A,2024-01-18,None,0.06973199017187903,0
SHP-9343,48.077618026981575,14.88080942506732,Sector_B,2024-12-08,None,0.11983477142233334,0
SHP-9344,22.197606534515288,308.9647951006051,Sector_B,2024-07-26,Warning: High Temp,0.9100089015853895,1
SHP-9345,38.04302572433273,51.78857166323268,Sector_A,2024-07-29,None,0.323707551853462,0
SHP-9346,62.24271795280765,214.362589049625,Sector_A,2024-09-08,None,0.8407912931399978,1
SHP-9347,46.033421648767145,2924.6037090237937,Sector_D,2024-08-09,Warning: High Temp,0.8883931823245304,0
SHP-9348,59.335032718523436,372.46629906253867,Sector_A,2024-03-28,None,0.16852713148016385,0
SHP-9349,62.711019849436674,1445.7497258195338,Sector_D,2024-10-08,Warning: High Temp,0.4276834467620828,0
SHP-9350,34.15904377460936,657.532835252053,Sector_A,2024-07-31,Error: Pressure Drop,0.44052454984971134,1
SHP-9351,45.3544987013637,2276.3933841058524,Sector_B,2024-10-30,None,0.6081394136047609,0
SHP-9352,42.100687839622545,856.0089814964242,Sector_C,2024-03-03,None,0.43718066877133543,0
SHP-9353,43.68688631458769,443.0190949433759,Sector_B,2024-01-26,Error: Pressure Drop,0.6690962475427434,0
SHP-9354,45.72977583757436,467.85234318553995,Sector_A,2024-04-04,Warning: High Temp,0.9708998901842644,1
SHP-9355,39.120965503513176,1805.431239168647,Sector_B,2024-10-18,Error: Pressure Drop,0.3262795274860859,0
SHP-9356,45.9181963994843,1742.0304176689544,Sector_A,2024-07-31,None,0.698102137922652,1
SHP-9357,59.31511229748889,1796.609479734159,Sector_A,2024-04-03,None,0.8248342668871027,1
SHP-9358,39.31024171223012,612.740290252783,Sector_C,2024-08-05,None,0.11736353253092502,1
SHP-9359,41.698003114216604,400.140106187566,Sector_D,2024-03-28,None,0.6162519320049157,1
SHP-9360,55.34825178380866,679.6021213338306,Sector_D,2024-10-01,None,0.29809159169213284,0
SHP-9361,55.486590914646115,793.8076775472872,Sector_B,2024-04-08,None,0.38108426966583675,1
SHP-9362,46.689224233034196,3170.845460238364,Sector_A,2024-02-25,None,0.15383718817242542,1
SHP-9363,43.78689321537211,788.0963621047592,Sector_B,2024-09-03,Warning: High Temp,0.9088393029433565,1
SHP-9364,28.52630208312988,135.18744846491646,Sector_D,2024-07-20,None,0.7361026060414608,1
SHP-9365,49.26952389902752,818.1961243788718,Sector_A,2024-01-29,Warning: High Temp,0.37607160599909883,0
SHP-9366,43.19351020777724,1499.6904205444162,Sector_B,2024-04-14,None,0.13201169363168674,0
SHP-9367,32.42456243062442,282.8185777476182,Sector_C,2024-10-21,None,0.33451244132860936,1
SHP-9368,56.261299437555834,413.5775410252009,Sector_B,2024-11-19,None,0.533073501076554,0
SHP-9369,42.121892024505414,2847.2700585846574,Sector_D,2024-03-04,None,0.8057244353950509,0
SHP-9370,43.412113222528994,2738.780535898409,Sector_B,2024-09-14,Error: Pressure Drop,0.4586121203016911,0
SHP-9371,58.12384754439013,93.39204522669328,Sector_C,2024-09-18,Warning: High Temp,0.1368120803478292,0
SHP-9372,35.63026116136836,3326.783802271,Sector_D,2024-09-17,None,0.6794333463253308,0
SHP-9373,42.0922224401321,1210.4564507893858,Sector_C,2024-10-22,Warning: High Temp,0.15168482690212937,0
SHP-9374,60.999335041265844,2449.111697055141,Sector_C,2024-08-18,None,0.8728495620540254,1
SHP-9375,36.09661347517619,641.021422181709,Sector_D,2024-04-11,None,0.9595833086994116,1
SHP-9376,59.845579038082974,867.2806096491274,Sector_B,2024-01-21,None,0.7986977769070255,0
SHP-9377,56.17043718950356,210.30394957608414,Sector_B,2024-11-14,None,0.8792071069010768,0
SHP-9378,43.02921252434372,277.70221711068643,Sector_B,2024-07-26,None,0.32443489682746807,1
SHP-9379,61.520789502061824,150.17321312649122,Sector_D,2024-05-26,None,0.1638578027759936,0
SHP-9380,61.82661857927359,299.0136708160617,Sector_C,2024-08-12,None,0.074776589786829,1
SHP-9381,34.908360437891005,42.01090190691402,Sector_C,2024-11-02,None,0.447814380246765,0
SHP-9382,37.955629879715254,3444.085306649321,Sector_A,2024-06-19,None,0.8824129392622412,0
SHP-9383,59.50927231375527,1113.783931345679,Sector_C,2024-10-21,Error: Pressure Drop,0.6504978731967984,0
SHP-9384,51.38150470379809,57.310254094848446,Sector_C,2024-08-13,None,0.22107995111678536,0
SHP-9385,20.026830227137,425.9838232059981,Sector_C,2024-12-14,None,0.35356565963972875,0
SHP-9386,50.36370425579044,976.3804607152396,Sector_A,2024-02-15,Warning: High Temp,0.5498152768214617,1
SHP-9387,55.66179361949492,651.3334430763848,Sector_C,2024-11-19,None,0.3867256059695031,0
SHP-9388,65.84195335687765,38.49976482878858,Sector_A,2024-06-25,None,0.9181801321019063,0
SHP-9389,39.0477616833228,1616.0316348813167,Sector_A,2024-04-03,None,0.9468275263377871,1
SHP-9390,60.87133128641859,1100.881901539991,Sector_B,2024-06-24,Error: Pressure Drop,0.027877833231939042,0
SHP-9391,60.98899643588069,750.3322770012363,Sector_D,2024-02-29,Error: Pressure Drop,0.7684157668663202,1
SHP-9392,57.63132850555969,57.65168695508313,Sector_D,2024-09-27,Warning: High Temp,0.9505084315230244,1
SHP-9393,53.75229979915514,3894.1842492179394,Sector_A,2024-08-15,Warning: High Temp,0.546662389375294,1
SHP-9394,56.87557811427539,237.82523868122678,Sector_A,2024-11-05,None,0.05874504752971699,0
SHP-9395,58.36883733048805,1015.6460826326922,Sector_D,2024-12-15,Error: Pressure Drop,0.06929946225700179,0
SHP-9396,56.61041118058979,527.1883782623868,Sector_A,2024-01-06,Warning: High Temp,0.20924935779538822,0
SHP-9397,65.19706637926188,370.5652157819599,Sector_A,2024-08-11,None,0.6964305917627539,0
SHP-9398,53.748907855820065,1610.793150823495,Sector_A,2024-09-04,None,0.18858042303567657,1
SHP-9399,40.30802289499746,717.9225527726791,Sector_C,2024-10-17,None,0.5339821119843183,0
SHP-9400,30.856299597799236,1503.688596624681,Sector_C,2024-09-08,None,0.4955664257905319,1
SHP-9401,42.12136960758796,177.25237013915995,Sector_D,2024-03-03,None,0.4099979343793966,0
SHP-9402,54.82386019673421,1065.0909532443968,Sector_B,2024-04-26,Error: Pressure Drop,0.6786866947720882,0
SHP-9403,47.07251852693743,1019.0368358787712,Sector_A,2024-03-10,None,0.360616949165231,0
SHP-9404,37.62799489536976,178.65852325844,Sector_C,2024-02-09,None,0.771137526577132,1
SHP-9405,44.94290481492201,774.90565822804,Sector_A,2024-12-15,Warning: High Temp,0.3409202669755178,0
SHP-9406,45.02765287789528,1551.8768039001984,Sector_D,2024-07-05,None,0.3478619543403758,1
SHP-9407,63.491141894844944,66.39230583668459,Sector_C,2024-12-01,Error: Pressure Drop,0.32366835085656376,1
SHP-9408,47.582057768015254,579.6065304772537,Sector_A,2024-07-04,Error: Pressure Drop,0.6548471616508642,0
SHP-9409,57.065714634239,2791.4266938673077,Sector_D,2024-09-09,Warning: High Temp,0.19536162856099604,1
SHP-9410,33.47978628546089,382.1220555617446,Sector_A,2024-10-29,None,0.6527527715464895,0
SHP-9411,54.78398765566826,164.7606622446318,Sector_D,2024-01-04,None,0.09654937003681219,0
SHP-9412,44.76889247224286,355.09309387385974,Sector_C,2024-01-20,Error: Pressure Drop,0.5924912284852484,0
SHP-9413,47.80277790036711,3210.3179895863914,Sector_B,2024-04-10,None,0.5299668579301761,0
SHP-9414,54.94230037870224,30.988612026789852,Sector_C,2024-03-07,None,0.8982596128199973,0
SHP-9415,54.31419061579267,303.9066210492095,Sector_A,2024-09-15,None,0.5662662364213483,0
SHP-9416,40.99483428960287,503.21732260428774,Sector_B,2024-12-08,None,0.01216277085286055,1
SHP-9417,44.65503991662336,1107.8007877930968,Sector_C,2024-01-23,None,0.46578187332471754,1
SHP-9418,56.12616486634541,2384.54500340529,Sector_D,2024-11-05,None,0.12272677962258471,0
SHP-9419,57.988539898911995,159.60428306898663,Sector_C,2024-11-18,None,0.2916449045010894,0
SHP-9420,62.16571920954595,151.14014347641498,Sector_C,2024-11-09,Warning: High Temp,0.20115580252579646,1
SHP-9421,41.706916818081964,2845.5499644438437,Sector_C,2024-10-06,Warning: High Temp,0.9991192837222643,0
SHP-9422,51.8021562894445,1308.0244535439697,Sector_A,2024-06-16,None,0.7588411898224708,0
SHP-9423,56.915166188834675,462.18636346585754,Sector_B,2024-02-28,None,0.0865104215069239,0
SHP-9424,52.88758006083035,496.62226239132826,Sector_C,2024-10-22,Warning: High Temp,0.7570431742669581,0
SHP-9425,54.1209427563691,667.5688591613648,Sector_D,2024-01-06,None,0.4372382110376941,0
SHP-9426,56.69309030965173,276.31486974996085,Sector_C,2024-01-28,None,0.8241090056587269,1
SHP-9427,51.07584734916207,587.3861928225406,Sector_D,2024-11-02,None,0.18752033392253153,0
SHP-9428,49.25127575929588,403.2011119933588,Sector_D,2024-08-01,None,0.7864901454792637,0
SHP-9429,58.2603738811011,13.577323128254752,Sector_C,2024-12-26,None,0.17807932151502814,1
SHP-9430,75.63450789414354,899.5015394530944,Sector_D,2024-03-14,None,0.7380377113158608,1
SHP-9431,35.372555685748836,522.4856080707801,Sector_A,2024-12-31,None,0.773491713711603,1
SHP-9432,47.09053654886948,407.24112962740736,Sector_D,2024-06-03,Error: Pressure Drop,0.3886344517084568,0
SHP-9433,60.42287106353086,101.81435066484022,Sector_C,2024-12-16,None,0.27187310193648984,1
SHP-9434,51.26873031849131,583.2133387452338,Sector_A,2024-08-16,None,0.5327137622001863,1
SHP-9435,31.475378634627177,910.1088595985755,Sector_C,2024-02-07,None,0.41335203438268997,0
SHP-9436,61.431905569621414,88.3941012232022,Sector_A,2024-02-25,None,0.7586091114886695,0
SHP-9437,45.20108814354837,583.0085339344521,Sector_A,2024-07-14,None,0.9315507177029919,0
SHP-9438,49.26308400733048,883.8322887739209,Sector_B,2024-02-23,Warning: High Temp,0.3689692586412521,0
SHP-9439,50.28734023095473,826.4309390974446,Sector_D,2024-07-30,Error: Pressure Drop,0.08291049313905541,1
SHP-9440,50.16130095522196,1642.5345825484394,Sector_B,2024-02-11,None,0.6246281287093657,1
SHP-9441,43.343393229104244,2667.548936998568,Sector_A,2024-08-27,None,0.942056014266145,0
SHP-9442,55.98074653916219,229.62744861438802,,2024-08-02,None,0.05880247009210959,0
SHP-9443,55.29075021993405,688.141557265429,Sector_D,2024-12-07,None,0.3722187437379325,1
SHP-9444,53.72109274720517,1533.1310000940805,Sector_B,2024-03-10,None,0.3886319557569262,0
SHP-9445,52.324978051632556,1229.4434707056844,Sector_A,2024-08-16,None,0.04926512708265862,1
SHP-9446,46.193660233796855,14.483368716049263,Sector_C,2024-06-09,None,0.6325048007408934,1
SHP-9447,45.54421998091905,72.30067987790588,Sector_D,2024-07-07,Error: Pressure Drop,0.2472683308729583,1
SHP-9448,27.35451977252523,146.54001908342855,Sector_B,2024-07-12,Error: Pressure Drop,0.671611018193907,1
SHP-9449,42.53541473014796,423.2989728272534,Sector_C,2024-01-18,None,0.3741204468873507,1
SHP-9450,22.776317221739397,3098.595883440679,Sector_B,2024-04-12,Error: Pressure Drop,0.4137677555958035,1
SHP-9451,37.31481882594872,3311.9023125734902,Sector_B,2024-01-07,None,0.8327141619128682,0
SHP-9452,38.49144814751383,1612.0812336554948,Sector_B,2024-04-06,None,0.396207234664148,0
SHP-9453,44.20973501814622,276.002461534646,Sector_C,2024-02-17,Warning: High Temp,0.8206154625728355,0
SHP-9454,51.21749379301728,277.4382931836216,Sector_B,2024-07-02,None,0.7881375549054717,0
SHP-9455,69.22037761425942,3298.171430933997,Sector_B,2024-11-25,Warning: High Temp,0.18806856380156256,0
SHP-9456,41.409567635586534,1599.3909349681671,Sector_D,2024-02-18,Warning: High Temp,0.9519223110274221,1
SHP-9457,38.526702534715184,1461.9476115719478,Sector_D,2024-05-07,None,0.25575052601076376,1
SHP-9458,49.04467199597646,988.9579177257605,Sector_A,2024-05-12,None,0.5486132217848573,0
SHP-9459,62.72005824838691,797.2450734932147,Sector_D,2024-04-03,None,0.04288250986895903,0
SHP-9460,52.15909886340679,3834.6681980814933,Sector_A,2024-09-17,Error: Pressure Drop,0.7505550831660147,0
SHP-9461,35.38426301117022,142.21067741613453,Sector_D,2024-11-29,None,0.43923582041534637,1
SHP-9462,54.908157614148124,512.9760571132839,Sector_A,2024-05-06,None,0.3046035520474679,0
SHP-9463,46.67493205308238,63.57553050041288,Sector_D,2024-05-28,None,0.6347437945717387,0
SHP-9464,47.90864227493931,1879.9505207899451,Sector_C,2024-06-18,None,0.8464285829579729,1
SHP-9465,53.75217818259717,474.9044992473275,Sector_D,2024-12-25,Warning: High Temp,0.05561260772580412,1
SHP-9466,63.98639016137001,1927.1325056138878,,2024-06-20,Error: Pressure Drop,0.33156532694898666,1
SHP-9467,59.670650575532264,897.0924711295244,Sector_D,2024-02-28,Error: Pressure Drop,0.3361432114215812,0
SHP-9468,48.45777198469118,2207.891329117408,Sector_B,2024-12-09,None,0.9171672146251213,1
SHP-9469,41.29230453897364,398.29322948109717,Sector_A,2024-07-16,None,0.6129967911618612,0
SHP-9470,47.86714171349241,509.7469345039785,Sector_D,2024-11-19,Error: Pressure Drop,0.7996362535845815,0
SHP-9471,33.01567206937405,218.2283948121915,Sector_C,2024-06-07,Warning: High Temp,0.6497379499700686,1
SHP-9472,31.36672610441812,627.9406074330642,Sector_B,2024-09-12,None,0.746210392888318,0
SHP-9473,57.4601584002808,4018.2832545771794,Sector_C,2024-11-28,Error: Pressure Drop,0.7964206480449056,0
SHP-9474,39.911906557764084,511.3561552745783,Sector_D,2024-05-09,Warning: High Temp,0.6204510704634112,0
SHP-9475,58.930107157619005,1004.0295035753379,Sector_A,2024-11-30,None,0.3394775751811018,1
SHP-9476,70.58812151012658,212.24520330739318,Sector_C,2024-01-23,Error: Pressure Drop,0.49541057818585277,0
SHP-9477,49.841238120724334,1436.3084515819971,Sector_D,2024-11-06,None,0.7831091099438239,1
SHP-9478,49.59002982707207,921.6452208325198,Sector_A,2024-12-24,Error: Pressure Drop,0.1675583631683334,0
SHP-9479,46.251483874230445,193.79396157746385,Sector_A,2024-05-04,Warning: High Temp,0.40535928906840857,0
SHP-9480,51.62615247182834,226.09297529533487,Sector_D,2024-12-25,None,0.05419020845074718,1
SHP-9481,48.548711153697894,964.7341117535451,Sector_C,2024-08-31,None,0.5285263987551427,1
SHP-9482,51.34173916544975,1004.6670494234031,Sector_C,2024-10-04,Warning: High Temp,0.48255599915520564,1
SHP-9483,33.916730017734835,1102.428532756832,Sector_C,2024-10-08,None,0.7883479208646441,1
SHP-9484,55.07518498407391,805.2560515200094,Sector_C,2024-12-09,None,0.6732095362829641,0
SHP-9485,42.09072109016702,945.579312638,Sector_B,2024-04-04,None,0.459016801157475,1
SHP-9486,49.833461055168755,377.25119809037835,Sector_A,2024-08-09,None,0.528400642428135,0
SHP-9487,51.87776774013669,196.98439631780298,Sector_C,2024-05-04,None,0.13097278230151232,1
SHP-9488,35.115100852721646,22.1301692452863,Sector_C,2024-03-13,Error: Pressure Drop,0.8051838219265549,0
SHP-9489,59.51796473555293,18.134852265743696,Sector_C,2024-08-13,None,0.061772588002171,0
SHP-9490,30.694981747538005,48.063640317865826,Sector_D,2024-11-01,Warning: High Temp,0.31200984651829156,0
SHP-9491,37.84657130588854,1199.6918927144816,Sector_B,2024-05-14,Error: Pressure Drop,0.8915013828268928,1
SHP-9492,52.02304654859226,369.30831488811583,Sector_A,2024-07-30,Warning: High Temp,0.8820392978576955,0
SHP-9493,61.573296357937295,760.4841009779816,Sector_D,2024-03-05,None,0.25243881729072193,0
SHP-9494,47.169402906304285,751.0656923123961,Sector_C,2024-01-17,None,0.9650632919451682,1
SHP-9495,53.67030481732225,2213.4052163677375,,2024-11-18,None,0.9575859282889586,0
SHP-9496,40.86925848778614,526.2919720046611,Sector_A,2024-03-04,None,0.9548512822030328,0
SHP-9497,25.72704647255083,300.6527143421222,Sector_A,2024-05-29,Error: Pressure Drop,0.015457937924749365,1
SHP-9498,37.651054813960386,500.277417737269,Sector_A,2024-06-12,None,0.4472693879784767,0
SHP-9499,32.217124096885605,37.51655799513346,Sector_D,2024-02-26,Error: Pressure Drop,0.29611363072300234,0
SHP-9500,43.4935495802858,83.30763985975584,Sector_C,2024-09-02,None,0.034369378247880666,1
SHP-9501,61.90244345460944,1117.3718593304175,Sector_A,2024-06-10,None,0.31964890378986033,1
SHP-9502,55.84651449510641,96.65047978474264,Sector_B,2024-05-27,None,0.8519584873511561,0
SHP-9503,49.47064173868463,448.89070500326955,Sector_A,2024-05-14,None,0.30544973528210384,1
SHP-9504,43.76612547918085,516.2284144212539,Sector_D,2024-05-05,None,0.44236005198374595,0
SHP-9505,43.72514004522168,461.42710004550855,Sector_A,2024-08-28,None,0.6575503384130921,1
SHP-9506,58.11207762124522,1484.3313757821595,Sector_A,2024-01-23,None,0.011720508769130333,0
SHP-9507,49.102587674780764,175.91070800210355,Sector_B,2024-06-29,Warning: High Temp,0.42621337015047156,0
SHP-9508,44.44219567850157,406.9462820541624,Sector_C,2024-11-30,Error: Pressure Drop,0.9474236178983331,0
SHP-9509,61.363450317442826,701.451121694951,Sector_D,2024-10-15,Error: Pressure Drop,0.11851346034982058,0
SHP-9510,65.93518097767257,255.903694648565,Sector_B,2024-11-10,None,0.8275684403842721,0
SHP-9511,42.58062784362935,39.605690683334544,Sector_C,2024-05-08,Error: Pressure Drop,0.6248421359111778,0
SHP-9512,54.19235617537806,1083.9018330701786,Sector_C,2024-07-07,Warning: High Temp,0.9912874771147993,1
SHP-9513,49.58789515696631,1935.5916721231017,Sector_C,2024-12-04,None,0.06682073802577349,0
SHP-9514,57.02424040650916,1044.4741594519674,,2024-02-09,None,0.9110494072889753,0
SHP-9515,58.15599627738087,260.8384359128503,Sector_D,2024-02-28,Warning: High Temp,0.6868915113315887,1
SHP-9516,48.4610684552064,226.29759692942804,Sector_D,2024-04-14,Error: Pressure Drop,0.32192203762215477,1
SHP-9517,52.03835419032939,334.8665487608148,Sector_B,2024-05-09,None,0.5392117152028315,0
SHP-9518,26.372594968044652,917.5028800142379,Sector_C,2024-05-14,None,0.4589814817459349,1
SHP-9519,61.66254399533919,2497.391070566442,Sector_A,2024-05-30,None,0.7901604082046714,1
SHP-9520,54.608313158549606,2342.0564048504107,Sector_C,2024-05-04,None,0.30604884699129065,0
SHP-9521,50.63783021260116,229.47660694680474,Sector_D,2024-09-08,None,0.22214833179379012,0
SHP-9522,40.47195706029389,472.6310377659127,Sector_D,2024-03-31,None,0.9717261722744608,0
SHP-9523,59.04936367357358,1911.6697391063278,Sector_C,2024-04-14,None,0.28886027125153324,0
SHP-9524,53.18706319231665,2674.5037566658384,Sector_B,2024-12-15,Warning: High Temp,0.8909451772433931,0
SHP-9525,34.65511923624273,1213.2375724103156,Sector_C,2024-06-16,Warning: High Temp,0.7231684747385579,1
SHP-9526,52.01094796013071,1437.8904156143608,Sector_D,2024-10-26,Error: Pressure Drop,0.2208541561459042,1
SHP-9527,60.89779108377223,1379.5365705333202,Sector_B,2024-03-05,None,0.05132708489714655,0
SHP-9528,51.572345658122515,178.17216990068624,Sector_C,2024-04-13,None,0.6060286773849678,0
SHP-9529,47.7205573059751,48.977413726641814,Sector_A,2024-09-08,None,0.9486065513155814,0
SHP-9530,54.13481810741039,1866.238905901228,Sector_A,2024-01-25,Error: Pressure Drop,0.6744238481603462,1
SHP-9531,51.13925775081216,234.92068890589235,Sector_D,2024-04-28,Warning: High Temp,0.009250619821664419,1
SHP-9532,31.440377579988724,4037.3985286951165,Sector_C,2024-08-22,None,0.12658325405770587,0
SHP-9533,46.18744008256249,2092.859415499259,Sector_C,2024-07-03,None,0.4613176121434128,0
SHP-9534,34.94917654969552,1159.7959127294255,Sector_B,2024-09-01,None,0.8330462505828965,1
SHP-9535,72.51633332005814,1936.8302843822928,Sector_D,2024-03-14,Error: Pressure Drop,0.6168569986862408,0
SHP-9536,58.56081992813927,874.1522219583431,Sector_A,2024-01-30,None,0.9580917630408229,1
SHP-9537,39.729738968136196,667.4398331442522,Sector_B,2024-08-14,Warning: High Temp,0.8610890120212524,1
SHP-9538,39.200744822187225,581.3170024064597,Sector_A,2024-04-18,Warning: High Temp,0.4337598488594494,0
SHP-9539,64.20187438182879,2416.018714441107,Sector_B,2024-12-16,None,0.05520121531834554,0
SHP-9540,34.43440233845768,463.27589457466263,Sector_B,2024-10-27,None,0.4280222217366433,0
SHP-9541,33.826319492420275,1610.0072753294523,Sector_C,2024-01-10,None,0.36237646896916265,1
SHP-9542,29.58199135326496,1992.294086481988,Sector_D,2024-07-10,None,0.1679746624852413,0
SHP-9543,46.62813063195826,288.0028288755586,Sector_B,2024-08-24,None,0.9606266478045108,1
SHP-9544,52.071468466652156,1083.884974526695,Sector_C,2024-04-25,None,0.40155984687601864,0
SHP-9545,45.24924559129553,84.53503261228846,Sector_A,2024-12-23,None,0.9595430479724588,0
SHP-9546,29.799239124875513,721.1964498641836,Sector_D,2024-06-25,None,0.24352674081906567,0
SHP-9547,40.01671901633163,385.1050924802658,Sector_D,2024-03-03,None,0.775704262811957,1
SHP-9548,57.25730143056666,3334.2813710961727,Sector_B,2024-07-03,None,0.292604205868747,1
SHP-9549,53.292076221424416,2270.6842938332784,Sector_D,2024-02-08,None,0.8772462112925211,0
SHP-9550,45.92311638289461,52.57650143043331,Sector_B,2024-03-01,Error: Pressure Drop,0.2309857525427803,1
SHP-9551,55.540544679517446,343.3342996609248,Sector_C,2024-05-16,None,0.36900582205402876,0
SHP-9552,49.05045009490461,56.51436937000615,Sector_B,2024-10-25,None,0.23480832246139582,0
SHP-9553,56.6783991376676,3575.610676137725,Sector_C,2024-04-20,None,0.6513097625793065,0
SHP-9554,26.777426680481366,119.84953145476221,Sector_A,2024-10-23,Warning: High Temp,0.30842771098976063,1
SHP-9555,36.6711113747501,562.2225506095862,Sector_D,2024-12-28,None,0.5378420698564559,0
SHP-9556,53.06022778149761,1007.8081427271896,Sector_D,2025-01-01,None,0.054550956395365224,0
SHP-9557,57.548964531505035,1325.5392701637118,Sector_B,2024-01-15,None,0.18274050372541328,1
SHP-9558,55.354326271237554,128.50819666183165,Sector_A,2024-08-04,None,0.6710652545589957,0
SHP-9559,48.710377032110905,350.196515156796,Sector_A,2024-03-08,Warning: High Temp,0.49595233300161023,0
SHP-9560,39.33042731126833,2293.8849141870683,Sector_D,2024-05-29,Warning: High Temp,0.43712473889100933,0
SHP-9561,49.25558065932358,606.7352302129965,Sector_D,2024-01-25,None,0.49167117143344485,1
SHP-9562,42.77587717504906,149.3316543706035,Sector_B,2024-12-18,None,0.1580288149730943,1
SHP-9563,44.68438747647326,1050.576644214038,Sector_D,2024-11-04,Error: Pressure Drop,0.4663563672322385,0
SHP-9564,57.79998966427273,199.02733362507004,Sector_C,2024-12-27,None,0.015299412774002041,0
SHP-9565,47.99273555536204,212.8176286259319,Sector_D,2024-11-13,None,0.9128243766650614,1
SHP-9566,46.64104772856315,1112.6772203247444,Sector_C,2024-02-22,Warning: High Temp,0.6055621842866424,1
SHP-9567,55.77604710659142,422.4381526066263,Sector_C,2024-01-03,None,0.8187046774463608,1
SHP-9568,37.48109095992491,39.660491261196974,Sector_D,2024-12-24,Warning: High Temp,0.49177170347702426,0
SHP-9569,37.27212601217906,559.8464890972338,Sector_B,2024-01-24,Error: Pressure Drop,0.7603375640549398,0
SHP-9570,66.69962621018284,955.6318641689725,Sector_C,2024-12-20,Error: Pressure Drop,0.7522710697390745,1
SHP-9571,44.61069824752343,420.9762266868456,Sector_B,2024-06-16,Error: Pressure Drop,0.2732039685634844,1
SHP-9572,44.50399225602024,1037.9504043825773,Sector_B,2024-07-13,None,0.9814245467173234,0
SHP-9573,57.062253002599086,1789.4445233003448,Sector_C,2024-01-04,Warning: High Temp,0.9642134819243753,0
SHP-9574,47.134978657931555,234.19169090923495,Sector_B,2024-09-27,None,0.32181689692194027,1
SHP-9575,47.68801438621039,121.70168265181408,Sector_C,2024-09-28,None,0.8198580429996214,0
SHP-9576,45.172912032291975,1134.5244986508765,Sector_B,2024-08-01,Error: Pressure Drop,0.2826522456723808,1
SHP-9577,56.28210668875571,640.3335531128025,Sector_A,2024-06-22,None,0.05517456717467084,1
SHP-9578,34.928124830720506,296.6620252682458,Sector_A,2024-11-20,None,0.4191144711285082,0
SHP-9579,41.18622273943892,999.7417615206027,Sector_A,2024-01-08,None,0.963371185036958,1
SHP-9580,52.35574626759763,794.6590031445415,Sector_C,2024-12-27,None,0.9179204727672438,1
SHP-9581,29.703761663188132,327.274494215483,Sector_B,2024-05-06,Error: Pressure Drop,0.9799126601466047,0
SHP-9582,68.49767145469856,529.9159551396497,Sector_B,2024-05-17,Warning: High Temp,0.16194698743822922,0
SHP-9583,48.66057064714938,165.226225164935,Sector_A,2024-12-16,None,0.19059659744500657,0
SHP-9584,57.527459358518854,3025.4237424676066,Sector_C,2024-08-05,Error: Pressure Drop,0.2684998893422058,1
SHP-9585,75.31888025073061,14.823310173494253,Sector_C,2024-08-25,None,0.16584379718183795,0
SHP-9586,55.98915224646245,203.0169632652949,Sector_B,2024-10-14,Error: Pressure Drop,0.13249361895864586,1
SHP-9587,56.455593198598116,585.7169327052799,Sector_B,2024-09-02,None,0.7094596627603025,1
SHP-9588,48.450588303288114,27.536977111659528,Sector_B,2024-03-28,Warning: High Temp,0.37662226885879324,0
SHP-9589,74.39481688167002,888.3332555714853,Sector_A,2024-05-30,None,0.30774664746419744,0
SHP-9590,34.69260095963769,2944.6065815291972,Sector_C,2024-11-27,None,0.24924182726950317,1
SHP-9591,50.65777862492433,133.53559614221942,Sector_C,2024-04-24,None,0.06532914632600528,1
SHP-9592,54.67877183135053,1886.2372100645782,Sector_B,2024-06-11,Error: Pressure Drop,0.3694404988283586,1
SHP-9593,37.25738305188416,187.7362992881146,Sector_D,2024-10-24,Error: Pressure Drop,0.06726256261614216,1
SHP-9594,52.93818994203512,2358.6204418535413,Sector_D,2024-01-10,None,0.27390003758424475,0
SHP-9595,44.87030503362178,409.75510363246053,Sector_C,2024-11-28,Warning: High Temp,0.3015257115014742,1
SHP-9596,51.4377977058555,587.97962862131,Sector_D,2024-11-23,None,0.6837217684141089,0
SHP-9597,39.59902268152848,3779.482945681205,Sector_B,2024-03-22,Warning: High Temp,0.7266032884157135,0
SHP-9598,40.783725091047984,3428.0734518549516,Sector_C,2024-10-30,Error: Pressure Drop,0.48761911835844596,0
SHP-9599,52.838124738543954,2214.0528108996327,Sector_A,2024-06-09,Warning: High Temp,0.9684208370915238,1
SHP-9600,45.25983096899114,710.3191122022723,Sector_D,2024-04-30,None,0.20633040189984386,0
SHP-9601,44.372087293198504,938.0201306452377,Sector_B,2024-06-03,Warning: High Temp,0.25883964493320566,1
SHP-9602,40.73294304614143,544.5852873179344,Sector_D,2024-03-18,Error: Pressure Drop,0.7550758322631945,1
SHP-9603,49.8029872812023,768.6540763750653,Sector_A,2024-04-09,Warning: High Temp,0.6853486450456461,1
SHP-9604,56.657477950556945,825.3537265657652,Sector_A,2024-01-19,Warning: High Temp,0.7278164561128766,1
SHP-9605,41.65437511351556,183.22880296291308,Sector_A,2024-01-29,None,0.9436912603850334,0
SHP-9606,62.27518810428433,874.7893600167723,Sector_D,2024-01-18,None,0.7609202590279193,1
SHP-9607,62.4589593548737,493.49203404784686,Sector_A,2024-04-29,None,0.9311266075809228,1
SHP-9608,65.10759422952067,155.98726073236426,Sector_C,2024-12-20,None,0.4767532606573899,0
SHP-9609,51.570868814548895,491.8385156184087,Sector_B,2024-10-07,None,0.9909901877314279,1
SHP-9610,53.00114457221204,41.61346167932415,Sector_B,2024-07-15,None,0.558269330542715,0
SHP-9611,60.93606985960427,4996.11512131309,Sector_A,2024-06-29,Error: Pressure Drop,0.5685556066112648,1
SHP-9612,62.50317614990624,230.29380528353104,Sector_B,2024-06-08,None,0.651355098195978,1
SHP-9613,35.4304596070242,1764.4049381674165,Sector_A,2024-08-27,Warning: High Temp,0.9775115797114032,1
SHP-9614,61.17623295808346,110.11482422735031,Sector_A,2024-08-18,None,0.29582195189951066,0
SHP-9615,52.49486388959571,2525.763846113436,Sector_D,2024-03-01,Error: Pressure Drop,0.7639752235388095,0
SHP-9616,48.809651105638864,437.3258614486338,Sector_C,2024-11-17,Error: Pressure Drop,0.8866852609447201,0
SHP-9617,42.59603845324209,2064.193253233345,Sector_D,2024-03-26,None,0.44135066458232197,0
SHP-9618,52.130393121991446,273.71509446828355,Sector_C,2024-10-02,Warning: High Temp,0.29986500851445563,0
SHP-9619,38.73189895371877,3926.653058530759,Sector_A,2024-09-13,Error: Pressure Drop,0.9800501040984767,0
SHP-9620,36.732735355402404,287.00462454919773,Sector_C,2024-10-01,Warning: High Temp,0.9064432091548544,0
SHP-9621,47.110724057634684,1021.097024998511,Sector_B,2024-07-22,None,0.5752376546651078,0
SHP-9622,64.5747927047457,258.28627824570225,Sector_C,2024-06-14,Error: Pressure Drop,0.2514560185575718,1
SHP-9623,56.20035666342501,681.5794304954036,Sector_D,2024-12-27,Error: Pressure Drop,0.6525291709800637,0
SHP-9624,52.017470297144556,645.3921239766088,Sector_A,2024-09-30,Warning: High Temp,0.7655838851180872,0
SHP-9625,47.158852737557986,2691.6098994717418,Sector_C,2024-08-24,None,0.41727211473921877,0
SHP-9626,80.39555277985127,483.42373900592463,Sector_A,2024-10-07,Warning: High Temp,0.8546595240793334,1
SHP-9627,38.12652166110607,385.06875532811915,Sector_C,2024-08-14,None,0.6149030829261354,1
SHP-9628,52.01949507381536,715.047846776193,Sector_C,2024-01-16,None,0.47504526510760436,1
SHP-9629,47.17748648985574,611.0595898023786,Sector_A,2024-08-21,Error: Pressure Drop,0.4419108473459471,0
SHP-9630,61.514789259340425,1054.667620953004,Sector_C,2024-06-22,Error: Pressure Drop,0.19839741626719987,1
SHP-9631,59.87206640858905,572.5619479453948,Sector_B,2024-09-15,None,0.8960440137010103,1
SHP-9632,51.57488310952221,1652.2680733010052,Sector_D,2024-11-17,Error: Pressure Drop,0.9960353139376833,1
SHP-9633,65.64435210083553,160.89573816351572,Sector_D,2024-05-14,Error: Pressure Drop,0.20814983316518676,0
SHP-9634,54.66008119524291,1052.8771031816143,Sector_B,2024-06-27,Error: Pressure Drop,0.34904485301072496,1
SHP-9635,44.873341932292796,658.4256358337899,Sector_A,2024-09-08,Error: Pressure Drop,0.4502630950487595,1
SHP-9636,42.272392810605176,855.8055798175633,Sector_C,2024-02-16,None,0.5022217982474051,1
SHP-9637,41.39151636871755,1345.987305522038,Sector_B,2024-03-23,Error: Pressure Drop,0.7118226538904108,0
SHP-9638,45.820101197273836,590.0531894127001,Sector_A,2024-12-16,Error: Pressure Drop,0.20748801749975532,0
SHP-9639,60.22009173370968,1723.5874105485889,Sector_A,2024-01-08,Warning: High Temp,0.10778149199522746,1
SHP-9640,40.24639229354308,379.6836547342435,Sector_B,2024-02-19,Error: Pressure Drop,0.6439154861266315,0
SHP-9641,51.305977182643915,973.9659408699334,Sector_B,2024-04-25,None,0.713364294165708,0
SHP-9642,41.44679225867546,281.49628239623246,Sector_C,2024-03-27,None,0.46260910276788436,0
SHP-9643,57.58466009403418,344.83150838157394,Sector_A,2024-06-05,None,0.950430187871797,1
SHP-9644,55.673186266526926,204.96590199139948,Sector_C,2024-03-07,Warning: High Temp,0.17230340868770488,0
SHP-9645,56.976266017407205,1081.073938658122,Sector_A,2024-09-14,None,0.6006128291952333,0
SHP-9646,48.405094343534365,3208.850862799942,Sector_D,2024-12-25,Error: Pressure Drop,0.7117865153279627,0
SHP-9647,26.376312427804507,206.5575031383301,Sector_B,2024-06-02,Warning: High Temp,0.7543482680042911,1
SHP-9648,52.47048001592821,449.23140007009346,Sector_D,2024-08-23,Warning: High Temp,0.20698125971045245,0
SHP-9649,55.595654555765854,79.8171901216157,Sector_B,2024-11-06,Error: Pressure Drop,0.2815732230924738,0
SHP-9650,42.95601250484195,2375.1865618440193,Sector_C,2024-01-26,Warning: High Temp,0.842417588637132,1
SHP-9651,50.15322164657267,110.2764596884609,Sector_A,2024-08-29,Warning: High Temp,0.3140601517230841,0
SHP-9652,46.99769766696324,332.70802432625646,Sector_A,2024-12-06,None,0.764347693925932,1
SHP-9653,44.317372392219426,139.76089677898284,,2024-11-01,Warning: High Temp,0.4757510352052332,0
SHP-9654,45.697845856270455,2424.1372040565575,Sector_C,2024-11-30,Error: Pressure Drop,0.9409421717313973,1
SHP-9655,65.63529001977189,1433.5138511504126,Sector_B,2024-02-26,Warning: High Temp,0.8659824474033114,1
SHP-9656,43.530021447895805,2691.268892397891,Sector_D,2024-07-15,None,0.7189382951128449,0
SHP-9657,46.54231910096104,43.20955301069955,Sector_A,2024-07-12,None,0.8228202601934949,1
SHP-9658,45.57372174494581,937.3308935398699,Sector_B,2024-04-01,None,0.5099313186441651,0
SHP-9659,58.40937658803756,1371.7574027695937,Sector_B,2024-06-18,Error: Pressure Drop,0.5197950802327959,1
SHP-9660,51.62118795841821,1036.4210715231134,Sector_B,2024-12-25,Warning: High Temp,0.5660587254952991,0
SHP-9661,58.33042770068165,237.50721068556334,Sector_A,2024-09-20,Error: Pressure Drop,0.2630488976695613,0
SHP-9662,50.322364482540344,1870.6311887765235,Sector_A,2024-06-16,None,0.3212146985792269,1
SHP-9663,63.316912635191265,1329.3394203242256,Sector_B,2024-03-31,Warning: High Temp,0.5515195375952335,1
SHP-9664,46.55165554217321,440.6220524996055,Sector_D,2024-06-08,None,0.33226259341781894,1
SHP-9665,31.06805530351282,73.48076659438452,Sector_D,2024-09-15,None,0.7444227565059214,1
SHP-9666,56.44066998129338,159.90188899914455,Sector_C,2024-06-12,None,0.5492523773080341,1
SHP-9667,59.92735532754982,764.5048951381176,Sector_A,2024-11-22,None,0.4114554492521656,1
SHP-9668,64.46488420964683,1664.0137253459484,Sector_A,2024-08-07,None,0.31325537565769546,0
SHP-9669,52.26438108176824,373.0539638060022,Sector_C,2024-11-27,None,0.7052576441167419,0
SHP-9670,40.40374157773273,1249.2291601696854,Sector_B,2024-09-30,Error: Pressure Drop,0.3820396296337808,0
SHP-9671,67.87515604095813,3215.618857789238,Sector_C,2024-09-15,None,0.33454887430095026,0
SHP-9672,51.904657824851505,50.72821698961518,Sector_C,2024-06-07,Warning: High Temp,0.5291536928518444,1
SHP-9673,50.04657672352969,61.113712779673506,Sector_D,2024-06-21,Warning: High Temp,0.05062156196042,0
SHP-9674,61.668614854817406,37.354957670489924,Sector_A,2024-05-24,None,0.13552050207973865,1
SHP-9675,66.30147685913443,2261.5959900876437,Sector_D,2024-09-29,None,0.22759396183022595,1
SHP-9676,48.78134484641147,527.883848426249,Sector_C,2024-11-24,None,0.198107767543649,1
SHP-9677,41.05604486887904,435.6895950533163,Sector_A,2024-12-18,Warning: High Temp,0.5892458157985232,1
SHP-9678,56.555102898993496,459.2373991182265,Sector_B,2024-07-08,None,0.6693135312610166,1
SHP-9679,67.29315788027417,387.1551362170724,Sector_C,2024-08-17,Error: Pressure Drop,0.12598609989247822,0
SHP-9680,47.76544244933561,61.646315494806416,Sector_C,2024-09-21,Error: Pressure Drop,0.8717472415830744,1
SHP-9681,29.644613904203947,1849.1070961486444,Sector_A,2024-03-02,Error: Pressure Drop,0.9723458444720557,1
SHP-9682,57.406965294856626,849.7058475689147,Sector_C,2024-09-18,Error: Pressure Drop,0.38750467115162646,1
SHP-9683,53.975777956178476,126.49923865296883,Sector_B,2024-10-18,None,0.5405085965218038,1
SHP-9684,40.685987443999956,349.31194786678094,Sector_A,2024-01-24,Error: Pressure Drop,0.1840954030415224,0
SHP-9685,33.621851770245655,457.80013207939874,Sector_B,2024-01-03,None,0.7295829300159237,1
SHP-9686,50.23364210828525,721.7734878430261,Sector_B,2024-10-25,None,0.47919432476345514,0
SHP-9687,57.47720003073637,1722.3867990076458,Sector_A,2024-11-28,None,0.1717639419180097,1
SHP-9688,32.05020622264359,1658.0671771038412,Sector_A,2024-03-05,Warning: High Temp,0.1235392792137473,1
SHP-9689,71.36469001808848,2567.0616938202515,Sector_A,2024-04-15,None,0.34377226235451674,0
SHP-9690,72.0950647421897,493.62699002097753,Sector_A,2024-11-04,None,0.3875446076969813,0
SHP-9691,37.83054760740195,1060.8997471868852,Sector_C,2024-04-28,None,0.40390911805780116,1
SHP-9692,60.175610791584305,1320.897472971843,Sector_A,2024-08-22,Error: Pressure Drop,0.09016455846396809,1
SHP-9693,44.320154408753794,402.7551012487428,Sector_B,2024-08-09,None,0.8336942220404391,1
SHP-9694,57.174068025880636,363.6719196703392,Sector_D,2024-10-28,None,0.29546908111318193,1
SHP-9695,65.4636661485847,621.7305699941112,Sector_A,2024-11-13,None,0.7153353559931676,0
SHP-9696,68.02913023088267,3160.8681372424007,Sector_D,2024-08-03,Warning: High Temp,0.004958406497047374,1
SHP-9697,56.88603216616463,811.51340107968,Sector_C,2024-06-25,Error: Pressure Drop,0.011727204764740984,0
SHP-9698,55.525038654938605,208.7961854109388,Sector_C,2024-02-09,None,0.2965778335295437,1
SHP-9699,43.02334211451053,1079.7594104891907,Sector_B,2024-02-06,None,0.8426547580598847,1
SHP-9700,52.838346192976516,8.274480979690075,Sector_D,2024-08-05,None,0.9449263147216949,0
SHP-9701,58.68801828348419,858.7431732437634,Sector_B,2024-04-19,None,0.6322594812181143,1
SHP-9702,52.21200984451353,293.47511754124054,Sector_C,2024-04-29,Error: Pressure Drop,0.08029486761076887,0
SHP-9703,41.22795084757286,902.9711297638496,Sector_A,2024-04-04,Warning: High Temp,0.9336856293053415,0
SHP-9704,42.66437128459924,60.724087313981336,Sector_C,2024-09-25,Error: Pressure Drop,0.704066073175403,1
SHP-9705,55.679823648654306,2838.4025913240744,Sector_D,2024-07-21,None,0.7897539832591489,1
SHP-9706,52.09063917231799,741.7019951005942,Sector_C,2024-04-17,Error: Pressure Drop,0.40625530042802926,1
SHP-9707,34.7424907245522,506.4834252322935,Sector_A,2024-09-23,None,0.9461885965262283,0
SHP-9708,51.326199324939175,149.70895845172228,Sector_A,2024-06-22,None,0.45991193323178114,1
SHP-9709,48.284295072157235,36.191708545771526,Sector_D,2024-09-05,None,0.9801134688834943,0
SHP-9710,59.45677222842146,72.53435679761952,Sector_B,2024-05-09,None,0.09271910462272603,1
SHP-9711,54.21293241054698,1819.1905670838282,Sector_A,2024-09-04,Warning: High Temp,0.46648177950324965,1
SHP-9712,54.88488503249255,494.71512466296474,Sector_C,2024-10-17,None,0.595197264753007,1
SHP-9713,55.07462350824844,1422.0487790404716,Sector_C,2024-07-22,Warning: High Temp,0.18253250461825465,1
SHP-9714,53.764815749427605,912.0674678588072,Sector_D,2024-01-31,None,0.37919494843452106,0
SHP-9715,35.03524775108276,838.0217737872981,Sector_B,2024-11-26,None,0.9284917405488525,0
SHP-9716,62.052419465523116,296.6452245889588,Sector_C,2024-10-28,None,0.4680482097889803,1
SHP-9717,32.43228871775038,80.12979692373108,Sector_A,2024-01-13,Warning: High Temp,0.5939321098076314,1
SHP-9718,45.721318587397306,874.0429824619248,Sector_B,2024-07-16,None,0.16156367593072585,1
SHP-9719,59.831248226868155,301.44498752683506,Sector_D,2024-01-24,None,0.6357444194987062,0
SHP-9720,69.59614053592715,2741.676606870502,Sector_C,2024-04-03,Error: Pressure Drop,0.697856347513139,0
SHP-9721,52.47023392245988,1315.0692506933544,Sector_A,2024-10-11,None,0.42650532580927436,0
SHP-9722,55.0299370967595,80.71979475653588,Sector_A,2024-03-19,Error: Pressure Drop,0.5903589585316564,0
SHP-9723,50.0366414265165,1042.6719910069833,Sector_C,2024-05-11,Warning: High Temp,0.06886678672056112,0
SHP-9724,72.75437771049114,1.2334173004155589,Sector_D,2024-07-05,None,0.007564211594013437,1
SHP-9725,34.40920835181133,34.690277046419965,Sector_A,2024-11-24,None,0.3323770689156841,1
SHP-9726,42.755053795019435,691.0159392753335,Sector_C,2024-11-20,None,0.891614698943648,1
SHP-9727,47.67354178000282,2044.9088149647303,Sector_C,2024-11-26,None,0.09629874504171243,0
SHP-9728,57.3263094859015,1487.5928053250861,Sector_C,2024-01-03,None,0.3270495868705918,0
SHP-9729,57.06614904597255,46.14429253811324,Sector_C,2024-05-01,None,0.868892063906104,1
SHP-9730,45.10569238055506,614.6731416880448,Sector_D,2024-04-03,None,0.8828607482266158,0
SHP-9731,49.996536552150616,1073.8690291609068,Sector_D,2025-01-01,Warning: High Temp,0.8216715943602533,0
SHP-9732,53.39784801348251,289.12250287022215,Sector_B,2024-10-19,Error: Pressure Drop,0.8634062301762506,0
SHP-9733,41.81443752612441,351.76867740417066,Sector_C,2024-04-23,None,0.21802049167879645,0
SHP-9734,43.342327713327016,95.55260719836465,Sector_D,2024-11-01,None,0.4735555151651909,0
SHP-9735,41.9233817435285,2213.8547053143748,Sector_A,2024-08-04,None,0.6009068930836438,0
SHP-9736,62.770526255098716,34.87823406730416,Sector_C,2024-10-29,None,0.8959515397452165,1
SHP-9737,50.34681931920611,1362.6471087152102,Sector_D,2024-06-10,None,0.6183509367166236,1
SHP-9738,61.232947939142804,403.5980101280635,Sector_D,2024-01-16,None,0.07956375189957332,1
SHP-9739,60.89368211682186,2158.5055005340782,Sector_D,2024-11-08,None,0.17793305278464933,1
SHP-9740,64.85501238025665,365.39566311282454,Sector_C,2024-03-14,Error: Pressure Drop,0.33876558207703367,1
SHP-9741,41.22672485718717,2662.7550268135924,Sector_C,2024-02-16,None,0.13020770349147026,1
SHP-9742,56.70761553013452,374.799017170582,Sector_D,2024-12-18,None,0.9493865586146317,0
SHP-9743,40.340756357286345,275.42689347644296,Sector_C,2024-04-03,None,0.3008826695769098,1
SHP-9744,58.73671003440204,1777.4732392360906,Sector_A,2024-05-15,Warning: High Temp,0.6643624414357907,0
SHP-9745,52.82103282103322,221.53202002949197,Sector_A,2024-04-27,Error: Pressure Drop,0.5413443072410941,1
SHP-9746,58.42844696886476,222.96483964738078,Sector_D,2024-10-11,None,0.9047643805668996,1
SHP-9747,48.31967766397737,111.66723436126517,Sector_B,2024-05-28,None,0.4544955384784396,1
SHP-9748,57.15812367015112,299.9433731894347,Sector_C,2024-07-28,None,0.015495699797666074,0
SHP-9749,50.918612928020636,1688.4055673221535,Sector_B,2024-12-03,Error: Pressure Drop,0.5794203301133765,0
SHP-9750,55.90417401304934,700.11679462938,Sector_C,2024-01-07,None,0.02591650170108839,0
SHP-9751,55.91503785786553,186.77433852348753,Sector_C,2024-09-15,None,0.558946013878305,0
SHP-9752,40.911267672771444,256.12085524683886,Sector_C,2024-10-14,None,0.35096141679906145,0
SHP-9753,64.42482555658357,379.75299368739707,Sector_C,2024-07-08,None,0.06054238324286765,0
SHP-9754,38.4902061286015,1.5841364733730672,Sector_C,2024-06-29,None,0.19295337088150066,1
SHP-9755,51.740474163655605,1279.4949723510983,Sector_A,2024-03-20,None,0.46695071542264743,0
SHP-9756,38.63953227131795,2910.2062692854156,Sector_C,2024-12-26,Error: Pressure Drop,0.6956639805663619,0
SHP-9757,55.39832872732129,1521.6974620372116,Sector_B,2024-03-17,Warning: High Temp,0.33702979462255434,1
SHP-9758,64.76332126935858,753.2239869878963,Sector_B,2024-01-16,Error: Pressure Drop,0.04078406989480443,1
SHP-9759,57.87942117391191,444.7275848300797,Sector_D,2024-11-21,Warning: High Temp,0.08039862703385614,0
SHP-9760,33.46982132589647,3910.5548121476654,Sector_B,2024-05-27,None,0.529322725710946,1
SHP-9761,42.09325352416225,241.02967621813653,Sector_A,2024-07-28,None,0.8385565844282917,1
SHP-9762,46.68264756582008,93.50340445475449,Sector_B,2024-03-09,Error: Pressure Drop,0.25379630758033356,0
SHP-9763,56.609026686856886,1078.0824979413233,Sector_D,2024-03-31,None,0.9272537753022598,0
SHP-9764,48.61215803457086,711.9995182170984,Sector_D,2024-05-31,Error: Pressure Drop,0.7441738774084684,0
SHP-9765,54.78753049624538,767.1024825562454,Sector_B,2024-02-28,None,0.8276466777072553,1
SHP-9766,51.498566348686694,1432.184233378317,Sector_D,2024-12-05,None,0.08777669314369052,1
SHP-9767,21.041858781412024,588.9743331414741,Sector_A,2024-09-04,None,0.8268631504565574,0
SHP-9768,31.737562583091666,52.43711501647627,Sector_B,2024-01-30,None,0.6980240870356127,1
SHP-9769,53.001206080182904,123.9290981336934,Sector_C,2024-07-11,None,0.4973847851623454,1
SHP-9770,38.47699448980889,440.89271419816623,Sector_C,2024-09-09,None,0.09378752937947932,1
SHP-9771,60.654725276998775,2963.9494776254887,Sector_A,2024-04-28,None,0.4811773070738343,0
SHP-9772,38.389295010387386,1603.7724221061521,Sector_B,2024-09-26,None,0.7774102052530419,1
SHP-9773,62.76079435837415,1392.3174470104545,Sector_A,2024-01-19,None,0.5557952013013201,0
SHP-9774,45.34584687144381,235.06451440164366,Sector_B,2024-10-19,None,0.5198506700482906,1
SHP-9775,58.06632731205955,1303.6849168555225,Sector_D,2024-11-19,Error: Pressure Drop,0.1709046189886656,0
SHP-9776,61.207506218927605,246.2440381882943,Sector_A,2024-12-27,Error: Pressure Drop,0.18685674577993672,1
SHP-9777,53.98748144623422,380.21845676827354,Sector_D,2024-12-31,None,0.2334456671002657,0
SHP-9778,45.73379037085668,2162.4229218415044,Sector_D,2024-03-18,None,0.6652726115482019,0
SHP-9779,44.371176034582184,1481.9531782275253,Sector_C,2024-05-07,Error: Pressure Drop,0.6269943127730865,1
SHP-9780,61.01684544424587,1682.3566079814625,Sector_D,2024-08-01,Warning: High Temp,0.5704323539866168,1
SHP-9781,73.83587012302881,80.80088751796747,Sector_C,2024-02-27,Error: Pressure Drop,0.4875099883086833,0
SHP-9782,49.232150604112555,3353.119531679213,Sector_C,2024-01-29,Warning: High Temp,0.7682909722189429,1
SHP-9783,46.58678124488937,391.07344178989837,Sector_C,2024-11-26,Warning: High Temp,0.6965636563246553,1
SHP-9784,50.19521370437184,2809.122746740606,Sector_D,2024-10-09,Error: Pressure Drop,0.7522207192151256,0
SHP-9785,38.63239604402523,1401.70650905755,Sector_C,2024-04-26,None,0.7815317490233896,1
SHP-9786,51.394646597439326,627.4724662016247,Sector_A,2024-03-27,None,0.06598274361273904,1
SHP-9787,44.661188175497564,1036.3779242558448,Sector_D,2024-02-27,None,0.23332279005698764,1
SHP-9788,25.936548360825746,508.40596205343735,Sector_C,2024-06-13,Warning: High Temp,0.1568573692849884,0
SHP-9789,46.703854489772375,983.7712034314112,Sector_A,2024-03-03,None,0.4398519527784739,1
SHP-9790,37.229540873747624,3193.8367795356826,Sector_D,2024-12-04,None,0.7257908661409146,0
SHP-9791,48.37454938451941,1169.9567029411385,Sector_A,2024-11-18,None,0.7531813749162937,0
SHP-9792,59.47041830558803,382.0652621391105,Sector_D,2024-08-21,None,0.377032390135871,1
SHP-9793,53.300722775806015,528.1389868279476,Sector_A,2024-04-22,Warning: High Temp,0.7810947571991492,0
SHP-9794,39.5863526131475,988.0859924103805,Sector_A,2024-06-19,None,0.30985460114783425,0
SHP-9795,49.180092805657885,2124.8994491805443,Sector_B,2024-03-25,None,0.18133360754085348,1
SHP-9796,54.58247794480289,223.86176387086115,Sector_C,2024-01-31,None,0.08992970982269333,0
SHP-9797,63.02307729584472,637.8791852507113,Sector_A,2024-11-17,None,0.7487467336035786,0
SHP-9798,68.41546601536837,555.6026598042731,Sector_D,2024-11-10,None,0.7009828252120603,1
SHP-9799,60.891090383908534,504.2784612453638,Sector_A,2024-08-27,Warning: High Temp,0.7087170107862862,1
SHP-9800,52.47669351128466,1606.6240181420294,Sector_B,2024-08-01,None,0.8779486338234147,0
SHP-9801,51.66247591717466,113.07454862536692,Sector_B,2024-12-29,Error: Pressure Drop,0.41796913459698937,1
SHP-9802,35.68215831965051,1153.0985199252423,Sector_B,2024-05-16,None,0.7055623460849098,1
SHP-9803,47.80271342355642,1043.5894841963766,Sector_D,2024-11-21,Error: Pressure Drop,0.9998977234249444,1
SHP-9804,58.6302001205718,575.1032135608114,Sector_A,2024-11-27,None,0.41812037468375196,1
SHP-9805,57.57980229127879,386.5681944105236,Sector_A,2024-10-06,None,0.3669071278122794,1
SHP-9806,45.15604718876918,180.49005245828693,Sector_B,2024-09-20,None,0.9673425395532365,1
SHP-9807,62.16797733063895,455.3428459892584,Sector_A,2024-10-04,Error: Pressure Drop,0.933614298922754,1
SHP-9808,60.224227091627164,667.3287031114954,Sector_D,2024-12-02,Warning: High Temp,0.22737452841658012,1
SHP-9809,34.037705941300544,1530.940800088901,Sector_D,2024-08-06,None,0.8828661536142259,0
SHP-9810,23.466909340666362,376.00946704211606,Sector_D,2024-11-27,None,0.7457556024763036,1
SHP-9811,47.920724711824775,65.85236575530072,Sector_C,2024-07-15,None,0.9787964508232682,1
SHP-9812,40.058840582945905,171.44456311694316,Sector_C,2024-06-16,None,0.9481927990871659,1
SHP-9813,70.63514648930648,3154.4863296053477,Sector_A,2024-09-02,None,0.47624424777564656,0
SHP-9814,45.105004943434096,343.21441935883723,Sector_C,2024-09-13,Error: Pressure Drop,0.11346645532075583,1
SHP-9815,45.31466864847093,121.52463831242083,Sector_A,2024-03-25,Error: Pressure Drop,0.5746666949034186,1
SHP-9816,48.63943949224585,124.46757683443356,Sector_D,2024-03-22,None,0.602013454481424,0
SHP-9817,44.37735959846661,1467.6555879852738,Sector_A,2024-12-20,Error: Pressure Drop,0.8632846706799442,0
SHP-9818,52.755583790136534,1077.440196303893,Sector_C,2024-10-07,None,0.03997386042616391,0
SHP-9819,59.99485703308184,3391.921685457889,Sector_A,2024-12-10,Warning: High Temp,0.8286870324263502,0
SHP-9820,45.89260622844516,764.688140730214,Sector_D,2024-08-11,None,0.24355369635996482,0
SHP-9821,55.906742454848626,65.21940817803427,Sector_A,2024-07-13,None,0.8570308635400147,1
SHP-9822,39.57373257451325,944.9174724624386,Sector_A,2024-06-12,None,0.5804201771100516,0
SHP-9823,36.72575857243154,144.7162184116393,Sector_A,2024-11-21,None,0.39543961660404947,0
SHP-9824,49.15016866375012,1009.8788774963539,Sector_D,2024-01-07,Warning: High Temp,0.9670502709875867,0
SHP-9825,53.22022189128059,587.3765483454305,Sector_D,2024-10-19,None,0.7795576566059522,1
SHP-9826,47.64534824985337,1315.406418768699,Sector_D,2024-11-10,Error: Pressure Drop,0.25536560424896826,0
SHP-9827,55.901004545212274,1206.7367032963384,Sector_A,2024-10-02,Warning: High Temp,0.010051551396838776,1
SHP-9828,31.71159057347775,416.00648306299314,Sector_A,2024-10-15,Error: Pressure Drop,0.8367818421811459,1
SHP-9829,48.39994655722267,632.3156392044677,Sector_B,2024-04-15,Error: Pressure Drop,0.7744155492052868,1
SHP-9830,44.87719642870757,2287.4240789717273,Sector_D,2024-09-28,Warning: High Temp,0.8554517640449891,0
SHP-9831,53.67118897392622,5187.5748719575495,Sector_C,2024-06-25,None,0.8568964642510797,1
SHP-9832,48.812281455138624,590.8251262186776,Sector_C,2024-06-19,Error: Pressure Drop,0.17742667934892342,0
SHP-9833,46.91406022613984,1094.837479774511,Sector_D,2024-12-05,None,0.024772685537486794,1
SHP-9834,56.62734128028484,55.33129877350808,Sector_A,2024-01-13,Warning: High Temp,0.1853854357961301,0
SHP-9835,49.649886269518056,473.24415793066373,Sector_C,2024-04-28,None,0.769745546407486,1
SHP-9836,38.11193869411657,420.8453901285182,Sector_C,2025-01-01,Warning: High Temp,0.7507818268468414,1
SHP-9837,52.79335095485717,140.396105170882,Sector_B,2024-02-29,None,0.3132199032237394,1
SHP-9838,56.79625834509439,219.12808843834418,Sector_D,2024-10-29,None,0.2293701980404954,1
SHP-9839,68.01432183646418,2351.344473510471,Sector_A,2024-04-13,None,0.45203330220334337,0
SHP-9840,41.84935584307622,1122.4302886421724,Sector_D,2024-09-01,Warning: High Temp,0.7436023348878268,0
SHP-9841,57.826281014218466,197.06896067807892,Sector_D,2024-11-30,None,0.37667651096255017,0
SHP-9842,44.57799263277717,1099.8914117374766,Sector_D,2024-04-03,Error: Pressure Drop,0.4000862211988774,1
SHP-9843,55.621722899438616,47.69975910621357,Sector_A,2024-01-28,None,0.17839768805789324,1
SHP-9844,51.2573265222875,450.9115248134077,Sector_B,2024-11-02,Error: Pressure Drop,0.693968684224574,0
SHP-9845,34.48622721185897,168.1326692879182,Sector_D,2024-06-02,None,0.26145120978584846,1
SHP-9846,46.04856757895705,51.28717258692057,Sector_C,2024-10-23,None,0.21477808243573704,0
SHP-9847,48.457273721767756,525.5828832115268,Sector_C,2024-08-07,None,0.567405138324454,0
SHP-9848,56.86919727633685,469.05601711946593,Sector_C,2024-08-22,Error: Pressure Drop,0.3332008004693423,0
SHP-9849,60.56732914696819,875.6625141631598,Sector_D,2024-09-28,None,0.4477216777370143,1
SHP-9850,46.33077602423415,359.7222639440099,Sector_D,2024-10-30,Warning: High Temp,0.5604927040667761,0
SHP-9851,68.57673190985085,393.3756942654164,Sector_A,2024-01-03,Warning: High Temp,0.20457632312556584,1
SHP-9852,44.44602049244588,1211.5950749145325,Sector_C,2024-03-21,Warning: High Temp,0.8908248509202343,1
SHP-9853,51.561931594469876,825.474153344112,Sector_C,2024-01-30,Warning: High Temp,0.08620840210935354,1
SHP-9854,50.7256159631767,694.7856984207859,Sector_A,2024-04-20,None,0.9470566009008652,1
SHP-9855,47.596925945657254,269.13583216461205,Sector_B,2024-05-25,Warning: High Temp,0.08209173285070004,0
SHP-9856,40.59086574262696,1277.352091309286,Sector_A,2024-08-16,None,0.9505820446607582,1
SHP-9857,42.135782632105375,870.7847875900618,Sector_C,2024-09-17,Error: Pressure Drop,0.6626763778483699,0
SHP-9858,65.49422547011187,517.7151179743934,Sector_B,2024-04-15,Error: Pressure Drop,0.7640466826895833,1
SHP-9859,45.046816245437675,521.1547128657406,Sector_C,2024-11-16,None,0.272099962527937,0
SHP-9860,45.53727469332291,1141.9013825309103,,2024-06-05,None,0.6387023732175083,1
SHP-9861,56.880837212364426,1577.7562622311023,Sector_B,2024-02-10,None,0.05161239098547821,0
SHP-9862,33.685565271136596,277.7476876070905,Sector_C,2024-07-24,Error: Pressure Drop,0.5629662227803556,1
SHP-9863,45.86031114678136,4059.534054152569,Sector_C,2024-10-30,Error: Pressure Drop,0.5328882308030372,0
SHP-9864,54.339005593452534,293.2946042406458,Sector_B,2024-10-14,None,0.05622900110162299,0
SHP-9865,41.319797751920355,386.26220415565473,Sector_B,2024-01-31,None,0.8321691403257617,0
SHP-9866,54.6252677517472,638.6130956611427,Sector_B,2024-09-15,None,0.5772597109188999,0
SHP-9867,46.47913479205283,113.09120224112553,Sector_C,2024-12-01,None,0.25445847456627557,1
SHP-9868,39.88664571370737,15.528616171674841,Sector_A,2024-04-20,Error: Pressure Drop,0.06232476129405229,1
SHP-9869,65.98199885518447,378.75264305344837,Sector_D,2024-02-22,Error: Pressure Drop,0.15861681227016455,1
SHP-9870,46.03946736717004,726.911389958124,Sector_D,2024-05-09,Error: Pressure Drop,0.2961553023826736,1
SHP-9871,50.003784619516715,97.51917786875845,Sector_A,2024-07-16,None,0.895639801810267,0
SHP-9872,67.31025365777055,288.9260203649205,Sector_A,2024-02-16,None,0.29850798327616535,1
SHP-9873,63.79106581240013,2648.7840920468484,Sector_D,2024-05-26,None,0.2073464211497701,1
SHP-9874,41.54393200715785,1739.5234046684357,,2024-11-21,Warning: High Temp,0.8643264137081135,1
SHP-9875,57.62516983140454,408.52448013538714,Sector_D,2024-03-21,None,0.0649068276960536,1
SHP-9876,55.30637670466618,420.4148791891113,Sector_C,2024-01-20,None,0.5501238198607517,0
SHP-9877,42.677826103544135,320.99338563473566,Sector_A,2024-01-11,None,0.31303448837881565,0
SHP-9878,47.42250195001413,1076.4210362049814,Sector_C,2024-11-28,Error: Pressure Drop,0.06701444029082237,1
SHP-9879,69.42975946966502,27.543488882773556,Sector_B,2024-06-23,None,0.9709266331247524,1
SHP-9880,72.62770120472389,292.2094292198701,Sector_D,2024-07-20,None,0.26145789950434095,0
SHP-9881,54.544026749949616,986.7168524919886,Sector_D,2024-12-12,Warning: High Temp,0.4736432131690137,1
SHP-9882,50.26821080694709,286.8294713115604,Sector_C,2024-11-01,Error: Pressure Drop,0.36937856613658737,1
SHP-9883,60.2513352040738,1227.4505686264024,Sector_B,2024-11-27,None,0.3186855450166485,1
SHP-9884,47.93985754939118,2485.441763772098,Sector_B,2024-07-05,None,0.21045091648228564,0
SHP-9885,50.81495556763338,1376.36079069136,Sector_C,2024-04-29,Warning: High Temp,0.9014871541089167,0
SHP-9886,47.25909915800989,1496.9786376315747,Sector_C,2024-02-04,None,0.978825290255029,0
SHP-9887,54.11223463904133,920.2081057369082,Sector_B,2024-02-20,Error: Pressure Drop,0.6160828577543136,0
SHP-9888,43.5922008875418,747.5129395457612,Sector_D,2024-09-01,Warning: High Temp,0.8907355624944173,0
SHP-9889,45.727464808309975,468.9555956212488,Sector_C,2024-02-25,None,0.43281249770726504,1
SHP-9890,37.87835037789013,7529.803780120856,Sector_A,2024-01-13,Warning: High Temp,0.03838846396649731,1
SHP-9891,60.85865986679495,1001.7586542486807,Sector_D,2024-11-16,None,0.49583125852743914,0
SHP-9892,70.16866964260403,195.04972937895482,Sector_B,2024-05-11,None,0.22268209343583867,1
SHP-9893,42.32993909263684,543.9806302733638,Sector_B,2024-07-15,None,0.9083704521857225,1
SHP-9894,44.998111691199554,727.1134381970048,Sector_B,2024-06-27,Error: Pressure Drop,0.8254832278940891,0
SHP-9895,54.84954920842844,2591.9655208311096,Sector_D,2024-04-27,None,0.09180594762665506,1
SHP-9896,56.07264082782117,571.5099525094289,Sector_A,2024-11-15,None,0.24298872570912222,0
SHP-9897,59.67440138947226,521.8375389379801,Sector_A,2024-09-19,Warning: High Temp,0.8952450327265186,0
SHP-9898,46.65023063364191,1780.9167943413265,Sector_B,2024-09-09,Warning: High Temp,0.47247888703880003,1
SHP-9899,45.46612524917195,827.8548547065329,Sector_A,2024-02-18,None,0.9606525637586244,0
SHP-9900,51.30838218267254,1935.7580456511657,Sector_B,2024-05-18,None,0.0035432885937168868,1
SHP-9901,38.947893894739934,55.802144732397196,Sector_A,2024-01-10,None,0.9052150903884257,1
SHP-9902,43.65055857138585,60.03401881941241,Sector_C,2024-01-23,None,0.46798871998978686,1
SHP-9903,41.29110234522248,1010.0250279328968,Sector_B,2024-09-20,Error: Pressure Drop,0.271793073335702,1
SHP-9904,27.815411740768976,1825.853449927915,Sector_A,2024-11-14,None,0.6676985328157868,1
SHP-9905,42.22517123960227,2946.684409688001,Sector_A,2024-03-11,Error: Pressure Drop,0.8460827365544921,1
SHP-9906,54.079175969115816,816.1403529377482,Sector_D,2024-02-21,None,0.037773876274216134,0
SHP-9907,46.43564253095977,45.71095219247449,Sector_C,2024-10-13,None,0.6270951482458366,1
SHP-9908,40.13610979226077,230.95192567686138,Sector_C,2024-09-19,Warning: High Temp,0.8750693320300154,1
SHP-9909,48.439914137393515,2045.0872530914,Sector_B,2024-08-26,Error: Pressure Drop,0.32649267118097725,0
SHP-9910,48.39314812053227,2024.5450185068664,Sector_B,2024-06-21,None,0.052290443726266456,1
SHP-9911,59.94411839749158,349.26369640357007,Sector_B,2024-11-06,None,0.6959105289564935,0
SHP-9912,43.85876260038759,479.1113499883306,Sector_C,2024-03-07,None,0.7910775511563745,0
SHP-9913,53.689742482837474,467.4531325418889,Sector_C,2024-04-26,None,0.3880942096606568,1
SHP-9914,32.80786494703912,647.5675083151759,Sector_C,2024-09-12,Warning: High Temp,0.24607952926815468,1
SHP-9915,46.707587361773946,1686.7973660518717,Sector_D,2024-10-04,Error: Pressure Drop,0.2771456887976671,0
SHP-9916,34.575023258367054,321.3532391096821,Sector_D,2024-06-27,Error: Pressure Drop,0.2742583801989915,1
SHP-9917,47.37797643230339,703.0049517791833,Sector_A,2024-06-26,Warning: High Temp,0.5397872478434369,0
SHP-9918,62.35993161094794,1113.736477532619,Sector_A,2024-09-05,Warning: High Temp,0.0743417912513964,0
SHP-9919,49.99962908457333,145.83157820455335,Sector_D,2024-02-03,Error: Pressure Drop,0.6408735786737154,0
SHP-9920,59.73567665086288,402.83000454246576,Sector_C,2024-08-03,Error: Pressure Drop,0.748437296504322,0
SHP-9921,54.425066367242565,816.6576952762073,Sector_C,2024-01-20,None,0.2107862400811733,1
SHP-9922,45.3475923779772,459.4548487709021,Sector_B,2024-12-15,Error: Pressure Drop,0.8920653464206229,0
SHP-9923,44.33301031993257,1010.1557724693045,Sector_A,2024-07-19,Error: Pressure Drop,0.7688707932322161,1
SHP-9924,63.123339446504026,2660.9180242190055,Sector_C,2024-11-26,Warning: High Temp,0.9201780429897831,1
SHP-9925,59.84816393390657,231.53273505938796,Sector_B,2024-11-19,Warning: High Temp,0.0969238786945642,0
SHP-9926,62.53661020803263,1107.7411696157997,Sector_D,2024-05-26,None,0.08643081221709614,0
SHP-9927,47.82142504470241,1409.1488409975273,Sector_D,2024-04-27,None,0.8011981282169136,1
SHP-9928,45.730917918067505,167.04363688816017,Sector_B,2024-06-28,Warning: High Temp,0.7551168315151305,1
SHP-9929,63.34943844249559,151.71174326206057,Sector_C,2024-05-31,None,0.49152742640806846,0
SHP-9930,36.75411285207499,588.802768229544,Sector_B,2024-11-16,Warning: High Temp,0.8957688183571202,0
SHP-9931,41.01286737280567,876.5063180369893,,2024-06-10,None,0.4034989069169329,1
SHP-9932,47.19449789878904,660.1471019633725,Sector_D,2024-08-29,None,0.15854980256024875,1
SHP-9933,47.349570573038314,48.335159387144614,,2024-05-11,None,0.32313234302322924,1
SHP-9934,34.527067565967634,753.3035320072682,Sector_A,2024-08-01,Error: Pressure Drop,0.5071702585697503,1
SHP-9935,58.03473448847239,3636.3809609935524,Sector_D,2024-07-20,None,0.43733615893463595,0
SHP-9936,53.10873465760974,2621.63047780451,Sector_A,2024-12-28,None,0.3692268416266119,1
SHP-9937,60.62933597394288,489.71760269034576,Sector_A,2024-10-26,None,0.11916176880770957,1
SHP-9938,57.5960308870217,402.6737660443387,Sector_A,2024-11-08,None,0.42796492078412085,0
SHP-9939,48.74024082111499,919.2141743527909,Sector_D,2024-03-03,Warning: High Temp,0.32147234629943133,0
SHP-9940,24.59966735229628,859.3317889775483,Sector_B,2024-11-16,Warning: High Temp,0.41218767687674474,1
SHP-9941,48.87004015262493,1225.5158626210941,,2024-08-17,None,0.7648980035780475,1
SHP-9942,28.93051923380019,1167.8392632755138,Sector_D,2024-02-18,None,0.06800063931829015,1
SHP-9943,34.78085093955883,242.02781814898566,Sector_D,2024-06-05,Warning: High Temp,0.7313827409846234,0
SHP-9944,51.919905981149014,4816.383758425109,Sector_A,2024-12-01,None,0.07499166040618144,1
SHP-9945,36.08731324067397,314.99988850463853,Sector_C,2024-11-07,None,0.05468844805688011,1
SHP-9946,53.948653908205245,70.13629482712541,Sector_A,2024-03-18,None,0.7194961722646874,0
SHP-9947,50.588590258546645,103.88474342952222,Sector_C,2024-12-25,Error: Pressure Drop,0.07703777900088149,1
SHP-9948,44.71372046883936,1008.9912670518581,Sector_C,2024-10-29,None,0.2240003538652806,0
SHP-9949,49.362745819729504,41.52919691316754,Sector_C,2024-11-15,None,0.5551681632002623,0
SHP-9950,44.39480087315369,988.213068178592,Sector_D,2024-07-29,Error: Pressure Drop,0.3432045956919062,0
SHP-9951,50.240219845981,649.9401741321697,Sector_B,2024-01-17,None,0.35581536214133636,1
SHP-9952,51.901556358139096,682.8388442316475,Sector_C,2024-01-13,Warning: High Temp,0.9499621524650572,0
SHP-9953,74.15786846132539,132.29496588209585,Sector_B,2024-01-25,Error: Pressure Drop,0.6666380074050187,0
SHP-9954,33.25900850338845,697.7350848169064,Sector_C,2024-04-19,Error: Pressure Drop,0.9858221516718193,1
SHP-9955,48.414297281677726,5436.2406062339705,Sector_D,2025-01-01,None,0.20581692174436284,1
SHP-9956,70.95528876444418,373.82797902952393,Sector_A,2024-01-09,Warning: High Temp,0.23503205354564238,0
SHP-9957,47.98182328242889,178.82125357253733,Sector_A,2024-01-10,Warning: High Temp,0.38348323188658817,0
SHP-9958,39.296113599917454,266.9080624291026,Sector_B,2024-10-19,None,0.1564732455135971,0
SHP-9959,52.643043186796554,1471.3239193393952,Sector_C,2024-05-21,Error: Pressure Drop,0.606415985028201,0
SHP-9960,45.0884902230021,1734.472532062125,Sector_D,2024-03-26,None,0.3975023169462282,1
SHP-9961,49.983411408945756,106.11935352808545,Sector_B,2024-09-13,None,0.9181321172050126,0
SHP-9962,47.82277180101387,2634.166798043329,Sector_D,2024-03-21,None,0.6033890163926785,1
SHP-9963,39.75726874938848,661.9896689747,Sector_B,2024-04-15,Warning: High Temp,0.005298634140377567,1
SHP-9964,47.6010327627189,1445.7576663353454,Sector_C,2024-11-27,Error: Pressure Drop,0.523619424410772,0
SHP-9965,53.44869442519887,1076.3438292879182,Sector_B,2024-02-13,None,0.047374600671322376,1
SHP-9966,26.45409873767121,892.6959580756131,Sector_D,2024-05-16,None,0.7282662302204944,0
SHP-9967,40.521131489744945,946.9595093556736,Sector_A,2024-12-03,None,0.6860261901526918,1
SHP-9968,30.139890315107674,2015.7773882720892,Sector_B,2024-04-07,None,0.5183290833866109,0
SHP-9969,53.20140820609292,699.722946382427,Sector_B,2024-11-12,None,0.3365145700517371,1
SHP-9970,50.656771560667494,2214.7396249730414,Sector_A,2024-10-17,Warning: High Temp,0.4833353323883969,0
SHP-9971,52.75409170260776,576.7689377531383,Sector_D,2024-10-02,None,0.9018256546262898,1
SHP-9972,54.935925911018685,119.26994740178192,Sector_C,2024-12-04,None,0.0983208760484432,1
SHP-9973,30.5795232539676,1280.8677563653082,Sector_A,2024-09-12,None,0.2701271541586264,0
SHP-9974,56.23516900584509,232.83679809114372,Sector_C,2024-08-28,Warning: High Temp,0.6706346217172375,0
SHP-9975,44.80335877561074,1417.0651954843129,Sector_A,2024-12-18,Warning: High Temp,0.29275286968332637,0
SHP-9976,42.90244390431804,1198.0884272607082,Sector_C,2024-04-15,Error: Pressure Drop,0.5822501937238649,1
SHP-9977,40.23338384898314,2624.4406584391977,Sector_A,2024-03-10,None,0.5727029334780022,1
SHP-9978,49.609956320327626,300.30292775549754,Sector_D,2024-01-04,Warning: High Temp,0.2809331012920754,0
SHP-9979,40.45784318928838,571.5973582566934,Sector_A,2024-06-18,None,0.10799344343726724,0
SHP-9980,42.09374815402515,110.10246391877297,Sector_C,2024-02-15,None,0.7706996306484382,1
SHP-9981,61.13519449963616,2684.1700325157426,Sector_A,2024-07-17,None,0.18994582911745972,1
SHP-9982,35.69780781183165,978.8699184688635,Sector_C,2024-03-02,None,0.319567042528326,0
SHP-9983,59.061086837278566,406.17613442091437,Sector_A,2024-12-10,None,0.7369100121943278,0
SHP-9984,53.737608279931635,622.8858637106288,Sector_B,2024-07-30,None,0.1046017859258711,0
SHP-9985,43.64255431344178,1261.8396806416144,Sector_B,2024-03-24,Warning: High Temp,0.3716074879814003,0
SHP-9986,55.254269959937076,79.09174792216017,Sector_C,2024-06-27,None,0.37498397236563474,1
SHP-9987,63.57529234067023,2262.7978514897204,Sector_C,2024-07-21,Error: Pressure Drop,0.050534911367109414,0
SHP-9988,57.685649916849044,287.1115491201998,Sector_A,2024-08-24,None,0.9417597738417611,1
SHP-9989,43.93340227114634,136.10770623751154,Sector_D,2024-05-17,None,0.32031824179281543,1
SHP-9990,55.44260779921947,952.1037175390488,Sector_A,2024-02-05,None,0.7407673383317781,1
SHP-9991,66.73843822926116,953.7624131034064,Sector_A,2024-07-26,Error: Pressure Drop,0.17543292685291312,0
SHP-9992,44.62473078700427,1.7397192657058203,Sector_C,2024-05-20,None,0.8012129392967037,1
SHP-9993,57.4853042300907,465.9931982871744,Sector_D,2024-06-19,Error: Pressure Drop,0.29421090985948384,0
SHP-9994,50.006296918184695,236.72726082437404,Sector_A,2024-10-21,None,0.44509392940124703,1
SHP-9995,66.30871839233964,239.21064770765466,Sector_D,2024-07-14,None,0.20673479406405726,1
SHP-9996,48.82170031034595,1052.1987567818053,Sector_A,2024-11-24,None,0.9308932530165498,0
SHP-9997,46.95030820996899,1341.728485395808,Sector_C,2024-03-23,None,0.11975359309654376,1
SHP-9998,48.89969488631,823.4706373386505,Sector_A,2024-05-30,None,0.719696858259295,1
SHP-9999,54.76723317694797,1125.184209915757,Sector_C,2024-05-18,None,0.8762101532700748,0
